사고번호,사고일시,요일,시군구,사고내용,사망자수,중상자수,경상자수,부상신고자수,사고유형,법규위반,노면상태,기상상태,도로형태,가해운전자 차종,가해운전자 성별,가해운전자 연령,가해운전자 상해정도,피해운전자 차종,피해운전자 성별,피해운전자 연령,피해운전자 상해정도
2012010700100418,2012년 1월 7일 16시,토요일,대구광역시 북구 관음동,경상사고,0,0,6,1,차대차 - 측면직각충돌,신호위반,건조,맑음,교차로 - 교차로안,승용,여,44세,부상신고,승용,남,47세,경상
2012010700100419,2012년 1월 7일 16시,토요일,대구광역시 북구 침산동,경상사고,0,0,1,0,차대차 - 기타,신호위반,건조,맑음,기타 - 기타,화물,남,43세,상해없음,자전거,남,59세,경상
2012010700100451,2012년 1월 7일 17시,토요일,대구광역시 동구 입석동,중상사고,0,1,0,0,차대차 - 추돌 - 진행중,안전운전불이행,건조,맑음,단일로 - 기타,원동기,남,37세,중상,승용,남,24세,상해없음
2012010700100452,2012년 1월 7일 17시,토요일,대구광역시 수성구 시지동,경상사고,0,0,1,0,차대차 - 추돌 - 진행중,안전거리미확보,건조,맑음,기타 - 기타,승용,남,56세,상해없음,승용,여,59세,상해없음
2012010700100453,2012년 1월 7일 17시,토요일,대구광역시 북구 구암동,중상사고,0,1,0,0,차대차 - 측면직각충돌,신호위반,건조,맑음,교차로 - 교차로안,이륜,남,16세,중상,승용,남,36세,상해없음
2012010700100454,2012년 1월 7일 17시,토요일,대구광역시 북구 태전동,경상사고,0,0,1,0,차대사람 - 횡단중,안전운전불이행,건조,맑음,단일로 - 기타,승용,여,60세,상해없음,보행자,남,13세,경상
2012010700100455,2012년 1월 7일 17시,토요일,대구광역시 중구 남산동,중상사고,0,1,0,0,차대차 - 기타,안전운전불이행,건조,맑음,단일로 - 기타,기타불명,기타불명,기타불명,기타불명,이륜,남,22세,중상
2012010700100497,2012년 1월 7일 18시,토요일,대구광역시 남구 대명동,중상사고,0,1,0,0,차대차 - 기타,기타,건조,맑음,단일로 - 기타,승용,남,61세,상해없음,이륜,남,48세,중상
2012010700100498,2012년 1월 7일 18시,토요일,대구광역시 동구 괴전동,경상사고,0,0,1,0,차대사람 - 기타,안전운전불이행,건조,맑음,교차로 - 교차로부근,화물,남,48세,상해없음,보행자,여,25세,경상
2012010700100499,2012년 1월 7일 18시,토요일,대구광역시 수성구 지산동,중상사고,0,1,0,0,차대사람 - 횡단중,신호위반,건조,맑음,단일로 - 횡단보도상,이륜,남,17세,상해없음,보행자,남,74세,중상
2012010700100500,2012년 1월 7일 18시,토요일,대구광역시 수성구 만촌동,경상사고,0,0,1,0,차대차 - 기타,안전거리미확보,건조,맑음,단일로 - 기타,승용,남,59세,상해없음,승용,남,48세,경상
2012010700100501,2012년 1월 7일 18시,토요일,대구광역시 북구 침산동,경상사고,0,0,1,0,차대차 - 측면직각충돌,차로위반,건조,기타,단일로 - 기타,승용,남,24세,상해없음,승용,여,46세,경상
2012010700100535,2012년 1월 7일 19시,토요일,대구광역시 서구 내당동,경상사고,0,0,1,0,차대차 - 추돌 - 진행중,안전거리미확보,건조,맑음,단일로 - 기타,승용,남,21세,상해없음,승용,남,59세,상해없음
2012010700100569,2012년 1월 7일 20시,토요일,대구광역시 동구 신암동,경상사고,0,0,5,0,차대차 - 기타,안전거리미확보,건조,맑음,교차로 - 교차로부근,승용,남,53세,상해없음,승용,남,27세,경상
2012010700100570,2012년 1월 7일 20시,토요일,대구광역시 달서구 진천동,경상사고,0,0,1,0,차대차 - 기타,안전거리미확보,건조,맑음,단일로 - 기타,승용,여,51세,상해없음,이륜,남,20세,경상
2012010700100598,2012년 1월 7일 21시,토요일,대구광역시 수성구 지산동,중상사고,0,3,0,0,차대차 - 기타,교차로운행방법위반,건조,맑음,교차로 - 교차로안,승용,남,52세,상해없음,승용,남,40세,중상
2012010700100599,2012년 1월 7일 21시,토요일,대구광역시 달서구 이곡동,경상사고,0,0,2,0,차대차 - 추돌 - 주정차중,안전거리미확보,건조,맑음,단일로 - 기타,승용,남,41세,상해없음,승용,여,26세,경상
2012010700100625,2012년 1월 7일 22시,토요일,대구광역시 수성구 황금동,중상사고,0,1,0,0,차대차 - 측면직각충돌,안전운전불이행,건조,맑음,단일로 - 기타,승용,여,26세,상해없음,승용,여,43세,중상
2012010700100626,2012년 1월 7일 22시,토요일,대구광역시 북구 노원동3가,경상사고,0,0,1,0,차대사람 - 횡단중,보행자보호의무위반,건조,맑음,단일로 - 횡단보도상,승용,남,30세,상해없음,보행자,남,37세,경상
2012010700100627,2012년 1월 7일 22시,토요일,대구광역시 서구 평리동,경상사고,0,0,1,0,차대차 - 기타,기타,건조,맑음,단일로 - 기타,승용,남,33세,상해없음,승용,남,54세,경상
2012010700100652,2012년 1월 7일 23시,토요일,대구광역시 수성구 지산동,경상사고,0,0,2,0,차대차 - 기타,신호위반,건조,맑음,교차로 - 교차로안,승용,남,40세,상해없음,승용,남,54세,경상
2012010700100653,2012년 1월 7일 23시,토요일,대구광역시 북구 팔달동,중상사고,0,2,0,0,차대차 - 측면직각충돌,안전운전불이행,건조,맑음,단일로 - 기타,화물,남,40세,상해없음,승용,남,44세,중상
2012010700100654,2012년 1월 7일 23시,토요일,대구광역시 북구 칠성동1가,경상사고,0,0,1,0,차대차 - 추돌 - 주정차중,안전거리미확보,건조,맑음,단일로 - 기타,승용,남,29세,상해없음,승용,남,60세,경상
2012010700100655,2012년 1월 7일 23시,토요일,대구광역시 중구 남산동,중상사고,0,2,3,0,차대차 - 추돌 - 주정차중,안전운전불이행,결빙,맑음,단일로 - 횡단보도부근,승용,남,42세,상해없음,승용,여,24세,중상
2012010700100656,2012년 1월 7일 23시,토요일,대구광역시 달서구 호산동,경상사고,0,0,1,0,차대차 - 측면직각충돌,신호위반,건조,맑음,교차로 - 교차로안,승용,남,29세,상해없음,화물,남,50세,기타불명
2012010800100033,2012년 1월 8일 01시,일요일,대구광역시 달서구 성당동,중상사고,0,1,0,0,차대차 - 기타,안전운전불이행,건조,맑음,교차로 - 교차로부근,승용,남,54세,상해없음,승용,남,18세,중상
2012010800100050,2012년 1월 8일 02시,일요일,대구광역시 동구 율하동,경상사고,0,0,3,0,차대차 - 정면충돌,중앙선침범,건조,맑음,교차로 - 교차로부근,승용,남,23세,상해없음,승용,남,35세,경상
2012010800100051,2012년 1월 8일 02시,일요일,대구광역시 달서구 신당동,중상사고,0,2,2,0,차대사람 - 기타,안전운전불이행,건조,맑음,단일로 - 기타,승용,남,18세,상해없음,보행자,남,19세,중상
2012010800100067,2012년 1월 8일 03시,일요일,대구광역시 동구 신암동,경상사고,0,0,1,0,차대차 - 측면직각충돌,안전거리미확보,건조,맑음,교차로 - 교차로부근,승용,여,32세,상해없음,이륜,남,16세,경상
2012010800100068,2012년 1월 8일 03시,일요일,대구광역시 수성구 만촌동,사망사고,1,1,0,0,차대사람 - 횡단중,안전운전불이행,건조,맑음,단일로 - 기타,승용,남,28세,상해없음,보행자,남,51세,사망
2012010800100076,2012년 1월 8일 04시,일요일,대구광역시 서구 내당동,경상사고,0,0,1,0,차대차 - 측면직각충돌,안전운전불이행,건조,맑음,단일로 - 기타,승용,남,58세,상해없음,승용,남,55세,상해없음
2012010800100089,2012년 1월 8일 05시,일요일,대구광역시 남구 이천동,경상사고,0,0,3,2,차량단독 - 전도전복,안전운전불이행,건조,맑음,단일로 - 기타,승합,남,51세,상해없음,,,,
2012010800100090,2012년 1월 8일 05시,일요일,대구광역시 동구 율하동,중상사고,0,1,0,0,차량단독 - 공작물충돌,안전운전불이행,습기,흐림,교차로 - 교차로부근,승용,남,26세,중상,,,,
2012010800100091,2012년 1월 8일 05시,일요일,대구광역시 중구 삼덕동2가,경상사고,0,0,1,0,차대차 - 기타,안전운전불이행,건조,맑음,단일로 - 기타,기타불명,기타불명,기타불명,기타불명,승용,남,56세,경상
2012010800100155,2012년 1월 8일 09시,일요일,대구광역시 동구 입석동,부상신고사고,0,0,0,1,차대차 - 정면충돌,안전운전불이행,건조,맑음,단일로 - 기타,승용,남,28세,상해없음,자전거,남,14세,부상신고
2012010800100156,2012년 1월 8일 09시,일요일,대구광역시 중구 삼덕동3가,경상사고,0,0,1,0,차대사람 - 차도통행중,안전운전불이행,건조,맑음,단일로 - 기타,승용,남,70세,상해없음,보행자,여,20세,경상
2012010800100202,2012년 1월 8일 12시,일요일,대구광역시 북구 침산동,경상사고,0,0,1,0,차대차 - 기타,교차로운행방법위반,건조,맑음,교차로 - 교차로안,승용,여,41세,상해없음,원동기,남,40세,경상
2012010800100203,2012년 1월 8일 12시,일요일,대구광역시 북구 산격동,중상사고,0,1,0,0,차대사람 - 기타,기타,건조,맑음,교차로 - 교차로안,승용,여,62세,상해없음,보행자,여,14세,중상
2012010800100230,2012년 1월 8일 13시,일요일,대구광역시 동구 신암동,부상신고사고,0,0,0,1,차대사람 - 횡단중,보행자보호의무위반,건조,맑음,단일로 - 횡단보도상,승용,기타불명,기타불명,기타불명,보행자,남,10세,부상신고
2012010800100231,2012년 1월 8일 13시,일요일,대구광역시 달서구 두류동,경상사고,0,0,1,0,차량단독 - 공작물충돌,안전운전불이행,건조,맑음,기타 - 기타,승용,여,29세,경상,,,,
2012010800100242,2012년 1월 8일 14시,일요일,대구광역시 달서구 진천동,중상사고,0,1,0,0,차대차 - 측면직각충돌,안전운전불이행,건조,맑음,교차로 - 교차로안,승용,여,46세,상해없음,원동기,남,22세,중상
2012010800100258,2012년 1월 8일 15시,일요일,대구광역시 동구 신서동,경상사고,0,0,3,0,차대차 - 추돌 - 진행중,교차로운행방법위반,건조,맑음,교차로 - 교차로안,화물,남,34세,상해없음,승용,남,37세,경상
2012010800100259,2012년 1월 8일 15시,일요일,대구광역시 북구 읍내동,경상사고,0,0,1,0,차대차 - 측면직각충돌,교차로운행방법위반,건조,맑음,교차로 - 교차로부근,승용,남,22세,상해없음,승용,남,56세,경상
2012010800100260,2012년 1월 8일 15시,일요일,대구광역시 중구 동인동3가,경상사고,0,0,1,0,차대차 - 측면직각충돌,안전운전불이행,건조,맑음,교차로 - 교차로부근,승용,남,43세,상해없음,승용,여,62세,경상
2012010800100304,2012년 1월 8일 17시,일요일,대구광역시 북구 노원동1가,중상사고,0,1,1,0,차대차 - 측면직각충돌,안전운전불이행,건조,맑음,교차로 - 교차로부근,승용,남,58세,상해없음,승용,남,31세,상해없음
2012010800100370,2012년 1월 8일 19시,일요일,대구광역시 달서구 용산동,중상사고,0,1,0,0,차대차 - 측면직각충돌,직진우회전진행방해,건조,맑음,교차로 - 교차로안,원동기,남,16세,중상,승용,남,44세,상해없음
2012010800100387,2012년 1월 8일 20시,일요일,대구광역시 달서구 상인동,부상신고사고,0,0,0,1,차대차 - 측면직각충돌,교차로운행방법위반,건조,맑음,교차로 - 교차로안,승용,남,51세,부상신고,승용,남,39세,상해없음
2012010800100388,2012년 1월 8일 20시,일요일,대구광역시 달서구 상인동,경상사고,0,0,1,0,차대사람 - 기타,안전운전불이행,건조,맑음,교차로 - 교차로안,승용,남,27세,상해없음,보행자,여,25세,경상
2012010800100389,2012년 1월 8일 20시,일요일,대구광역시 북구 매천동,경상사고,0,0,1,0,차대사람 - 횡단중,안전운전불이행,건조,맑음,교차로 - 교차로부근,승용,남,42세,상해없음,보행자,남,62세,경상
2012010800100455,2012년 1월 8일 23시,일요일,대구광역시 동구 용계동,경상사고,0,0,3,0,차대차 - 추돌 - 주정차중,안전운전불이행,건조,맑음,교차로 - 교차로부근,승용,남,33세,상해없음,승용,여,45세,경상
2012010800100456,2012년 1월 8일 23시,일요일,대구광역시 중구 삼덕동2가,경상사고,0,0,1,0,차대차 - 추돌 - 진행중,안전운전불이행,건조,맑음,교차로 - 교차로부근,승용,남,67세,상해없음,원동기,남,57세,경상
2012010900100032,2012년 1월 9일 03시,월요일,대구광역시 중구 봉산동,경상사고,0,0,3,0,차량단독 - 기타,안전운전불이행,적설,기타,교차로 - 교차로부근,승합,남,25세,상해없음,,,,
2012010900100051,2012년 1월 9일 05시,월요일,대구광역시 달서구 송현동,경상사고,0,0,1,0,차대차 - 추돌 - 주정차중,안전운전불이행,건조,맑음,단일로 - 기타,승용,남,46세,경상,승용,남,30세,기타불명
2012010900100072,2012년 1월 9일 06시,월요일,대구광역시 수성구 지산동,경상사고,0,0,1,0,차대차 - 기타,신호위반,건조,맑음,교차로 - 교차로안,승용,남,20세,상해없음,승용,남,55세,기타불명
2012010900100097,2012년 1월 9일 07시,월요일,대구광역시 달서구 송현동,중상사고,0,1,0,0,차대사람 - 차도통행중,안전운전불이행,건조,맑음,단일로 - 기타,승용,남,49세,상해없음,보행자,여,68세,중상
2012010900100098,2012년 1월 9일 07시,월요일,대구광역시 북구 산격동,경상사고,0,0,1,0,차대차 - 측면직각충돌,안전운전불이행,건조,맑음,교차로 - 교차로부근,화물,여,50세,상해없음,화물,남,54세,경상
2012010900100099,2012년 1월 9일 07시,월요일,대구광역시 중구 남산동,경상사고,0,0,1,0,차대차 - 추돌 - 주정차중,안전운전불이행,건조,맑음,교차로 - 교차로부근,승용,남,57세,상해없음,승용,남,40세,경상
2012010900100132,2012년 1월 9일 08시,월요일,대구광역시 중구 동산동,중상사고,0,1,0,0,차대차 - 측면직각충돌,신호위반,건조,맑음,단일로 - 횡단보도상,승용,남,41세,상해없음,원동기,여,46세,중상
2012010900100133,2012년 1월 9일 08시,월요일,대구광역시 달서구 감삼동,경상사고,0,0,1,0,차대사람 - 기타,안전운전불이행,건조,맑음,단일로 - 기타,승용,여,32세,상해없음,보행자,여,28세,경상
2012010900100164,2012년 1월 9일 09시,월요일,대구광역시 수성구 만촌동,경상사고,0,0,2,0,차대차 - 추돌 - 주정차중,교차로운행방법위반,건조,맑음,단일로 - 기타,승용,여,32세,상해없음,승용,여,45세,경상
2012010900100165,2012년 1월 9일 09시,월요일,대구광역시 북구 대현동,경상사고,0,0,3,0,차대차 - 측면직각충돌,안전거리미확보,건조,맑음,단일로 - 기타,승합,남,62세,상해없음,승합,남,22세,경상
2012010900100192,2012년 1월 9일 10시,월요일,대구광역시 수성구 범어동,경상사고,0,0,1,0,차대사람 - 보도통행중,기타,건조,맑음,기타 - 기타,승용,남,58세,상해없음,보행자,남,62세,경상
2012010900100193,2012년 1월 9일 10시,월요일,대구광역시 북구 노원동1가,경상사고,0,0,1,0,차대차 - 측면직각충돌,중앙선침범,건조,맑음,교차로 - 교차로부근,화물,남,24세,상해없음,화물,남,54세,경상
2012010900100233,2012년 1월 9일 12시,월요일,대구광역시 남구 봉덕동,경상사고,0,0,3,0,차대차 - 기타,신호위반,건조,맑음,교차로 - 교차로안,승용,남,20세,상해없음,승용,남,53세,경상
2012010900100234,2012년 1월 9일 12시,월요일,대구광역시 달서구 대곡동,경상사고,0,0,1,0,차대차 - 기타,안전운전불이행,건조,맑음,단일로 - 횡단보도상,승용,남,37세,상해없음,자전거,남,9세,경상
2012010900100256,2012년 1월 9일 13시,월요일,대구광역시 북구 읍내동,경상사고,0,0,2,0,차대차 - 기타,안전거리미확보,건조,맑음,단일로 - 기타,승용,여,53세,상해없음,승용,남,34세,경상
2012010900100279,2012년 1월 9일 14시,월요일,대구광역시 북구 고성동1가,중상사고,0,1,0,0,차대차 - 측면직각충돌,신호위반,건조,맑음,교차로 - 교차로안,승용,남,58세,상해없음,이륜,남,24세,중상
2012010900100280,2012년 1월 9일 14시,월요일,대구광역시 서구 원대동3가,중상사고,0,1,0,0,차대차 - 기타,중앙선침범,건조,맑음,교차로 - 교차로부근,자전거,남,71세,중상,승용,남,50세,상해없음
2012010900100323,2012년 1월 9일 16시,월요일,대구광역시 수성구 수성동1가,사망사고,1,0,0,0,차대차 - 기타,안전운전불이행,건조,맑음,단일로 - 기타,승합,남,72세,상해없음,자전거,남,73세,사망
2012010900100324,2012년 1월 9일 16시,월요일,대구광역시 서구 내당동,중상사고,0,1,0,0,차대차 - 측면직각충돌,신호위반,건조,맑음,단일로 - 기타,이륜,남,70세,중상,승용,남,60세,상해없음
2012010900100325,2012년 1월 9일 16시,월요일,대구광역시 서구 평리동,경상사고,0,0,1,0,차대사람 - 기타,안전운전불이행,건조,맑음,교차로 - 교차로안,승용,남,29세,상해없음,보행자,남,62세,경상
2012010900100354,2012년 1월 9일 17시,월요일,대구광역시 서구 원대동3가,경상사고,0,0,1,0,차대차 - 측면직각충돌,기타,건조,맑음,교차로 - 교차로부근,승용,여,43세,상해없음,이륜,남,51세,경상
2012010900100405,2012년 1월 9일 18시,월요일,대구광역시 북구 산격동,경상사고,0,0,1,0,차대차 - 추돌 - 주정차중,안전운전불이행,건조,맑음,단일로 - 기타,이륜,남,48세,경상,승합,남,57세,기타불명
2012010900100406,2012년 1월 9일 18시,월요일,대구광역시 북구 산격동,중상사고,0,1,1,1,차대차 - 측면직각충돌,신호위반,건조,맑음,교차로 - 교차로안,승용,남,30세,부상신고,승합,남,57세,경상
2012010900100472,2012년 1월 9일 20시,월요일,대구광역시 동구 신기동,중상사고,0,1,0,0,차대차 - 측면직각충돌,교차로운행방법위반,건조,맑음,교차로 - 교차로안,승합,남,69세,상해없음,원동기,남,17세,중상
2012010900100546,2012년 1월 9일 22시,월요일,대구광역시 달서구 송현동,중상사고,0,1,0,0,차대사람 - 기타,안전운전불이행,건조,맑음,교차로 - 교차로부근,승용,여,26세,상해없음,보행자,여,23세,중상
2012010900100547,2012년 1월 9일 22시,월요일,대구광역시 북구 태전동,경상사고,0,0,1,0,차대사람 - 기타,안전운전불이행,건조,맑음,단일로 - 기타,승합,남,36세,상해없음,보행자,남,48세,경상
2012010900100572,2012년 1월 9일 23시,월요일,대구광역시 달서구 죽전동,경상사고,0,0,4,0,차대차 - 추돌 - 진행중,안전운전불이행,건조,맑음,단일로 - 기타,승용,남,62세,상해없음,화물,남,57세,경상
2012011000100022,2012년 1월 10일 00시,화요일,대구광역시 동구 신천동,경상사고,0,0,1,0,차대차 - 기타,안전운전불이행,건조,맑음,교차로 - 교차로부근,승용,남,25세,상해없음,승용,남,50세,경상
2012011000100023,2012년 1월 10일 00시,화요일,대구광역시 서구 평리동,경상사고,0,0,1,0,차대사람 - 기타,안전운전불이행,건조,맑음,교차로 - 교차로부근,승용,남,37세,상해없음,보행자,남,36세,경상
2012011000100024,2012년 1월 10일 00시,화요일,대구광역시 달서구 두류동,경상사고,0,0,1,0,차대차 - 추돌 - 진행중,안전운전불이행,건조,맑음,교차로 - 교차로부근,승용,남,43세,상해없음,승용,남,48세,경상
2012011000100042,2012년 1월 10일 01시,화요일,대구광역시 수성구 두산동,경상사고,0,0,3,1,차대차 - 기타,안전운전불이행,건조,맑음,단일로 - 기타,승용,남,38세,상해없음,승용,남,28세,상해없음
2012011000100043,2012년 1월 10일 01시,화요일,대구광역시 수성구 범어동,경상사고,0,0,2,0,차대차 - 추돌 - 진행중,안전운전불이행,결빙,흐림,단일로 - 기타,승용,남,55세,상해없음,승용,남,22세,경상
2012011000100054,2012년 1월 10일 02시,화요일,대구광역시 남구 대명동,경상사고,0,0,1,0,차대차 - 측면직각충돌,안전운전불이행,건조,맑음,단일로 - 기타,승용,남,52세,상해없음,승용,남,53세,경상
2012011000100055,2012년 1월 10일 02시,화요일,대구광역시 수성구 만촌동,중상사고,0,1,2,0,차대차 - 추돌 - 진행중,안전운전불이행,건조,맑음,단일로 - 기타,화물,남,50세,상해없음,승용,남,21세,중상
2012011000100066,2012년 1월 10일 03시,화요일,대구광역시 동구 봉무동,부상신고사고,0,0,0,1,차량단독 - 공작물충돌,안전운전불이행,건조,맑음,교차로 - 교차로안,승용,남,35세,부상신고,,,,
2012011000100067,2012년 1월 10일 03시,화요일,대구광역시 서구 내당동,사망사고,1,0,0,0,차대차 - 기타,안전운전불이행,건조,맑음,단일로 - 기타,승용,남,63세,상해없음,승용,여,50세,상해없음
2012011000100102,2012년 1월 10일 06시,화요일,대구광역시 달서구 상인동,중상사고,0,1,0,0,차대사람 - 횡단중,안전운전불이행,건조,맑음,교차로 - 교차로안,승용,남,57세,상해없음,보행자,여,19세,중상
2012011000100130,2012년 1월 10일 07시,화요일,대구광역시 달성군 다사읍,경상사고,0,0,2,0,차대차 - 측면직각충돌,직진우회전진행방해,건조,맑음,단일로 - 기타,승용,여,55세,상해없음,승용,남,54세,상해없음
2012011000100161,2012년 1월 10일 08시,화요일,대구광역시 달서구 유천동,중상사고,0,1,0,0,차대사람 - 기타,안전운전불이행,건조,맑음,단일로 - 기타,승용,여,36세,상해없음,보행자,남,63세,중상
2012011000100184,2012년 1월 10일 09시,화요일,대구광역시 수성구 만촌동,중상사고,0,1,0,0,차대차 - 기타,안전운전불이행,건조,맑음,교차로 - 교차로안,승용,여,47세,상해없음,승용,남,50세,중상
2012011000100209,2012년 1월 10일 10시,화요일,대구광역시 서구 평리동,경상사고,0,0,3,0,차대차 - 측면직각충돌,안전거리미확보,건조,맑음,단일로 - 기타,승용,여,42세,경상,승용,여,51세,경상
2012011000100231,2012년 1월 10일 11시,화요일,대구광역시 남구 대명동,경상사고,0,0,1,0,차대차 - 추돌 - 진행중,안전운전불이행,건조,맑음,단일로 - 기타,승용,남,48세,상해없음,이륜,남,36세,경상
2012011000100232,2012년 1월 10일 11시,화요일,대구광역시 달서구 송현동,경상사고,0,0,1,0,차대차 - 기타,안전운전불이행,건조,맑음,단일로 - 기타,승용,여,39세,상해없음,자전거,남,67세,경상
2012011000100233,2012년 1월 10일 11시,화요일,대구광역시 달서구 성당동,중상사고,0,1,0,1,차대차 - 측면직각충돌,교차로운행방법위반,건조,맑음,교차로 - 교차로안,승용,여,50세,부상신고,승용,여,42세,중상
2012011000100250,2012년 1월 10일 12시,화요일,대구광역시 수성구 신매동,경상사고,0,0,1,0,차대차 - 기타,안전운전불이행,건조,맑음,단일로 - 기타,승용,남,49세,상해없음,승용,남,38세,상해없음
2012011000100268,2012년 1월 10일 13시,화요일,대구광역시 동구 지저동,중상사고,0,1,0,0,차대차 - 측면직각충돌,신호위반,건조,맑음,단일로 - 횡단보도상,승용,남,30세,상해없음,자전거,남,59세,중상
2012011000100269,2012년 1월 10일 13시,화요일,대구광역시 북구 노원동3가,경상사고,0,0,2,0,차대차 - 추돌 - 진행중,안전거리미확보,건조,맑음,단일로 - 기타,승용,남,47세,상해없음,승용,남,26세,경상
2012011000100294,2012년 1월 10일 14시,화요일,대구광역시 수성구 황금동,중상사고,0,1,0,0,차대사람 - 보도통행중,신호위반,건조,맑음,단일로 - 기타,승용,남,30세,상해없음,보행자,여,59세,중상
2012011000100295,2012년 1월 10일 14시,화요일,대구광역시 북구 칠성동1가,경상사고,0,0,1,0,차대사람 - 기타,안전운전불이행,건조,맑음,단일로 - 기타,승용,남,51세,상해없음,보행자,남,51세,경상
2012011000100321,2012년 1월 10일 15시,화요일,대구광역시 북구 동천동,경상사고,0,0,1,0,차대차 - 측면직각충돌,안전운전불이행,건조,맑음,단일로 - 횡단보도상,승용,남,56세,상해없음,자전거,남,15세,경상
2012011000100322,2012년 1월 10일 15시,화요일,대구광역시 북구 대현동,경상사고,0,0,1,0,차대차 - 기타,안전운전불이행,건조,맑음,단일로 - 기타,원동기,남,78세,상해없음,승합,남,42세,상해없음
2012011000100345,2012년 1월 10일 16시,화요일,대구광역시 동구 효목동,경상사고,0,0,1,0,차대차 - 기타,안전거리미확보,건조,맑음,단일로 - 기타,승용,여,49세,상해없음,승용,남,30세,경상
2012011000100368,2012년 1월 10일 17시,화요일,대구광역시 달서구 월성동,경상사고,0,0,1,0,차대사람 - 길가장자리구역통행중,안전운전불이행,건조,맑음,기타 - 기타,승용,기타불명,기타불명,기타불명,보행자,남,30세,경상
2012011000100369,2012년 1월 10일 17시,화요일,대구광역시 북구 노원동1가,중상사고,0,1,0,0,차대차 - 측면직각충돌,교차로운행방법위반,건조,맑음,단일로 - 기타,승용,여,50세,상해없음,이륜,남,27세,중상
2012011000100370,2012년 1월 10일 17시,화요일,대구광역시 북구 국우동,중상사고,0,1,0,0,차대사람 - 횡단중,안전운전불이행,건조,맑음,교차로 - 교차로안,승용,여,31세,상해없음,보행자,여,46세,중상
2012011000100371,2012년 1월 10일 17시,화요일,대구광역시 중구 대봉동,중상사고,0,1,0,0,차대차 - 측면직각충돌,교차로운행방법위반,건조,맑음,교차로 - 교차로안,승용,여,38세,상해없음,이륜,남,49세,중상
2012011000100372,2012년 1월 10일 17시,화요일,대구광역시 달서구 죽전동,중상사고,0,1,0,0,차대사람 - 횡단중,보행자보호의무위반,건조,맑음,단일로 - 횡단보도상,승용,남,34세,상해없음,보행자,남,34세,중상
2012011000100416,2012년 1월 10일 18시,화요일,대구광역시 달서구 진천동,경상사고,0,0,1,0,차대사람 - 기타,안전운전불이행,건조,맑음,교차로 - 교차로안,승용,기타불명,기타불명,기타불명,보행자,여,18세,경상
2012011000100417,2012년 1월 10일 18시,화요일,대구광역시 서구 평리동,중상사고,0,1,0,0,차대차 - 추돌 - 진행중,신호위반,건조,맑음,단일로 - 횡단보도부근,승용,남,57세,상해없음,원동기,남,63세,중상
2012011000100418,2012년 1월 10일 18시,화요일,대구광역시 중구 대봉동,경상사고,0,0,1,0,차대차 - 추돌 - 진행중,안전거리미확보,건조,맑음,단일로 - 기타,승용,남,55세,상해없음,승용,여,23세,경상
2012011000100450,2012년 1월 10일 19시,화요일,대구광역시 서구 중리동,경상사고,0,0,1,0,차대차 - 추돌 - 주정차중,안전거리미확보,건조,맑음,교차로 - 교차로부근,승용,남,57세,상해없음,승용,여,38세,경상
2012011000100451,2012년 1월 10일 19시,화요일,대구광역시 중구 삼덕동1가,경상사고,0,0,1,0,차대차 - 측면직각충돌,기타,건조,맑음,단일로 - 기타,승용,남,44세,상해없음,이륜,남,40세,경상
2012011000100452,2012년 1월 10일 19시,화요일,대구광역시 달서구 호산동,경상사고,0,0,1,0,차대차 - 측면직각충돌,교차로운행방법위반,건조,맑음,교차로 - 교차로안,승용,남,23세,상해없음,자전거,남,38세,경상
2012011000100518,2012년 1월 10일 21시,화요일,대구광역시 북구 태전동,경상사고,0,0,1,0,차대사람 - 길가장자리구역통행중,안전운전불이행,건조,맑음,단일로 - 기타,자전거,남,45세,상해없음,보행자,여,49세,경상
2012011000100519,2012년 1월 10일 21시,화요일,대구광역시 달서구 호림동,중상사고,0,1,0,0,차대차 - 측면직각충돌,중앙선침범,건조,맑음,교차로 - 교차로부근,승용,남,52세,상해없음,승용,남,59세,중상
2012011000100546,2012년 1월 10일 22시,화요일,대구광역시 달서구 두류동,경상사고,0,0,1,0,차대차 - 기타,안전거리미확보,건조,맑음,단일로 - 기타,승용,남,25세,상해없음,승용,남,40세,경상
2012011000100566,2012년 1월 10일 23시,화요일,대구광역시 달서구 호산동,중상사고,0,1,0,0,차대사람 - 횡단중,안전운전불이행,건조,맑음,단일로 - 교량,승용,남,55세,상해없음,보행자,남,33세,중상
2012011100100013,2012년 1월 11일 00시,수요일,대구광역시 달성군 다사읍,경상사고,0,0,1,0,차대차 - 추돌 - 주정차중,안전운전불이행,건조,맑음,단일로 - 기타,승용,남,32세,상해없음,승용,남,54세,상해없음
2012011100100014,2012년 1월 11일 00시,수요일,대구광역시 달서구 신당동,경상사고,0,0,2,0,차대차 - 추돌 - 주정차중,중앙선침범,건조,맑음,교차로 - 교차로부근,화물,남,26세,상해없음,승용,남,29세,경상
2012011100100027,2012년 1월 11일 01시,수요일,대구광역시 서구 평리동,경상사고,0,0,3,0,차대차 - 추돌 - 진행중,안전거리미확보,건조,맑음,단일로 - 기타,화물,남,47세,상해없음,승용,남,53세,경상
2012011100100047,2012년 1월 11일 03시,수요일,대구광역시 동구 율하동,경상사고,0,0,2,0,차대차 - 추돌 - 진행중,안전거리미확보,건조,맑음,단일로 - 기타,승용,여,53세,상해없음,승용,남,19세,경상