사고번호,사고일시,요일,시군구,사고내용,사망자수,중상자수,경상자수,부상신고자수,사고유형,법규위반,노면상태,기상상태,도로형태,가해운전자 차종,가해운전자 성별,가해운전자 연령,가해운전자 상해정도,피해운전자 차종,피해운전자 성별,피해운전자 연령,피해운전자 상해정도
2012011100100048,2012년 1월 11일 03시,수요일,대구광역시 북구 태전동,부상신고사고,0,0,0,2,차대차 - 측면직각충돌,안전운전불이행,건조,맑음,단일로 - 횡단보도부근,승용,남,56세,상해없음,승용,남,53세,부상신고
2012011100100053,2012년 1월 11일 04시,수요일,대구광역시 수성구 범어동,부상신고사고,0,0,0,2,차대차 - 추돌 - 주정차중,불법유턴,건조,맑음,교차로 - 교차로부근,승용,기타불명,기타불명,기타불명,승용,남,31세,부상신고
2012011100100054,2012년 1월 11일 04시,수요일,대구광역시 달서구 두류동,경상사고,0,0,1,0,차대차 - 측면직각충돌,중앙선침범,건조,맑음,교차로 - 교차로부근,승용,남,28세,상해없음,승용,여,38세,경상
2012011100100060,2012년 1월 11일 05시,수요일,대구광역시 남구 봉덕동,부상신고사고,0,0,0,1,차대차 - 측면직각충돌,교차로운행방법위반,건조,맑음,단일로 - 기타,화물,남,50세,상해없음,승용,남,42세,상해없음
2012011100100103,2012년 1월 11일 08시,수요일,대구광역시 수성구 두산동,경상사고,0,0,1,0,차대차 - 기타,기타,건조,흐림,단일로 - 기타,화물,남,59세,상해없음,승용,남,38세,경상
2012011100100125,2012년 1월 11일 09시,수요일,대구광역시 달서구 장기동,경상사고,0,0,1,0,차대사람 - 기타,기타,건조,맑음,기타 - 기타,화물,남,54세,상해없음,보행자,여,59세,경상
2012011100100144,2012년 1월 11일 10시,수요일,대구광역시 북구 노원동2가,경상사고,0,0,1,0,차대차 - 기타,직진우회전진행방해,건조,맑음,교차로 - 교차로안,승용,남,59세,상해없음,승용,여,47세,경상
2012011100100167,2012년 1월 11일 11시,수요일,대구광역시 동구 검사동,경상사고,0,0,2,0,차대차 - 기타,중앙선침범,건조,맑음,교차로 - 교차로부근,화물,남,48세,상해없음,화물,남,39세,경상
2012011100100191,2012년 1월 11일 12시,수요일,대구광역시 수성구 시지동,경상사고,0,0,1,0,차대차 - 측면직각충돌,안전운전불이행,건조,맑음,단일로 - 기타,승용,여,61세,기타불명,자전거,남,24세,경상
2012011100100212,2012년 1월 11일 13시,수요일,대구광역시 달서구 상인동,중상사고,0,1,0,0,차대차 - 측면직각충돌,직진우회전진행방해,건조,맑음,교차로 - 교차로안,승용,여,39세,상해없음,원동기,남,31세,중상
2012011100100226,2012년 1월 11일 14시,수요일,대구광역시 동구 불로동,경상사고,0,0,1,0,차대차 - 추돌 - 진행중,안전운전불이행,건조,맑음,교차로 - 교차로부근,화물,남,33세,경상,화물,남,57세,상해없음
2012011100100227,2012년 1월 11일 14시,수요일,대구광역시 동구 신암동,중상사고,0,2,0,0,차대차 - 측면직각충돌,교차로운행방법위반,건조,맑음,교차로 - 교차로안,화물,남,42세,상해없음,이륜,남,67세,중상
2012011100100228,2012년 1월 11일 14시,수요일,대구광역시 북구 국우동,부상신고사고,0,0,0,1,차량단독 - 공작물충돌,안전운전불이행,건조,맑음,단일로 - 기타,승용,남,52세,부상신고,,,,
2012011100100229,2012년 1월 11일 14시,수요일,대구광역시 달서구 감삼동,경상사고,0,0,2,0,차대차 - 측면직각충돌,안전거리미확보,건조,맑음,단일로 - 기타,승용,남,23세,상해없음,화물,남,18세,경상
2012011100100272,2012년 1월 11일 16시,수요일,대구광역시 달성군 현풍면,중상사고,0,1,0,0,차대차 - 측면직각충돌,직진우회전진행방해,건조,맑음,교차로 - 교차로안,화물,남,37세,상해없음,승용,남,42세,중상
2012011100100298,2012년 1월 11일 17시,수요일,대구광역시 수성구 신매동,경상사고,0,0,2,0,차대차 - 측면직각충돌,교차로운행방법위반,건조,맑음,교차로 - 교차로안,승용,여,49세,경상,승용,여,32세,경상
2012011100100299,2012년 1월 11일 17시,수요일,대구광역시 수성구 만촌동,경상사고,0,0,1,0,차대사람 - 기타,안전운전불이행,건조,맑음,기타 - 기타,자전거,남,24세,상해없음,보행자,남,6세,경상
2012011100100342,2012년 1월 11일 18시,수요일,대구광역시 동구 율하동,중상사고,0,1,0,0,차대차 - 추돌 - 진행중,안전운전불이행,건조,맑음,기타 - 기타,승용,기타불명,기타불명,기타불명,자전거,여,54세,중상
2012011100100343,2012년 1월 11일 18시,수요일,대구광역시 북구 산격동,중상사고,0,1,0,0,차대사람 - 횡단중,보행자보호의무위반,건조,맑음,교차로 - 교차로부근,승용,여,45세,상해없음,보행자,남,21세,중상
2012011100100344,2012년 1월 11일 18시,수요일,대구광역시 달서구 신당동,중상사고,0,1,0,1,차대차 - 측면직각충돌,직진우회전진행방해,건조,맑음,교차로 - 교차로안,화물,남,71세,상해없음,자전거,남,35세,부상신고
2012011100100372,2012년 1월 11일 19시,수요일,대구광역시 남구 봉덕동,중상사고,0,1,0,0,차대차 - 추돌 - 진행중,안전거리미확보,건조,맑음,단일로 - 교량,승용,여,57세,상해없음,승용,여,48세,중상
2012011100100373,2012년 1월 11일 19시,수요일,대구광역시 북구 침산동,중상사고,0,1,0,0,차대차 - 기타,안전거리미확보,건조,맑음,기타 - 기타,승용,여,24세,상해없음,승용,남,52세,상해없음
2012011100100402,2012년 1월 11일 20시,수요일,대구광역시 북구 대현동,경상사고,0,0,1,0,차대차 - 추돌 - 진행중,안전거리미확보,건조,맑음,교차로 - 교차로부근,승용,남,26세,상해없음,승용,남,55세,상해없음
2012011100100403,2012년 1월 11일 20시,수요일,대구광역시 달서구 장기동,경상사고,0,0,4,0,차대차 - 추돌 - 주정차중,안전운전불이행,건조,맑음,단일로 - 기타,승용,남,49세,상해없음,승용,남,46세,경상
2012011100100451,2012년 1월 11일 22시,수요일,대구광역시 북구 구암동,부상신고사고,0,0,0,1,차대차 - 추돌 - 진행중,안전운전불이행,건조,맑음,교차로 - 교차로부근,원동기,남,16세,부상신고,승용,남,37세,상해없음
2012011100100482,2012년 1월 11일 23시,수요일,대구광역시 달서구 월성동,부상신고사고,0,0,0,1,차대차 - 측면직각충돌,신호위반,건조,맑음,교차로 - 교차로안,이륜,남,17세,부상신고,승용,남,48세,상해없음
2012011200100016,2012년 1월 12일 00시,목요일,대구광역시 북구 동천동,경상사고,0,0,2,0,차대차 - 측면직각충돌,신호위반,건조,맑음,교차로 - 교차로안,승용,여,43세,상해없음,승용,남,23세,경상
2012011200100017,2012년 1월 12일 00시,목요일,대구광역시 달서구 신당동,경상사고,0,0,4,0,차대차 - 측면직각충돌,차로위반,건조,맑음,기타 - 기타,승용,여,46세,경상,화물,남,63세,경상
2012011200100029,2012년 1월 12일 01시,목요일,대구광역시 남구 봉덕동,경상사고,0,0,1,0,차대사람 - 기타,안전운전불이행,건조,맑음,교차로 - 교차로부근,화물,남,46세,상해없음,보행자,남,43세,경상
2012011200100030,2012년 1월 12일 01시,목요일,대구광역시 달서구 송현동,중상사고,0,1,0,0,차대사람 - 횡단중,안전운전불이행,건조,맑음,단일로 - 기타,승용,남,55세,상해없음,보행자,남,49세,중상
2012011200100080,2012년 1월 12일 06시,목요일,대구광역시 동구 신서동,중상사고,0,1,0,0,차대사람 - 기타,보행자보호의무위반,건조,맑음,단일로 - 횡단보도상,승용,남,56세,상해없음,보행자,여,38세,중상
2012011200100101,2012년 1월 12일 07시,목요일,대구광역시 수성구 연호동,경상사고,0,0,1,0,차대차 - 기타,신호위반,건조,맑음,교차로 - 교차로안,승합,남,68세,상해없음,승용,남,28세,경상
2012011200100102,2012년 1월 12일 07시,목요일,대구광역시 북구 검단동,사망사고,1,0,0,0,차대차 - 측면직각충돌,직진우회전진행방해,건조,맑음,교차로 - 교차로안,승용,남,47세,상해없음,원동기,남,63세,사망
2012011200100122,2012년 1월 12일 08시,목요일,대구광역시 동구 지저동,경상사고,0,0,1,0,차대사람 - 기타,안전운전불이행,건조,맑음,단일로 - 기타,승합,남,54세,상해없음,보행자,여,54세,경상
2012011200100123,2012년 1월 12일 08시,목요일,대구광역시 달서구 감삼동,경상사고,0,0,2,0,차대차 - 측면직각충돌,안전운전불이행,건조,맑음,단일로 - 횡단보도상,승용,여,50세,상해없음,자전거,남,32세,경상
2012011200100146,2012년 1월 12일 09시,목요일,대구광역시 서구 상리동,경상사고,0,0,1,0,차대차 - 추돌 - 진행중,안전운전불이행,건조,맑음,단일로 - 기타,특수,남,40세,상해없음,승용,남,71세,경상
2012011200100149,2012년 1월 12일 09시,목요일,대구광역시 수성구 범어동,경상사고,0,0,1,0,차대차 - 측면직각충돌,안전거리미확보,건조,맑음,단일로 - 기타,승용,남,44세,상해없음,승용,여,28세,경상
2012011200100150,2012년 1월 12일 09시,목요일,대구광역시 달서구 송현동,경상사고,0,0,1,0,차대사람 - 길가장자리구역통행중,안전운전불이행,건조,맑음,단일로 - 기타,승용,여,28세,상해없음,보행자,여,74세,경상
2012011200100182,2012년 1월 12일 10시,목요일,대구광역시 남구 대명동,부상신고사고,0,0,0,1,차대차 - 추돌 - 진행중,안전거리미확보,건조,맑음,교차로 - 교차로안,승용,남,64세,상해없음,승용,남,39세,부상신고
2012011200100183,2012년 1월 12일 10시,목요일,대구광역시 수성구 수성동1가,경상사고,0,0,1,0,차대차 - 측면직각충돌,안전운전불이행,건조,맑음,단일로 - 기타,승용,여,52세,상해없음,승용,남,54세,경상
2012011200100184,2012년 1월 12일 10시,목요일,대구광역시 달서구 상인동,경상사고,0,0,1,0,차대차 - 기타,신호위반,건조,맑음,교차로 - 교차로안,자전거,남,76세,경상,승용,여,43세,상해없음
2012011200100211,2012년 1월 12일 11시,목요일,대구광역시 달성군 옥포면,중상사고,0,1,0,0,차대차 - 측면직각충돌,안전운전불이행,건조,맑음,단일로 - 기타,원동기,남,64세,중상,화물,남,58세,상해없음
2012011200100212,2012년 1월 12일 11시,목요일,대구광역시 달서구 성당동,중상사고,0,1,0,0,차대사람 - 보도통행중,중앙선침범,건조,맑음,기타 - 기타,원동기,여,43세,상해없음,보행자,남,62세,중상
2012011200100230,2012년 1월 12일 12시,목요일,대구광역시 남구 대명동,경상사고,0,0,2,0,차대차 - 추돌 - 진행중,차로위반,건조,맑음,교차로 - 교차로부근,승용,여,35세,상해없음,화물,남,44세,상해없음
2012011200100231,2012년 1월 12일 12시,목요일,대구광역시 달성군 화원읍,경상사고,0,0,1,0,차대차 - 기타,직진우회전진행방해,건조,맑음,단일로 - 기타,화물,남,32세,상해없음,화물,남,50세,경상
2012011200100284,2012년 1월 12일 14시,목요일,대구광역시 달성군 논공읍,경상사고,0,0,1,0,차대차 - 측면직각충돌,안전운전불이행,건조,맑음,기타 - 기타,화물,남,48세,상해없음,승합,남,35세,경상
2012011200100285,2012년 1월 12일 14시,목요일,대구광역시 북구 국우동,경상사고,0,0,1,0,차대사람 - 횡단중,신호위반,건조,맑음,단일로 - 횡단보도상,이륜,남,15세,상해없음,보행자,여,50세,경상
2012011200100313,2012년 1월 12일 15시,목요일,대구광역시 달서구 대천동,경상사고,0,0,2,0,차대차 - 측면직각충돌,직진우회전진행방해,건조,맑음,교차로 - 교차로안,승용,남,39세,상해없음,승용,여,44세,경상
2012011200100314,2012년 1월 12일 15시,목요일,대구광역시 달성군 현풍면,중상사고,0,1,0,0,차대차 - 측면직각충돌,안전운전불이행,건조,맑음,교차로 - 교차로안,원동기,여,51세,중상,승용,남,42세,상해없음
2012011200100315,2012년 1월 12일 15시,목요일,대구광역시 북구 침산동,부상신고사고,0,0,0,1,차대사람 - 횡단중,신호위반,건조,맑음,단일로 - 기타,원동기,기타불명,기타불명,기타불명,보행자,남,8세,부상신고
2012011200100335,2012년 1월 12일 16시,목요일,대구광역시 수성구 범어동,경상사고,0,0,4,0,차대차 - 측면직각충돌,교차로운행방법위반,건조,맑음,교차로 - 교차로안,승용,남,50세,상해없음,승용,여,52세,경상
2012011200100336,2012년 1월 12일 16시,목요일,대구광역시 북구 대현동,경상사고,0,0,1,0,차대차 - 기타,교차로운행방법위반,건조,맑음,교차로 - 교차로안,승용,남,38세,상해없음,원동기,남,39세,경상
2012011200100337,2012년 1월 12일 16시,목요일,대구광역시 북구 노원동3가,부상신고사고,0,0,0,1,차대차 - 기타,안전운전불이행,건조,맑음,단일로 - 기타,자전거,남,65세,부상신고,승용,남,29세,상해없음
2012011200100338,2012년 1월 12일 16시,목요일,대구광역시 달서구 이곡동,중상사고,0,1,0,0,차대사람 - 길가장자리구역통행중,안전운전불이행,건조,맑음,단일로 - 횡단보도부근,승용,남,67세,상해없음,보행자,남,17세,중상
2012011200100360,2012년 1월 12일 17시,목요일,대구광역시 북구 서변동,중상사고,0,1,2,0,차대차 - 추돌 - 주정차중,안전운전불이행,건조,맑음,단일로 - 교량,승합,남,52세,상해없음,승용,여,23세,중상
2012011200100361,2012년 1월 12일 17시,목요일,대구광역시 달서구 장기동,경상사고,0,0,1,0,차대차 - 추돌 - 진행중,안전거리미확보,건조,맑음,단일로 - 기타,승용,여,73세,상해없음,승용,여,59세,경상
2012011200100404,2012년 1월 12일 18시,목요일,대구광역시 달서구 월암동,경상사고,0,0,3,0,차대차 - 기타,직진우회전진행방해,건조,맑음,교차로 - 교차로안,승용,남,52세,경상,승용,여,27세,경상
2012011200100405,2012년 1월 12일 18시,목요일,대구광역시 달서구 파호동,경상사고,0,0,1,0,차대차 - 측면직각충돌,신호위반,건조,맑음,교차로 - 교차로안,승용,남,37세,상해없음,승용,여,24세,경상
2012011200100406,2012년 1월 12일 18시,목요일,대구광역시 달서구 이곡동,중상사고,0,1,0,0,차량단독 - 기타,기타,건조,맑음,교차로 - 교차로부근,승합,남,46세,상해없음,,,,
2012011200100436,2012년 1월 12일 19시,목요일,대구광역시 동구 지저동,부상신고사고,0,0,0,1,차대사람 - 기타,안전운전불이행,건조,맑음,단일로 - 기타,기타불명,기타불명,기타불명,기타불명,보행자,여,49세,부상신고
2012011200100437,2012년 1월 12일 19시,목요일,대구광역시 달서구 상인동,경상사고,0,0,3,0,차대차 - 기타,안전운전불이행,건조,맑음,교차로 - 교차로부근,이륜,남,24세,상해없음,승용,남,28세,경상
2012011200100438,2012년 1월 12일 19시,목요일,대구광역시 달성군 옥포면,경상사고,0,0,1,0,차대사람 - 기타,보행자보호의무위반,건조,맑음,교차로 - 교차로안,승용,남,70세,상해없음,보행자,남,48세,경상
2012011200100439,2012년 1월 12일 19시,목요일,대구광역시 북구 산격동,중상사고,0,1,2,0,차대차 - 추돌 - 주정차중,안전거리미확보,건조,맑음,교차로 - 교차로부근,승용,여,51세,상해없음,승용,여,37세,경상
2012011200100440,2012년 1월 12일 19시,목요일,대구광역시 서구 비산동,중상사고,0,1,1,0,차대차 - 기타,안전운전불이행,건조,맑음,단일로 - 기타,자전거,남,16세,경상,승용,여,53세,상해없음
2012011200100551,2012년 1월 12일 22시,목요일,대구광역시 북구 침산동,중상사고,0,1,0,0,차대차 - 측면직각충돌,안전운전불이행,건조,맑음,단일로 - 기타,승용,남,31세,상해없음,이륜,남,16세,중상
2012011200100552,2012년 1월 12일 22시,목요일,대구광역시 서구 평리동,중상사고,0,1,0,0,차대차 - 측면직각충돌,안전거리미확보,건조,맑음,단일로 - 기타,승용,남,28세,상해없음,이륜,남,40세,중상
2012011200100553,2012년 1월 12일 22시,목요일,대구광역시 중구 동인동2가,경상사고,0,0,1,0,차대차 - 추돌 - 주정차중,안전운전불이행,건조,맑음,단일로 - 기타,승용,남,22세,상해없음,승용,남,48세,상해없음
2012011300100024,2012년 1월 13일 00시,금요일,대구광역시 수성구 황금동,중상사고,0,1,0,0,차대사람 - 횡단중,안전운전불이행,건조,맑음,단일로 - 횡단보도상,승용,남,25세,상해없음,보행자,남,34세,중상
2012011300100025,2012년 1월 13일 00시,금요일,대구광역시 서구 중리동,중상사고,0,1,1,0,차대차 - 추돌 - 진행중,안전거리미확보,건조,맑음,단일로 - 기타,승용,남,23세,상해없음,승용,남,64세,중상
2012011300100026,2012년 1월 13일 00시,금요일,대구광역시 달서구 두류동,부상신고사고,0,0,0,1,차대차 - 추돌 - 진행중,안전거리미확보,건조,맑음,단일로 - 기타,이륜,남,55세,부상신고,승용,남,53세,상해없음
2012011300100048,2012년 1월 13일 01시,금요일,대구광역시 동구 신천동,경상사고,0,0,1,0,차대차 - 측면직각충돌,신호위반,건조,맑음,교차로 - 교차로안,승용,남,51세,상해없음,승용,남,41세,경상
2012011300100068,2012년 1월 13일 02시,금요일,대구광역시 남구 대명동,중상사고,0,1,2,0,차대차 - 기타,안전거리미확보,건조,맑음,단일로 - 횡단보도부근,화물,남,62세,상해없음,승용,남,50세,경상
2012011300100069,2012년 1월 13일 02시,금요일,대구광역시 달서구 상인동,경상사고,0,0,1,0,차대차 - 추돌 - 주정차중,안전운전불이행,건조,맑음,단일로 - 기타,승합,남,47세,상해없음,승용,남,47세,경상
2012011300100193,2012년 1월 13일 08시,금요일,대구광역시 북구 노원동1가,경상사고,0,0,1,0,차대사람 - 기타,안전운전불이행,건조,맑음,단일로 - 기타,이륜,기타불명,기타불명,기타불명,보행자,여,42세,경상
2012011300100219,2012년 1월 13일 09시,금요일,대구광역시 남구 봉덕동,부상신고사고,0,0,0,1,차대차 - 추돌 - 진행중,안전운전불이행,건조,맑음,단일로 - 기타,승용,남,43세,부상신고,승용,남,34세,상해없음
2012011300100220,2012년 1월 13일 09시,금요일,대구광역시 중구 삼덕동2가,중상사고,0,1,0,0,차대차 - 추돌 - 주정차중,안전운전불이행,건조,맑음,교차로 - 교차로부근,승용,남,59세,상해없음,승용,여,53세,중상
2012011300100242,2012년 1월 13일 10시,금요일,대구광역시 북구 읍내동,경상사고,0,0,1,0,차대차 - 추돌 - 주정차중,안전운전불이행,건조,맑음,단일로 - 기타,승용,남,44세,상해없음,승용,여,42세,경상
2012011300100295,2012년 1월 13일 12시,금요일,대구광역시 남구 봉덕동,중상사고,0,1,0,0,차대사람 - 보도통행중,기타,건조,맑음,단일로 - 기타,승용,남,56세,상해없음,보행자,여,80세,중상
2012011300100296,2012년 1월 13일 12시,금요일,대구광역시 남구 봉덕동,경상사고,0,0,1,0,차량단독 - 공작물충돌,안전운전불이행,건조,맑음,단일로 - 기타,승합,남,38세,상해없음,,,,
2012011300100297,2012년 1월 13일 12시,금요일,대구광역시 중구 대신동,경상사고,0,0,1,0,차대차 - 추돌 - 진행중,안전운전불이행,건조,맑음,교차로 - 교차로부근,승용,남,54세,상해없음,승용,남,57세,상해없음
2012011300100363,2012년 1월 13일 15시,금요일,대구광역시 동구 동호동,경상사고,0,0,2,0,차대차 - 추돌 - 주정차중,안전운전불이행,건조,맑음,교차로 - 교차로부근,승용,남,43세,상해없음,승용,남,24세,경상
2012011300100364,2012년 1월 13일 15시,금요일,대구광역시 달서구 대곡동,중상사고,0,1,0,0,차대차 - 측면직각충돌,안전운전불이행,건조,맑음,교차로 - 교차로부근,승용,남,29세,상해없음,이륜,남,62세,중상
2012011300100391,2012년 1월 13일 16시,금요일,대구광역시 달서구 용산동,경상사고,0,0,1,0,차대차 - 측면직각충돌,안전거리미확보,건조,맑음,단일로 - 기타,화물,남,53세,상해없음,화물,남,35세,경상
2012011300100392,2012년 1월 13일 16시,금요일,대구광역시 달서구 이곡동,경상사고,0,0,1,0,차대차 - 측면직각충돌,안전운전불이행,건조,맑음,단일로 - 기타,이륜,남,58세,경상,승용,남,57세,상해없음
2012011300100418,2012년 1월 13일 17시,금요일,대구광역시 남구 대명동,경상사고,0,0,1,0,차대사람 - 기타,안전운전불이행,건조,맑음,단일로 - 기타,승용,남,59세,상해없음,보행자,남,40세,경상
2012011300100419,2012년 1월 13일 17시,금요일,대구광역시 동구 신암동,중상사고,0,1,0,0,차대사람 - 횡단중,보행자보호의무위반,건조,맑음,단일로 - 횡단보도상,승용,남,53세,상해없음,보행자,남,62세,중상
2012011300100420,2012년 1월 13일 17시,금요일,대구광역시 달서구 상인동,경상사고,0,0,1,0,차대차 - 기타,안전운전불이행,건조,맑음,교차로 - 교차로부근,승용,여,46세,상해없음,자전거,남,11세,경상
2012011300100421,2012년 1월 13일 17시,금요일,대구광역시 북구 산격동,중상사고,0,1,0,0,차대차 - 측면직각충돌,신호위반,건조,맑음,교차로 - 교차로안,승용,남,48세,상해없음,이륜,남,52세,중상
2012011300100422,2012년 1월 13일 17시,금요일,대구광역시 달서구 죽전동,경상사고,0,0,1,0,차대차 - 기타,안전거리미확보,건조,맑음,단일로 - 기타,화물,남,51세,상해없음,승용,남,71세,경상
2012011300100469,2012년 1월 13일 18시,금요일,대구광역시 달성군 다사읍,경상사고,0,0,1,0,차대차 - 측면직각충돌,직진우회전진행방해,건조,맑음,교차로 - 교차로안,승용,남,53세,상해없음,승용,여,31세,경상
2012011300100470,2012년 1월 13일 18시,금요일,대구광역시 북구 산격동,경상사고,0,0,1,0,차대차 - 기타,안전운전불이행,건조,맑음,단일로 - 기타,화물,여,50세,상해없음,승용,남,29세,경상
2012011300100471,2012년 1월 13일 18시,금요일,대구광역시 달서구 신당동,경상사고,0,0,3,0,차대차 - 추돌 - 진행중,안전거리미확보,건조,맑음,단일로 - 기타,승용,남,50세,상해없음,승용,남,37세,경상
2012011300100505,2012년 1월 13일 19시,금요일,대구광역시 동구 신천동,중상사고,0,2,1,0,차대차 - 추돌 - 주정차중,안전운전불이행,건조,맑음,단일로 - 기타,승용,남,47세,상해없음,승용,여,48세,중상
2012011300100506,2012년 1월 13일 19시,금요일,대구광역시 수성구 황금동,중상사고,0,1,0,0,차대사람 - 기타,안전운전불이행,건조,맑음,단일로 - 기타,이륜,남,45세,상해없음,보행자,여,22세,중상
2012011300100507,2012년 1월 13일 19시,금요일,대구광역시 달성군 논공읍,중상사고,0,2,1,0,차대차 - 측면직각충돌,중앙선침범,건조,맑음,단일로 - 기타,승용,여,62세,중상,승용,여,25세,경상
2012011300100508,2012년 1월 13일 19시,금요일,대구광역시 북구 태전동,경상사고,0,0,1,0,차대사람 - 기타,안전운전불이행,건조,맑음,단일로 - 기타,원동기,남,23세,상해없음,보행자,남,16세,경상
2012011300100539,2012년 1월 13일 20시,금요일,대구광역시 수성구 수성동3가,경상사고,0,0,2,0,차대차 - 추돌 - 진행중,안전거리미확보,건조,맑음,단일로 - 기타,이륜,남,19세,상해없음,승용,여,44세,경상
2012011300100567,2012년 1월 13일 21시,금요일,대구광역시 수성구 두산동,경상사고,0,0,1,0,차대차 - 기타,안전운전불이행,건조,맑음,단일로 - 기타,화물,남,49세,상해없음,원동기,남,32세,경상
2012011300100568,2012년 1월 13일 21시,금요일,대구광역시 수성구 황금동,경상사고,0,0,5,0,차대차 - 정면충돌,중앙선침범,건조,맑음,단일로 - 기타,승용,남,28세,상해없음,승용,남,59세,경상
2012011300100569,2012년 1월 13일 21시,금요일,대구광역시 달서구 월암동,중상사고,0,1,0,0,차대사람 - 차도통행중,안전운전불이행,건조,맑음,단일로 - 기타,화물,남,28세,상해없음,보행자,남,43세,중상
2012011300100595,2012년 1월 13일 22시,금요일,대구광역시 남구 이천동,중상사고,0,1,0,0,차량단독 - 공작물충돌,안전운전불이행,건조,맑음,교차로 - 교차로부근,화물,남,49세,중상,,,,
2012011300100596,2012년 1월 13일 22시,금요일,대구광역시 남구 대명동,경상사고,0,0,1,0,차대사람 - 횡단중,보행자보호의무위반,건조,맑음,교차로 - 교차로부근,승용,남,37세,상해없음,보행자,여,25세,경상
2012011300100597,2012년 1월 13일 22시,금요일,대구광역시 남구 대명동,경상사고,0,0,1,0,차대차 - 기타,안전거리미확보,건조,맑음,교차로 - 교차로부근,승용,남,64세,상해없음,승용,남,42세,경상
2012011300100598,2012년 1월 13일 22시,금요일,대구광역시 달성군 다사읍,중상사고,0,1,1,0,차대차 - 측면직각충돌,안전운전불이행,건조,맑음,교차로 - 교차로안,이륜,남,38세,중상,승용,여,50세,경상
2012011300100599,2012년 1월 13일 22시,금요일,대구광역시 서구 비산동,경상사고,0,0,1,0,차대사람 - 기타,기타,건조,맑음,단일로 - 기타,승용,남,50세,상해없음,보행자,남,32세,경상
2012011300100600,2012년 1월 13일 22시,금요일,대구광역시 달서구 감삼동,경상사고,0,0,2,0,차대차 - 추돌 - 진행중,안전운전불이행,건조,맑음,단일로 - 기타,승용,남,39세,상해없음,승용,여,33세,경상
2012011300100628,2012년 1월 13일 23시,금요일,대구광역시 수성구 중동,중상사고,0,1,0,0,차대사람 - 횡단중,안전운전불이행,건조,맑음,단일로 - 횡단보도상,원동기,남,17세,상해없음,보행자,여,59세,중상
2012011300100629,2012년 1월 13일 23시,금요일,대구광역시 수성구 대흥동,중상사고,0,1,4,0,차대차 - 측면직각충돌,신호위반,건조,맑음,교차로 - 교차로안,승용,남,39세,상해없음,승용,남,42세,상해없음
2012011300100630,2012년 1월 13일 23시,금요일,대구광역시 북구 동천동,중상사고,0,1,0,0,차대차 - 기타,직진우회전진행방해,건조,맑음,교차로 - 교차로안,승용,여,44세,상해없음,원동기,남,24세,중상
2012011400100031,2012년 1월 14일 01시,토요일,대구광역시 북구 복현동,경상사고,0,0,1,0,차대사람 - 횡단중,안전운전불이행,건조,흐림,단일로 - 기타,승용,남,50세,상해없음,보행자,남,19세,경상
2012011400100032,2012년 1월 14일 01시,토요일,대구광역시 북구 칠성동2가,경상사고,0,0,1,0,차대차 - 추돌 - 주정차중,안전운전불이행,건조,맑음,단일로 - 기타,승용,남,29세,상해없음,승용,남,48세,경상
2012011400100060,2012년 1월 14일 03시,토요일,대구광역시 남구 대명동,중상사고,0,1,8,0,차대차 - 측면직각충돌,신호위반,건조,맑음,교차로 - 교차로안,승용,남,30세,경상,승합,남,59세,경상
2012011400100068,2012년 1월 14일 04시,토요일,대구광역시 서구 내당동,부상신고사고,0,0,0,1,차대차 - 추돌 - 주정차중,안전거리미확보,건조,맑음,단일로 - 기타,이륜,여,23세,부상신고,화물,남,54세,상해없음
2012011400100069,2012년 1월 14일 04시,토요일,대구광역시 달서구 두류동,경상사고,0,0,1,0,차대차 - 측면직각충돌,신호위반,건조,맑음,교차로 - 교차로안,승용,남,23세,상해없음,승용,남,61세,경상
2012011400100110,2012년 1월 14일 07시,토요일,대구광역시 동구 검사동,경상사고,0,0,1,0,차대차 - 기타,안전운전불이행,건조,맑음,단일로 - 기타,승용,남,50세,상해없음,이륜,남,40세,경상
2012011400100111,2012년 1월 14일 07시,토요일,대구광역시 중구 동산동,경상사고,0,0,1,0,차대차 - 추돌 - 주정차중,안전운전불이행,건조,맑음,단일로 - 기타,승용,남,69세,상해없음,승용,여,52세,경상
2012011400100161,2012년 1월 14일 09시,토요일,대구광역시 북구 칠성동1가,중상사고,0,1,0,0,차대차 - 기타,안전거리미확보,건조,맑음,단일로 - 기타,승합,남,51세,상해없음,자전거,남,80세,중상
2012011400100182,2012년 1월 14일 10시,토요일,대구광역시 남구 봉덕동,중상사고,0,1,0,0,차대차 - 측면직각충돌,교차로운행방법위반,건조,맑음,교차로 - 교차로안,이륜,남,66세,중상,승용,남,72세,상해없음
2012011400100183,2012년 1월 14일 10시,토요일,대구광역시 달서구 장기동,경상사고,0,0,1,1,차대차 - 추돌 - 주정차중,안전운전불이행,건조,맑음,교차로 - 교차로안,특수,남,44세,부상신고,승용,남,41세,경상
2012011400100233,2012년 1월 14일 12시,토요일,대구광역시 동구 신천동,중상사고,0,1,0,0,차대사람 - 기타,안전운전불이행,건조,맑음,단일로 - 기타,승합,남,30세,상해없음,보행자,여,89세,중상
2012011400100234,2012년 1월 14일 12시,토요일,대구광역시 중구 남산동,중상사고,0,1,0,0,차대차 - 추돌 - 진행중,교차로운행방법위반,건조,맑음,교차로 - 교차로안,승용,남,21세,상해없음,이륜,남,71세,중상