사고번호,사고일시,요일,시군구,사고내용,사망자수,중상자수,경상자수,부상신고자수,사고유형,법규위반,노면상태,기상상태,도로형태,가해운전자 차종,가해운전자 성별,가해운전자 연령,가해운전자 상해정도,피해운전자 차종,피해운전자 성별,피해운전자 연령,피해운전자 상해정도
2012011400100268,2012년 1월 14일 13시,토요일,대구광역시 달서구 본동,부상신고사고,0,0,0,2,차대차 - 추돌 - 진행중,안전운전불이행,건조,맑음,단일로 - 기타,승용,남,24세,상해없음,화물,남,50세,부상신고
2012011400100269,2012년 1월 14일 13시,토요일,대구광역시 서구 내당동,중상사고,0,1,0,0,차대사람 - 보도통행중,기타,건조,맑음,기타 - 기타,자전거,남,17세,상해없음,보행자,여,76세,중상
2012011400100293,2012년 1월 14일 14시,토요일,대구광역시 북구 칠성동2가,중상사고,0,1,0,0,차대사람 - 횡단중,안전운전불이행,건조,맑음,교차로 - 교차로부근,승용,남,34세,상해없음,보행자,남,55세,중상
2012011400100334,2012년 1월 14일 15시,토요일,대구광역시 북구 노원동3가,경상사고,0,0,1,0,차대차 - 측면직각충돌,중앙선침범,건조,맑음,단일로 - 기타,승용,남,75세,상해없음,원동기,남,38세,경상
2012011400100335,2012년 1월 14일 15시,토요일,대구광역시 서구 비산동,경상사고,0,0,1,0,차대차 - 측면직각충돌,안전운전불이행,건조,맑음,교차로 - 교차로안,승용,여,34세,상해없음,원동기,남,34세,경상
2012011400100360,2012년 1월 14일 16시,토요일,대구광역시 동구 신평동,경상사고,0,0,1,0,차대차 - 정면충돌,안전운전불이행,건조,맑음,단일로 - 기타,원동기,남,16세,경상,승용,여,32세,상해없음
2012011400100361,2012년 1월 14일 16시,토요일,대구광역시 서구 평리동,경상사고,0,0,1,0,차대차 - 기타,안전운전불이행,건조,맑음,단일로 - 횡단보도부근,승용,남,51세,상해없음,이륜,남,18세,경상
2012011400100392,2012년 1월 14일 17시,토요일,대구광역시 수성구 만촌동,경상사고,0,0,2,1,차대차 - 측면직각충돌,안전거리미확보,건조,맑음,단일로 - 기타,승용,남,24세,상해없음,승용,남,42세,경상
2012011400100393,2012년 1월 14일 17시,토요일,대구광역시 수성구 노변동,경상사고,0,0,2,0,차대차 - 추돌 - 진행중,안전운전불이행,건조,맑음,단일로 - 기타,승용,여,36세,상해없음,이륜,남,18세,경상
2012011400100394,2012년 1월 14일 17시,토요일,대구광역시 중구 계산동1가,경상사고,0,0,1,0,차대차 - 기타,차로위반,건조,맑음,단일로 - 기타,승합,남,54세,상해없음,승용,여,36세,경상
2012011400100395,2012년 1월 14일 17시,토요일,대구광역시 중구 삼덕동1가,중상사고,0,1,0,0,차대사람 - 횡단중,안전운전불이행,건조,맑음,교차로 - 교차로부근,승용,기타불명,기타불명,기타불명,보행자,남,73세,중상
2012011400100396,2012년 1월 14일 17시,토요일,대구광역시 중구 동인동3가,경상사고,0,0,2,0,차대차 - 추돌 - 진행중,직진우회전진행방해,건조,맑음,교차로 - 교차로안,승용,남,31세,상해없음,승용,여,27세,경상
2012011400100440,2012년 1월 14일 18시,토요일,대구광역시 수성구 지산동,경상사고,0,0,1,0,차대차 - 측면직각충돌,교차로운행방법위반,건조,맑음,단일로 - 기타,이륜,남,45세,상해없음,자전거,남,30세,경상
2012011400100441,2012년 1월 14일 18시,토요일,대구광역시 수성구 범어동,중상사고,0,1,2,0,차대차 - 측면직각충돌,안전거리미확보,건조,맑음,단일로 - 기타,승용,남,48세,상해없음,승용,남,35세,경상
2012011400100442,2012년 1월 14일 18시,토요일,대구광역시 북구 산격동,중상사고,0,1,0,0,차대차 - 기타,중앙선침범,건조,맑음,미분류 - 미분류,이륜,남,23세,중상,승용,남,44세,상해없음
2012011400100443,2012년 1월 14일 18시,토요일,대구광역시 달서구 두류동,경상사고,0,0,1,0,차대사람 - 기타,안전운전불이행,건조,맑음,단일로 - 기타,승합,남,45세,상해없음,보행자,남,72세,경상
2012011400100482,2012년 1월 14일 19시,토요일,대구광역시 남구 봉덕동,중상사고,0,1,2,0,차대차 - 기타,안전거리미확보,건조,맑음,단일로 - 기타,승용,남,57세,상해없음,승용,남,42세,중상
2012011400100483,2012년 1월 14일 19시,토요일,대구광역시 동구 서호동,경상사고,0,0,1,0,차대사람 - 기타,안전운전불이행,건조,맑음,단일로 - 기타,승용,남,50세,상해없음,보행자,남,52세,경상
2012011400100484,2012년 1월 14일 19시,토요일,대구광역시 수성구 만촌동,중상사고,0,1,0,0,차대차 - 측면직각충돌,안전거리미확보,건조,맑음,교차로 - 교차로부근,승용,남,53세,상해없음,원동기,남,66세,중상
2012011400100485,2012년 1월 14일 19시,토요일,대구광역시 수성구 범어동,경상사고,0,0,1,0,차량단독 - 기타,안전운전불이행,건조,맑음,단일로 - 기타,승합,남,56세,상해없음,,,,
2012011400100486,2012년 1월 14일 19시,토요일,대구광역시 달서구 본동,경상사고,0,0,1,0,차대차 - 측면직각충돌,안전거리미확보,건조,맑음,단일로 - 기타,승용,여,44세,상해없음,화물,남,51세,상해없음
2012011400100487,2012년 1월 14일 19시,토요일,대구광역시 달서구 상인동,중상사고,0,1,2,1,차대차 - 기타,안전운전불이행,건조,맑음,단일로 - 기타,화물,남,66세,상해없음,승용,남,34세,상해없음
2012011400100488,2012년 1월 14일 19시,토요일,대구광역시 달서구 성당동,중상사고,0,3,0,0,차대차 - 추돌 - 주정차중,안전운전불이행,건조,맑음,단일로 - 기타,이륜,남,62세,중상,승용,남,32세,중상
2012011400100489,2012년 1월 14일 19시,토요일,대구광역시 달서구 신당동,중상사고,0,1,0,0,차대차 - 기타,안전운전불이행,건조,맑음,단일로 - 기타,화물,남,42세,상해없음,승용,남,52세,중상
2012011400100518,2012년 1월 14일 20시,토요일,대구광역시 중구 남산동,중상사고,0,1,0,0,차대사람 - 차도통행중,안전운전불이행,건조,맑음,단일로 - 기타,승용,여,40세,상해없음,보행자,남,12세,중상
2012011400100541,2012년 1월 14일 21시,토요일,대구광역시 중구 대봉동,경상사고,0,0,2,0,차대차 - 측면직각충돌,교차로운행방법위반,건조,맑음,교차로 - 교차로안,승용,남,28세,상해없음,승용,남,54세,경상
2012011400100542,2012년 1월 14일 21시,토요일,대구광역시 달서구 이곡동,경상사고,0,0,5,0,차대차 - 추돌 - 주정차중,안전운전불이행,건조,맑음,단일로 - 횡단보도부근,승용,여,40세,상해없음,승용,남,29세,경상
2012011400100564,2012년 1월 14일 22시,토요일,대구광역시 북구 복현동,중상사고,0,1,0,0,차대사람 - 보도통행중,안전운전불이행,건조,맑음,단일로 - 기타,이륜,남,25세,상해없음,보행자,여,61세,중상
2012011400100587,2012년 1월 14일 23시,토요일,대구광역시 동구 신천동,중상사고,0,1,0,0,차대차 - 기타,안전운전불이행,건조,맑음,교차로 - 교차로부근,승용,남,53세,상해없음,승용,남,37세,중상
2012011400100588,2012년 1월 14일 23시,토요일,대구광역시 중구 태평로1가,경상사고,0,0,1,0,차대차 - 측면직각충돌,안전운전불이행,건조,맑음,단일로 - 기타,승용,남,52세,상해없음,승용,남,51세,경상
2012011500100023,2012년 1월 15일 00시,일요일,대구광역시 달서구 송현동,중상사고,0,1,0,0,차대차 - 측면직각충돌,안전운전불이행,건조,맑음,단일로 - 기타,승용,남,56세,상해없음,승용,여,42세,상해없음
2012011500100024,2012년 1월 15일 00시,일요일,대구광역시 달서구 호산동,중상사고,0,1,0,0,차량단독 - 공작물충돌,안전운전불이행,건조,맑음,단일로 - 기타,승용,남,24세,중상,,,,
2012011500100025,2012년 1월 15일 00시,일요일,대구광역시 달서구 장기동,경상사고,0,0,1,0,차대사람 - 기타,안전운전불이행,건조,맑음,교차로 - 교차로안,승용,남,32세,상해없음,보행자,남,36세,경상
2012011500100044,2012년 1월 15일 01시,일요일,대구광역시 북구 검단동,중상사고,0,2,0,0,차대차 - 추돌 - 진행중,안전운전불이행,건조,맑음,단일로 - 기타,승용,남,38세,중상,화물,남,30세,중상
2012011500100059,2012년 1월 15일 02시,일요일,대구광역시 수성구 만촌동,경상사고,0,0,1,0,차대차 - 측면직각충돌,안전거리미확보,건조,맑음,단일로 - 기타,승용,남,20세,상해없음,승용,남,20세,경상
2012011500100060,2012년 1월 15일 02시,일요일,대구광역시 달서구 장기동,경상사고,0,0,1,0,차대사람 - 길가장자리구역통행중,보행자보호의무위반,건조,맑음,기타 - 기타,기타불명,기타불명,기타불명,기타불명,보행자,남,49세,경상
2012011500100074,2012년 1월 15일 03시,일요일,대구광역시 북구 침산동,중상사고,0,2,0,0,차대차 - 추돌 - 진행중,안전운전불이행,건조,맑음,기타 - 기타,화물,남,25세,상해없음,승용,남,50세,중상
2012011500100075,2012년 1월 15일 03시,일요일,대구광역시 중구 삼덕동1가,경상사고,0,0,2,0,차대차 - 측면직각충돌,안전거리미확보,건조,맑음,단일로 - 기타,승용,남,35세,상해없음,승용,남,50세,경상
2012011500100086,2012년 1월 15일 04시,일요일,대구광역시 수성구 중동,중상사고,0,1,1,0,차대차 - 추돌 - 진행중,안전운전불이행,건조,맑음,단일로 - 횡단보도부근,승용,남,49세,상해없음,승용,남,41세,중상
2012011500100100,2012년 1월 15일 05시,일요일,대구광역시 북구 읍내동,중상사고,0,1,0,0,차량단독 - 공작물충돌,안전운전불이행,건조,맑음,단일로 - 기타,승용,남,48세,중상,,,,
2012011500100123,2012년 1월 15일 07시,일요일,대구광역시 동구 신암동,경상사고,0,0,1,0,차대차 - 측면직각충돌,안전운전불이행,건조,맑음,단일로 - 기타,승용,남,30세,상해없음,승용,남,44세,경상
2012011500100142,2012년 1월 15일 09시,일요일,대구광역시 동구 효목동,중상사고,0,1,0,0,차대사람 - 기타,안전운전불이행,건조,맑음,단일로 - 기타,승용,남,18세,상해없음,보행자,남,40세,중상
2012011500100156,2012년 1월 15일 10시,일요일,대구광역시 수성구 만촌동,경상사고,0,0,1,0,차대차 - 기타,안전운전불이행,건조,맑음,단일로 - 기타,승용,여,60세,상해없음,이륜,남,59세,경상
2012011500100157,2012년 1월 15일 10시,일요일,대구광역시 북구 읍내동,경상사고,0,0,1,0,차대차 - 추돌 - 진행중,안전거리미확보,건조,흐림,교차로 - 교차로부근,승용,여,42세,상해없음,승용,남,53세,상해없음
2012011500100189,2012년 1월 15일 12시,일요일,대구광역시 달서구 본동,중상사고,0,1,1,0,차대차 - 측면직각충돌,안전거리미확보,건조,맑음,단일로 - 기타,승용,여,50세,상해없음,승용,남,53세,중상
2012011500100190,2012년 1월 15일 12시,일요일,대구광역시 달서구 호산동,경상사고,0,0,3,0,차대차 - 측면직각충돌,교차로운행방법위반,건조,맑음,교차로 - 교차로안,승용,남,53세,경상,승용,남,19세,경상
2012011500100206,2012년 1월 15일 13시,일요일,대구광역시 동구 검사동,경상사고,0,0,1,0,차대차 - 측면직각충돌,교차로운행방법위반,건조,맑음,기타 - 기타,승용,남,54세,상해없음,이륜,남,17세,경상
2012011500100248,2012년 1월 15일 15시,일요일,대구광역시 북구 산격동,중상사고,0,2,0,0,차대차 - 측면직각충돌,신호위반,건조,맑음,교차로 - 교차로안,승용,남,75세,중상,승용,남,61세,상해없음
2012011500100249,2012년 1월 15일 15시,일요일,대구광역시 서구 내당동,경상사고,0,0,1,0,차대차 - 측면직각충돌,안전운전불이행,습기,맑음,단일로 - 기타,이륜,남,25세,경상,승용,남,21세,상해없음
2012011500100291,2012년 1월 15일 17시,일요일,대구광역시 서구 내당동,경상사고,0,0,2,0,차대차 - 추돌 - 진행중,신호위반,건조,맑음,단일로 - 기타,승용,여,30세,상해없음,승용,남,47세,경상
2012011500100326,2012년 1월 15일 18시,일요일,대구광역시 수성구 중동,중상사고,0,1,0,0,차대사람 - 기타,안전운전불이행,건조,맑음,단일로 - 기타,승용,여,49세,상해없음,보행자,남,60세,중상
2012011500100327,2012년 1월 15일 18시,일요일,대구광역시 수성구 중동,중상사고,0,1,0,0,차대차 - 측면직각충돌,안전거리미확보,건조,맑음,단일로 - 기타,승용,남,56세,상해없음,이륜,남,16세,중상
2012011500100353,2012년 1월 15일 19시,일요일,대구광역시 달성군 다사읍,중상사고,0,1,1,0,차대차 - 추돌 - 진행중,안전운전불이행,건조,맑음,교차로 - 교차로부근,승용,여,35세,상해없음,승용,남,40세,상해없음
2012011500100354,2012년 1월 15일 19시,일요일,대구광역시 달서구 갈산동,경상사고,0,0,2,0,차대차 - 추돌 - 진행중,안전운전불이행,건조,맑음,단일로 - 기타,승용,여,51세,기타불명,승용,남,68세,경상
2012011500100387,2012년 1월 15일 20시,일요일,대구광역시 서구 내당동,경상사고,0,0,1,0,차대사람 - 기타,안전운전불이행,건조,맑음,교차로 - 교차로부근,승용,남,30세,상해없음,보행자,남,27세,경상
2012011500100418,2012년 1월 15일 21시,일요일,대구광역시 달서구 대천동,중상사고,0,1,0,0,차대사람 - 기타,보행자보호의무위반,건조,맑음,단일로 - 횡단보도상,승용,남,68세,상해없음,보행자,여,55세,중상
2012011500100419,2012년 1월 15일 21시,일요일,대구광역시 북구 노원동2가,경상사고,0,0,2,0,차대차 - 추돌 - 주정차중,안전운전불이행,건조,맑음,단일로 - 기타,승용,남,46세,상해없음,승용,남,29세,경상
2012011500100455,2012년 1월 15일 23시,일요일,대구광역시 남구 대명동,경상사고,0,0,2,0,차대차 - 측면직각충돌,교차로운행방법위반,건조,맑음,단일로 - 기타,이륜,남,16세,경상,승용,남,69세,상해없음
2012011500100456,2012년 1월 15일 23시,일요일,대구광역시 수성구 수성동1가,경상사고,0,0,2,0,차대차 - 추돌 - 진행중,안전거리미확보,건조,맑음,교차로 - 교차로안,승용,남,55세,상해없음,승용,남,32세,경상
2012011500100457,2012년 1월 15일 23시,일요일,대구광역시 달서구 월성동,중상사고,0,2,0,0,차대차 - 정면충돌,중앙선침범,습기,맑음,단일로 - 기타,승용,남,56세,상해없음,승용,남,47세,중상
2012011500100458,2012년 1월 15일 23시,일요일,대구광역시 달서구 감삼동,경상사고,0,0,2,0,차대차 - 정면충돌,신호위반,건조,맑음,교차로 - 교차로안,승용,여,45세,상해없음,승용,남,56세,경상
2012011600100008,2012년 1월 16일 00시,월요일,대구광역시 서구 내당동,경상사고,0,0,3,0,차대차 - 측면직각충돌,교차로운행방법위반,건조,맑음,교차로 - 교차로안,승용,남,35세,상해없음,승용,남,49세,경상
2012011600100016,2012년 1월 16일 01시,월요일,대구광역시 서구 원대동1가,경상사고,0,0,1,0,차대차 - 기타,안전운전불이행,건조,맑음,단일로 - 기타,승용,남,34세,상해없음,원동기,남,22세,경상
2012011600100032,2012년 1월 16일 03시,월요일,대구광역시 수성구 수성동4가,경상사고,0,0,2,0,차대차 - 추돌 - 진행중,안전거리미확보,건조,맑음,교차로 - 교차로부근,승용,남,30세,상해없음,이륜,남,21세,경상
2012011600100033,2012년 1월 16일 03시,월요일,대구광역시 달서구 본리동,경상사고,0,0,1,0,차대차 - 측면직각충돌,신호위반,건조,맑음,교차로 - 교차로안,화물,남,26세,상해없음,승용,남,60세,경상
2012011600100046,2012년 1월 16일 05시,월요일,대구광역시 수성구 대흥동,중상사고,0,1,0,0,차량단독 - 도로외이탈 - 기타,안전운전불이행,건조,맑음,단일로 - 기타,승용,남,19세,상해없음,,,,
2012011600100066,2012년 1월 16일 06시,월요일,대구광역시 달성군 현풍면,중상사고,0,2,1,0,차대차 - 추돌 - 진행중,안전운전불이행,건조,맑음,단일로 - 교량,승용,여,43세,중상,화물,남,56세,경상
2012011600100080,2012년 1월 16일 07시,월요일,대구광역시 동구 각산동,경상사고,0,0,1,0,차대사람 - 기타,안전운전불이행,건조,맑음,단일로 - 기타,승용,여,49세,기타불명,보행자,여,52세,경상
2012011600100081,2012년 1월 16일 07시,월요일,대구광역시 수성구 범어동,경상사고,0,0,1,0,차대차 - 추돌 - 진행중,안전운전불이행,건조,맑음,단일로 - 기타,승용,남,32세,상해없음,승용,남,63세,상해없음
2012011600100082,2012년 1월 16일 07시,월요일,대구광역시 달서구 상인동,사망사고,1,0,0,0,차대사람 - 기타,안전운전불이행,기타,맑음,단일로 - 횡단보도상,승용,남,37세,상해없음,보행자,여,81세,사망
2012011600100083,2012년 1월 16일 07시,월요일,대구광역시 북구 노원동3가,경상사고,0,0,1,0,차대차 - 기타,안전거리미확보,건조,맑음,교차로 - 교차로부근,승용,남,32세,상해없음,승용,남,36세,경상
2012011600100084,2012년 1월 16일 07시,월요일,대구광역시 달서구 장기동,중상사고,0,1,0,0,차대차 - 추돌 - 주정차중,안전운전불이행,건조,맑음,단일로 - 횡단보도부근,승용,남,45세,상해없음,승용,남,48세,중상
2012011600100113,2012년 1월 16일 08시,월요일,대구광역시 동구 용계동,경상사고,0,0,1,0,차대차 - 측면직각충돌,신호위반,건조,맑음,단일로 - 횡단보도부근,화물,남,68세,상해없음,자전거,남,16세,경상
2012011600100148,2012년 1월 16일 09시,월요일,대구광역시 동구 율하동,중상사고,0,1,0,0,차대사람 - 기타,기타,건조,맑음,기타 - 기타,승용,여,38세,상해없음,보행자,여,20세,중상
2012011600100183,2012년 1월 16일 10시,월요일,대구광역시 북구 침산동,경상사고,0,0,1,0,차대차 - 측면직각충돌,중앙선침범,건조,맑음,단일로 - 기타,승용,남,27세,상해없음,승용,남,47세,상해없음
2012011600100211,2012년 1월 16일 11시,월요일,대구광역시 남구 봉덕동,중상사고,0,1,0,0,차대사람 - 차도통행중,안전운전불이행,건조,맑음,단일로 - 기타,화물,남,49세,상해없음,보행자,남,74세,중상
2012011600100212,2012년 1월 16일 11시,월요일,대구광역시 달서구 월성동,경상사고,0,0,1,0,차대차 - 기타,신호위반,건조,맑음,교차로 - 교차로안,승용,남,56세,상해없음,승용,남,26세,경상
2012011600100213,2012년 1월 16일 11시,월요일,대구광역시 달성군 화원읍,경상사고,0,0,1,0,차대차 - 측면직각충돌,안전운전불이행,건조,맑음,단일로 - 기타,승용,남,57세,상해없음,승용,남,23세,경상
2012011600100242,2012년 1월 16일 12시,월요일,대구광역시 달서구 진천동,경상사고,0,0,1,0,차대사람 - 차도통행중,안전운전불이행,건조,맑음,교차로 - 교차로부근,승용,여,49세,상해없음,보행자,남,51세,경상
2012011600100243,2012년 1월 16일 12시,월요일,대구광역시 북구 관음동,중상사고,0,1,0,0,차대사람 - 기타,안전운전불이행,건조,맑음,단일로 - 기타,승용,남,60세,상해없음,보행자,남,80세,중상
2012011600100273,2012년 1월 16일 13시,월요일,대구광역시 동구 신암동,경상사고,0,0,1,0,차대사람 - 횡단중,보행자보호의무위반,건조,맑음,단일로 - 횡단보도상,승용,남,57세,상해없음,보행자,남,46세,경상
2012011600100274,2012년 1월 16일 13시,월요일,대구광역시 북구 서변동,중상사고,0,2,0,0,차대차 - 기타,차로위반,건조,맑음,단일로 - 기타,원동기,남,65세,중상,승용,남,34세,상해없음
2012011600100301,2012년 1월 16일 14시,월요일,대구광역시 남구 대명동,경상사고,0,0,1,0,차대차 - 측면직각충돌,안전운전불이행,건조,맑음,교차로 - 교차로부근,승용,여,26세,상해없음,승용,남,28세,경상
2012011600100302,2012년 1월 16일 14시,월요일,대구광역시 달성군 화원읍,중상사고,0,1,0,0,차대사람 - 기타,안전운전불이행,건조,맑음,교차로 - 교차로부근,화물,남,63세,상해없음,보행자,여,45세,중상
2012011600100330,2012년 1월 16일 15시,월요일,대구광역시 수성구 상동,중상사고,0,1,1,0,차대차 - 측면직각충돌,신호위반,건조,맑음,교차로 - 교차로안,특수,남,63세,상해없음,승용,여,40세,중상
2012011600100360,2012년 1월 16일 16시,월요일,대구광역시 중구 대신동,경상사고,0,0,3,0,차대차 - 추돌 - 진행중,안전운전불이행,기타,비,교차로 - 교차로부근,승용,남,26세,경상,승용,남,74세,경상
2012011600100361,2012년 1월 16일 16시,월요일,대구광역시 중구 서문로1가,경상사고,0,0,1,0,차대사람 - 길가장자리구역통행중,안전운전불이행,건조,맑음,단일로 - 기타,승용,남,37세,상해없음,보행자,남,31세,경상
2012011600100390,2012년 1월 16일 17시,월요일,대구광역시 수성구 범물동,중상사고,0,1,0,0,차대사람 - 기타,안전운전불이행,습기,비,교차로 - 교차로부근,승용,여,32세,상해없음,보행자,여,71세,중상
2012011600100391,2012년 1월 16일 17시,월요일,대구광역시 수성구 황금동,경상사고,0,0,1,0,차대차 - 기타,안전운전불이행,습기,비,교차로 - 교차로부근,승용,여,43세,상해없음,이륜,남,51세,경상
2012011600100392,2012년 1월 16일 17시,월요일,대구광역시 북구 동천동,경상사고,0,0,1,0,차대차 - 측면직각충돌,안전운전불이행,건조,맑음,단일로 - 횡단보도상,승용,여,32세,상해없음,자전거,여,12세,경상
2012011600100393,2012년 1월 16일 17시,월요일,대구광역시 중구 남산동,경상사고,0,0,1,0,차대차 - 추돌 - 진행중,안전운전불이행,건조,맑음,단일로 - 기타,승용,남,43세,상해없음,화물,여,45세,경상
2012011600100432,2012년 1월 16일 18시,월요일,대구광역시 동구 숙천동,중상사고,0,2,0,0,차대차 - 측면직각충돌,안전운전불이행,습기,비,단일로 - 기타,기타불명,기타불명,기타불명,기타불명,화물,남,69세,중상
2012011600100440,2012년 1월 16일 18시,월요일,대구광역시 동구 입석동,중상사고,0,1,0,0,차대사람 - 횡단중,안전운전불이행,건조,맑음,단일로 - 기타,승용,남,31세,상해없음,보행자,남,62세,중상
2012011600100441,2012년 1월 16일 18시,월요일,대구광역시 달서구 송현동,중상사고,0,1,0,0,차대사람 - 기타,안전운전불이행,습기,비,기타 - 기타,승용,여,49세,상해없음,보행자,여,70세,중상
2012011600100442,2012년 1월 16일 18시,월요일,대구광역시 달서구 월성동,경상사고,0,0,1,0,차대차 - 측면직각충돌,차로위반,건조,맑음,단일로 - 기타,승용,남,54세,상해없음,승용,남,41세,경상
2012011600100443,2012년 1월 16일 18시,월요일,대구광역시 북구 칠성동2가,경상사고,0,0,1,0,차대사람 - 횡단중,보행자보호의무위반,습기,비,단일로 - 횡단보도상,승용,남,69세,상해없음,보행자,남,60세,경상
2012011600100444,2012년 1월 16일 18시,월요일,대구광역시 북구 태전동,중상사고,0,1,0,0,차대사람 - 기타,안전운전불이행,결빙,비,단일로 - 기타,화물,남,39세,상해없음,보행자,여,56세,중상
2012011600100445,2012년 1월 16일 18시,월요일,대구광역시 서구 평리동,중상사고,0,1,0,0,차대사람 - 횡단중,안전운전불이행,습기,비,단일로 - 횡단보도부근,화물,남,48세,상해없음,보행자,여,51세,중상
2012011600100446,2012년 1월 16일 18시,월요일,대구광역시 중구 동성로2가,중상사고,0,6,5,0,차대사람 - 기타,기타,습기,비,단일로 - 기타,승합,남,47세,상해없음,보행자,남,19세,경상
2012011600100447,2012년 1월 16일 18시,월요일,대구광역시 달서구 성당동,중상사고,0,1,0,0,차대차 - 측면직각충돌,안전운전불이행,습기,비,교차로 - 교차로안,승용,여,44세,상해없음,원동기,남,17세,중상
2012011600100485,2012년 1월 16일 19시,월요일,대구광역시 동구 신암동,경상사고,0,0,1,0,차대차 - 측면직각충돌,안전운전불이행,습기,비,단일로 - 기타,화물,남,48세,상해없음,이륜,남,45세,경상
2012011600100486,2012년 1월 16일 19시,월요일,대구광역시 수성구 만촌동,중상사고,0,1,3,0,차대차 - 추돌 - 진행중,안전운전불이행,건조,맑음,단일로 - 기타,승합,남,56세,상해없음,승합,남,62세,상해없음
2012011600100487,2012년 1월 16일 19시,월요일,대구광역시 북구 침산동,경상사고,0,0,1,0,차대사람 - 횡단중,보행자보호의무위반,건조,맑음,교차로 - 교차로부근,승용,남,43세,상해없음,보행자,남,42세,경상
2012011600100488,2012년 1월 16일 19시,월요일,대구광역시 북구 산격동,경상사고,0,0,1,0,차대차 - 기타,중앙선침범,습기,비,교차로 - 교차로부근,승용,남,26세,상해없음,승용,남,64세,경상
2012011600100489,2012년 1월 16일 19시,월요일,대구광역시 서구 중리동,경상사고,0,0,1,0,차대사람 - 횡단중,신호위반,건조,맑음,단일로 - 횡단보도상,화물,남,48세,상해없음,보행자,여,43세,경상
2012011600100490,2012년 1월 16일 19시,월요일,대구광역시 달서구 갈산동,경상사고,0,0,1,0,차대사람 - 횡단중,보행자보호의무위반,습기,비,단일로 - 횡단보도상,승용,남,38세,상해없음,보행자,여,59세,경상
2012011600100525,2012년 1월 16일 20시,월요일,대구광역시 남구 대명동,경상사고,0,0,1,0,차대차 - 측면직각충돌,안전운전불이행,습기,맑음,단일로 - 기타,승용,남,55세,상해없음,승용,남,35세,기타불명
2012011600100526,2012년 1월 16일 20시,월요일,대구광역시 남구 대명동,경상사고,0,0,1,0,차대차 - 측면직각충돌,교차로운행방법위반,습기,비,교차로 - 교차로안,승용,남,35세,상해없음,승용,남,34세,상해없음
2012011600100560,2012년 1월 16일 21시,월요일,대구광역시 동구 효목동,중상사고,0,1,0,0,차대사람 - 길가장자리구역통행중,안전운전불이행,건조,맑음,단일로 - 기타,기타불명,기타불명,기타불명,기타불명,보행자,여,30세,중상
2012011600100561,2012년 1월 16일 21시,월요일,대구광역시 북구 복현동,경상사고,0,0,1,0,차대사람 - 횡단중,안전운전불이행,건조,맑음,단일로 - 기타,승용,남,22세,상해없음,보행자,남,32세,경상
2012011600100562,2012년 1월 16일 21시,월요일,대구광역시 서구 평리동,경상사고,0,0,1,0,차대차 - 기타,안전운전불이행,습기,비,단일로 - 기타,승용,남,48세,상해없음,이륜,남,17세,경상
2012011600100595,2012년 1월 16일 22시,월요일,대구광역시 동구 신천동,경상사고,0,0,1,0,차대차 - 기타,안전거리미확보,건조,맑음,단일로 - 기타,승용,여,49세,상해없음,승용,남,61세,경상
2012011600100596,2012년 1월 16일 22시,월요일,대구광역시 달서구 호산동,경상사고,0,0,1,0,차대사람 - 기타,안전운전불이행,습기,비,단일로 - 기타,화물,남,52세,상해없음,보행자,남,36세,경상
2012011600100631,2012년 1월 16일 23시,월요일,대구광역시 달서구 진천동,경상사고,0,0,1,0,차대사람 - 횡단중,보행자보호의무위반,습기,흐림,단일로 - 횡단보도상,승용,남,52세,상해없음,보행자,여,26세,경상
2012011700100027,2012년 1월 17일 00시,화요일,대구광역시 북구 관음동,경상사고,0,0,5,0,차대차 - 측면직각충돌,직진우회전진행방해,건조,맑음,교차로 - 교차로안,승용,남,40세,경상,승용,남,50세,경상
2012011700100028,2012년 1월 17일 00시,화요일,대구광역시 달서구 용산동,중상사고,0,1,1,0,차대차 - 측면직각충돌,교차로운행방법위반,습기,흐림,교차로 - 교차로안,승용,남,59세,상해없음,승용,남,47세,중상
2012011700100039,2012년 1월 17일 01시,화요일,대구광역시 서구 평리동,중상사고,0,1,0,0,차대차 - 측면직각충돌,신호위반,습기,맑음,교차로 - 교차로안,승용,남,62세,상해없음,승용,남,54세,중상
2012011700100052,2012년 1월 17일 02시,화요일,대구광역시 달성군 현풍면,경상사고,0,0,1,0,차량단독 - 공작물충돌,안전운전불이행,건조,맑음,단일로 - 기타,승용,여,24세,경상,,,,
2012011700100065,2012년 1월 17일 04시,화요일,대구광역시 서구 내당동,중상사고,0,1,0,0,차대사람 - 횡단중,안전운전불이행,건조,맑음,단일로 - 기타,승용,여,39세,상해없음,보행자,남,43세,중상
2012011700100075,2012년 1월 17일 05시,화요일,대구광역시 달서구 감삼동,경상사고,0,0,1,0,차대차 - 측면직각충돌,안전운전불이행,건조,맑음,단일로 - 횡단보도부근,승용,남,37세,상해없음,승용,남,57세,경상
2012011700100076,2012년 1월 17일 05시,화요일,대구광역시 달서구 성당동,부상신고사고,0,0,0,1,차대차 - 측면직각충돌,안전거리미확보,건조,맑음,단일로 - 횡단보도부근,승용,남,21세,부상신고,승합,남,43세,상해없음
2012011700100094,2012년 1월 17일 06시,화요일,대구광역시 동구 신암동,경상사고,0,0,2,0,차대차 - 추돌 - 주정차중,안전운전불이행,건조,맑음,단일로 - 기타,승용,남,33세,상해없음,승용,남,39세,경상