사고번호,사고일시,요일,시군구,사고내용,사망자수,중상자수,경상자수,부상신고자수,사고유형,법규위반,노면상태,기상상태,도로형태,가해운전자 차종,가해운전자 성별,가해운전자 연령,가해운전자 상해정도,피해운전자 차종,피해운전자 성별,피해운전자 연령,피해운전자 상해정도
2012011700100119,2012년 1월 17일 07시,화요일,대구광역시 수성구 만촌동,사망사고,1,0,0,0,차대사람 - 횡단중,신호위반,습기,안개,단일로 - 기타,승용,남,32세,상해없음,보행자,여,66세,사망
2012011700100120,2012년 1월 17일 07시,화요일,대구광역시 달서구 용산동,중상사고,0,1,0,0,차대사람 - 기타,보행자보호의무위반,건조,맑음,단일로 - 횡단보도상,승용,남,26세,상해없음,보행자,남,46세,중상
2012011700100121,2012년 1월 17일 07시,화요일,대구광역시 달서구 이곡동,중상사고,0,1,0,0,차대사람 - 횡단중,보행자보호의무위반,습기,흐림,단일로 - 횡단보도상,승용,여,41세,상해없음,보행자,남,69세,중상
2012011700100156,2012년 1월 17일 08시,화요일,대구광역시 동구 효목동,경상사고,0,0,1,0,차대차 - 측면직각충돌,안전운전불이행,건조,맑음,단일로 - 기타,화물,남,69세,상해없음,승용,남,56세,경상
2012011700100157,2012년 1월 17일 08시,화요일,대구광역시 달서구 상인동,경상사고,0,0,1,0,차대사람 - 횡단중,안전운전불이행,건조,맑음,단일로 - 기타,승용,남,49세,상해없음,보행자,여,17세,경상
2012011700100158,2012년 1월 17일 08시,화요일,대구광역시 서구 내당동,경상사고,0,0,1,0,차대사람 - 횡단중,안전운전불이행,건조,맑음,단일로 - 기타,기타불명,기타불명,기타불명,기타불명,보행자,여,28세,경상
2012011700100159,2012년 1월 17일 08시,화요일,대구광역시 중구 태평로1가,경상사고,0,0,1,0,차대차 - 추돌 - 주정차중,중앙선침범,건조,맑음,교차로 - 교차로부근,승용,남,46세,상해없음,승용,남,40세,경상
2012011700100160,2012년 1월 17일 08시,화요일,대구광역시 달서구 두류동,경상사고,0,0,1,0,차대사람 - 기타,안전운전불이행,건조,맑음,교차로 - 교차로안,승용,여,43세,상해없음,보행자,여,56세,경상
2012011700100214,2012년 1월 17일 10시,화요일,대구광역시 달서구 두류동,경상사고,0,0,1,0,차대사람 - 횡단중,안전운전불이행,건조,맑음,단일로 - 횡단보도부근,승합,남,71세,상해없음,보행자,여,73세,경상
2012011700100243,2012년 1월 17일 11시,화요일,대구광역시 달서구 송현동,경상사고,0,0,1,0,차대사람 - 기타,안전운전불이행,건조,맑음,단일로 - 기타,승용,남,45세,상해없음,보행자,남,54세,경상
2012011700100244,2012년 1월 17일 11시,화요일,대구광역시 서구 비산동,경상사고,0,0,1,0,차대차 - 추돌 - 주정차중,안전운전불이행,건조,맑음,단일로 - 기타,승용,남,39세,상해없음,승용,남,53세,경상
2012011700100292,2012년 1월 17일 13시,화요일,대구광역시 수성구 만촌동,중상사고,0,1,0,0,차량단독 - 기타,안전운전불이행,건조,맑음,단일로 - 기타,승합,남,45세,상해없음,,,,
2012011700100309,2012년 1월 17일 14시,화요일,대구광역시 수성구 지산동,중상사고,0,1,0,0,차대차 - 측면직각충돌,직진우회전진행방해,건조,맑음,교차로 - 교차로안,승합,남,64세,상해없음,자전거,남,46세,중상
2012011700100377,2012년 1월 17일 16시,화요일,대구광역시 달성군 다사읍,경상사고,0,0,1,0,차대차 - 측면직각충돌,안전운전불이행,건조,맑음,교차로 - 교차로안,승용,여,56세,경상,화물,남,39세,상해없음
2012011700100402,2012년 1월 17일 17시,화요일,대구광역시 수성구 중동,경상사고,0,0,1,0,차대차 - 측면직각충돌,안전거리미확보,건조,맑음,교차로 - 교차로부근,화물,남,48세,상해없음,승용,남,44세,경상
2012011700100403,2012년 1월 17일 17시,화요일,대구광역시 달서구 두류동,경상사고,0,0,1,0,차대차 - 추돌 - 주정차중,안전운전불이행,건조,맑음,단일로 - 기타,승용,여,67세,상해없음,승용,여,39세,경상
2012011700100446,2012년 1월 17일 18시,화요일,대구광역시 수성구 대흥동,중상사고,0,1,0,0,차대차 - 측면직각충돌,신호위반,습기,흐림,교차로 - 교차로안,승용,여,27세,상해없음,승용,남,31세,중상
2012011700100447,2012년 1월 17일 18시,화요일,대구광역시 달서구 상인동,경상사고,0,0,1,0,차대사람 - 기타,안전운전불이행,건조,맑음,기타 - 기타,승용,남,54세,상해없음,보행자,남,54세,경상
2012011700100448,2012년 1월 17일 18시,화요일,대구광역시 달서구 진천동,경상사고,0,0,1,0,차대차 - 측면직각충돌,안전운전불이행,건조,맑음,단일로 - 기타,승용,남,26세,상해없음,자전거,여,13세,경상
2012011700100449,2012년 1월 17일 18시,화요일,대구광역시 달서구 송현동,경상사고,0,0,1,0,차대차 - 기타,안전운전불이행,건조,맑음,교차로 - 교차로부근,화물,남,51세,상해없음,이륜,남,39세,경상
2012011700100450,2012년 1월 17일 18시,화요일,대구광역시 달성군 논공읍,경상사고,0,0,1,0,차대차 - 측면직각충돌,안전운전불이행,건조,맑음,단일로 - 기타,승용,남,43세,상해없음,승용,남,27세,경상
2012011700100451,2012년 1월 17일 18시,화요일,대구광역시 북구 고성동1가,사망사고,1,1,0,1,차대사람 - 횡단중,안전운전불이행,건조,맑음,단일로 - 기타,원동기,남,41세,중상,보행자,여,73세,사망
2012011700100452,2012년 1월 17일 18시,화요일,대구광역시 달서구 죽전동,경상사고,0,0,1,0,차대차 - 추돌 - 주정차중,안전운전불이행,건조,맑음,교차로 - 교차로부근,화물,남,46세,상해없음,승용,여,55세,경상
2012011700100490,2012년 1월 17일 19시,화요일,대구광역시 수성구 상동,경상사고,0,0,1,0,차대차 - 추돌 - 주정차중,안전운전불이행,건조,맑음,단일로 - 기타,화물,남,51세,상해없음,이륜,남,45세,경상
2012011700100552,2012년 1월 17일 21시,화요일,대구광역시 남구 대명동,경상사고,0,0,1,0,차대차 - 기타,안전운전불이행,건조,맑음,단일로 - 기타,승용,남,58세,상해없음,화물,남,35세,경상
2012011700100553,2012년 1월 17일 21시,화요일,대구광역시 달성군 화원읍,경상사고,0,0,2,0,차대차 - 추돌 - 주정차중,안전운전불이행,습기,비,교차로 - 교차로부근,화물,남,18세,상해없음,승용,남,33세,경상
2012011700100575,2012년 1월 17일 22시,화요일,대구광역시 동구 효목동,경상사고,0,0,1,0,차대차 - 정면충돌,안전운전불이행,건조,맑음,교차로 - 교차로부근,승용,남,48세,상해없음,승용,남,48세,경상
2012011700100576,2012년 1월 17일 22시,화요일,대구광역시 달서구 송현동,경상사고,0,0,2,0,차대차 - 추돌 - 주정차중,안전운전불이행,건조,맑음,단일로 - 기타,승용,남,40세,상해없음,승용,남,35세,상해없음
2012011700100608,2012년 1월 17일 23시,화요일,대구광역시 수성구 수성동4가,경상사고,0,0,1,0,차대차 - 정면충돌,중앙선침범,건조,맑음,교차로 - 교차로부근,승용,남,40세,상해없음,승용,남,51세,경상
2012011700100609,2012년 1월 17일 23시,화요일,대구광역시 중구 남산동,중상사고,0,1,2,1,차대차 - 측면직각충돌,안전거리미확보,건조,흐림,교차로 - 교차로부근,승용,남,56세,부상신고,승용,남,58세,중상
2012011700100610,2012년 1월 17일 23시,화요일,대구광역시 달서구 두류동,경상사고,0,0,1,0,차대사람 - 횡단중,안전운전불이행,건조,맑음,단일로 - 기타,승용,남,57세,상해없음,보행자,남,26세,경상
2012011800100021,2012년 1월 18일 00시,수요일,대구광역시 북구 서변동,경상사고,0,0,1,0,차대사람 - 차도통행중,안전운전불이행,건조,맑음,단일로 - 기타,승용,남,33세,상해없음,보행자,남,49세,경상
2012011800100039,2012년 1월 18일 01시,수요일,대구광역시 달서구 도원동,경상사고,0,0,1,0,차대차 - 측면직각충돌,안전거리미확보,건조,맑음,교차로 - 교차로부근,승용,남,57세,상해없음,승용,남,51세,상해없음
2012011800100040,2012년 1월 18일 01시,수요일,대구광역시 서구 비산동,중상사고,0,1,0,0,차대차 - 측면직각충돌,안전운전불이행,건조,맑음,교차로 - 교차로부근,승용,남,35세,상해없음,원동기,남,50세,중상
2012011800100041,2012년 1월 18일 01시,수요일,대구광역시 달서구 이곡동,중상사고,0,1,2,0,차대차 - 측면직각충돌,안전거리미확보,건조,맑음,교차로 - 교차로부근,승용,남,59세,상해없음,화물,남,18세,경상
2012011800100054,2012년 1월 18일 02시,수요일,대구광역시 남구 봉덕동,경상사고,0,0,1,0,차대차 - 기타,신호위반,건조,맑음,교차로 - 교차로안,이륜,남,17세,상해없음,승용,남,54세,상해없음
2012011800100074,2012년 1월 18일 05시,수요일,대구광역시 중구 도원동,경상사고,0,0,1,0,차대차 - 측면직각충돌,안전운전불이행,건조,맑음,단일로 - 기타,승용,남,26세,상해없음,승용,남,19세,경상
2012011800100094,2012년 1월 18일 06시,수요일,대구광역시 수성구 만촌동,중상사고,0,1,0,0,차대차 - 측면직각충돌,신호위반,건조,맑음,교차로 - 교차로안,승용,남,29세,상해없음,승용,남,37세,중상
2012011800100109,2012년 1월 18일 07시,수요일,대구광역시 동구 검사동,부상신고사고,0,0,0,1,차량단독 - 공작물충돌,안전운전불이행,건조,맑음,단일로 - 기타,자전거,여,72세,부상신고,,,,
2012011800100110,2012년 1월 18일 07시,수요일,대구광역시 달서구 용산동,경상사고,0,0,1,0,차대차 - 추돌 - 주정차중,안전운전불이행,건조,맑음,교차로 - 교차로부근,승용,남,54세,상해없음,승용,남,33세,경상
2012011800100139,2012년 1월 18일 08시,수요일,대구광역시 달서구 월성동,경상사고,0,0,1,0,차대차 - 측면직각충돌,안전운전불이행,건조,맑음,단일로 - 기타,화물,남,34세,상해없음,원동기,여,25세,경상
2012011800100140,2012년 1월 18일 08시,수요일,대구광역시 서구 평리동,경상사고,0,0,1,0,차대차 - 측면직각충돌,안전운전불이행,결빙,맑음,단일로 - 기타,화물,남,57세,상해없음,원동기,남,40세,경상
2012011800100162,2012년 1월 18일 09시,수요일,대구광역시 북구 산격동,경상사고,0,0,1,0,차대차 - 측면직각충돌,기타,건조,맑음,교차로 - 교차로안,승용,여,34세,경상,승용,남,57세,상해없음
2012011800100163,2012년 1월 18일 09시,수요일,대구광역시 북구 동천동,중상사고,0,1,0,0,차대사람 - 보도통행중,안전운전불이행,건조,맑음,단일로 - 횡단보도상,승용,여,49세,상해없음,보행자,여,52세,중상
2012011800100178,2012년 1월 18일 10시,수요일,대구광역시 달서구 송현동,중상사고,0,1,0,0,차대사람 - 횡단중,안전운전불이행,건조,맑음,교차로 - 교차로부근,승합,남,26세,상해없음,보행자,여,70세,중상
2012011800100213,2012년 1월 18일 11시,수요일,대구광역시 북구 동천동,중상사고,0,1,0,0,차대차 - 측면직각충돌,안전운전불이행,건조,맑음,교차로 - 교차로부근,자전거,남,74세,중상,승용,여,60세,상해없음
2012011800100237,2012년 1월 18일 12시,수요일,대구광역시 북구 노곡동,경상사고,0,0,1,0,차대차 - 기타,안전운전불이행,건조,맑음,기타 - 기타,화물,남,43세,상해없음,자전거,남,71세,경상
2012011800100264,2012년 1월 18일 13시,수요일,대구광역시 수성구 수성동3가,경상사고,0,0,1,0,차대사람 - 기타,기타,건조,맑음,단일로 - 기타,승용,여,47세,상해없음,보행자,남,41세,경상
2012011800100265,2012년 1월 18일 13시,수요일,대구광역시 달서구 용산동,중상사고,0,2,0,1,차대차 - 추돌 - 주정차중,안전거리미확보,건조,맑음,교차로 - 교차로부근,승용,남,55세,부상신고,승용,남,70세,중상
2012011800100311,2012년 1월 18일 15시,수요일,대구광역시 달서구 대곡동,중상사고,0,1,0,0,차대사람 - 기타,안전운전불이행,습기,비,단일로 - 기타,승용,남,53세,상해없음,보행자,여,62세,중상
2012011800100346,2012년 1월 18일 16시,수요일,대구광역시 서구 평리동,경상사고,0,0,1,0,차대차 - 추돌 - 진행중,안전운전불이행,건조,맑음,단일로 - 기타,승용,남,50세,상해없음,승용,남,51세,경상
2012011800100347,2012년 1월 18일 16시,수요일,대구광역시 서구 내당동,경상사고,0,0,2,0,차대차 - 측면직각충돌,교차로운행방법위반,건조,맑음,교차로 - 교차로안,이륜,남,30세,경상,화물,남,59세,상해없음
2012011800100374,2012년 1월 18일 17시,수요일,대구광역시 동구 효목동,경상사고,0,0,1,0,차대사람 - 기타,안전운전불이행,건조,맑음,단일로 - 기타,승용,남,60세,기타불명,보행자,여,62세,경상
2012011800100375,2012년 1월 18일 17시,수요일,대구광역시 동구 효목동,경상사고,0,0,2,0,차대차 - 기타,교차로운행방법위반,건조,맑음,교차로 - 교차로안,승용,남,54세,상해없음,승용,남,46세,경상
2012011800100376,2012년 1월 18일 17시,수요일,대구광역시 중구 북성로1가,경상사고,0,0,1,0,차대사람 - 기타,안전운전불이행,건조,맑음,단일로 - 기타,기타불명,기타불명,기타불명,기타불명,보행자,여,35세,경상
2012011800100421,2012년 1월 18일 18시,수요일,대구광역시 남구 대명동,경상사고,0,0,1,0,차대차 - 기타,안전운전불이행,건조,맑음,교차로 - 교차로부근,원동기,여,59세,경상,승용,남,69세,상해없음
2012011800100422,2012년 1월 18일 18시,수요일,대구광역시 동구 효목동,중상사고,0,1,0,0,차대사람 - 횡단중,안전운전불이행,건조,맑음,단일로 - 기타,승용,여,39세,상해없음,보행자,여,46세,중상
2012011800100423,2012년 1월 18일 18시,수요일,대구광역시 수성구 황금동,경상사고,0,0,1,0,차대차 - 추돌 - 진행중,안전운전불이행,건조,맑음,단일로 - 기타,승용,남,60세,상해없음,승용,여,64세,경상
2012011800100424,2012년 1월 18일 18시,수요일,대구광역시 달서구 송현동,경상사고,0,0,1,0,차대차 - 기타,신호위반,습기,흐림,교차로 - 교차로안,승용,남,57세,상해없음,이륜,남,17세,경상
2012011800100425,2012년 1월 18일 18시,수요일,대구광역시 북구 침산동,경상사고,0,0,1,0,차대차 - 측면직각충돌,신호위반,건조,흐림,교차로 - 교차로안,승용,남,55세,상해없음,화물,남,30세,경상
2012011800100426,2012년 1월 18일 18시,수요일,대구광역시 북구 구암동,중상사고,0,1,0,0,차대차 - 기타,직진우회전진행방해,건조,흐림,교차로 - 교차로안,승용,남,45세,상해없음,이륜,남,49세,중상
2012011800100427,2012년 1월 18일 18시,수요일,대구광역시 서구 내당동,중상사고,0,1,1,0,차대차 - 기타,안전거리미확보,건조,맑음,교차로 - 교차로부근,화물,남,45세,상해없음,승용,여,29세,중상
2012011800100480,2012년 1월 18일 19시,수요일,대구광역시 남구 대명동,경상사고,0,0,1,0,차대차 - 기타,안전운전불이행,건조,맑음,단일로 - 기타,승용,남,64세,상해없음,승용,남,35세,경상
2012011800100481,2012년 1월 18일 19시,수요일,대구광역시 달성군 논공읍,사망사고,1,0,0,0,차대사람 - 기타,안전운전불이행,습기,비,단일로 - 기타,승용,남,62세,상해없음,보행자,남,76세,사망
2012011800100482,2012년 1월 18일 19시,수요일,대구광역시 북구 태전동,경상사고,0,0,1,0,차대차 - 기타,교차로운행방법위반,건조,맑음,교차로 - 교차로안,승합,남,58세,상해없음,이륜,남,22세,경상
2012011800100522,2012년 1월 18일 21시,수요일,대구광역시 남구 대명동,경상사고,0,0,1,0,차대차 - 기타,기타,건조,맑음,단일로 - 기타,승용,여,43세,상해없음,이륜,남,26세,경상
2012011800100523,2012년 1월 18일 21시,수요일,대구광역시 달서구 상인동,부상신고사고,0,0,0,1,차대사람 - 횡단중,안전운전불이행,습기,맑음,단일로 - 기타,승용,여,45세,상해없음,보행자,남,54세,부상신고
2012011800100524,2012년 1월 18일 21시,수요일,대구광역시 달서구 본동,경상사고,0,0,1,0,차량단독 - 기타,안전운전불이행,습기,비,단일로 - 기타,승합,남,54세,상해없음,,,,
2012011800100525,2012년 1월 18일 21시,수요일,대구광역시 북구 태전동,중상사고,0,1,0,0,차대사람 - 횡단중,안전운전불이행,습기,흐림,단일로 - 기타,승용,남,45세,상해없음,보행자,남,55세,중상
2012011800100555,2012년 1월 18일 22시,수요일,대구광역시 중구 동인동3가,경상사고,0,0,1,0,차대차 - 측면직각충돌,신호위반,건조,맑음,교차로 - 교차로안,승합,남,29세,상해없음,승용,남,39세,경상
2012011800100590,2012년 1월 18일 23시,수요일,대구광역시 동구 입석동,중상사고,0,1,0,0,차대사람 - 횡단중,안전운전불이행,습기,비,단일로 - 기타,승용,남,28세,상해없음,보행자,남,47세,중상
2012011800100591,2012년 1월 18일 23시,수요일,대구광역시 동구 신천동,경상사고,0,0,1,0,차대사람 - 기타,안전운전불이행,건조,맑음,교차로 - 교차로안,승용,남,37세,상해없음,보행자,남,31세,경상
2012011800100592,2012년 1월 18일 23시,수요일,대구광역시 달성군 논공읍,중상사고,0,1,0,0,차량단독 - 기타,안전운전불이행,습기,비,단일로 - 기타,원동기,여,42세,중상,,,,
2012011800100593,2012년 1월 18일 23시,수요일,대구광역시 달서구 신당동,경상사고,0,0,1,0,차대차 - 측면직각충돌,안전운전불이행,습기,비,단일로 - 기타,승용,여,31세,상해없음,승용,남,39세,경상
2012011800100594,2012년 1월 18일 23시,수요일,대구광역시 달서구 호산동,경상사고,0,0,2,0,차대차 - 측면직각충돌,차로위반,건조,맑음,단일로 - 기타,승용,남,47세,상해없음,승용,남,42세,경상
2012011900100044,2012년 1월 19일 02시,목요일,대구광역시 동구 신서동,사망사고,1,1,0,0,차대차 - 추돌 - 주정차중,안전운전불이행,습기,맑음,단일로 - 기타,승용,남,18세,상해없음,화물,남,43세,상해없음
2012011900100045,2012년 1월 19일 02시,목요일,대구광역시 수성구 만촌동,경상사고,0,0,1,0,차량단독 - 공작물충돌,안전운전불이행,습기,비,교차로 - 교차로부근,승용,남,23세,경상,,,,
2012011900100054,2012년 1월 19일 03시,목요일,대구광역시 달서구 진천동,중상사고,0,1,0,0,차대차 - 측면직각충돌,신호위반,습기,비,교차로 - 교차로안,승용,남,46세,상해없음,승용,남,44세,중상
2012011900100075,2012년 1월 19일 05시,목요일,대구광역시 수성구 범어동,경상사고,0,0,2,0,차대차 - 측면직각충돌,안전운전불이행,건조,맑음,교차로 - 교차로부근,승용,남,67세,상해없음,승용,남,63세,경상
2012011900100103,2012년 1월 19일 06시,목요일,대구광역시 동구 효목동,중상사고,0,1,0,0,차대사람 - 차도통행중,안전운전불이행,습기,비,단일로 - 기타,승용,남,47세,상해없음,보행자,남,57세,중상
2012011900100158,2012년 1월 19일 08시,목요일,대구광역시 중구 달성동,경상사고,0,0,3,0,차대차 - 기타,안전운전불이행,습기,비,단일로 - 기타,승용,남,40세,상해없음,승용,남,55세,경상
2012011900100178,2012년 1월 19일 09시,목요일,대구광역시 달서구 상인동,중상사고,0,1,0,0,차대차 - 측면직각충돌,교차로운행방법위반,건조,맑음,교차로 - 교차로안,승용,여,42세,중상,승용,여,36세,상해없음
2012011900100179,2012년 1월 19일 09시,목요일,대구광역시 중구 삼덕동2가,부상신고사고,0,0,0,1,차대차 - 측면직각충돌,교차로운행방법위반,습기,비,교차로 - 교차로안,이륜,남,50세,부상신고,승합,남,44세,상해없음
2012011900100180,2012년 1월 19일 09시,목요일,대구광역시 중구 삼덕동1가,경상사고,0,0,4,0,차대차 - 측면직각충돌,교차로운행방법위반,습기,비,교차로 - 교차로안,승용,여,26세,경상,승용,여,45세,경상
2012011900100200,2012년 1월 19일 10시,목요일,대구광역시 달서구 송현동,중상사고,0,1,0,0,차량단독 - 공작물충돌,안전운전불이행,습기,비,단일로 - 기타,화물,여,67세,상해없음,,,,
2012011900100226,2012년 1월 19일 11시,목요일,대구광역시 남구 대명동,중상사고,0,2,2,0,차대차 - 추돌 - 진행중,안전거리미확보,습기,비,단일로 - 기타,승용,남,49세,상해없음,승용,여,46세,중상
2012011900100227,2012년 1월 19일 11시,목요일,대구광역시 남구 봉덕동,중상사고,0,3,4,0,차대차 - 추돌 - 진행중,안전운전불이행,습기,비,교차로 - 교차로부근,승용,여,46세,상해없음,자전거,남,71세,중상
2012011900100228,2012년 1월 19일 11시,목요일,대구광역시 달서구 본동,중상사고,0,1,0,0,차대차 - 기타,안전거리미확보,습기,비,교차로 - 교차로부근,승용,여,35세,상해없음,이륜,여,47세,중상
2012011900100229,2012년 1월 19일 11시,목요일,대구광역시 중구 동성로2가,경상사고,0,0,2,0,차대차 - 추돌 - 주정차중,안전운전불이행,습기,비,단일로 - 기타,화물,남,37세,상해없음,승용,남,42세,경상
2012011900100251,2012년 1월 19일 12시,목요일,대구광역시 동구 신천동,중상사고,0,1,0,0,차대사람 - 기타,안전운전불이행,습기,비,단일로 - 기타,승용,남,51세,상해없음,보행자,남,14세,중상
2012011900100252,2012년 1월 19일 12시,목요일,대구광역시 수성구 만촌동,중상사고,0,1,0,0,차대차 - 추돌 - 주정차중,안전운전불이행,습기,비,단일로 - 기타,화물,남,55세,상해없음,승용,여,44세,중상
2012011900100253,2012년 1월 19일 12시,목요일,대구광역시 북구 동천동,중상사고,0,1,0,0,차대차 - 측면직각충돌,안전운전불이행,건조,맑음,교차로 - 교차로부근,승용,남,39세,상해없음,자전거,여,42세,중상
2012011900100279,2012년 1월 19일 13시,목요일,대구광역시 수성구 황금동,중상사고,0,1,0,0,차대차 - 추돌 - 주정차중,안전운전불이행,습기,비,교차로 - 교차로부근,승용,여,44세,상해없음,승용,여,55세,중상
2012011900100280,2012년 1월 19일 13시,목요일,대구광역시 달서구 송현동,경상사고,0,0,1,0,차대사람 - 횡단중,안전운전불이행,건조,맑음,교차로 - 교차로안,승용,여,56세,상해없음,보행자,여,77세,경상
2012011900100308,2012년 1월 19일 14시,목요일,대구광역시 수성구 상동,경상사고,0,0,1,0,차대차 - 추돌 - 진행중,교차로운행방법위반,습기,비,교차로 - 교차로안,승용,여,32세,상해없음,이륜,남,41세,경상
2012011900100309,2012년 1월 19일 14시,목요일,대구광역시 달서구 상인동,경상사고,0,0,1,0,차대차 - 추돌 - 주정차중,안전운전불이행,건조,맑음,단일로 - 기타,승용,남,64세,상해없음,화물,남,64세,경상
2012011900100345,2012년 1월 19일 15시,목요일,대구광역시 수성구 시지동,경상사고,0,0,2,0,차대차 - 기타,안전거리미확보,습기,비,단일로 - 기타,승용,남,45세,상해없음,승용,남,52세,경상
2012011900100346,2012년 1월 19일 15시,목요일,대구광역시 달서구 상인동,경상사고,0,0,1,1,차대차 - 추돌 - 주정차중,안전운전불이행,건조,맑음,단일로 - 기타,승용,여,35세,부상신고,승용,여,37세,상해없음
2012011900100347,2012년 1월 19일 15시,목요일,대구광역시 북구 국우동,경상사고,0,0,1,0,차대차 - 추돌 - 주정차중,안전운전불이행,습기,비,단일로 - 기타,승합,남,66세,상해없음,승용,여,29세,경상
2012011900100348,2012년 1월 19일 15시,목요일,대구광역시 서구 중리동,중상사고,0,1,1,0,차대차 - 기타,교차로운행방법위반,습기,비,교차로 - 교차로안,승용,남,38세,상해없음,승용,남,42세,경상
2012011900100349,2012년 1월 19일 15시,목요일,대구광역시 중구 삼덕동2가,경상사고,0,0,2,0,차대차 - 추돌 - 주정차중,기타,건조,맑음,단일로 - 기타,승용,남,23세,상해없음,승용,남,57세,경상
2012011900100381,2012년 1월 19일 16시,목요일,대구광역시 서구 내당동,경상사고,0,0,1,0,차대사람 - 기타,안전운전불이행,습기,비,단일로 - 기타,승합,남,44세,상해없음,보행자,여,44세,경상
2012011900100467,2012년 1월 19일 18시,목요일,대구광역시 동구 방촌동,경상사고,0,0,1,0,차대사람 - 횡단중,보행자보호의무위반,건조,맑음,단일로 - 횡단보도상,승용,남,45세,기타불명,보행자,남,7세,경상
2012011900100468,2012년 1월 19일 18시,목요일,대구광역시 동구 방촌동,중상사고,0,1,0,0,차대차 - 기타,불법유턴,습기,흐림,단일로 - 기타,승용,여,30세,상해없음,이륜,남,23세,중상
2012011900100469,2012년 1월 19일 18시,목요일,대구광역시 북구 노원동1가,경상사고,0,0,1,0,차대차 - 기타,기타,건조,맑음,단일로 - 기타,승용,남,53세,상해없음,이륜,남,19세,경상
2012011900100470,2012년 1월 19일 18시,목요일,대구광역시 달서구 이곡동,경상사고,0,0,1,0,차대사람 - 기타,안전운전불이행,습기,흐림,기타 - 기타,승용,남,42세,상해없음,보행자,여,23세,경상
2012011900100526,2012년 1월 19일 19시,목요일,대구광역시 수성구 신매동,중상사고,0,2,0,0,차대차 - 측면직각충돌,교차로운행방법위반,건조,맑음,교차로 - 교차로안,승용,여,38세,상해없음,승용,남,24세,중상
2012011900100527,2012년 1월 19일 19시,목요일,대구광역시 수성구 범어동,경상사고,0,0,2,0,차대차 - 측면직각충돌,신호위반,습기,맑음,교차로 - 교차로안,승용,남,56세,상해없음,승용,남,30세,경상
2012011900100528,2012년 1월 19일 19시,목요일,대구광역시 달서구 상인동,경상사고,0,0,1,0,차대차 - 추돌 - 주정차중,안전운전불이행,습기,비,단일로 - 기타,승용,남,48세,상해없음,승용,남,36세,경상
2012011900100529,2012년 1월 19일 19시,목요일,대구광역시 달서구 본동,경상사고,0,0,2,0,차대차 - 추돌 - 진행중,안전거리미확보,습기,비,교차로 - 교차로부근,승용,남,47세,상해없음,승용,남,55세,경상
2012011900100530,2012년 1월 19일 19시,목요일,대구광역시 북구 동천동,중상사고,0,1,1,0,차대차 - 추돌 - 주정차중,안전거리미확보,습기,비,단일로 - 기타,원동기,남,16세,중상,승용,남,54세,경상
2012011900100531,2012년 1월 19일 19시,목요일,대구광역시 북구 동천동,경상사고,0,0,1,0,차대차 - 측면직각충돌,안전운전불이행,습기,비,단일로 - 횡단보도상,승용,남,57세,상해없음,자전거,남,40세,경상
2012011900100532,2012년 1월 19일 19시,목요일,대구광역시 중구 동산동,경상사고,0,0,1,0,차대사람 - 차도통행중,안전운전불이행,건조,맑음,단일로 - 기타,승합,남,38세,상해없음,보행자,여,58세,경상
2012011900100533,2012년 1월 19일 19시,목요일,대구광역시 중구 동인동1가,부상신고사고,0,0,0,1,차대차 - 측면직각충돌,중앙선침범,건조,맑음,단일로 - 기타,자전거,여,68세,부상신고,승용,남,22세,상해없음
2012011900100534,2012년 1월 19일 19시,목요일,대구광역시 중구 공평동,중상사고,0,1,0,0,차대사람 - 횡단중,안전운전불이행,건조,맑음,기타 - 기타,승용,기타불명,기타불명,기타불명,보행자,여,66세,중상
2012011900100567,2012년 1월 19일 20시,목요일,대구광역시 수성구 상동,경상사고,0,0,1,0,차대차 - 측면직각충돌,안전운전불이행,건조,맑음,단일로 - 기타,승용,여,27세,상해없음,승용,남,31세,경상
2012011900100568,2012년 1월 19일 20시,목요일,대구광역시 북구 태전동,중상사고,0,1,0,0,차대사람 - 횡단중,안전운전불이행,습기,흐림,단일로 - 횡단보도상,승용,남,42세,상해없음,보행자,남,63세,중상
2012011900100569,2012년 1월 19일 20시,목요일,대구광역시 북구 칠성동1가,경상사고,0,0,1,0,차대차 - 측면직각충돌,신호위반,건조,맑음,단일로 - 기타,승용,여,48세,상해없음,승용,남,39세,경상
2012011900100570,2012년 1월 19일 20시,목요일,대구광역시 중구 달성동,경상사고,0,0,2,0,차대차 - 측면직각충돌,교차로운행방법위반,건조,맑음,교차로 - 교차로안,승용,남,44세,상해없음,승용,남,39세,경상
2012011900100571,2012년 1월 19일 20시,목요일,대구광역시 중구 태평로1가,중상사고,0,1,0,0,차대차 - 추돌 - 주정차중,안전운전불이행,건조,맑음,단일로 - 기타,화물,남,26세,상해없음,승용,남,28세,중상
2012011900100601,2012년 1월 19일 21시,목요일,대구광역시 북구 노원동3가,경상사고,0,0,1,0,차량단독 - 전도전복,안전운전불이행,습기,비,단일로 - 기타,이륜,남,46세,경상,,,,
2012011900100642,2012년 1월 19일 22시,목요일,대구광역시 북구 복현동,경상사고,0,0,3,0,차대차 - 기타,안전거리미확보,습기,비,기타 - 기타,승용,남,61세,상해없음,승용,남,22세,경상