사고번호,사고일시,요일,시군구,사고내용,사망자수,중상자수,경상자수,부상신고자수,사고유형,법규위반,노면상태,기상상태,도로형태,가해운전자 차종,가해운전자 성별,가해운전자 연령,가해운전자 상해정도,피해운전자 차종,피해운전자 성별,피해운전자 연령,피해운전자 상해정도
2012012300100167,2012년 1월 23일 13시,월요일,대구광역시 동구 방촌동,경상사고,0,0,1,0,차대차 - 측면직각충돌,교차로운행방법위반,건조,맑음,교차로 - 교차로안,승용,남,57세,상해없음,승용,남,47세,상해없음
2012012300100168,2012년 1월 23일 13시,월요일,대구광역시 달서구 본리동,경상사고,0,0,3,0,차대차 - 측면직각충돌,신호위반,건조,맑음,교차로 - 교차로안,승용,남,44세,상해없음,승용,남,52세,경상
2012012300100189,2012년 1월 23일 14시,월요일,대구광역시 서구 내당동,중상사고,0,1,0,0,차대차 - 기타,기타,건조,맑음,단일로 - 기타,승용,남,58세,상해없음,자전거,남,58세,중상
2012012300100211,2012년 1월 23일 15시,월요일,대구광역시 수성구 고모동,경상사고,0,0,2,0,차대차 - 추돌 - 주정차중,안전운전불이행,건조,맑음,단일로 - 기타,승용,여,51세,상해없음,승용,남,33세,경상
2012012300100212,2012년 1월 23일 15시,월요일,대구광역시 달서구 이곡동,경상사고,0,0,4,0,차대차 - 추돌 - 진행중,안전운전불이행,건조,맑음,교차로 - 교차로안,승용,남,50세,상해없음,승용,남,44세,상해없음
2012012300100247,2012년 1월 23일 17시,월요일,대구광역시 서구 내당동,경상사고,0,0,4,0,차대차 - 추돌 - 주정차중,안전운전불이행,건조,맑음,교차로 - 교차로부근,승용,남,25세,상해없음,승용,남,35세,경상
2012012300100248,2012년 1월 23일 17시,월요일,대구광역시 중구 남산동,경상사고,0,0,3,0,차대차 - 추돌 - 진행중,안전운전불이행,건조,맑음,교차로 - 교차로부근,승용,남,50세,상해없음,승용,남,45세,경상
2012012300100300,2012년 1월 23일 20시,월요일,대구광역시 동구 방촌동,중상사고,0,1,0,0,차대사람 - 기타,보행자보호의무위반,건조,맑음,단일로 - 기타,화물,남,45세,상해없음,보행자,남,41세,중상
2012012300100301,2012년 1월 23일 20시,월요일,대구광역시 북구 태전동,중상사고,0,3,5,0,차대차 - 측면직각충돌,불법유턴,건조,맑음,교차로 - 교차로부근,승용,남,42세,중상,승용,남,47세,경상
2012012300100315,2012년 1월 23일 21시,월요일,대구광역시 수성구 수성동1가,경상사고,0,0,3,0,차대차 - 측면직각충돌,안전거리미확보,건조,맑음,단일로 - 기타,승용,남,56세,상해없음,승용,여,43세,경상
2012012300100316,2012년 1월 23일 21시,월요일,대구광역시 북구 노원동1가,경상사고,0,0,1,0,차대차 - 기타,안전거리미확보,건조,맑음,기타 - 기타,승용,남,37세,상해없음,승용,남,35세,경상
2012012300100317,2012년 1월 23일 21시,월요일,대구광역시 북구 관음동,경상사고,0,0,5,0,차대차 - 측면직각충돌,신호위반,건조,맑음,교차로 - 교차로안,승용,남,43세,상해없음,승용,남,50세,경상
2012012400100036,2012년 1월 24일 01시,화요일,대구광역시 수성구 범어동,중상사고,0,1,1,0,차대차 - 추돌 - 주정차중,안전운전불이행,건조,맑음,교차로 - 교차로부근,승합,남,30세,상해없음,승용,남,29세,중상
2012012400100058,2012년 1월 24일 04시,화요일,대구광역시 수성구 시지동,중상사고,0,1,0,0,차량단독 - 공작물충돌,안전운전불이행,건조,맑음,단일로 - 기타,승용,남,24세,중상,,,,
2012012400100059,2012년 1월 24일 04시,화요일,대구광역시 중구 삼덕동1가,경상사고,0,0,1,0,차대사람 - 길가장자리구역통행중,안전운전불이행,건조,맑음,단일로 - 기타,승용,남,20세,상해없음,보행자,남,26세,경상
2012012400100068,2012년 1월 24일 05시,화요일,대구광역시 동구 신천동,경상사고,0,0,1,0,차대차 - 추돌 - 주정차중,안전운전불이행,건조,맑음,단일로 - 기타,승용,남,58세,상해없음,승용,남,59세,상해없음
2012012400100069,2012년 1월 24일 05시,화요일,대구광역시 북구 침산동,중상사고,0,2,0,0,차량단독 - 공작물충돌,안전운전불이행,건조,맑음,단일로 - 기타,승용,남,19세,상해없음,,,,
2012012400100093,2012년 1월 24일 09시,화요일,대구광역시 북구 침산동,경상사고,0,0,2,0,차대차 - 측면직각충돌,신호위반,건조,맑음,교차로 - 교차로안,승용,남,24세,상해없음,승용,남,58세,경상
2012012400100177,2012년 1월 24일 15시,화요일,대구광역시 동구 신암동,경상사고,0,0,1,0,차대사람 - 횡단중,안전운전불이행,건조,맑음,단일로 - 기타,승용,남,51세,상해없음,보행자,여,4세,경상
2012012400100178,2012년 1월 24일 15시,화요일,대구광역시 중구 대봉동,경상사고,0,0,2,0,차대차 - 추돌 - 주정차중,안전운전불이행,건조,맑음,교차로 - 교차로부근,승용,남,34세,상해없음,승용,남,53세,상해없음
2012012400100179,2012년 1월 24일 15시,화요일,대구광역시 달서구 성당동,경상사고,0,0,2,0,차대차 - 추돌 - 진행중,직진우회전진행방해,건조,맑음,교차로 - 교차로안,화물,남,59세,상해없음,승용,남,28세,상해없음
2012012400100199,2012년 1월 24일 16시,화요일,대구광역시 북구 칠성동1가,경상사고,0,0,1,0,차대차 - 기타,안전운전불이행,건조,기타,단일로 - 기타,승용,남,32세,상해없음,승용,남,35세,경상
2012012400100200,2012년 1월 24일 16시,화요일,대구광역시 중구 공평동,경상사고,0,0,1,0,차대사람 - 횡단중,안전운전불이행,건조,맑음,단일로 - 기타,승용,여,44세,상해없음,보행자,남,5세,경상
2012012400100218,2012년 1월 24일 17시,화요일,대구광역시 북구 태전동,중상사고,0,1,2,0,차대차 - 기타,신호위반,건조,맑음,교차로 - 교차로안,승용,남,23세,상해없음,승용,남,47세,중상
2012012400100229,2012년 1월 24일 18시,화요일,대구광역시 동구 신천동,중상사고,0,1,0,0,차대사람 - 기타,안전운전불이행,건조,맑음,단일로 - 기타,승합,남,52세,상해없음,보행자,여,59세,중상
2012012400100230,2012년 1월 24일 18시,화요일,대구광역시 서구 평리동,경상사고,0,0,4,0,차대차 - 측면직각충돌,안전거리미확보,건조,맑음,단일로 - 기타,승용,남,26세,상해없음,승용,남,48세,경상
2012012400100253,2012년 1월 24일 19시,화요일,대구광역시 동구 신암동,경상사고,0,0,3,0,차대차 - 기타,안전거리미확보,건조,맑음,단일로 - 기타,승용,남,24세,상해없음,승용,남,41세,경상
2012012400100254,2012년 1월 24일 19시,화요일,대구광역시 북구 동천동,부상신고사고,0,0,0,1,차대차 - 기타,직진우회전진행방해,건조,맑음,교차로 - 교차로부근,승용,남,53세,상해없음,이륜,남,49세,부상신고
2012012400100275,2012년 1월 24일 20시,화요일,대구광역시 수성구 신매동,중상사고,0,1,0,0,차대차 - 기타,중앙선침범,건조,맑음,단일로 - 기타,원동기,남,18세,상해없음,원동기,남,56세,중상
2012012400100276,2012년 1월 24일 20시,화요일,대구광역시 중구 삼덕동1가,중상사고,0,1,0,0,차대사람 - 기타,안전운전불이행,건조,맑음,교차로 - 교차로안,승용,남,26세,상해없음,보행자,남,25세,중상
2012012400100292,2012년 1월 24일 21시,화요일,대구광역시 동구 율하동,경상사고,0,0,2,0,차대차 - 추돌 - 주정차중,안전운전불이행,건조,맑음,교차로 - 교차로부근,승용,남,52세,상해없음,승용,여,52세,경상
2012012400100293,2012년 1월 24일 21시,화요일,대구광역시 달서구 송현동,중상사고,0,1,3,0,차대차 - 추돌 - 주정차중,안전운전불이행,건조,맑음,단일로 - 기타,화물,남,46세,상해없음,승용,남,19세,중상
2012012400100294,2012년 1월 24일 21시,화요일,대구광역시 달서구 성당동,중상사고,0,1,0,0,차대차 - 측면직각충돌,안전거리미확보,건조,맑음,단일로 - 기타,승용,남,47세,상해없음,승합,남,57세,상해없음
2012012500100019,2012년 1월 25일 00시,수요일,대구광역시 남구 대명동,중상사고,0,2,1,0,차대차 - 측면직각충돌,교차로운행방법위반,건조,맑음,교차로 - 교차로안,승용,남,44세,경상,승용,여,45세,중상
2012012500100020,2012년 1월 25일 00시,수요일,대구광역시 북구 동천동,경상사고,0,0,3,0,차대차 - 측면직각충돌,직진우회전진행방해,건조,맑음,교차로 - 교차로안,승용,남,58세,경상,승용,남,26세,경상
2012012500100021,2012년 1월 25일 00시,수요일,대구광역시 북구 동천동,중상사고,0,1,0,0,차대차 - 기타,안전운전불이행,건조,맑음,단일로 - 횡단보도상,승용,여,51세,상해없음,자전거,여,63세,중상
2012012500100037,2012년 1월 25일 01시,수요일,대구광역시 달성군 논공읍,경상사고,0,0,4,0,차대차 - 추돌 - 주정차중,안전운전불이행,건조,맑음,교차로 - 교차로부근,승용,여,29세,상해없음,승용,여,41세,경상
2012012500100038,2012년 1월 25일 01시,수요일,대구광역시 서구 내당동,경상사고,0,0,1,0,차대차 - 추돌 - 주정차중,안전거리미확보,건조,맑음,단일로 - 기타,승용,남,39세,상해없음,승용,남,41세,경상
2012012500100052,2012년 1월 25일 02시,수요일,대구광역시 수성구 수성동1가,경상사고,0,0,3,0,차대차 - 측면직각충돌,신호위반,건조,맑음,교차로 - 교차로안,승용,남,28세,상해없음,승용,남,41세,상해없음
2012012500100053,2012년 1월 25일 02시,수요일,대구광역시 북구 대현동,중상사고,0,1,0,0,차대차 - 측면직각충돌,교차로운행방법위반,건조,맑음,교차로 - 교차로안,승용,남,19세,상해없음,이륜,남,24세,중상
2012012500100063,2012년 1월 25일 04시,수요일,대구광역시 중구 삼덕동1가,경상사고,0,0,1,0,차대사람 - 차도통행중,안전운전불이행,건조,맑음,교차로 - 교차로부근,승용,남,54세,상해없음,보행자,남,19세,경상
2012012500100081,2012년 1월 25일 06시,수요일,대구광역시 수성구 만촌동,중상사고,0,2,0,1,차대차 - 추돌 - 주정차중,안전운전불이행,건조,맑음,단일로 - 기타,승용,남,20세,부상신고,화물,남,35세,상해없음
2012012500100095,2012년 1월 25일 07시,수요일,대구광역시 북구 산격동,경상사고,0,0,2,0,차대차 - 측면직각충돌,중앙선침범,건조,맑음,단일로 - 기타,승용,남,19세,상해없음,승용,남,40세,경상
2012012500100121,2012년 1월 25일 08시,수요일,대구광역시 수성구 범어동,경상사고,0,0,1,0,차대차 - 측면직각충돌,불법유턴,건조,맑음,교차로 - 교차로안,승용,남,64세,상해없음,승용,여,49세,경상
2012012500100122,2012년 1월 25일 08시,수요일,대구광역시 달서구 성당동,경상사고,0,0,2,0,차대차 - 측면직각충돌,안전운전불이행,건조,맑음,단일로 - 기타,승용,남,43세,경상,원동기,남,41세,경상
2012012500100147,2012년 1월 25일 09시,수요일,대구광역시 북구 노원동3가,경상사고,0,0,2,0,차대차 - 기타,안전운전불이행,건조,맑음,교차로 - 교차로부근,화물,남,44세,상해없음,승용,남,46세,경상
2012012500100148,2012년 1월 25일 09시,수요일,대구광역시 달서구 성당동,경상사고,0,0,2,0,차대차 - 기타,안전운전불이행,건조,흐림,교차로 - 교차로부근,승용,여,52세,경상,승용,남,61세,경상
2012012500100193,2012년 1월 25일 11시,수요일,대구광역시 달성군 논공읍,중상사고,0,1,4,0,차대차 - 기타,차로위반,건조,맑음,단일로 - 기타,승용,남,42세,상해없음,승용,남,50세,경상
2012012500100226,2012년 1월 25일 12시,수요일,대구광역시 북구 조야동,중상사고,0,1,2,0,차대차 - 추돌 - 진행중,안전거리미확보,건조,맑음,단일로 - 기타,승용,남,41세,상해없음,승합,남,42세,중상
2012012500100229,2012년 1월 25일 12시,수요일,대구광역시 달서구 월암동,중상사고,0,1,1,0,차대차 - 추돌 - 주정차중,안전운전불이행,건조,맑음,교차로 - 교차로안,승용,남,42세,경상,승용,남,43세,중상
2012012500100230,2012년 1월 25일 12시,수요일,대구광역시 달성군 화원읍,중상사고,0,1,0,0,차대차 - 추돌 - 주정차중,안전운전불이행,건조,맑음,단일로 - 기타,이륜,남,15세,중상,승용,남,49세,상해없음
2012012500100231,2012년 1월 25일 12시,수요일,대구광역시 서구 평리동,경상사고,0,0,1,0,차대차 - 추돌 - 진행중,안전거리미확보,건조,맑음,단일로 - 기타,승용,여,41세,상해없음,승용,여,45세,경상
2012012500100266,2012년 1월 25일 13시,수요일,대구광역시 수성구 수성동4가,경상사고,0,0,1,0,차대차 - 측면직각충돌,교차로운행방법위반,건조,맑음,교차로 - 교차로부근,승용,남,28세,상해없음,승용,남,39세,경상
2012012500100267,2012년 1월 25일 13시,수요일,대구광역시 달성군 유가면,경상사고,0,0,1,0,차대차 - 측면직각충돌,불법유턴,건조,맑음,단일로 - 기타,승용,여,45세,상해없음,승용,남,46세,경상
2012012500100268,2012년 1월 25일 13시,수요일,대구광역시 서구 평리동,경상사고,0,0,5,0,차대차 - 측면직각충돌,안전거리미확보,건조,맑음,교차로 - 교차로부근,승용,남,65세,상해없음,승용,남,43세,경상
2012012500100313,2012년 1월 25일 14시,수요일,대구광역시 동구 신암동,중상사고,0,1,0,0,차대차 - 측면직각충돌,교차로운행방법위반,건조,맑음,교차로 - 교차로안,승용,남,53세,상해없음,이륜,남,34세,중상
2012012500100314,2012년 1월 25일 14시,수요일,대구광역시 중구 남산동,중상사고,0,1,0,0,차대차 - 측면직각충돌,안전운전불이행,건조,맑음,단일로 - 기타,이륜,남,24세,중상,화물,여,21세,상해없음
2012012500100345,2012년 1월 25일 15시,수요일,대구광역시 남구 대명동,중상사고,0,1,0,0,차대사람 - 기타,기타,결빙,맑음,단일로 - 기타,화물,남,35세,상해없음,보행자,남,51세,중상
2012012500100346,2012년 1월 25일 15시,수요일,대구광역시 동구 신암동,경상사고,0,0,2,0,차대차 - 기타,안전운전불이행,건조,맑음,교차로 - 교차로부근,승용,남,65세,상해없음,승용,남,35세,경상
2012012500100347,2012년 1월 25일 15시,수요일,대구광역시 수성구 수성동1가,중상사고,0,1,1,0,차대차 - 추돌 - 진행중,안전거리미확보,건조,맑음,교차로 - 교차로부근,승용,남,56세,상해없음,승용,여,25세,경상
2012012500100348,2012년 1월 25일 15시,수요일,대구광역시 북구 고성동3가,경상사고,0,0,1,0,차대사람 - 보도통행중,보행자보호의무위반,건조,맑음,단일로 - 횡단보도상,승용,여,49세,상해없음,보행자,남,58세,경상
2012012500100349,2012년 1월 25일 15시,수요일,대구광역시 서구 내당동,경상사고,0,0,1,0,차대차 - 측면직각충돌,중앙선침범,건조,맑음,단일로 - 기타,승용,여,46세,상해없음,원동기,남,45세,경상
2012012500100386,2012년 1월 25일 16시,수요일,대구광역시 북구 태전동,경상사고,0,0,1,0,차대차 - 측면직각충돌,안전운전불이행,건조,맑음,단일로 - 기타,승용,여,45세,상해없음,승용,여,44세,경상
2012012500100387,2012년 1월 25일 16시,수요일,대구광역시 중구 대봉동,중상사고,0,1,0,0,차대사람 - 횡단중,보행자보호의무위반,건조,맑음,단일로 - 횡단보도상,승용,여,44세,상해없음,보행자,여,70세,중상
2012012500100420,2012년 1월 25일 17시,수요일,대구광역시 남구 대명동,경상사고,0,0,1,0,차대차 - 기타,안전운전불이행,건조,맑음,단일로 - 기타,승합,남,56세,상해없음,승용,여,45세,상해없음
2012012500100421,2012년 1월 25일 17시,수요일,대구광역시 서구 중리동,중상사고,0,1,0,0,차대사람 - 기타,안전운전불이행,건조,맑음,단일로 - 기타,승용,남,35세,상해없음,보행자,여,10세,중상
2012012500100422,2012년 1월 25일 17시,수요일,대구광역시 서구 비산동,경상사고,0,0,1,0,차대차 - 기타,안전운전불이행,건조,맑음,단일로 - 기타,화물,남,38세,상해없음,승용,남,35세,경상
2012012500100423,2012년 1월 25일 17시,수요일,대구광역시 서구 중리동,경상사고,0,0,1,0,차대차 - 추돌 - 주정차중,안전거리미확보,건조,맑음,단일로 - 기타,승용,남,52세,상해없음,승용,남,23세,경상
2012012500100424,2012년 1월 25일 17시,수요일,대구광역시 달서구 용산동,경상사고,0,0,1,0,차대차 - 측면직각충돌,차로위반,건조,맑음,단일로 - 기타,승용,남,47세,상해없음,이륜,남,17세,경상
2012012500100464,2012년 1월 25일 18시,수요일,대구광역시 동구 신암동,중상사고,0,1,0,0,차대차 - 측면직각충돌,안전운전불이행,건조,맑음,교차로 - 교차로부근,승용,남,52세,상해없음,승용,여,56세,중상
2012012500100465,2012년 1월 25일 18시,수요일,대구광역시 북구 산격동,경상사고,0,0,1,0,차대차 - 추돌 - 진행중,안전운전불이행,건조,맑음,단일로 - 기타,승용,남,65세,상해없음,승용,여,41세,경상
2012012500100466,2012년 1월 25일 18시,수요일,대구광역시 중구 대봉동,경상사고,0,0,2,1,차대차 - 추돌 - 진행중,안전운전불이행,건조,맑음,단일로 - 기타,승용,남,55세,부상신고,승용,남,35세,경상
2012012500100506,2012년 1월 25일 19시,수요일,대구광역시 서구 내당동,경상사고,0,0,1,0,차대차 - 측면직각충돌,안전운전불이행,건조,맑음,단일로 - 기타,승용,남,53세,상해없음,승용,남,28세,경상
2012012500100541,2012년 1월 25일 20시,수요일,대구광역시 남구 대명동,경상사고,0,0,1,0,차대차 - 측면직각충돌,차로위반,건조,맑음,단일로 - 기타,화물,남,52세,상해없음,승용,남,39세,경상
2012012500100542,2012년 1월 25일 20시,수요일,대구광역시 서구 비산동,경상사고,0,0,1,0,차대차 - 측면직각충돌,안전거리미확보,건조,맑음,교차로 - 교차로부근,승용,남,33세,상해없음,승용,여,56세,경상
2012012500100543,2012년 1월 25일 20시,수요일,대구광역시 중구 공평동,경상사고,0,0,1,0,차대사람 - 차도통행중,안전운전불이행,건조,흐림,단일로 - 기타,승용,남,45세,상해없음,보행자,남,30세,경상
2012012500100544,2012년 1월 25일 20시,수요일,대구광역시 달서구 신당동,경상사고,0,0,1,0,차대차 - 측면직각충돌,안전거리미확보,건조,맑음,단일로 - 기타,승용,남,49세,상해없음,승용,남,28세,경상
2012012500100573,2012년 1월 25일 21시,수요일,대구광역시 서구 내당동,중상사고,0,1,2,0,차대차 - 측면직각충돌,교차로운행방법위반,건조,맑음,교차로 - 교차로안,승용,남,59세,경상,승용,남,32세,경상
2012012500100615,2012년 1월 25일 22시,수요일,대구광역시 남구 봉덕동,경상사고,0,0,1,0,차대사람 - 횡단중,안전운전불이행,건조,맑음,교차로 - 교차로부근,승용,여,44세,상해없음,보행자,남,67세,경상
2012012500100616,2012년 1월 25일 22시,수요일,대구광역시 동구 신천동,중상사고,0,1,0,0,차대차 - 기타,안전운전불이행,건조,기타,기타 - 기타,승용,여,47세,상해없음,승용,남,52세,중상
2012012500100649,2012년 1월 25일 23시,수요일,대구광역시 달서구 본리동,경상사고,0,0,2,0,차대차 - 측면직각충돌,신호위반,건조,맑음,교차로 - 교차로안,승용,남,44세,상해없음,승용,남,44세,경상
2012012600100022,2012년 1월 26일 00시,목요일,대구광역시 동구 신천동,경상사고,0,0,1,0,차대차 - 기타,안전운전불이행,건조,맑음,교차로 - 교차로부근,승용,남,24세,상해없음,승용,여,57세,경상
2012012600100023,2012년 1월 26일 00시,목요일,대구광역시 수성구 범물동,중상사고,0,1,0,0,차대차 - 추돌 - 주정차중,안전운전불이행,건조,맑음,단일로 - 기타,승용,남,46세,상해없음,승용,남,49세,중상
2012012600100024,2012년 1월 26일 00시,목요일,대구광역시 북구 복현동,경상사고,0,0,1,0,차대사람 - 기타,안전운전불이행,건조,맑음,단일로 - 기타,원동기,기타불명,기타불명,기타불명,보행자,여,20세,경상
2012012600100050,2012년 1월 26일 02시,목요일,대구광역시 수성구 두산동,경상사고,0,0,2,0,차대차 - 기타,안전거리미확보,건조,맑음,교차로 - 교차로부근,승용,여,49세,상해없음,승용,남,55세,경상
2012012600100098,2012년 1월 26일 07시,목요일,대구광역시 달서구 죽전동,경상사고,0,0,1,0,차대차 - 측면직각충돌,안전운전불이행,건조,맑음,단일로 - 기타,승용,남,43세,상해없음,승용,남,47세,경상
2012012600100139,2012년 1월 26일 09시,목요일,대구광역시 남구 대명동,경상사고,0,0,1,0,차대차 - 측면직각충돌,안전거리미확보,건조,맑음,교차로 - 교차로부근,승용,여,41세,상해없음,화물,남,42세,경상
2012012600100140,2012년 1월 26일 09시,목요일,대구광역시 중구 태평로3가,중상사고,0,1,0,0,차대차 - 추돌 - 진행중,안전운전불이행,건조,맑음,교차로 - 교차로부근,승용,남,62세,상해없음,자전거,여,20세,중상
2012012600100162,2012년 1월 26일 10시,목요일,대구광역시 동구 효목동,중상사고,0,1,0,0,차대차 - 기타,안전운전불이행,건조,맑음,단일로 - 기타,승용,남,20세,상해없음,자전거,남,80세,중상
2012012600100163,2012년 1월 26일 10시,목요일,대구광역시 달서구 용산동,경상사고,0,0,1,0,차대차 - 측면직각충돌,안전운전불이행,건조,맑음,교차로 - 교차로부근,승용,기타불명,기타불명,기타불명,승용,여,27세,경상
2012012600100194,2012년 1월 26일 11시,목요일,대구광역시 달성군 화원읍,경상사고,0,0,1,0,차대사람 - 횡단중,보행자보호의무위반,건조,맑음,교차로 - 교차로안,승용,여,36세,상해없음,보행자,여,50세,경상
2012012600100195,2012년 1월 26일 11시,목요일,대구광역시 북구 동천동,중상사고,0,1,0,1,차대차 - 측면직각충돌,안전거리미확보,건조,맑음,교차로 - 교차로부근,승용,남,57세,부상신고,승용,남,29세,중상
2012012600100226,2012년 1월 26일 12시,목요일,대구광역시 동구 지묘동,중상사고,0,1,0,0,차대사람 - 기타,보행자보호의무위반,건조,맑음,교차로 - 교차로부근,승용,남,65세,상해없음,보행자,여,70세,중상
2012012600100227,2012년 1월 26일 12시,목요일,대구광역시 수성구 신매동,중상사고,0,1,0,0,차대차 - 추돌 - 진행중,안전운전불이행,건조,맑음,단일로 - 기타,승용,남,43세,상해없음,자전거,남,21세,중상
2012012600100258,2012년 1월 26일 13시,목요일,대구광역시 북구 태전동,중상사고,0,1,0,0,차대차 - 측면직각충돌,안전운전불이행,건조,맑음,단일로 - 기타,이륜,남,36세,중상,승용,여,25세,상해없음
2012012600100259,2012년 1월 26일 13시,목요일,대구광역시 서구 내당동,중상사고,0,1,0,0,차량단독 - 기타,안전운전불이행,건조,맑음,단일로 - 기타,승합,남,61세,상해없음,,,,
2012012600100260,2012년 1월 26일 13시,목요일,대구광역시 중구 삼덕동3가,중상사고,0,1,2,0,차대차 - 추돌 - 주정차중,안전운전불이행,건조,맑음,교차로 - 교차로부근,승용,남,47세,상해없음,승용,여,49세,경상
2012012600100261,2012년 1월 26일 13시,목요일,대구광역시 달서구 신당동,경상사고,0,0,1,0,차량단독 - 기타,기타,건조,맑음,단일로 - 기타,승합,남,52세,상해없음,,,,
2012012600100296,2012년 1월 26일 14시,목요일,대구광역시 동구 신평동,경상사고,0,0,1,0,차대차 - 측면직각충돌,안전운전불이행,건조,맑음,교차로 - 교차로안,승용,여,41세,상해없음,화물,남,31세,경상
2012012600100360,2012년 1월 26일 16시,목요일,대구광역시 동구 신암동,경상사고,0,0,1,0,차대사람 - 기타,안전운전불이행,건조,맑음,교차로 - 교차로안,승용,남,56세,상해없음,보행자,남,34세,경상
2012012600100361,2012년 1월 26일 16시,목요일,대구광역시 수성구 만촌동,중상사고,0,1,0,0,차대차 - 측면직각충돌,교차로운행방법위반,건조,맑음,단일로 - 기타,승용,여,38세,상해없음,자전거,남,67세,중상
2012012600100396,2012년 1월 26일 17시,목요일,대구광역시 중구 문화동,중상사고,0,1,0,0,차대차 - 측면직각충돌,안전거리미확보,건조,맑음,단일로 - 기타,승용,남,71세,상해없음,승용,남,51세,중상
2012012600100437,2012년 1월 26일 18시,목요일,대구광역시 수성구 만촌동,경상사고,0,0,1,0,차대사람 - 횡단중,보행자보호의무위반,건조,맑음,단일로 - 횡단보도상,이륜,남,48세,상해없음,보행자,남,11세,경상
2012012600100438,2012년 1월 26일 18시,목요일,대구광역시 수성구 지산동,경상사고,0,0,1,0,차대차 - 측면직각충돌,교차로운행방법위반,건조,맑음,교차로 - 교차로안,승용,여,37세,상해없음,승용,여,58세,경상
2012012600100439,2012년 1월 26일 18시,목요일,대구광역시 수성구 두산동,경상사고,0,0,1,0,차대차 - 추돌 - 주정차중,안전운전불이행,건조,맑음,교차로 - 교차로부근,승용,여,28세,상해없음,승용,여,56세,경상
2012012600100440,2012년 1월 26일 18시,목요일,대구광역시 달서구 월성동,경상사고,0,0,4,0,차대차 - 추돌 - 주정차중,안전운전불이행,건조,맑음,교차로 - 교차로부근,화물,남,45세,상해없음,승용,남,62세,경상
2012012600100441,2012년 1월 26일 18시,목요일,대구광역시 북구 동천동,경상사고,0,0,1,0,차대차 - 기타,신호위반,건조,맑음,기타 - 기타,승용,여,45세,상해없음,승합,남,62세,상해없음
2012012600100442,2012년 1월 26일 18시,목요일,대구광역시 중구 동인동2가,경상사고,0,0,1,0,차대차 - 추돌 - 진행중,안전운전불이행,건조,맑음,교차로 - 교차로안,승용,남,56세,상해없음,승용,남,63세,경상
2012012600100479,2012년 1월 26일 19시,목요일,대구광역시 달서구 이곡동,중상사고,0,1,0,0,차대사람 - 횡단중,안전운전불이행,건조,맑음,단일로 - 횡단보도상,승용,남,35세,상해없음,보행자,남,58세,중상
2012012600100480,2012년 1월 26일 19시,목요일,대구광역시 달서구 이곡동,경상사고,0,0,1,0,차대차 - 추돌 - 진행중,안전거리미확보,건조,맑음,단일로 - 기타,승용,여,47세,상해없음,승용,남,34세,경상
2012012600100505,2012년 1월 26일 20시,목요일,대구광역시 북구 금호동,중상사고,0,4,0,0,차대차 - 측면직각충돌,안전운전불이행,건조,맑음,단일로 - 기타,승용,남,50세,상해없음,승용,남,45세,중상
2012012600100509,2012년 1월 26일 20시,목요일,대구광역시 수성구 황금동,경상사고,0,0,1,0,차대차 - 기타,안전운전불이행,건조,맑음,단일로 - 기타,원동기,남,19세,상해없음,승용,남,66세,경상
2012012600100510,2012년 1월 26일 20시,목요일,대구광역시 북구 복현동,경상사고,0,0,1,0,차대차 - 정면충돌,직진우회전진행방해,건조,맑음,교차로 - 교차로안,승용,남,35세,상해없음,이륜,남,51세,경상
2012012600100511,2012년 1월 26일 20시,목요일,대구광역시 달서구 성당동,중상사고,0,1,0,0,차대사람 - 횡단중,안전운전불이행,건조,맑음,단일로 - 기타,승용,남,38세,상해없음,보행자,여,45세,중상
2012012600100512,2012년 1월 26일 20시,목요일,대구광역시 달서구 이곡동,경상사고,0,0,1,0,차대차 - 추돌 - 진행중,안전운전불이행,건조,맑음,교차로 - 교차로부근,승합,남,28세,상해없음,승용,여,49세,경상
2012012600100543,2012년 1월 26일 21시,목요일,대구광역시 남구 봉덕동,중상사고,0,1,0,0,차대차 - 기타,신호위반,건조,맑음,교차로 - 교차로안,승용,남,40세,상해없음,자전거,남,23세,중상
2012012600100544,2012년 1월 26일 21시,목요일,대구광역시 서구 내당동,경상사고,0,0,2,0,차대차 - 추돌 - 주정차중,안전운전불이행,건조,맑음,단일로 - 기타,승용,남,26세,상해없음,승용,남,35세,경상
2012012600100566,2012년 1월 26일 22시,목요일,대구광역시 동구 신암동,경상사고,0,0,1,0,차대차 - 기타,안전운전불이행,건조,맑음,단일로 - 기타,승용,남,65세,상해없음,승용,남,49세,경상
2012012700100033,2012년 1월 27일 01시,금요일,대구광역시 남구 대명동,경상사고,0,0,2,0,차대차 - 추돌 - 진행중,안전거리미확보,건조,맑음,단일로 - 기타,승용,남,39세,상해없음,화물,남,26세,경상
2012012700100066,2012년 1월 27일 05시,금요일,대구광역시 중구 동인동1가,경상사고,0,0,4,0,차대차 - 측면직각충돌,안전거리미확보,건조,맑음,단일로 - 기타,기타불명,기타불명,기타불명,기타불명,승용,여,46세,경상
2012012700100075,2012년 1월 27일 06시,금요일,대구광역시 수성구 매호동,경상사고,0,0,2,0,차대차 - 추돌 - 진행중,기타,건조,맑음,단일로 - 기타,승합,남,61세,상해없음,화물,남,50세,경상
2012012700100076,2012년 1월 27일 06시,금요일,대구광역시 서구 내당동,사망사고,1,0,0,0,차대차 - 기타,신호위반,건조,맑음,단일로 - 횡단보도상,승합,남,59세,상해없음,자전거,여,51세,사망