사고번호,사고일시,요일,시군구,사고내용,사망자수,중상자수,경상자수,부상신고자수,사고유형,법규위반,노면상태,기상상태,도로형태,가해운전자 차종,가해운전자 성별,가해운전자 연령,가해운전자 상해정도,피해운전자 차종,피해운전자 성별,피해운전자 연령,피해운전자 상해정도
2012013000100434,2012년 1월 30일 20시,월요일,대구광역시 달서구 두류동,경상사고,0,0,1,0,차대차 - 추돌 - 주정차중,안전운전불이행,건조,맑음,단일로 - 기타,승용,남,49세,상해없음,이륜,남,49세,기타불명
2012013000100453,2012년 1월 30일 21시,월요일,대구광역시 달서구 용산동,경상사고,0,0,2,0,차대차 - 추돌 - 주정차중,안전운전불이행,건조,맑음,교차로 - 교차로부근,승용,남,22세,상해없음,승용,남,28세,경상
2012013000100478,2012년 1월 30일 22시,월요일,대구광역시 달서구 두류동,중상사고,0,1,1,0,차대차 - 추돌 - 주정차중,안전운전불이행,건조,맑음,단일로 - 기타,승용,남,43세,상해없음,승용,남,54세,경상
2012013000100507,2012년 1월 30일 23시,월요일,대구광역시 서구 비산동,경상사고,0,0,1,0,차대차 - 측면직각충돌,안전운전불이행,건조,맑음,단일로 - 기타,승용,남,54세,상해없음,승용,여,32세,경상
2012013100100014,2012년 1월 31일 00시,화요일,대구광역시 동구 신암동,경상사고,0,0,1,0,차대차 - 추돌 - 진행중,안전운전불이행,건조,맑음,교차로 - 교차로부근,승합,남,49세,상해없음,승용,남,33세,경상
2012013100100015,2012년 1월 31일 00시,화요일,대구광역시 달서구 성당동,중상사고,0,1,0,0,차대사람 - 횡단중,안전운전불이행,건조,맑음,단일로 - 기타,승용,남,25세,상해없음,보행자,남,51세,중상
2012013100100016,2012년 1월 31일 00시,화요일,대구광역시 달서구 두류동,중상사고,0,1,0,0,차대차 - 추돌 - 진행중,안전거리미확보,건조,맑음,교차로 - 교차로부근,승용,남,39세,상해없음,승용,남,37세,중상
2012013100100033,2012년 1월 31일 01시,화요일,대구광역시 서구 내당동,경상사고,0,0,1,0,차대차 - 기타,안전운전불이행,건조,흐림,단일로 - 횡단보도상,승용,남,26세,상해없음,이륜,남,16세,경상
2012013100100060,2012년 1월 31일 04시,화요일,대구광역시 중구 덕산동,경상사고,0,0,1,0,차대차 - 추돌 - 주정차중,안전거리미확보,건조,맑음,단일로 - 횡단보도부근,승용,남,28세,상해없음,승용,남,51세,경상
2012013100100081,2012년 1월 31일 06시,화요일,대구광역시 수성구 지산동,중상사고,0,1,1,0,차대차 - 측면직각충돌,안전운전불이행,건조,맑음,교차로 - 교차로안,승용,남,60세,중상,승합,남,45세,경상
2012013100100100,2012년 1월 31일 07시,화요일,대구광역시 수성구 매호동,중상사고,0,1,0,0,차대차 - 측면직각충돌,교차로운행방법위반,건조,맑음,단일로 - 기타,승용,남,46세,상해없음,자전거,여,67세,중상
2012013100100101,2012년 1월 31일 07시,화요일,대구광역시 서구 평리동,경상사고,0,0,1,0,차대차 - 측면직각충돌,안전운전불이행,건조,맑음,단일로 - 기타,승용,남,67세,상해없음,승용,남,39세,경상
2012013100100126,2012년 1월 31일 08시,화요일,대구광역시 남구 이천동,중상사고,0,3,0,0,차대차 - 추돌 - 진행중,안전운전불이행,건조,맑음,교차로 - 교차로안,승용,남,33세,상해없음,승용,여,52세,중상
2012013100100148,2012년 1월 31일 09시,화요일,대구광역시 달서구 장기동,중상사고,0,1,0,0,차대사람 - 횡단중,안전운전불이행,건조,맑음,단일로 - 기타,승용,남,55세,상해없음,보행자,여,45세,중상
2012013100100163,2012년 1월 31일 10시,화요일,대구광역시 수성구 매호동,경상사고,0,0,1,0,차대차 - 측면직각충돌,안전운전불이행,건조,맑음,단일로 - 기타,승용,남,45세,상해없음,자전거,남,10세,경상
2012013100100164,2012년 1월 31일 10시,화요일,대구광역시 북구 관음동,중상사고,0,1,0,0,차대차 - 측면직각충돌,안전거리미확보,건조,맑음,교차로 - 교차로부근,승용,남,55세,상해없음,이륜,남,45세,중상
2012013100100165,2012년 1월 31일 10시,화요일,대구광역시 달서구 본리동,부상신고사고,0,0,0,1,차대차 - 측면직각충돌,신호위반,건조,맑음,교차로 - 교차로안,이륜,여,58세,부상신고,승용,남,62세,상해없음
2012013100100189,2012년 1월 31일 11시,화요일,대구광역시 수성구 범어동,중상사고,0,1,0,0,차대사람 - 보도통행중,보행자보호의무위반,건조,맑음,단일로 - 횡단보도상,승용,남,57세,상해없음,보행자,여,69세,중상
2012013100100204,2012년 1월 31일 12시,화요일,대구광역시 달서구 송현동,경상사고,0,0,1,0,차대차 - 기타,안전운전불이행,건조,맑음,교차로 - 교차로안,승용,여,44세,상해없음,자전거,남,50세,경상
2012013100100283,2012년 1월 31일 15시,화요일,대구광역시 동구 입석동,중상사고,0,1,0,0,차대차 - 기타,안전운전불이행,건조,맑음,교차로 - 교차로부근,승용,여,52세,상해없음,자전거,남,70세,중상
2012013100100284,2012년 1월 31일 15시,화요일,대구광역시 서구 내당동,경상사고,0,0,2,0,차대차 - 추돌 - 주정차중,안전거리미확보,건조,맑음,단일로 - 횡단보도부근,승용,남,29세,상해없음,승용,여,34세,경상
2012013100100336,2012년 1월 31일 16시,화요일,대구광역시 수성구 수성동1가,경상사고,0,0,1,0,차대차 - 추돌 - 진행중,안전거리미확보,건조,맑음,단일로 - 기타,승용,남,56세,상해없음,화물,남,59세,경상
2012013100100337,2012년 1월 31일 16시,화요일,대구광역시 서구 평리동,경상사고,0,0,1,0,차대차 - 측면직각충돌,중앙선침범,건조,맑음,단일로 - 기타,승용,남,40세,상해없음,원동기,남,61세,경상
2012013100100338,2012년 1월 31일 16시,화요일,대구광역시 중구 동산동,경상사고,0,0,1,0,차대차 - 추돌 - 진행중,안전운전불이행,건조,맑음,단일로 - 기타,승용,남,47세,상해없음,승용,남,59세,경상
2012013100100380,2012년 1월 31일 17시,화요일,대구광역시 달서구 장기동,중상사고,0,1,0,0,차대차 - 기타,교차로운행방법위반,건조,맑음,교차로 - 교차로안,승용,여,48세,상해없음,원동기,남,18세,중상
2012013100100424,2012년 1월 31일 18시,화요일,대구광역시 동구 신암동,중상사고,0,1,0,0,차대사람 - 기타,보행자보호의무위반,건조,맑음,단일로 - 기타,승용,남,59세,상해없음,보행자,남,46세,중상
2012013100100425,2012년 1월 31일 18시,화요일,대구광역시 동구 동호동,중상사고,0,1,0,0,차량단독 - 기타,안전운전불이행,건조,맑음,단일로 - 기타,승합,남,46세,상해없음,,,,
2012013100100426,2012년 1월 31일 18시,화요일,대구광역시 북구 태전동,중상사고,0,1,0,0,차대사람 - 기타,안전운전불이행,건조,맑음,기타 - 기타,승용,남,54세,상해없음,보행자,여,49세,중상
2012013100100427,2012년 1월 31일 18시,화요일,대구광역시 북구 침산동,경상사고,0,0,1,0,차대차 - 추돌 - 진행중,안전운전불이행,건조,맑음,단일로 - 기타,승용,여,27세,상해없음,자전거,여,51세,경상
2012013100100428,2012년 1월 31일 18시,화요일,대구광역시 서구 비산동,경상사고,0,0,5,0,차대차 - 추돌 - 진행중,안전운전불이행,건조,흐림,단일로 - 횡단보도부근,승용,남,44세,상해없음,승용,남,48세,경상
2012013100100429,2012년 1월 31일 18시,화요일,대구광역시 달서구 두류동,중상사고,0,1,0,0,차대차 - 측면직각충돌,중앙선침범,건조,맑음,단일로 - 기타,승용,남,32세,상해없음,이륜,남,28세,중상
2012013100100454,2012년 1월 31일 19시,화요일,대구광역시 북구 침산동,경상사고,0,0,1,0,차대사람 - 보도통행중,보행자보호의무위반,건조,맑음,단일로 - 횡단보도상,승용,남,50세,상해없음,보행자,여,46세,경상
2012013100100455,2012년 1월 31일 19시,화요일,대구광역시 달서구 용산동,중상사고,0,2,0,0,차대차 - 기타,안전운전불이행,건조,맑음,단일로 - 횡단보도부근,이륜,남,17세,중상,승합,남,48세,상해없음
2012013100100496,2012년 1월 31일 20시,화요일,대구광역시 달서구 감삼동,경상사고,0,0,2,0,차대차 - 추돌 - 주정차중,안전거리미확보,건조,맑음,단일로 - 기타,승용,기타불명,기타불명,기타불명,승용,남,57세,경상
2012013100100533,2012년 1월 31일 21시,화요일,대구광역시 달서구 송현동,경상사고,0,0,1,0,차대사람 - 기타,보행자보호의무위반,건조,흐림,단일로 - 기타,이륜,남,17세,상해없음,보행자,남,63세,경상
2012013100100534,2012년 1월 31일 21시,화요일,대구광역시 달서구 상인동,중상사고,0,1,0,0,차대사람 - 기타,안전운전불이행,건조,맑음,단일로 - 기타,승용,남,70세,상해없음,보행자,남,67세,중상
2012013100100573,2012년 1월 31일 22시,화요일,대구광역시 수성구 만촌동,경상사고,0,0,1,0,차대차 - 추돌 - 진행중,안전거리미확보,건조,맑음,교차로 - 교차로부근,승용,남,50세,상해없음,승용,여,39세,경상
2012013100100574,2012년 1월 31일 22시,화요일,대구광역시 달서구 송현동,중상사고,0,1,0,0,차대사람 - 기타,안전운전불이행,건조,맑음,교차로 - 교차로안,승용,남,60세,상해없음,보행자,남,50세,중상
2012020100100020,2012년 2월 1일 00시,수요일,대구광역시 동구 입석동,중상사고,0,1,0,0,차대사람 - 기타,보행자보호의무위반,습기,비,단일로 - 횡단보도상,승합,남,44세,상해없음,보행자,남,49세,중상
2012020100100021,2012년 2월 1일 00시,수요일,대구광역시 수성구 수성동4가,중상사고,0,1,0,0,차대차 - 기타,중앙선침범,건조,맑음,단일로 - 기타,승용,남,30세,상해없음,승용,여,37세,중상
2012020100100049,2012년 2월 1일 02시,수요일,대구광역시 동구 효목동,중상사고,0,1,1,0,차대차 - 측면직각충돌,불법유턴,습기,흐림,교차로 - 교차로부근,승용,여,39세,상해없음,승용,남,50세,경상
2012020100100060,2012년 2월 1일 03시,수요일,대구광역시 북구 산격동,경상사고,0,0,1,0,차대차 - 기타,안전운전불이행,습기,눈,기타 - 기타,화물,남,27세,상해없음,승용,남,66세,경상
2012020100100091,2012년 2월 1일 07시,수요일,대구광역시 남구 대명동,중상사고,0,1,0,0,차대사람 - 횡단중,안전운전불이행,건조,맑음,단일로 - 기타,승용,남,62세,상해없음,보행자,남,48세,중상
2012020100100116,2012년 2월 1일 08시,수요일,대구광역시 수성구 만촌동,경상사고,0,0,1,0,차대차 - 기타,안전운전불이행,결빙,맑음,교차로 - 교차로부근,승용,여,47세,상해없음,승용,여,29세,경상
2012020100100117,2012년 2월 1일 08시,수요일,대구광역시 중구 남산동,경상사고,0,0,4,0,차대차 - 측면직각충돌,신호위반,건조,맑음,교차로 - 교차로안,승용,남,25세,상해없음,승용,남,34세,경상
2012020100100153,2012년 2월 1일 09시,수요일,대구광역시 동구 방촌동,부상신고사고,0,0,0,1,차대차 - 정면충돌,교차로운행방법위반,건조,맑음,단일로 - 기타,이륜,남,39세,상해없음,화물,남,51세,부상신고
2012020100100154,2012년 2월 1일 09시,수요일,대구광역시 달성군 다사읍,중상사고,0,1,0,0,차량단독 - 공작물충돌,안전운전불이행,결빙,눈,교차로 - 교차로부근,승용,여,31세,중상,,,,
2012020100100155,2012년 2월 1일 09시,수요일,대구광역시 북구 읍내동,경상사고,0,0,3,0,차대차 - 기타,안전운전불이행,결빙,맑음,단일로 - 기타,승용,남,22세,상해없음,승용,남,59세,경상
2012020100100156,2012년 2월 1일 09시,수요일,대구광역시 북구 산격동,중상사고,0,1,0,0,차대사람 - 기타,기타,건조,기타,단일로 - 기타,승합,남,37세,상해없음,보행자,여,79세,중상
2012020100100157,2012년 2월 1일 09시,수요일,대구광역시 북구 산격동,경상사고,0,0,2,0,차대차 - 측면직각충돌,안전운전불이행,습기,맑음,단일로 - 기타,화물,남,45세,경상,승용,남,22세,경상
2012020100100191,2012년 2월 1일 10시,수요일,대구광역시 동구 신암동,경상사고,0,0,1,0,차대차 - 측면직각충돌,안전거리미확보,건조,맑음,단일로 - 기타,승용,남,73세,상해없음,승용,남,40세,경상
2012020100100192,2012년 2월 1일 10시,수요일,대구광역시 달성군 다사읍,경상사고,0,0,1,0,차대차 - 측면직각충돌,안전운전불이행,결빙,맑음,단일로 - 기타,승용,남,39세,상해없음,화물,남,52세,경상
2012020100100193,2012년 2월 1일 10시,수요일,대구광역시 중구 남산동,경상사고,0,0,1,0,차대차 - 정면충돌,안전거리미확보,적설,맑음,단일로 - 기타,승용,여,55세,상해없음,승용,여,57세,상해없음
2012020100100222,2012년 2월 1일 11시,수요일,대구광역시 달성군 다사읍,경상사고,0,0,2,0,차대차 - 추돌 - 진행중,안전운전불이행,결빙,맑음,단일로 - 기타,화물,남,61세,기타불명,승용,여,31세,경상
2012020100100223,2012년 2월 1일 11시,수요일,대구광역시 중구 삼덕동1가,경상사고,0,0,1,0,차대사람 - 보도통행중,안전운전불이행,건조,맑음,단일로 - 기타,승용,남,30세,상해없음,보행자,남,24세,경상
2012020100100252,2012년 2월 1일 12시,수요일,대구광역시 수성구 신매동,경상사고,0,0,1,0,차대차 - 추돌 - 주정차중,불법유턴,건조,맑음,단일로 - 기타,화물,여,43세,상해없음,승용,여,31세,기타불명
2012020100100297,2012년 2월 1일 14시,수요일,대구광역시 수성구 지산동,경상사고,0,0,1,0,차대차 - 추돌 - 주정차중,안전운전불이행,건조,맑음,단일로 - 기타,승합,남,35세,상해없음,승용,남,43세,경상
2012020100100298,2012년 2월 1일 14시,수요일,대구광역시 달성군 가창면,경상사고,0,0,1,0,차대차 - 추돌 - 주정차중,안전운전불이행,적설,눈,단일로 - 기타,승용,남,53세,경상,화물,남,26세,상해없음
2012020100100321,2012년 2월 1일 15시,수요일,대구광역시 수성구 시지동,경상사고,0,0,1,0,차대차 - 추돌 - 주정차중,안전운전불이행,건조,맑음,단일로 - 기타,승용,여,55세,상해없음,승용,여,44세,경상
2012020100100322,2012년 2월 1일 15시,수요일,대구광역시 달성군 현풍면,사망사고,1,2,0,0,차대차 - 측면직각충돌,안전운전불이행,건조,맑음,단일로 - 기타,승용,남,61세,사망,화물,남,28세,중상
2012020100100323,2012년 2월 1일 15시,수요일,대구광역시 달성군 다사읍,중상사고,0,1,1,0,차대차 - 측면직각충돌,신호위반,건조,맑음,교차로 - 교차로안,승용,남,73세,중상,화물,남,40세,경상
2012020100100353,2012년 2월 1일 16시,수요일,대구광역시 동구 방촌동,중상사고,0,1,0,0,차대차 - 기타,안전운전불이행,건조,맑음,단일로 - 기타,승용,여,51세,상해없음,원동기,여,58세,중상
2012020100100354,2012년 2월 1일 16시,수요일,대구광역시 수성구 황금동,경상사고,0,0,4,0,차대차 - 측면직각충돌,교차로운행방법위반,건조,맑음,단일로 - 기타,승용,여,38세,상해없음,승용,여,36세,경상
2012020100100355,2012년 2월 1일 16시,수요일,대구광역시 달서구 유천동,경상사고,0,0,1,0,차량단독 - 기타,안전운전불이행,건조,맑음,교차로 - 교차로부근,승합,남,45세,상해없음,,,,
2012020100100379,2012년 2월 1일 17시,수요일,대구광역시 수성구 만촌동,중상사고,0,1,0,0,차대차 - 측면직각충돌,신호위반,건조,맑음,교차로 - 교차로안,화물,남,48세,상해없음,승용,남,49세,중상
2012020100100380,2012년 2월 1일 17시,수요일,대구광역시 북구 침산동,중상사고,0,1,0,0,차대차 - 측면직각충돌,안전운전불이행,건조,맑음,기타 - 기타,이륜,남,42세,상해없음,자전거,여,66세,중상
2012020100100410,2012년 2월 1일 18시,수요일,대구광역시 동구 신기동,경상사고,0,0,1,0,차대차 - 추돌 - 진행중,안전운전불이행,건조,맑음,단일로 - 횡단보도부근,화물,남,44세,상해없음,승용,남,39세,경상
2012020100100411,2012년 2월 1일 18시,수요일,대구광역시 수성구 중동,사망사고,1,0,0,0,차대사람 - 기타,안전운전불이행,건조,맑음,단일로 - 기타,승용,남,57세,상해없음,보행자,여,69세,사망
2012020100100412,2012년 2월 1일 18시,수요일,대구광역시 달서구 월성동,중상사고,0,1,2,0,차대차 - 기타,안전거리미확보,건조,맑음,단일로 - 기타,승용,여,40세,상해없음,승용,남,55세,중상
2012020100100413,2012년 2월 1일 18시,수요일,대구광역시 북구 침산동,경상사고,0,0,1,0,차대사람 - 횡단중,보행자보호의무위반,건조,맑음,교차로 - 교차로안,화물,남,66세,상해없음,보행자,남,20세,경상
2012020100100490,2012년 2월 1일 21시,수요일,대구광역시 달성군 화원읍,경상사고,0,0,1,0,차대차 - 측면직각충돌,신호위반,건조,맑음,교차로 - 교차로안,기타불명,기타불명,기타불명,기타불명,승용,여,50세,경상
2012020100100491,2012년 2월 1일 21시,수요일,대구광역시 달서구 죽전동,경상사고,0,0,1,0,차대차 - 추돌 - 주정차중,안전운전불이행,건조,맑음,단일로 - 기타,화물,남,54세,경상,화물,남,35세,기타불명
2012020100100516,2012년 2월 1일 22시,수요일,대구광역시 달서구 대천동,경상사고,0,0,1,0,차대사람 - 횡단중,보행자보호의무위반,건조,맑음,교차로 - 교차로안,승용,남,37세,상해없음,보행자,남,34세,경상
2012020100100517,2012년 2월 1일 22시,수요일,대구광역시 달성군 논공읍,경상사고,0,0,1,0,차대차 - 기타,안전운전불이행,건조,맑음,단일로 - 기타,승용,남,49세,상해없음,승용,남,34세,경상
2012020100100518,2012년 2월 1일 22시,수요일,대구광역시 달서구 용산동,경상사고,0,0,1,0,차대차 - 측면직각충돌,안전거리미확보,건조,맑음,교차로 - 교차로부근,화물,남,34세,상해없음,이륜,남,17세,경상
2012020100100519,2012년 2월 1일 22시,수요일,대구광역시 달서구 본리동,경상사고,0,0,1,0,차대차 - 측면직각충돌,안전거리미확보,건조,맑음,단일로 - 기타,승용,남,63세,상해없음,승용,남,51세,경상
2012020100100546,2012년 2월 1일 23시,수요일,대구광역시 남구 이천동,경상사고,0,0,1,0,차대차 - 추돌 - 진행중,안전운전불이행,건조,맑음,단일로 - 기타,승용,여,31세,상해없음,화물,남,51세,경상
2012020100100547,2012년 2월 1일 23시,수요일,대구광역시 달성군 현풍면,중상사고,0,2,0,0,차대차 - 추돌 - 진행중,안전운전불이행,건조,맑음,단일로 - 기타,승용,남,50세,상해없음,화물,남,41세,중상
2012020100100548,2012년 2월 1일 23시,수요일,대구광역시 북구 태전동,중상사고,0,1,0,0,차량단독 - 공작물충돌,안전운전불이행,건조,맑음,단일로 - 기타,화물,남,27세,중상,,,,
2012020200100018,2012년 2월 2일 00시,목요일,대구광역시 달서구 성당동,중상사고,0,3,4,0,차대차 - 기타,안전거리미확보,건조,맑음,단일로 - 횡단보도부근,승용,남,19세,경상,승용,남,62세,경상
2012020200100036,2012년 2월 2일 01시,목요일,대구광역시 북구 태전동,경상사고,0,0,1,0,차대차 - 추돌 - 주정차중,안전거리미확보,건조,맑음,교차로 - 교차로부근,승용,남,34세,상해없음,승용,남,61세,경상
2012020200100044,2012년 2월 2일 02시,목요일,대구광역시 달서구 상인동,경상사고,0,0,1,0,차대차 - 기타,교차로운행방법위반,건조,맑음,교차로 - 교차로안,승용,남,42세,상해없음,승용,남,30세,경상
2012020200100052,2012년 2월 2일 03시,목요일,대구광역시 수성구 신매동,중상사고,0,1,0,0,차대차 - 측면직각충돌,신호위반,건조,맑음,교차로 - 교차로안,승용,여,43세,상해없음,승용,남,28세,중상
2012020200100074,2012년 2월 2일 05시,목요일,대구광역시 북구 금호동,경상사고,0,0,1,0,차대차 - 추돌 - 주정차중,안전운전불이행,건조,맑음,단일로 - 기타,화물,남,37세,상해없음,화물,남,53세,경상
2012020200100110,2012년 2월 2일 07시,목요일,대구광역시 동구 방촌동,중상사고,0,1,0,0,차대사람 - 기타,안전운전불이행,결빙,맑음,단일로 - 기타,승용,남,52세,상해없음,보행자,남,57세,중상
2012020200100144,2012년 2월 2일 08시,목요일,대구광역시 북구 노원동2가,경상사고,0,0,1,0,차대차 - 기타,안전운전불이행,건조,맑음,단일로 - 기타,화물,남,47세,상해없음,승용,남,50세,경상
2012020200100171,2012년 2월 2일 09시,목요일,대구광역시 동구 신암동,경상사고,0,0,2,0,차대차 - 추돌 - 진행중,안전운전불이행,건조,맑음,단일로 - 기타,승용,남,64세,상해없음,승용,남,42세,경상
2012020200100172,2012년 2월 2일 09시,목요일,대구광역시 수성구 수성동1가,중상사고,0,1,0,0,차대차 - 측면직각충돌,안전거리미확보,건조,맑음,단일로 - 기타,승합,남,38세,상해없음,승용,남,70세,상해없음
2012020200100173,2012년 2월 2일 09시,목요일,대구광역시 달서구 상인동,경상사고,0,0,1,0,차대사람 - 기타,안전운전불이행,건조,맑음,단일로 - 기타,화물,남,47세,상해없음,보행자,남,57세,경상
2012020200100174,2012년 2월 2일 09시,목요일,대구광역시 서구 평리동,경상사고,0,0,1,0,차대차 - 측면직각충돌,교차로운행방법위반,건조,맑음,교차로 - 교차로안,승용,남,67세,상해없음,승용,남,49세,경상
2012020200100175,2012년 2월 2일 09시,목요일,대구광역시 중구 서문로1가,중상사고,0,1,0,0,차대사람 - 횡단중,안전운전불이행,건조,맑음,단일로 - 기타,승용,여,34세,상해없음,보행자,여,48세,중상
2012020200100199,2012년 2월 2일 10시,목요일,대구광역시 북구 노원동3가,경상사고,0,0,1,0,차대차 - 측면직각충돌,안전운전불이행,건조,맑음,단일로 - 기타,화물,남,48세,상해없음,이륜,남,53세,경상
2012020200100200,2012년 2월 2일 10시,목요일,대구광역시 달서구 이곡동,사망사고,1,0,0,0,차대사람 - 횡단중,안전운전불이행,건조,맑음,단일로 - 횡단보도상,화물,남,48세,상해없음,보행자,여,61세,사망
2012020200100229,2012년 2월 2일 11시,목요일,대구광역시 동구 송정동,중상사고,0,1,1,0,차대차 - 추돌 - 주정차중,안전운전불이행,건조,맑음,교차로 - 교차로부근,화물,남,40세,상해없음,화물,남,63세,중상
2012020200100230,2012년 2월 2일 11시,목요일,대구광역시 동구 신서동,중상사고,0,1,0,0,차대사람 - 기타,보행자보호의무위반,건조,맑음,교차로 - 교차로안,승용,여,35세,상해없음,보행자,남,12세,중상
2012020200100231,2012년 2월 2일 11시,목요일,대구광역시 북구 산격동,경상사고,0,0,1,0,차대차 - 기타,안전운전불이행,건조,맑음,단일로 - 기타,화물,남,63세,상해없음,자전거,남,64세,경상
2012020200100291,2012년 2월 2일 13시,목요일,대구광역시 달성군 다사읍,경상사고,0,0,1,0,차대차 - 측면직각충돌,안전운전불이행,건조,맑음,교차로 - 교차로부근,승용,여,38세,상해없음,이륜,남,49세,경상
2012020200100359,2012년 2월 2일 15시,목요일,대구광역시 달성군 논공읍,경상사고,0,0,1,0,차대차 - 추돌 - 진행중,안전거리미확보,건조,맑음,단일로 - 기타,승용,남,46세,상해없음,승용,남,30세,경상
2012020200100360,2012년 2월 2일 15시,목요일,대구광역시 북구 도남동,중상사고,0,1,0,0,차량단독 - 기타,안전운전불이행,건조,맑음,단일로 - 기타,승용,남,45세,중상,,,,
2012020200100386,2012년 2월 2일 16시,목요일,대구광역시 동구 동호동,경상사고,0,0,3,0,차대차 - 측면직각충돌,안전거리미확보,건조,맑음,단일로 - 기타,승용,남,43세,상해없음,승용,남,26세,경상
2012020200100387,2012년 2월 2일 16시,목요일,대구광역시 수성구 수성동3가,중상사고,0,1,0,0,차대차 - 추돌 - 진행중,안전운전불이행,건조,맑음,단일로 - 기타,승용,남,53세,상해없음,승합,남,41세,상해없음
2012020200100418,2012년 2월 2일 17시,목요일,대구광역시 달성군 화원읍,사망사고,1,0,0,0,차대사람 - 기타,안전운전불이행,건조,맑음,단일로 - 기타,승합,남,60세,상해없음,보행자,여,2세,사망
2012020200100419,2012년 2월 2일 17시,목요일,대구광역시 달서구 호림동,경상사고,0,0,1,0,차대차 - 추돌 - 주정차중,안전운전불이행,건조,맑음,단일로 - 기타,승용,남,38세,상해없음,승용,여,36세,경상
2012020200100443,2012년 2월 2일 18시,목요일,대구광역시 수성구 수성동4가,경상사고,0,0,1,0,차대사람 - 횡단중,보행자보호의무위반,건조,맑음,단일로 - 기타,승용,여,33세,상해없음,보행자,남,12세,경상
2012020200100444,2012년 2월 2일 18시,목요일,대구광역시 북구 대현동,중상사고,0,1,0,0,차대차 - 기타,안전운전불이행,건조,맑음,단일로 - 기타,승용,기타불명,기타불명,기타불명,자전거,남,60세,중상
2012020200100480,2012년 2월 2일 19시,목요일,대구광역시 북구 구암동,중상사고,0,1,0,0,차대차 - 기타,교차로운행방법위반,건조,맑음,교차로 - 교차로안,승용,여,40세,상해없음,이륜,남,16세,중상
2012020200100481,2012년 2월 2일 19시,목요일,대구광역시 중구 공평동,경상사고,0,0,1,0,차대사람 - 차도통행중,보행자보호의무위반,건조,맑음,교차로 - 교차로부근,기타불명,기타불명,기타불명,기타불명,보행자,남,18세,경상
2012020200100501,2012년 2월 2일 20시,목요일,대구광역시 달성군 가창면,중상사고,0,1,0,0,차대차 - 측면직각충돌,안전거리미확보,건조,맑음,단일로 - 기타,승합,남,47세,상해없음,승합,남,37세,중상
2012020200100526,2012년 2월 2일 21시,목요일,대구광역시 서구 비산동,경상사고,0,0,3,0,차대차 - 측면직각충돌,안전운전불이행,건조,맑음,단일로 - 기타,승용,남,51세,상해없음,이륜,남,17세,경상
2012020200100527,2012년 2월 2일 21시,목요일,대구광역시 달서구 성당동,경상사고,0,0,1,0,차대차 - 측면직각충돌,중앙선침범,건조,맑음,단일로 - 기타,승용,남,47세,상해없음,승용,남,53세,경상
2012020200100563,2012년 2월 2일 22시,목요일,대구광역시 중구 동인동1가,경상사고,0,0,3,0,차대차 - 측면직각충돌,신호위반,건조,맑음,교차로 - 교차로안,승용,여,55세,경상,승용,남,61세,경상
2012020200100597,2012년 2월 2일 23시,목요일,대구광역시 수성구 황금동,경상사고,0,0,1,0,차대차 - 정면충돌,중앙선침범,건조,맑음,단일로 - 횡단보도상,승용,남,37세,상해없음,승용,남,48세,경상
2012020200100598,2012년 2월 2일 23시,목요일,대구광역시 북구 동천동,경상사고,0,0,1,0,차대차 - 측면직각충돌,교차로운행방법위반,건조,맑음,교차로 - 교차로부근,승용,남,44세,상해없음,이륜,남,17세,경상
2012020300100020,2012년 2월 3일 00시,금요일,대구광역시 수성구 범어동,중상사고,0,3,3,0,차대차 - 측면직각충돌,안전운전불이행,건조,맑음,교차로 - 교차로부근,승용,남,26세,상해없음,승용,남,59세,중상
2012020300100021,2012년 2월 3일 00시,금요일,대구광역시 수성구 범어동,경상사고,0,0,1,0,차대사람 - 기타,기타,건조,맑음,단일로 - 기타,승용,여,47세,상해없음,보행자,남,36세,경상
2012020300100022,2012년 2월 3일 00시,금요일,대구광역시 중구 계산동2가,경상사고,0,0,1,0,차량단독 - 기타,안전운전불이행,건조,맑음,단일로 - 기타,승용,남,47세,상해없음,,,,
2012020300100036,2012년 2월 3일 01시,금요일,대구광역시 북구 산격동,경상사고,0,0,3,0,차대차 - 추돌 - 주정차중,안전운전불이행,건조,맑음,단일로 - 기타,승용,남,38세,상해없음,승용,남,38세,경상
2012020300100050,2012년 2월 3일 02시,금요일,대구광역시 북구 산격동,경상사고,0,0,1,0,차대차 - 추돌 - 진행중,안전운전불이행,습기,흐림,단일로 - 기타,승용,남,18세,상해없음,승용,남,61세,경상
2012020300100051,2012년 2월 3일 02시,금요일,대구광역시 중구 대봉동,중상사고,0,2,0,0,차대차 - 측면직각충돌,중앙선침범,건조,맑음,단일로 - 기타,승용,남,36세,중상,화물,남,38세,중상
2012020300100061,2012년 2월 3일 03시,금요일,대구광역시 서구 평리동,경상사고,0,0,1,0,차대차 - 기타,안전거리미확보,건조,맑음,단일로 - 기타,승용,남,33세,상해없음,승용,남,28세,경상
2012020300100090,2012년 2월 3일 06시,금요일,대구광역시 달서구 이곡동,중상사고,0,1,0,0,차대사람 - 기타,안전운전불이행,건조,맑음,교차로 - 교차로부근,승용,남,43세,상해없음,보행자,남,68세,중상
2012020300100110,2012년 2월 3일 07시,금요일,대구광역시 북구 고성동1가,중상사고,0,1,0,0,차대차 - 측면직각충돌,안전운전불이행,건조,맑음,단일로 - 횡단보도상,이륜,남,38세,상해없음,자전거,남,63세,중상