사고번호,사고일시,요일,시군구,사고내용,사망자수,중상자수,경상자수,부상신고자수,사고유형,법규위반,노면상태,기상상태,도로형태,가해운전자 차종,가해운전자 성별,가해운전자 연령,가해운전자 상해정도,피해운전자 차종,피해운전자 성별,피해운전자 연령,피해운전자 상해정도
2012020600100300,2012년 2월 6일 14시,월요일,대구광역시 달서구 본동,경상사고,0,0,2,0,차대차 - 기타,안전운전불이행,건조,맑음,교차로 - 교차로부근,승용,남,39세,경상,승용,남,46세,상해없음
2012020600100330,2012년 2월 6일 15시,월요일,대구광역시 남구 대명동,부상신고사고,0,0,0,1,차대차 - 측면직각충돌,교차로운행방법위반,건조,맑음,단일로 - 기타,이륜,남,16세,부상신고,화물,남,26세,상해없음
2012020600100331,2012년 2월 6일 15시,월요일,대구광역시 북구 동천동,경상사고,0,0,1,0,차대사람 - 기타,기타,건조,맑음,기타 - 기타,승용,남,46세,상해없음,보행자,남,83세,경상
2012020600100332,2012년 2월 6일 15시,월요일,대구광역시 달서구 성당동,경상사고,0,0,1,0,차대차 - 측면직각충돌,중앙선침범,건조,맑음,단일로 - 횡단보도부근,승용,여,58세,상해없음,화물,남,50세,경상
2012020600100386,2012년 2월 6일 17시,월요일,대구광역시 수성구 만촌동,경상사고,0,0,1,1,차대차 - 측면직각충돌,신호위반,건조,맑음,단일로 - 기타,이륜,남,15세,부상신고,승용,여,47세,상해없음
2012020600100387,2012년 2월 6일 17시,월요일,대구광역시 달성군 현풍면,경상사고,0,0,1,0,차대차 - 측면직각충돌,안전운전불이행,건조,맑음,단일로 - 기타,기타불명,기타불명,기타불명,기타불명,화물,남,30세,경상
2012020600100388,2012년 2월 6일 17시,월요일,대구광역시 달성군 화원읍,중상사고,0,1,0,0,차대사람 - 기타,안전운전불이행,건조,맑음,단일로 - 기타,승용,여,32세,상해없음,보행자,남,5세,중상
2012020600100389,2012년 2월 6일 17시,월요일,대구광역시 달서구 신당동,경상사고,0,0,1,0,차대차 - 측면직각충돌,차로위반,건조,맑음,단일로 - 기타,승용,남,66세,상해없음,이륜,남,27세,경상
2012020600100439,2012년 2월 6일 18시,월요일,대구광역시 수성구 연호동,경상사고,0,0,1,0,차대차 - 추돌 - 진행중,안전운전불이행,건조,맑음,교차로 - 교차로부근,승용,남,43세,상해없음,승용,남,31세,경상
2012020600100440,2012년 2월 6일 18시,월요일,대구광역시 수성구 만촌동,경상사고,0,0,1,0,차대사람 - 횡단중,보행자보호의무위반,건조,맑음,단일로 - 횡단보도상,승용,남,40세,상해없음,보행자,남,46세,경상
2012020600100441,2012년 2월 6일 18시,월요일,대구광역시 달성군 현풍면,경상사고,0,0,2,0,차대차 - 추돌 - 주정차중,안전운전불이행,건조,맑음,교차로 - 교차로부근,승용,남,58세,상해없음,화물,남,69세,경상
2012020600100442,2012년 2월 6일 18시,월요일,대구광역시 북구 태전동,경상사고,0,0,1,0,차대차 - 측면직각충돌,신호위반,건조,맑음,교차로 - 교차로안,승용,남,69세,상해없음,승용,남,30세,경상
2012020600100443,2012년 2월 6일 18시,월요일,대구광역시 달서구 호림동,경상사고,0,0,1,0,차대차 - 추돌 - 진행중,안전운전불이행,건조,맑음,단일로 - 횡단보도부근,화물,남,56세,상해없음,화물,남,31세,경상
2012020600100488,2012년 2월 6일 19시,월요일,대구광역시 달서구 상인동,경상사고,0,0,1,0,차대사람 - 횡단중,신호위반,건조,맑음,교차로 - 교차로안,이륜,기타불명,기타불명,기타불명,보행자,여,10세,경상
2012020600100489,2012년 2월 6일 19시,월요일,대구광역시 북구 서변동,경상사고,0,0,1,0,차대차 - 정면충돌,중앙선침범,건조,맑음,단일로 - 기타,승용,남,42세,상해없음,승용,남,51세,상해없음
2012020600100490,2012년 2월 6일 19시,월요일,대구광역시 중구 동인동3가,경상사고,0,0,1,0,차대사람 - 기타,안전운전불이행,건조,맑음,기타 - 기타,기타불명,기타불명,기타불명,기타불명,보행자,남,72세,경상
2012020600100528,2012년 2월 6일 20시,월요일,대구광역시 달성군 화원읍,경상사고,0,0,3,0,차대차 - 측면직각충돌,안전거리미확보,건조,맑음,교차로 - 교차로부근,승용,남,58세,경상,승용,남,49세,경상
2012020600100529,2012년 2월 6일 20시,월요일,대구광역시 달서구 용산동,경상사고,0,0,1,0,차대차 - 측면직각충돌,안전거리미확보,건조,맑음,교차로 - 교차로부근,승용,남,47세,상해없음,원동기,남,17세,경상
2012020600100570,2012년 2월 6일 21시,월요일,대구광역시 남구 대명동,경상사고,0,0,1,0,차대차 - 기타,차로위반,건조,맑음,단일로 - 기타,승용,남,65세,상해없음,승용,남,39세,경상
2012020600100571,2012년 2월 6일 21시,월요일,대구광역시 서구 내당동,경상사고,0,0,1,0,차대사람 - 기타,안전운전불이행,건조,맑음,단일로 - 기타,승합,남,62세,상해없음,보행자,여,52세,경상
2012020600100642,2012년 2월 6일 23시,월요일,대구광역시 수성구 시지동,중상사고,0,1,1,0,차대차 - 추돌 - 진행중,안전운전불이행,건조,맑음,단일로 - 기타,승용,남,34세,상해없음,승용,남,38세,중상
2012020600100643,2012년 2월 6일 23시,월요일,대구광역시 달서구 감삼동,경상사고,0,0,2,0,차대차 - 측면직각충돌,안전거리미확보,건조,맑음,단일로 - 기타,승용,남,56세,상해없음,승용,남,48세,경상
2012020700100024,2012년 2월 7일 00시,화요일,대구광역시 수성구 수성동1가,중상사고,0,2,1,0,차대차 - 추돌 - 진행중,안전거리미확보,건조,맑음,단일로 - 기타,승용,남,55세,상해없음,승용,남,35세,중상
2012020700100059,2012년 2월 7일 02시,화요일,대구광역시 달서구 용산동,사망사고,1,0,0,0,차대사람 - 기타,안전운전불이행,건조,맑음,단일로 - 기타,승용,여,40세,상해없음,보행자,남,34세,사망
2012020700100088,2012년 2월 7일 04시,화요일,대구광역시 동구 방촌동,중상사고,0,1,0,0,차대사람 - 횡단중,안전운전불이행,건조,맑음,단일로 - 기타,승용,남,50세,상해없음,보행자,여,59세,중상
2012020700100115,2012년 2월 7일 06시,화요일,대구광역시 서구 평리동,경상사고,0,0,3,0,차대차 - 추돌 - 진행중,안전운전불이행,건조,맑음,교차로 - 교차로부근,승용,남,45세,상해없음,승용,남,32세,경상
2012020700100145,2012년 2월 7일 07시,화요일,대구광역시 달서구 송현동,중상사고,0,1,1,0,차대차 - 기타,안전운전불이행,건조,맑음,단일로 - 횡단보도상,승용,남,51세,상해없음,자전거,남,12세,경상
2012020700100146,2012년 2월 7일 07시,화요일,대구광역시 북구 관음동,경상사고,0,0,1,0,차대차 - 측면직각충돌,신호위반,건조,맑음,단일로 - 기타,승용,남,30세,상해없음,승용,남,53세,경상
2012020700100204,2012년 2월 7일 10시,화요일,대구광역시 동구 신천동,경상사고,0,0,2,0,차대차 - 기타,안전운전불이행,건조,맑음,단일로 - 기타,승용,남,31세,경상,승용,남,28세,경상
2012020700100205,2012년 2월 7일 10시,화요일,대구광역시 수성구 지산동,경상사고,0,0,5,0,차대차 - 추돌 - 주정차중,안전운전불이행,건조,맑음,단일로 - 기타,승용,남,61세,상해없음,화물,남,43세,경상
2012020700100238,2012년 2월 7일 11시,화요일,대구광역시 동구 신암동,경상사고,0,0,1,0,차대차 - 추돌 - 진행중,안전운전불이행,건조,맑음,단일로 - 기타,이륜,남,42세,상해없음,승용,남,63세,상해없음
2012020700100239,2012년 2월 7일 11시,화요일,대구광역시 북구 복현동,경상사고,0,0,1,0,차대차 - 측면직각충돌,안전운전불이행,건조,맑음,교차로 - 교차로부근,승용,남,63세,상해없음,승용,여,24세,경상
2012020700100240,2012년 2월 7일 11시,화요일,대구광역시 달서구 용산동,경상사고,0,0,1,0,차대차 - 추돌 - 주정차중,안전운전불이행,건조,맑음,교차로 - 교차로부근,승용,남,57세,상해없음,승용,여,38세,경상
2012020700100266,2012년 2월 7일 12시,화요일,대구광역시 달성군 화원읍,경상사고,0,0,1,0,차대차 - 기타,안전운전불이행,기타,맑음,기타 - 기타,승용,여,58세,상해없음,승용,여,39세,경상
2012020700100284,2012년 2월 7일 13시,화요일,대구광역시 동구 불로동,경상사고,0,0,1,0,차대차 - 측면직각충돌,신호위반,건조,맑음,교차로 - 교차로안,이륜,여,44세,상해없음,화물,남,40세,상해없음
2012020700100286,2012년 2월 7일 13시,화요일,대구광역시 북구 태전동,경상사고,0,0,2,0,차대차 - 추돌 - 주정차중,안전거리미확보,건조,맑음,단일로 - 기타,승용,남,66세,상해없음,승합,남,46세,경상
2012020700100287,2012년 2월 7일 13시,화요일,대구광역시 서구 비산동,경상사고,0,0,1,0,차대차 - 기타,중앙선침범,건조,맑음,단일로 - 기타,승용,여,41세,상해없음,화물,남,72세,경상
2012020700100307,2012년 2월 7일 14시,화요일,대구광역시 수성구 상동,중상사고,0,1,0,0,차대사람 - 기타,안전운전불이행,건조,맑음,단일로 - 기타,승용,여,27세,상해없음,보행자,남,88세,중상
2012020700100308,2012년 2월 7일 14시,화요일,대구광역시 달서구 월성동,중상사고,0,1,0,0,차대사람 - 기타,보행자보호의무위반,건조,맑음,단일로 - 횡단보도상,승용,여,63세,상해없음,보행자,남,76세,중상
2012020700100326,2012년 2월 7일 15시,화요일,대구광역시 서구 비산동,경상사고,0,0,1,0,차대차 - 추돌 - 진행중,안전거리미확보,건조,맑음,교차로 - 교차로안,승용,여,34세,상해없음,승용,남,56세,경상
2012020700100377,2012년 2월 7일 17시,화요일,대구광역시 남구 대명동,중상사고,0,1,2,0,차대차 - 추돌 - 주정차중,안전거리미확보,건조,맑음,단일로 - 기타,승용,남,70세,상해없음,승용,남,60세,중상
2012020700100378,2012년 2월 7일 17시,화요일,대구광역시 중구 삼덕동2가,경상사고,0,0,3,0,차대차 - 추돌 - 주정차중,안전운전불이행,건조,맑음,단일로 - 기타,승용,남,68세,상해없음,승용,남,34세,경상
2012020700100415,2012년 2월 7일 18시,화요일,대구광역시 수성구 대흥동,중상사고,0,1,0,0,차대차 - 기타,안전운전불이행,건조,맑음,교차로 - 교차로안,승용,여,30세,상해없음,화물,남,33세,중상
2012020700100416,2012년 2월 7일 18시,화요일,대구광역시 달서구 월성동,부상신고사고,0,0,0,1,차대차 - 기타,안전거리미확보,건조,맑음,교차로 - 교차로부근,이륜,남,19세,부상신고,승용,남,29세,상해없음
2012020700100417,2012년 2월 7일 18시,화요일,대구광역시 북구 복현동,중상사고,0,1,1,0,차대차 - 기타,안전운전불이행,건조,맑음,교차로 - 교차로부근,승용,남,41세,상해없음,승용,여,39세,중상
2012020700100455,2012년 2월 7일 19시,화요일,대구광역시 북구 읍내동,경상사고,0,0,1,0,차대차 - 추돌 - 진행중,안전운전불이행,건조,맑음,단일로 - 기타,승용,남,43세,상해없음,승용,남,34세,경상
2012020700100456,2012년 2월 7일 19시,화요일,대구광역시 북구 학정동,경상사고,0,0,1,0,차대차 - 측면직각충돌,안전운전불이행,건조,맑음,교차로 - 교차로안,승용,여,38세,상해없음,이륜,남,53세,경상
2012020700100457,2012년 2월 7일 19시,화요일,대구광역시 서구 중리동,경상사고,0,0,1,0,차대사람 - 횡단중,신호위반,건조,맑음,단일로 - 횡단보도상,승합,남,64세,상해없음,보행자,여,17세,경상
2012020700100481,2012년 2월 7일 20시,화요일,대구광역시 남구 대명동,경상사고,0,0,1,0,차대차 - 기타,안전거리미확보,건조,맑음,단일로 - 기타,승용,여,47세,상해없음,승합,남,38세,상해없음
2012020700100482,2012년 2월 7일 20시,화요일,대구광역시 동구 동호동,중상사고,0,1,1,0,차대차 - 측면직각충돌,신호위반,건조,맑음,교차로 - 교차로안,이륜,남,16세,상해없음,승용,남,53세,경상
2012020700100483,2012년 2월 7일 20시,화요일,대구광역시 동구 용계동,경상사고,0,0,1,0,차대차 - 측면직각충돌,안전운전불이행,건조,맑음,단일로 - 기타,화물,남,47세,상해없음,승용,여,46세,경상
2012020700100484,2012년 2월 7일 20시,화요일,대구광역시 수성구 범어동,경상사고,0,0,1,0,차대사람 - 횡단중,안전운전불이행,건조,맑음,단일로 - 기타,승용,남,68세,상해없음,보행자,남,13세,경상
2012020700100485,2012년 2월 7일 20시,화요일,대구광역시 북구 태전동,중상사고,0,1,0,0,차대차 - 기타,안전운전불이행,건조,맑음,단일로 - 기타,승용,여,47세,상해없음,이륜,남,18세,중상
2012020700100516,2012년 2월 7일 21시,화요일,대구광역시 서구 내당동,중상사고,0,1,0,0,차대차 - 기타,안전운전불이행,건조,맑음,교차로 - 교차로안,승용,남,37세,상해없음,원동기,남,18세,중상
2012020700100541,2012년 2월 7일 22시,화요일,대구광역시 달서구 성당동,중상사고,0,1,0,0,차량단독 - 기타,기타,건조,맑음,단일로 - 기타,승합,남,54세,상해없음,,,,
2012020700100567,2012년 2월 7일 23시,화요일,대구광역시 남구 봉덕동,경상사고,0,0,1,0,차대차 - 측면직각충돌,중앙선침범,건조,맑음,단일로 - 기타,승용,남,46세,상해없음,승용,남,25세,경상
2012020700100568,2012년 2월 7일 23시,화요일,대구광역시 달서구 두류동,경상사고,0,0,1,0,차대차 - 추돌 - 주정차중,안전운전불이행,건조,맑음,교차로 - 교차로부근,승용,남,36세,상해없음,승용,여,27세,경상
2012020800100023,2012년 2월 8일 01시,수요일,대구광역시 수성구 황금동,부상신고사고,0,0,0,1,차대사람 - 기타,안전운전불이행,건조,맑음,기타 - 기타,승용,남,31세,상해없음,보행자,남,47세,부상신고
2012020800100036,2012년 2월 8일 02시,수요일,대구광역시 남구 대명동,경상사고,0,0,3,0,차대차 - 추돌 - 주정차중,안전운전불이행,건조,맑음,교차로 - 교차로부근,승용,남,30세,상해없음,승용,남,37세,경상
2012020800100037,2012년 2월 8일 02시,수요일,대구광역시 달서구 상인동,경상사고,0,0,3,0,차대차 - 기타,교차로운행방법위반,기타,흐림,단일로 - 기타,승용,남,53세,상해없음,승용,남,44세,상해없음
2012020800100038,2012년 2월 8일 02시,수요일,대구광역시 달서구 도원동,경상사고,0,0,1,0,차대차 - 기타,교차로운행방법위반,건조,맑음,교차로 - 교차로안,승용,남,32세,상해없음,승용,남,22세,경상
2012020800100039,2012년 2월 8일 02시,수요일,대구광역시 달서구 용산동,경상사고,0,0,2,0,차대차 - 측면직각충돌,신호위반,건조,맑음,교차로 - 교차로안,승용,남,19세,상해없음,승용,남,37세,경상
2012020800100050,2012년 2월 8일 04시,수요일,대구광역시 수성구 황금동,중상사고,0,1,0,0,차대차 - 측면직각충돌,안전거리미확보,건조,맑음,단일로 - 기타,승용,남,61세,상해없음,승용,남,22세,중상
2012020800100082,2012년 2월 8일 07시,수요일,대구광역시 북구 대현동,경상사고,0,0,1,0,차대차 - 추돌 - 진행중,안전운전불이행,건조,맑음,교차로 - 교차로부근,승용,남,36세,상해없음,승용,남,58세,경상
2012020800100083,2012년 2월 8일 07시,수요일,대구광역시 중구 남산동,경상사고,0,0,1,0,차대차 - 추돌 - 진행중,안전운전불이행,건조,맑음,단일로 - 기타,승용,남,55세,상해없음,자전거,남,65세,경상
2012020800100084,2012년 2월 8일 07시,수요일,대구광역시 중구 남산동,경상사고,0,0,1,0,차대차 - 추돌 - 진행중,안전운전불이행,건조,맑음,교차로 - 교차로부근,승용,남,73세,상해없음,승용,여,33세,경상
2012020800100115,2012년 2월 8일 08시,수요일,대구광역시 북구 침산동,경상사고,0,0,1,0,차대차 - 추돌 - 진행중,안전거리미확보,건조,맑음,단일로 - 기타,승용,남,30세,상해없음,승용,남,46세,상해없음
2012020800100116,2012년 2월 8일 08시,수요일,대구광역시 북구 노원동1가,경상사고,0,0,1,0,차대차 - 기타,신호위반,건조,맑음,교차로 - 교차로안,승용,여,44세,상해없음,자전거,여,42세,경상
2012020800100117,2012년 2월 8일 08시,수요일,대구광역시 달서구 두류동,중상사고,0,1,0,0,차대사람 - 횡단중,보행자보호의무위반,건조,맑음,단일로 - 횡단보도상,화물,남,35세,상해없음,보행자,여,27세,중상
2012020800100118,2012년 2월 8일 08시,수요일,대구광역시 달서구 감삼동,경상사고,0,0,1,0,차대차 - 측면직각충돌,신호위반,건조,맑음,단일로 - 기타,이륜,기타불명,기타불명,기타불명,자전거,여,42세,경상
2012020800100137,2012년 2월 8일 09시,수요일,대구광역시 동구 동호동,중상사고,0,1,0,0,차대차 - 기타,안전운전불이행,건조,맑음,단일로 - 기타,승용,남,54세,상해없음,승용,남,41세,중상
2012020800100138,2012년 2월 8일 09시,수요일,대구광역시 중구 남산동,중상사고,0,1,0,0,차대사람 - 횡단중,보행자보호의무위반,건조,맑음,단일로 - 횡단보도상,승용,여,39세,상해없음,보행자,여,39세,중상
2012020800100164,2012년 2월 8일 10시,수요일,대구광역시 달서구 송현동,경상사고,0,0,2,0,차대차 - 기타,불법유턴,건조,맑음,교차로 - 교차로안,승용,남,50세,경상,승용,남,48세,경상
2012020800100196,2012년 2월 8일 11시,수요일,대구광역시 수성구 두산동,경상사고,0,0,1,0,차대차 - 추돌 - 진행중,안전운전불이행,건조,맑음,단일로 - 기타,승용,남,49세,상해없음,승용,남,40세,경상
2012020800100197,2012년 2월 8일 11시,수요일,대구광역시 북구 대현동,중상사고,0,2,1,0,차대차 - 기타,신호위반,건조,맑음,교차로 - 교차로안,승용,남,54세,상해없음,승용,남,41세,경상
2012020800100198,2012년 2월 8일 11시,수요일,대구광역시 달서구 감삼동,경상사고,0,0,2,0,차대차 - 측면직각충돌,안전거리미확보,건조,맑음,단일로 - 기타,승용,남,46세,경상,승용,남,43세,경상
2012020800100222,2012년 2월 8일 12시,수요일,대구광역시 북구 동천동,중상사고,0,1,0,0,차대차 - 측면직각충돌,안전거리미확보,건조,맑음,단일로 - 기타,승용,여,46세,상해없음,자전거,남,78세,중상
2012020800100223,2012년 2월 8일 12시,수요일,대구광역시 서구 내당동,중상사고,0,1,0,0,차대차 - 기타,안전운전불이행,건조,맑음,단일로 - 기타,승용,남,39세,상해없음,원동기,남,56세,중상
2012020800100249,2012년 2월 8일 13시,수요일,대구광역시 남구 대명동,경상사고,0,0,1,0,차대차 - 기타,안전운전불이행,건조,맑음,교차로 - 교차로안,승용,여,31세,상해없음,승용,여,24세,경상
2012020800100250,2012년 2월 8일 13시,수요일,대구광역시 달서구 월성동,경상사고,0,0,1,0,차대차 - 측면직각충돌,차로위반,건조,맑음,단일로 - 기타,승용,남,59세,상해없음,승용,남,48세,경상
2012020800100251,2012년 2월 8일 13시,수요일,대구광역시 북구 칠성동1가,부상신고사고,0,0,0,1,차대차 - 측면직각충돌,안전운전불이행,건조,맑음,단일로 - 기타,원동기,남,57세,부상신고,화물,남,36세,기타불명
2012020800100284,2012년 2월 8일 14시,수요일,대구광역시 동구 효목동,경상사고,0,0,1,0,차대사람 - 기타,안전운전불이행,건조,맑음,단일로 - 기타,이륜,남,18세,상해없음,보행자,남,10세,경상
2012020800100307,2012년 2월 8일 15시,수요일,대구광역시 북구 구암동,경상사고,0,0,1,0,차대차 - 기타,교차로운행방법위반,건조,맑음,교차로 - 교차로안,승용,여,32세,상해없음,승용,여,26세,경상
2012020800100373,2012년 2월 8일 17시,수요일,대구광역시 서구 평리동,경상사고,0,0,1,0,차대사람 - 차도통행중,안전운전불이행,건조,흐림,단일로 - 기타,승용,남,39세,상해없음,보행자,남,15세,경상
2012020800100374,2012년 2월 8일 17시,수요일,대구광역시 달서구 용산동,중상사고,0,1,0,0,차대차 - 측면직각충돌,교차로운행방법위반,건조,맑음,교차로 - 교차로안,화물,남,42세,상해없음,이륜,남,65세,중상
2012020800100422,2012년 2월 8일 18시,수요일,대구광역시 북구 침산동,중상사고,0,1,0,0,차대차 - 측면직각충돌,교차로운행방법위반,건조,맑음,교차로 - 교차로안,승용,여,29세,상해없음,승용,남,34세,중상
2012020800100423,2012년 2월 8일 18시,수요일,대구광역시 중구 동인동3가,중상사고,0,1,0,0,차대차 - 측면직각충돌,신호위반,건조,맑음,교차로 - 교차로안,화물,남,64세,상해없음,화물,남,49세,중상
2012020800100475,2012년 2월 8일 19시,수요일,대구광역시 달성군 논공읍,경상사고,0,0,1,0,차대차 - 추돌 - 주정차중,안전운전불이행,건조,맑음,교차로 - 교차로안,승용,남,52세,상해없음,승용,남,33세,경상
2012020800100476,2012년 2월 8일 19시,수요일,대구광역시 북구 노원동1가,경상사고,0,0,1,0,차대차 - 기타,안전운전불이행,건조,맑음,기타 - 기타,화물,남,56세,상해없음,승용,남,46세,경상
2012020800100518,2012년 2월 8일 20시,수요일,대구광역시 달서구 송현동,경상사고,0,0,1,0,차대사람 - 기타,안전운전불이행,건조,맑음,단일로 - 기타,승용,남,37세,상해없음,보행자,여,44세,경상
2012020800100519,2012년 2월 8일 20시,수요일,대구광역시 북구 고성동1가,경상사고,0,0,1,0,차대차 - 측면직각충돌,안전거리미확보,건조,맑음,단일로 - 기타,화물,남,39세,상해없음,승용,남,53세,경상
2012020800100543,2012년 2월 8일 21시,수요일,대구광역시 남구 대명동,경상사고,0,0,2,0,차대차 - 측면직각충돌,안전거리미확보,건조,맑음,단일로 - 기타,승용,남,68세,상해없음,승용,남,52세,경상
2012020800100544,2012년 2월 8일 21시,수요일,대구광역시 달서구 죽전동,중상사고,0,1,1,0,차대차 - 측면직각충돌,안전거리미확보,건조,맑음,단일로 - 기타,승용,남,44세,상해없음,이륜,남,16세,중상
2012020800100585,2012년 2월 8일 22시,수요일,대구광역시 수성구 만촌동,중상사고,0,1,0,0,차대사람 - 횡단중,안전운전불이행,건조,맑음,교차로 - 교차로안,승용,남,24세,상해없음,보행자,여,69세,중상
2012020800100586,2012년 2월 8일 22시,수요일,대구광역시 서구 내당동,경상사고,0,0,1,0,차대사람 - 기타,안전운전불이행,건조,맑음,교차로 - 교차로부근,승용,남,42세,상해없음,보행자,남,34세,경상
2012020800100587,2012년 2월 8일 22시,수요일,대구광역시 달서구 감삼동,부상신고사고,0,0,0,1,차대사람 - 횡단중,안전운전불이행,건조,맑음,단일로 - 횡단보도상,승용,기타불명,기타불명,기타불명,보행자,남,53세,부상신고
2012020900100043,2012년 2월 9일 01시,목요일,대구광역시 수성구 두산동,경상사고,0,0,2,0,차대차 - 기타,안전운전불이행,건조,맑음,교차로 - 교차로안,승용,남,41세,상해없음,승용,남,39세,경상
2012020900100061,2012년 2월 9일 02시,목요일,대구광역시 동구 방촌동,경상사고,0,0,3,0,차대차 - 추돌 - 진행중,안전거리미확보,건조,맑음,단일로 - 기타,승용,남,25세,상해없음,승용,남,53세,경상
2012020900100093,2012년 2월 9일 05시,목요일,대구광역시 수성구 만촌동,중상사고,0,1,0,0,차대차 - 기타,안전운전불이행,건조,맑음,단일로 - 기타,승합,남,52세,상해없음,승용,남,58세,중상
2012020900100094,2012년 2월 9일 05시,목요일,대구광역시 서구 비산동,경상사고,0,0,2,0,차대차 - 추돌 - 진행중,안전운전불이행,건조,맑음,단일로 - 기타,승용,여,29세,상해없음,승용,남,59세,경상
2012020900100168,2012년 2월 9일 08시,목요일,대구광역시 달서구 상인동,경상사고,0,0,2,0,차대차 - 추돌 - 진행중,안전운전불이행,건조,맑음,교차로 - 교차로안,승용,남,29세,상해없음,승용,남,38세,경상
2012020900100203,2012년 2월 9일 09시,목요일,대구광역시 동구 효목동,중상사고,0,1,0,0,차대차 - 측면직각충돌,신호위반,건조,맑음,교차로 - 교차로안,승용,남,26세,상해없음,승용,여,45세,중상
2012020900100204,2012년 2월 9일 09시,목요일,대구광역시 수성구 연호동,사망사고,1,1,1,0,차대사람 - 기타,안전운전불이행,건조,맑음,단일로 - 기타,승용,여,24세,중상,보행자,남,53세,사망
2012020900100206,2012년 2월 9일 09시,목요일,대구광역시 달서구 신당동,경상사고,0,0,1,0,차대차 - 추돌 - 주정차중,안전운전불이행,건조,맑음,단일로 - 기타,승용,남,21세,상해없음,승용,여,53세,경상
2012020900100233,2012년 2월 9일 10시,목요일,대구광역시 달서구 죽전동,경상사고,0,0,1,0,차대사람 - 기타,안전운전불이행,건조,맑음,교차로 - 교차로부근,승용,남,57세,기타불명,보행자,남,18세,경상
2012020900100257,2012년 2월 9일 11시,목요일,대구광역시 달서구 상인동,경상사고,0,0,1,0,차대차 - 측면직각충돌,안전운전불이행,건조,맑음,교차로 - 교차로부근,승용,여,33세,상해없음,승용,남,50세,경상
2012020900100258,2012년 2월 9일 11시,목요일,대구광역시 북구 침산동,경상사고,0,0,1,0,차대차 - 추돌 - 주정차중,안전거리미확보,기타,기타,단일로 - 기타,승용,남,66세,상해없음,승용,여,35세,경상
2012020900100290,2012년 2월 9일 12시,목요일,대구광역시 동구 신천동,중상사고,0,1,0,0,차대사람 - 길가장자리구역통행중,안전운전불이행,건조,맑음,단일로 - 기타,승용,여,60세,상해없음,보행자,여,52세,중상
2012020900100291,2012년 2월 9일 12시,목요일,대구광역시 수성구 수성동3가,경상사고,0,0,1,0,차대사람 - 기타,안전운전불이행,건조,맑음,단일로 - 기타,승합,남,61세,상해없음,보행자,여,8세,경상
2012020900100292,2012년 2월 9일 12시,목요일,대구광역시 서구 이현동,경상사고,0,0,1,0,차대차 - 측면직각충돌,안전운전불이행,건조,맑음,교차로 - 교차로부근,화물,남,25세,상해없음,승용,남,44세,경상
2012020900100320,2012년 2월 9일 13시,목요일,대구광역시 수성구 노변동,중상사고,0,1,0,0,차대차 - 측면직각충돌,안전운전불이행,건조,맑음,단일로 - 기타,승용,남,42세,상해없음,이륜,남,72세,중상
2012020900100322,2012년 2월 9일 13시,목요일,대구광역시 북구 산격동,경상사고,0,0,1,0,차대차 - 측면직각충돌,안전운전불이행,건조,맑음,교차로 - 교차로부근,승합,남,36세,상해없음,승용,여,35세,경상
2012020900100323,2012년 2월 9일 13시,목요일,대구광역시 북구 동천동,경상사고,0,0,1,0,차대차 - 기타,교차로운행방법위반,건조,맑음,교차로 - 교차로안,승용,여,34세,상해없음,원동기,남,43세,경상
2012020900100324,2012년 2월 9일 13시,목요일,대구광역시 중구 대봉동,경상사고,0,0,2,0,차대차 - 추돌 - 진행중,안전거리미확보,건조,맑음,단일로 - 기타,승용,여,30세,경상,승용,남,31세,상해없음
2012020900100325,2012년 2월 9일 13시,목요일,대구광역시 달서구 성당동,중상사고,0,1,2,0,차대차 - 추돌 - 주정차중,안전운전불이행,건조,맑음,단일로 - 기타,승용,남,62세,상해없음,승용,남,49세,경상
2012020900100326,2012년 2월 9일 13시,목요일,대구광역시 달서구 성당동,중상사고,0,1,0,0,차대차 - 기타,기타,건조,맑음,단일로 - 기타,승용,남,36세,상해없음,승용,남,54세,상해없음
2012020900100354,2012년 2월 9일 14시,목요일,대구광역시 달성군 현풍면,경상사고,0,0,1,0,차대차 - 측면직각충돌,안전운전불이행,건조,맑음,단일로 - 기타,화물,남,46세,상해없음,승용,여,31세,경상
2012020900100380,2012년 2월 9일 15시,목요일,대구광역시 북구 산격동,경상사고,0,0,1,0,차대차 - 정면충돌,안전운전불이행,건조,맑음,교차로 - 교차로안,화물,남,35세,상해없음,승용,남,50세,경상
2012020900100382,2012년 2월 9일 15시,목요일,대구광역시 서구 내당동,경상사고,0,0,1,0,차대사람 - 보도통행중,기타,건조,맑음,기타 - 기타,원동기,남,47세,상해없음,보행자,여,49세,경상
2012020900100383,2012년 2월 9일 15시,목요일,대구광역시 중구 봉산동,경상사고,0,0,1,0,차대사람 - 기타,안전운전불이행,건조,맑음,단일로 - 기타,승합,남,52세,상해없음,보행자,여,62세,경상
2012020900100438,2012년 2월 9일 17시,목요일,대구광역시 동구 신기동,경상사고,0,0,2,0,차대차 - 추돌 - 주정차중,안전운전불이행,건조,맑음,교차로 - 교차로부근,승용,남,42세,상해없음,승용,여,31세,상해없음
2012020900100439,2012년 2월 9일 17시,목요일,대구광역시 동구 효목동,중상사고,0,1,0,0,차대차 - 측면직각충돌,직진우회전진행방해,건조,맑음,단일로 - 기타,승용,남,70세,상해없음,승용,남,76세,중상
2012020900100440,2012년 2월 9일 17시,목요일,대구광역시 서구 내당동,중상사고,0,1,0,0,차대사람 - 길가장자리구역통행중,안전운전불이행,건조,맑음,단일로 - 기타,승용,여,29세,상해없음,보행자,남,73세,중상