사고번호,사고일시,요일,시군구,사고내용,사망자수,중상자수,경상자수,부상신고자수,사고유형,법규위반,노면상태,기상상태,도로형태,가해운전자 차종,가해운전자 성별,가해운전자 연령,가해운전자 상해정도,피해운전자 차종,피해운전자 성별,피해운전자 연령,피해운전자 상해정도
2012021200100486,2012년 2월 12일 20시,일요일,대구광역시 서구 평리동,경상사고,0,0,1,0,차대사람 - 기타,안전운전불이행,건조,맑음,단일로 - 기타,승용,남,30세,상해없음,보행자,남,48세,경상
2012021200100506,2012년 2월 12일 21시,일요일,대구광역시 달서구 이곡동,경상사고,0,0,1,0,차대차 - 기타,안전운전불이행,건조,맑음,교차로 - 교차로부근,승합,남,46세,상해없음,승용,남,44세,상해없음
2012021200100542,2012년 2월 12일 23시,일요일,대구광역시 동구 대림동,경상사고,0,0,1,0,차대차 - 측면직각충돌,안전운전불이행,건조,맑음,단일로 - 기타,승용,여,55세,상해없음,화물,남,47세,상해없음
2012021300100012,2012년 2월 13일 00시,월요일,대구광역시 서구 내당동,경상사고,0,0,1,0,차대차 - 측면직각충돌,안전거리미확보,건조,맑음,단일로 - 횡단보도부근,승용,남,19세,상해없음,승용,남,46세,경상
2012021300100052,2012년 2월 13일 05시,월요일,대구광역시 동구 지저동,경상사고,0,0,1,0,차대차 - 측면직각충돌,안전거리미확보,건조,맑음,단일로 - 횡단보도부근,화물,남,50세,상해없음,화물,남,35세,경상
2012021300100053,2012년 2월 13일 05시,월요일,대구광역시 서구 내당동,사망사고,1,0,0,0,차대사람 - 횡단중,신호위반,건조,맑음,단일로 - 횡단보도상,승용,남,26세,상해없음,보행자,여,50세,사망
2012021300100080,2012년 2월 13일 07시,월요일,대구광역시 달성군 옥포면,경상사고,0,0,2,0,차대차 - 측면직각충돌,안전거리미확보,건조,맑음,단일로 - 기타,승용,남,41세,경상,특수,남,45세,경상
2012021300100112,2012년 2월 13일 08시,월요일,대구광역시 동구 검사동,경상사고,0,0,3,0,차대차 - 기타,교차로운행방법위반,건조,맑음,교차로 - 교차로안,승용,남,24세,상해없음,승합,남,41세,경상
2012021300100134,2012년 2월 13일 09시,월요일,대구광역시 달성군 다사읍,중상사고,0,2,0,0,차대차 - 측면직각충돌,중앙선침범,적설,눈,단일로 - 기타,승용,여,52세,중상,승용,남,52세,중상
2012021300100135,2012년 2월 13일 09시,월요일,대구광역시 북구 서변동,사망사고,2,2,4,0,차대차 - 정면충돌,중앙선침범,습기,눈,단일로 - 기타,승용,여,65세,사망,승용,여,35세,경상
2012021300100188,2012년 2월 13일 12시,월요일,대구광역시 북구 태전동,경상사고,0,0,1,0,차대사람 - 길가장자리구역통행중,안전운전불이행,건조,맑음,단일로 - 기타,화물,남,37세,상해없음,보행자,남,53세,경상
2012021300100212,2012년 2월 13일 13시,월요일,대구광역시 수성구 만촌동,경상사고,0,0,1,0,차대차 - 기타,안전운전불이행,건조,맑음,기타 - 기타,화물,여,50세,상해없음,원동기,남,50세,경상
2012021300100213,2012년 2월 13일 13시,월요일,대구광역시 중구 삼덕동1가,경상사고,0,0,1,0,차대사람 - 기타,안전운전불이행,건조,맑음,기타 - 기타,원동기,여,49세,기타불명,보행자,여,52세,경상
2012021300100214,2012년 2월 13일 13시,월요일,대구광역시 달서구 성당동,경상사고,0,0,1,0,차대차 - 기타,중앙선침범,습기,눈,교차로 - 교차로부근,승용,남,21세,상해없음,원동기,남,39세,경상
2012021300100251,2012년 2월 13일 14시,월요일,대구광역시 달서구 송현동,경상사고,0,0,3,0,차대차 - 측면직각충돌,교차로운행방법위반,건조,맑음,교차로 - 교차로안,승용,여,18세,경상,승용,남,47세,경상
2012021300100280,2012년 2월 13일 15시,월요일,대구광역시 서구 비산동,중상사고,0,1,0,0,차량단독 - 기타,안전운전불이행,건조,맑음,단일로 - 기타,승용,남,59세,상해없음,,,,
2012021300100305,2012년 2월 13일 16시,월요일,대구광역시 달성군 화원읍,경상사고,0,0,1,0,차대차 - 측면직각충돌,안전운전불이행,건조,맑음,교차로 - 교차로부근,승용,남,18세,상해없음,승용,여,42세,경상
2012021300100306,2012년 2월 13일 16시,월요일,대구광역시 달서구 두류동,경상사고,0,0,1,0,차대차 - 측면직각충돌,안전운전불이행,건조,맑음,교차로 - 교차로안,화물,남,28세,상해없음,승용,남,54세,경상
2012021300100371,2012년 2월 13일 18시,월요일,대구광역시 남구 이천동,경상사고,0,0,1,0,차대차 - 추돌 - 진행중,안전거리미확보,건조,흐림,교차로 - 교차로부근,승용,남,22세,상해없음,승용,남,29세,경상
2012021300100372,2012년 2월 13일 18시,월요일,대구광역시 달성군 다사읍,경상사고,0,0,1,0,차대차 - 측면직각충돌,안전운전불이행,건조,맑음,교차로 - 교차로안,이륜,남,28세,경상,화물,남,38세,상해없음
2012021300100410,2012년 2월 13일 19시,월요일,대구광역시 중구 태평로1가,중상사고,0,1,0,0,차량단독 - 기타,기타,건조,맑음,단일로 - 기타,승용,남,63세,상해없음,,,,
2012021300100411,2012년 2월 13일 19시,월요일,대구광역시 달서구 이곡동,중상사고,0,1,0,0,차대사람 - 기타,차로위반,건조,맑음,교차로 - 교차로부근,승용,남,35세,상해없음,보행자,남,53세,중상
2012021300100412,2012년 2월 13일 19시,월요일,대구광역시 달서구 감삼동,경상사고,0,0,1,0,차대차 - 추돌 - 진행중,안전운전불이행,건조,맑음,단일로 - 기타,화물,남,44세,기타불명,승용,남,62세,경상
2012021300100465,2012년 2월 13일 21시,월요일,대구광역시 동구 신암동,경상사고,0,0,1,0,차대차 - 측면직각충돌,안전거리미확보,건조,맑음,교차로 - 교차로안,승용,남,53세,상해없음,승합,남,53세,상해없음
2012021300100466,2012년 2월 13일 21시,월요일,대구광역시 달서구 본동,부상신고사고,0,0,0,1,차대사람 - 기타,안전운전불이행,건조,맑음,단일로 - 기타,승합,기타불명,기타불명,기타불명,보행자,남,46세,부상신고
2012021300100467,2012년 2월 13일 21시,월요일,대구광역시 북구 읍내동,경상사고,0,0,1,0,차대차 - 측면직각충돌,안전운전불이행,건조,맑음,단일로 - 기타,승용,여,37세,상해없음,원동기,남,50세,경상
2012021300100468,2012년 2월 13일 21시,월요일,대구광역시 달서구 이곡동,경상사고,0,0,1,0,차대차 - 기타,중앙선침범,건조,맑음,단일로 - 기타,이륜,남,32세,상해없음,이륜,남,39세,경상
2012021300100506,2012년 2월 13일 22시,월요일,대구광역시 북구 태전동,부상신고사고,0,0,0,1,차대사람 - 기타,기타,건조,맑음,단일로 - 기타,승용,남,45세,상해없음,보행자,남,31세,부상신고
2012021300100537,2012년 2월 13일 23시,월요일,대구광역시 서구 내당동,경상사고,0,0,1,0,차대차 - 기타,안전운전불이행,건조,흐림,단일로 - 기타,화물,남,38세,상해없음,승용,남,45세,경상
2012021400100039,2012년 2월 14일 01시,화요일,대구광역시 서구 내당동,부상신고사고,0,0,0,1,차대사람 - 기타,안전운전불이행,건조,맑음,단일로 - 기타,승용,남,49세,상해없음,보행자,남,20세,부상신고
2012021400100054,2012년 2월 14일 02시,화요일,대구광역시 달성군 다사읍,부상신고사고,0,0,0,1,차대사람 - 기타,안전운전불이행,건조,맑음,단일로 - 기타,기타불명,기타불명,기타불명,기타불명,보행자,남,40세,부상신고
2012021400100055,2012년 2월 14일 02시,화요일,대구광역시 북구 산격동,중상사고,0,1,0,0,차대사람 - 길가장자리구역통행중,안전운전불이행,건조,맑음,단일로 - 기타,승용,남,31세,상해없음,보행자,남,57세,중상
2012021400100092,2012년 2월 14일 06시,화요일,대구광역시 중구 남산동,부상신고사고,0,0,0,1,차대차 - 측면직각충돌,중앙선침범,습기,비,단일로 - 기타,이륜,남,49세,부상신고,승용,남,63세,상해없음
2012021400100126,2012년 2월 14일 07시,화요일,대구광역시 중구 남산동,경상사고,0,0,1,0,차대차 - 측면직각충돌,안전운전불이행,건조,맑음,단일로 - 기타,승용,남,26세,상해없음,승용,여,35세,경상
2012021400100127,2012년 2월 14일 07시,화요일,대구광역시 달서구 성당동,사망사고,1,0,0,0,차대사람 - 기타,신호위반,건조,맑음,단일로 - 기타,승용,남,43세,상해없음,보행자,남,84세,사망
2012021400100186,2012년 2월 14일 09시,화요일,대구광역시 달서구 송현동,중상사고,0,1,0,0,차대차 - 기타,교차로운행방법위반,습기,비,교차로 - 교차로안,승용,남,85세,상해없음,승용,남,27세,중상
2012021400100187,2012년 2월 14일 09시,화요일,대구광역시 달서구 월성동,중상사고,0,1,0,0,차대사람 - 기타,기타,건조,맑음,단일로 - 기타,이륜,남,61세,상해없음,보행자,여,68세,중상
2012021400100188,2012년 2월 14일 09시,화요일,대구광역시 북구 서변동,경상사고,0,0,1,0,차대차 - 측면직각충돌,안전거리미확보,습기,비,단일로 - 기타,승용,여,48세,상해없음,승용,남,56세,경상
2012021400100189,2012년 2월 14일 09시,화요일,대구광역시 북구 산격동,중상사고,0,1,1,0,차량단독 - 기타,안전운전불이행,습기,비,단일로 - 기타,승합,남,50세,상해없음,,,,
2012021400100214,2012년 2월 14일 10시,화요일,대구광역시 수성구 두산동,경상사고,0,0,1,1,차대차 - 측면직각충돌,신호위반,습기,비,교차로 - 교차로안,승용,남,56세,상해없음,승용,남,49세,경상
2012021400100248,2012년 2월 14일 11시,화요일,대구광역시 동구 효목동,경상사고,0,0,1,0,차대차 - 측면직각충돌,안전운전불이행,건조,맑음,단일로 - 기타,승용,남,29세,상해없음,이륜,남,42세,경상
2012021400100249,2012년 2월 14일 11시,화요일,대구광역시 달성군 가창면,중상사고,0,1,0,0,차량단독 - 기타,안전운전불이행,건조,맑음,단일로 - 기타,승합,남,56세,상해없음,,,,
2012021400100271,2012년 2월 14일 12시,화요일,대구광역시 달성군 구지면,중상사고,0,1,8,0,차대차 - 측면직각충돌,직진우회전진행방해,습기,흐림,교차로 - 교차로안,승합,남,49세,상해없음,승용,남,48세,경상
2012021400100296,2012년 2월 14일 13시,화요일,대구광역시 달성군 다사읍,중상사고,0,1,2,0,차대차 - 추돌 - 주정차중,안전거리미확보,건조,맑음,단일로 - 기타,화물,남,42세,중상,건설기계,남,34세,경상
2012021400100322,2012년 2월 14일 14시,화요일,대구광역시 동구 신암동,경상사고,0,0,1,0,차대차 - 측면직각충돌,교차로운행방법위반,건조,맑음,교차로 - 교차로안,승용,남,49세,상해없음,승용,남,55세,경상
2012021400100323,2012년 2월 14일 14시,화요일,대구광역시 달서구 송현동,부상신고사고,0,0,0,1,차대차 - 측면직각충돌,중앙선침범,건조,맑음,단일로 - 기타,원동기,남,70세,부상신고,승용,남,39세,상해없음
2012021400100324,2012년 2월 14일 14시,화요일,대구광역시 북구 침산동,중상사고,0,1,0,0,차대차 - 측면직각충돌,안전거리미확보,건조,맑음,단일로 - 기타,화물,남,52세,상해없음,이륜,여,43세,중상
2012021400100325,2012년 2월 14일 14시,화요일,대구광역시 서구 평리동,경상사고,0,0,1,0,차대차 - 측면직각충돌,교차로운행방법위반,건조,맑음,기타 - 기타,승용,남,38세,상해없음,이륜,남,30세,경상
2012021400100356,2012년 2월 14일 15시,화요일,대구광역시 동구 신기동,중상사고,0,1,0,0,차대사람 - 횡단중,보행자보호의무위반,건조,맑음,단일로 - 기타,승용,남,57세,상해없음,보행자,여,81세,중상
2012021400100386,2012년 2월 14일 16시,화요일,대구광역시 동구 효목동,경상사고,0,0,1,0,차대사람 - 길가장자리구역통행중,안전운전불이행,건조,맑음,교차로 - 교차로부근,화물,남,33세,상해없음,보행자,여,65세,경상
2012021400100387,2012년 2월 14일 16시,화요일,대구광역시 달서구 상인동,경상사고,0,0,1,0,차대차 - 기타,안전거리미확보,건조,맑음,단일로 - 기타,승용,기타불명,기타불명,기타불명,승합,남,54세,상해없음
2012021400100419,2012년 2월 14일 17시,화요일,대구광역시 중구 서문로1가,중상사고,0,1,0,0,차대사람 - 횡단중,보행자보호의무위반,건조,맑음,교차로 - 교차로부근,승용,남,43세,상해없음,보행자,여,58세,중상
2012021400100459,2012년 2월 14일 18시,화요일,대구광역시 수성구 상동,경상사고,0,0,4,0,차대차 - 측면직각충돌,교차로운행방법위반,건조,맑음,교차로 - 교차로안,승용,여,58세,상해없음,승합,남,23세,경상
2012021400100460,2012년 2월 14일 18시,화요일,대구광역시 달서구 본동,경상사고,0,0,2,0,차대차 - 기타,안전거리미확보,건조,흐림,단일로 - 기타,승용,여,25세,상해없음,승용,남,39세,경상
2012021400100504,2012년 2월 14일 19시,화요일,대구광역시 수성구 만촌동,사망사고,1,4,1,0,차대차 - 측면직각충돌,중앙선침범,건조,맑음,단일로 - 기타,승용,남,77세,사망,승용,여,52세,중상
2012021400100505,2012년 2월 14일 19시,화요일,대구광역시 북구 읍내동,경상사고,0,0,1,0,차대차 - 측면직각충돌,직진우회전진행방해,건조,맑음,교차로 - 교차로안,승용,남,71세,상해없음,이륜,남,47세,경상
2012021400100535,2012년 2월 14일 20시,화요일,대구광역시 남구 대명동,경상사고,0,0,1,0,차대사람 - 길가장자리구역통행중,안전운전불이행,건조,맑음,단일로 - 기타,화물,남,67세,상해없음,보행자,여,52세,경상
2012021400100536,2012년 2월 14일 20시,화요일,대구광역시 동구 용계동,중상사고,0,1,0,0,차대차 - 측면직각충돌,안전운전불이행,건조,맑음,단일로 - 기타,승용,남,40세,상해없음,이륜,남,38세,중상
2012021400100537,2012년 2월 14일 20시,화요일,대구광역시 수성구 노변동,중상사고,0,1,0,0,차대사람 - 횡단중,안전운전불이행,건조,맑음,단일로 - 횡단보도부근,승용,남,34세,상해없음,보행자,남,53세,중상
2012021400100538,2012년 2월 14일 20시,화요일,대구광역시 수성구 상동,중상사고,0,1,0,0,차대사람 - 길가장자리구역통행중,안전운전불이행,건조,맑음,단일로 - 기타,승용,남,59세,상해없음,보행자,여,67세,중상
2012021400100569,2012년 2월 14일 21시,화요일,대구광역시 수성구 범어동,경상사고,0,0,1,0,차대차 - 측면직각충돌,교차로운행방법위반,건조,맑음,교차로 - 교차로안,승용,남,44세,상해없음,자전거,남,21세,경상
2012021400100570,2012년 2월 14일 21시,화요일,대구광역시 수성구 범어동,경상사고,0,0,1,0,차대차 - 추돌 - 주정차중,안전운전불이행,건조,맑음,교차로 - 교차로부근,승용,남,44세,상해없음,승용,여,36세,경상
2012021400100571,2012년 2월 14일 21시,화요일,대구광역시 서구 원대동1가,경상사고,0,0,1,0,차대사람 - 횡단중,보행자보호의무위반,건조,맑음,단일로 - 횡단보도상,승용,남,57세,상해없음,보행자,남,60세,경상
2012021400100604,2012년 2월 14일 22시,화요일,대구광역시 수성구 수성동2가,경상사고,0,0,2,0,차대차 - 추돌 - 진행중,안전운전불이행,건조,맑음,교차로 - 교차로부근,승용,남,24세,상해없음,승용,남,54세,경상
2012021400100605,2012년 2월 14일 22시,화요일,대구광역시 달서구 송현동,경상사고,0,0,1,0,차대차 - 기타,직진우회전진행방해,건조,맑음,교차로 - 교차로안,승용,여,38세,상해없음,승용,여,53세,경상
2012021400100606,2012년 2월 14일 22시,화요일,대구광역시 북구 서변동,경상사고,0,0,1,0,차대사람 - 기타,보행자보호의무위반,건조,기타,단일로 - 기타,기타불명,기타불명,기타불명,기타불명,보행자,남,59세,경상
2012021500100040,2012년 2월 15일 01시,수요일,대구광역시 달서구 본리동,중상사고,0,1,1,0,차대차 - 추돌 - 주정차중,안전운전불이행,건조,맑음,교차로 - 교차로부근,원동기,남,19세,중상,승용,남,22세,경상
2012021500100065,2012년 2월 15일 04시,수요일,대구광역시 달서구 진천동,경상사고,0,0,1,0,차대차 - 기타,안전운전불이행,건조,맑음,교차로 - 교차로부근,기타불명,기타불명,기타불명,기타불명,자전거,남,56세,경상
2012021500100077,2012년 2월 15일 05시,수요일,대구광역시 서구 비산동,중상사고,0,1,1,0,차대차 - 측면직각충돌,직진우회전진행방해,건조,맑음,교차로 - 교차로안,승용,남,28세,상해없음,승용,남,51세,중상
2012021500100087,2012년 2월 15일 06시,수요일,대구광역시 달성군 현풍면,경상사고,0,0,1,0,차대차 - 측면직각충돌,안전운전불이행,건조,맑음,단일로 - 기타,승용,여,50세,상해없음,자전거,남,44세,경상
2012021500100105,2012년 2월 15일 07시,수요일,대구광역시 달서구 죽전동,중상사고,0,1,0,0,차대차 - 정면충돌,중앙선침범,건조,맑음,단일로 - 기타,승용,남,46세,상해없음,승용,여,44세,중상
2012021500100124,2012년 2월 15일 08시,수요일,대구광역시 수성구 만촌동,경상사고,0,0,1,0,차대차 - 측면직각충돌,안전운전불이행,건조,맑음,단일로 - 기타,승용,남,40세,상해없음,승용,남,35세,경상
2012021500100125,2012년 2월 15일 08시,수요일,대구광역시 서구 내당동,경상사고,0,0,1,0,차대차 - 기타,안전운전불이행,건조,맑음,교차로 - 교차로부근,승용,남,31세,상해없음,승용,남,42세,경상
2012021500100190,2012년 2월 15일 11시,수요일,대구광역시 수성구 수성동1가,중상사고,0,1,0,0,차대차 - 측면직각충돌,교차로운행방법위반,건조,맑음,단일로 - 횡단보도상,승용,남,40세,상해없음,이륜,남,63세,중상
2012021500100192,2012년 2월 15일 11시,수요일,대구광역시 서구 중리동,경상사고,0,0,1,0,차대차 - 기타,안전운전불이행,건조,맑음,교차로 - 교차로안,화물,남,60세,상해없음,승용,남,52세,경상
2012021500100211,2012년 2월 15일 12시,수요일,대구광역시 동구 방촌동,경상사고,0,0,1,0,차대차 - 측면직각충돌,안전운전불이행,건조,맑음,단일로 - 횡단보도상,승용,남,49세,상해없음,자전거,남,24세,경상
2012021500100230,2012년 2월 15일 13시,수요일,대구광역시 북구 산격동,중상사고,0,1,0,0,차대차 - 측면직각충돌,안전거리미확보,건조,맑음,단일로 - 기타,승용,여,47세,상해없음,원동기,남,37세,중상
2012021500100241,2012년 2월 15일 14시,수요일,대구광역시 북구 동천동,중상사고,0,1,0,0,차대차 - 측면직각충돌,신호위반,건조,맑음,교차로 - 교차로안,승용,여,41세,상해없음,원동기,남,41세,중상
2012021500100242,2012년 2월 15일 14시,수요일,대구광역시 서구 중리동,중상사고,0,1,0,0,차대차 - 측면직각충돌,신호위반,건조,맑음,교차로 - 교차로안,승용,여,66세,상해없음,원동기,남,17세,중상
2012021500100266,2012년 2월 15일 15시,수요일,대구광역시 남구 대명동,경상사고,0,0,1,0,차대차 - 추돌 - 주정차중,안전거리미확보,건조,맑음,단일로 - 기타,승용,남,22세,기타불명,승용,남,45세,경상
2012021500100267,2012년 2월 15일 15시,수요일,대구광역시 서구 중리동,경상사고,0,0,1,0,차대사람 - 차도통행중,안전운전불이행,건조,맑음,단일로 - 기타,승용,남,34세,상해없음,보행자,남,72세,경상
2012021500100287,2012년 2월 15일 16시,수요일,대구광역시 남구 이천동,중상사고,0,1,0,0,차대사람 - 차도통행중,안전운전불이행,건조,맑음,단일로 - 기타,승용,남,69세,상해없음,보행자,여,78세,중상
2012021500100315,2012년 2월 15일 17시,수요일,대구광역시 동구 신기동,경상사고,0,0,1,0,차대차 - 기타,신호위반,건조,맑음,교차로 - 교차로안,화물,남,63세,상해없음,화물,남,60세,경상
2012021500100316,2012년 2월 15일 17시,수요일,대구광역시 북구 고성동1가,경상사고,0,0,1,0,차대차 - 측면직각충돌,안전운전불이행,건조,맑음,단일로 - 횡단보도상,승용,남,39세,상해없음,자전거,남,17세,경상
2012021500100354,2012년 2월 15일 18시,수요일,대구광역시 달서구 진천동,경상사고,0,0,1,0,차대차 - 측면직각충돌,안전거리미확보,건조,맑음,교차로 - 교차로부근,승용,남,60세,상해없음,승용,남,49세,경상
2012021500100355,2012년 2월 15일 18시,수요일,대구광역시 북구 침산동,중상사고,0,1,0,0,차대차 - 측면직각충돌,안전거리미확보,건조,맑음,단일로 - 기타,승용,여,46세,상해없음,이륜,남,24세,중상
2012021500100356,2012년 2월 15일 18시,수요일,대구광역시 서구 이현동,경상사고,0,0,1,0,차대차 - 측면직각충돌,신호위반,건조,맑음,교차로 - 교차로안,승용,남,63세,상해없음,이륜,남,60세,경상
2012021500100393,2012년 2월 15일 19시,수요일,대구광역시 수성구 황금동,경상사고,0,0,1,0,차대차 - 측면직각충돌,안전운전불이행,건조,맑음,교차로 - 교차로안,승용,남,50세,상해없음,원동기,남,20세,경상
2012021500100394,2012년 2월 15일 19시,수요일,대구광역시 달서구 월암동,경상사고,0,0,1,0,차대차 - 측면직각충돌,교차로운행방법위반,건조,맑음,기타 - 기타,화물,남,30세,상해없음,승용,남,26세,경상
2012021500100395,2012년 2월 15일 19시,수요일,대구광역시 북구 복현동,경상사고,0,0,1,0,차대차 - 추돌 - 진행중,안전운전불이행,건조,맑음,단일로 - 기타,이륜,남,16세,경상,화물,남,31세,상해없음
2012021500100396,2012년 2월 15일 19시,수요일,대구광역시 서구 비산동,경상사고,0,0,1,0,차대차 - 측면직각충돌,안전거리미확보,건조,맑음,단일로 - 기타,승용,남,46세,상해없음,승용,남,54세,경상
2012021500100397,2012년 2월 15일 19시,수요일,대구광역시 중구 공평동,경상사고,0,0,1,0,차대사람 - 차도통행중,보행자보호의무위반,건조,맑음,교차로 - 교차로안,기타불명,기타불명,기타불명,기타불명,보행자,여,50세,경상
2012021500100428,2012년 2월 15일 20시,수요일,대구광역시 동구 신암동,경상사고,0,0,1,0,차대차 - 추돌 - 진행중,기타,건조,맑음,교차로 - 교차로안,승용,남,31세,상해없음,승용,남,55세,경상
2012021500100429,2012년 2월 15일 20시,수요일,대구광역시 달서구 송현동,경상사고,0,0,1,0,차대차 - 기타,신호위반,건조,맑음,교차로 - 교차로안,승용,남,41세,상해없음,승용,남,58세,경상
2012021500100430,2012년 2월 15일 20시,수요일,대구광역시 북구 칠성동1가,중상사고,0,1,0,0,차대차 - 기타,안전운전불이행,건조,맑음,단일로 - 기타,승용,여,48세,상해없음,이륜,남,36세,중상
2012021500100431,2012년 2월 15일 20시,수요일,대구광역시 달서구 신당동,경상사고,0,0,3,0,차대차 - 추돌 - 진행중,안전운전불이행,건조,맑음,단일로 - 횡단보도부근,승용,남,48세,상해없음,승용,남,35세,경상
2012021500100458,2012년 2월 15일 21시,수요일,대구광역시 북구 칠성동2가,중상사고,0,1,0,0,차대차 - 기타,안전운전불이행,건조,맑음,교차로 - 교차로안,승용,남,50세,상해없음,자전거,여,69세,중상
2012021500100479,2012년 2월 15일 22시,수요일,대구광역시 북구 산격동,경상사고,0,0,1,1,차대사람 - 길가장자리구역통행중,안전운전불이행,건조,맑음,단일로 - 기타,이륜,남,16세,부상신고,보행자,남,30세,경상
2012021500100480,2012년 2월 15일 22시,수요일,대구광역시 중구 공평동,경상사고,0,0,1,0,차대차 - 추돌 - 주정차중,안전운전불이행,건조,맑음,교차로 - 교차로부근,승용,여,24세,상해없음,승용,여,51세,경상
2012021500100481,2012년 2월 15일 22시,수요일,대구광역시 달서구 갈산동,경상사고,0,0,2,0,차대차 - 추돌 - 주정차중,안전운전불이행,건조,맑음,단일로 - 기타,승용,남,45세,상해없음,승용,남,31세,경상
2012021500100510,2012년 2월 15일 23시,수요일,대구광역시 북구 국우동,중상사고,0,1,0,0,차대차 - 측면직각충돌,안전거리미확보,건조,맑음,단일로 - 기타,승용,남,56세,상해없음,승용,남,58세,중상
2012021500100511,2012년 2월 15일 23시,수요일,대구광역시 북구 산격동,경상사고,0,0,1,0,차대차 - 추돌 - 진행중,안전거리미확보,건조,맑음,교차로 - 교차로부근,승용,남,38세,상해없음,승용,남,52세,경상
2012021600100041,2012년 2월 16일 03시,목요일,대구광역시 남구 대명동,경상사고,0,0,2,0,차대차 - 추돌 - 진행중,안전운전불이행,건조,맑음,단일로 - 기타,승용,남,28세,상해없음,승용,여,44세,경상
2012021600100042,2012년 2월 16일 03시,목요일,대구광역시 중구 사일동,경상사고,0,0,1,1,차대차 - 측면직각충돌,안전거리미확보,건조,맑음,교차로 - 교차로부근,승용,남,44세,부상신고,승용,남,34세,경상
2012021600100073,2012년 2월 16일 06시,목요일,대구광역시 북구 산격동,경상사고,0,0,1,0,차대차 - 측면직각충돌,신호위반,건조,맑음,교차로 - 교차로안,화물,남,34세,상해없음,승용,여,33세,경상
2012021600100095,2012년 2월 16일 07시,목요일,대구광역시 달서구 송현동,중상사고,0,1,1,0,차대차 - 추돌 - 진행중,안전운전불이행,건조,맑음,교차로 - 교차로부근,승용,남,36세,상해없음,승용,남,59세,경상
2012021600100123,2012년 2월 16일 08시,목요일,대구광역시 달성군 다사읍,중상사고,0,1,1,0,차대사람 - 보도통행중,안전운전불이행,건조,맑음,단일로 - 기타,자전거,남,29세,경상,보행자,남,17세,중상
2012021600100142,2012년 2월 16일 09시,목요일,대구광역시 서구 내당동,중상사고,0,1,0,0,차대차 - 측면직각충돌,안전운전불이행,건조,맑음,단일로 - 기타,승용,남,43세,상해없음,원동기,남,74세,중상
2012021600100196,2012년 2월 16일 11시,목요일,대구광역시 북구 태전동,중상사고,0,1,0,0,차대사람 - 횡단중,보행자보호의무위반,건조,맑음,단일로 - 횡단보도상,승용,여,45세,상해없음,보행자,여,74세,중상
2012021600100197,2012년 2월 16일 11시,목요일,대구광역시 북구 태전동,경상사고,0,0,1,0,차대차 - 기타,안전운전불이행,건조,맑음,기타 - 기타,승용,남,48세,상해없음,승용,남,36세,경상
2012021600100223,2012년 2월 16일 12시,목요일,대구광역시 남구 봉덕동,경상사고,0,0,1,0,차대차 - 측면직각충돌,직진우회전진행방해,건조,맑음,교차로 - 교차로안,승합,남,34세,상해없음,자전거,남,23세,경상
2012021600100224,2012년 2월 16일 12시,목요일,대구광역시 동구 지저동,경상사고,0,0,1,0,차대차 - 측면직각충돌,안전거리미확보,건조,맑음,교차로 - 교차로부근,승용,남,64세,상해없음,이륜,남,56세,경상
2012021600100268,2012년 2월 16일 14시,목요일,대구광역시 수성구 지산동,사망사고,1,0,0,0,차대사람 - 기타,안전운전불이행,건조,맑음,단일로 - 기타,승용,남,70세,상해없음,보행자,여,77세,사망
2012021600100292,2012년 2월 16일 15시,목요일,대구광역시 북구 국우동,부상신고사고,0,0,0,1,차대차 - 정면충돌,안전운전불이행,건조,맑음,교차로 - 교차로안,원동기,남,16세,부상신고,승용,남,65세,상해없음
2012021600100312,2012년 2월 16일 16시,목요일,대구광역시 수성구 지산동,경상사고,0,0,1,0,차대차 - 측면직각충돌,차로위반,건조,맑음,단일로 - 기타,승용,남,28세,상해없음,승용,남,53세,경상
2012021600100313,2012년 2월 16일 16시,목요일,대구광역시 수성구 범어동,중상사고,0,1,1,0,차대차 - 기타,안전거리미확보,건조,맑음,교차로 - 교차로안,화물,남,25세,상해없음,승용,여,58세,중상
2012021600100314,2012년 2월 16일 16시,목요일,대구광역시 북구 동천동,경상사고,0,0,1,0,차대사람 - 기타,신호위반,건조,맑음,단일로 - 횡단보도상,승용,여,42세,상해없음,보행자,남,10세,경상
2012021600100315,2012년 2월 16일 16시,목요일,대구광역시 서구 비산동,경상사고,0,0,2,0,차대차 - 추돌 - 진행중,안전운전불이행,건조,맑음,단일로 - 기타,승용,남,54세,상해없음,승용,남,37세,경상
2012021600100316,2012년 2월 16일 16시,목요일,대구광역시 중구 봉산동,경상사고,0,0,1,0,차대차 - 측면직각충돌,교차로운행방법위반,건조,맑음,교차로 - 교차로안,승용,남,21세,상해없음,이륜,남,46세,경상
2012021600100317,2012년 2월 16일 16시,목요일,대구광역시 달서구 용산동,경상사고,0,0,2,0,차대차 - 측면직각충돌,안전거리미확보,건조,맑음,교차로 - 교차로부근,승용,여,28세,상해없음,승용,남,37세,경상
2012021600100380,2012년 2월 16일 18시,목요일,대구광역시 달서구 상인동,경상사고,0,0,1,0,차대차 - 기타,안전운전불이행,건조,흐림,단일로 - 기타,승용,여,49세,상해없음,이륜,남,40세,경상