사고번호,사고일시,요일,시군구,사고내용,사망자수,중상자수,경상자수,부상신고자수,사고유형,법규위반,노면상태,기상상태,도로형태,가해운전자 차종,가해운전자 성별,가해운전자 연령,가해운전자 상해정도,피해운전자 차종,피해운전자 성별,피해운전자 연령,피해운전자 상해정도
2012022300100376,2012년 2월 23일 18시,목요일,대구광역시 북구 노원동2가,경상사고,0,0,1,0,차대차 - 측면직각충돌,안전운전불이행,건조,맑음,단일로 - 횡단보도상,이륜,남,44세,상해없음,자전거,남,44세,경상
2012022300100402,2012년 2월 23일 19시,목요일,대구광역시 동구 방촌동,경상사고,0,0,1,0,차대차 - 측면직각충돌,안전운전불이행,건조,맑음,단일로 - 기타,승용,여,50세,상해없음,자전거,여,58세,경상
2012022300100403,2012년 2월 23일 19시,목요일,대구광역시 중구 공평동,경상사고,0,0,1,0,차대사람 - 길가장자리구역통행중,안전운전불이행,건조,맑음,기타 - 기타,승용,남,22세,상해없음,보행자,여,21세,경상
2012022300100424,2012년 2월 23일 20시,목요일,대구광역시 수성구 대흥동,경상사고,0,0,2,0,차대차 - 측면직각충돌,신호위반,건조,맑음,교차로 - 교차로안,승용,남,24세,상해없음,승용,남,32세,경상
2012022300100425,2012년 2월 23일 20시,목요일,대구광역시 북구 태전동,중상사고,0,1,0,0,차대차 - 기타,안전운전불이행,건조,맑음,단일로 - 기타,원동기,남,20세,상해없음,승합,남,48세,상해없음
2012022300100454,2012년 2월 23일 21시,목요일,대구광역시 남구 대명동,중상사고,0,1,1,0,차대차 - 추돌 - 진행중,안전거리미확보,건조,맑음,단일로 - 기타,승용,남,49세,상해없음,승용,남,63세,경상
2012022300100477,2012년 2월 23일 22시,목요일,대구광역시 수성구 범어동,경상사고,0,0,3,0,차대차 - 추돌 - 주정차중,안전운전불이행,건조,맑음,교차로 - 교차로부근,승용,남,36세,상해없음,승용,여,44세,경상
2012022300100498,2012년 2월 23일 23시,목요일,대구광역시 동구 효목동,중상사고,0,1,0,0,차대차 - 추돌 - 주정차중,안전운전불이행,건조,맑음,단일로 - 교량,승용,남,40세,상해없음,승용,여,65세,중상
2012022400100022,2012년 2월 24일 00시,금요일,대구광역시 동구 용계동,경상사고,0,0,1,0,차대차 - 기타,안전운전불이행,건조,맑음,단일로 - 기타,승용,남,29세,상해없음,승용,남,35세,경상
2012022400100023,2012년 2월 24일 00시,금요일,대구광역시 북구 칠성동1가,중상사고,0,1,1,0,차대차 - 추돌 - 진행중,안전거리미확보,건조,맑음,단일로 - 기타,이륜,남,16세,중상,승용,남,64세,경상
2012022400100075,2012년 2월 24일 03시,금요일,대구광역시 동구 효목동,중상사고,0,1,0,0,차량단독 - 공작물충돌,안전운전불이행,건조,맑음,단일로 - 기타,원동기,남,19세,중상,,,,
2012022400100076,2012년 2월 24일 03시,금요일,대구광역시 중구 공평동,경상사고,0,0,2,0,차대사람 - 횡단중,보행자보호의무위반,건조,맑음,단일로 - 횡단보도상,승용,남,41세,상해없음,보행자,여,37세,경상
2012022400100091,2012년 2월 24일 04시,금요일,대구광역시 수성구 두산동,중상사고,0,1,0,0,차대차 - 측면직각충돌,신호위반,건조,맑음,교차로 - 교차로안,승용,남,53세,상해없음,승용,남,47세,중상
2012022400100117,2012년 2월 24일 06시,금요일,대구광역시 달서구 송현동,경상사고,0,0,3,0,차대차 - 추돌 - 진행중,안전거리미확보,건조,맑음,교차로 - 교차로안,승용,남,64세,상해없음,특수,남,27세,상해없음
2012022400100118,2012년 2월 24일 06시,금요일,대구광역시 서구 비산동,중상사고,0,1,0,0,차대사람 - 횡단중,안전운전불이행,건조,맑음,단일로 - 횡단보도상,승용,남,33세,상해없음,보행자,여,82세,중상
2012022400100172,2012년 2월 24일 08시,금요일,대구광역시 동구 신암동,경상사고,0,0,1,0,차대사람 - 보도통행중,안전운전불이행,건조,맑음,단일로 - 기타,승용,기타불명,기타불명,기타불명,보행자,여,24세,경상
2012022400100173,2012년 2월 24일 08시,금요일,대구광역시 수성구 황금동,경상사고,0,0,4,0,차대차 - 추돌 - 진행중,안전운전불이행,건조,맑음,단일로 - 기타,기타불명,기타불명,기타불명,기타불명,승합,남,55세,상해없음
2012022400100174,2012년 2월 24일 08시,금요일,대구광역시 서구 원대동1가,경상사고,0,0,1,0,차대차 - 측면직각충돌,안전운전불이행,건조,맑음,단일로 - 기타,승용,남,59세,상해없음,승용,남,29세,경상
2012022400100175,2012년 2월 24일 08시,금요일,대구광역시 서구 비산동,사망사고,1,0,0,0,차대사람 - 기타,안전운전불이행,건조,맑음,단일로 - 횡단보도부근,특수,남,54세,상해없음,보행자,여,78세,사망
2012022400100201,2012년 2월 24일 09시,금요일,대구광역시 동구 방촌동,중상사고,0,1,0,0,차대차 - 기타,안전운전불이행,건조,맑음,기타 - 기타,승용,남,67세,상해없음,자전거,남,82세,중상
2012022400100202,2012년 2월 24일 09시,금요일,대구광역시 북구 침산동,경상사고,0,0,1,0,차대차 - 측면직각충돌,신호위반,건조,맑음,교차로 - 교차로안,승합,남,23세,상해없음,승용,남,50세,경상
2012022400100282,2012년 2월 24일 13시,금요일,대구광역시 남구 대명동,경상사고,0,0,2,0,차대차 - 정면충돌,직진우회전진행방해,건조,맑음,교차로 - 교차로안,승용,여,61세,경상,화물,남,28세,경상
2012022400100304,2012년 2월 24일 14시,금요일,대구광역시 동구 효목동,경상사고,0,0,1,0,차대차 - 기타,안전운전불이행,건조,맑음,단일로 - 기타,화물,남,44세,상해없음,자전거,남,14세,경상
2012022400100305,2012년 2월 24일 14시,금요일,대구광역시 달성군 화원읍,경상사고,0,0,1,0,차대사람 - 기타,기타,건조,맑음,교차로 - 교차로부근,화물,남,65세,상해없음,보행자,여,40세,경상
2012022400100306,2012년 2월 24일 14시,금요일,대구광역시 북구 칠성동1가,중상사고,0,1,0,0,차대차 - 기타,안전거리미확보,건조,맑음,교차로 - 교차로부근,화물,남,49세,상해없음,이륜,남,46세,중상
2012022400100329,2012년 2월 24일 15시,금요일,대구광역시 서구 평리동,경상사고,0,0,1,0,차대사람 - 횡단중,안전운전불이행,건조,맑음,단일로 - 기타,승용,남,40세,상해없음,보행자,여,45세,경상
2012022400100385,2012년 2월 24일 17시,금요일,대구광역시 동구 효목동,중상사고,0,1,0,0,차대차 - 측면직각충돌,안전운전불이행,건조,맑음,교차로 - 교차로안,화물,남,46세,상해없음,자전거,남,63세,중상
2012022400100387,2012년 2월 24일 17시,금요일,대구광역시 달서구 월성동,중상사고,0,2,1,0,차대차 - 측면직각충돌,직진우회전진행방해,건조,맑음,교차로 - 교차로안,승용,남,42세,경상,승용,남,49세,중상
2012022400100421,2012년 2월 24일 18시,금요일,대구광역시 수성구 범어동,경상사고,0,0,1,0,차대차 - 기타,안전운전불이행,건조,맑음,단일로 - 횡단보도상,승용,남,75세,상해없음,자전거,여,63세,경상
2012022400100422,2012년 2월 24일 18시,금요일,대구광역시 달성군 논공읍,경상사고,0,0,1,0,차대차 - 측면직각충돌,안전운전불이행,건조,맑음,교차로 - 교차로부근,승합,남,54세,상해없음,승용,여,40세,경상
2012022400100423,2012년 2월 24일 18시,금요일,대구광역시 북구 산격동,경상사고,0,0,1,0,차대차 - 측면직각충돌,신호위반,건조,맑음,교차로 - 교차로안,승용,남,65세,상해없음,이륜,남,17세,경상
2012022400100464,2012년 2월 24일 19시,금요일,대구광역시 달서구 송현동,중상사고,0,1,0,0,차대사람 - 기타,안전운전불이행,건조,맑음,교차로 - 교차로안,승용,남,43세,상해없음,보행자,남,85세,중상
2012022400100465,2012년 2월 24일 19시,금요일,대구광역시 중구 동인동1가,경상사고,0,0,3,0,차대차 - 추돌 - 진행중,안전운전불이행,건조,흐림,단일로 - 기타,승합,남,63세,상해없음,승용,남,31세,경상
2012022400100504,2012년 2월 24일 20시,금요일,대구광역시 달성군 가창면,중상사고,0,1,2,0,차대차 - 측면직각충돌,중앙선침범,건조,맑음,단일로 - 기타,화물,남,56세,상해없음,승용,남,40세,경상
2012022400100505,2012년 2월 24일 20시,금요일,대구광역시 북구 관음동,중상사고,0,1,0,0,차대차 - 측면직각충돌,직진우회전진행방해,건조,맑음,교차로 - 교차로안,승용,남,44세,상해없음,원동기,남,19세,중상
2012022400100506,2012년 2월 24일 20시,금요일,대구광역시 북구 노원동3가,경상사고,0,0,1,0,차대차 - 측면직각충돌,중앙선침범,건조,맑음,교차로 - 교차로부근,승용,남,50세,기타불명,승용,남,24세,경상
2012022400100507,2012년 2월 24일 20시,금요일,대구광역시 서구 평리동,중상사고,0,1,0,0,차대차 - 기타,안전운전불이행,건조,맑음,교차로 - 교차로부근,승용,남,50세,상해없음,이륜,남,34세,중상
2012022400100508,2012년 2월 24일 20시,금요일,대구광역시 서구 중리동,경상사고,0,0,1,0,차대차 - 추돌 - 진행중,안전거리미확보,건조,맑음,단일로 - 기타,승용,남,61세,상해없음,승용,여,36세,상해없음
2012022400100509,2012년 2월 24일 20시,금요일,대구광역시 달서구 장기동,중상사고,0,1,0,0,차대사람 - 길가장자리구역통행중,안전운전불이행,건조,맑음,교차로 - 교차로부근,승용,남,47세,상해없음,보행자,남,34세,중상
2012022400100547,2012년 2월 24일 21시,금요일,대구광역시 서구 내당동,경상사고,0,0,1,0,차대차 - 기타,교차로운행방법위반,건조,맑음,교차로 - 교차로안,승용,남,53세,상해없음,자전거,남,43세,경상
2012022400100587,2012년 2월 24일 22시,금요일,대구광역시 북구 동천동,경상사고,0,0,1,0,차대차 - 측면직각충돌,차로위반,건조,맑음,기타 - 기타,승용,여,29세,기타불명,승용,남,29세,경상
2012022400100588,2012년 2월 24일 22시,금요일,대구광역시 달서구 성당동,경상사고,0,0,2,0,차대차 - 측면직각충돌,직진우회전진행방해,건조,맑음,교차로 - 교차로안,승합,남,62세,상해없음,화물,남,66세,경상
2012022400100617,2012년 2월 24일 23시,금요일,대구광역시 동구 숙천동,경상사고,0,0,1,0,차대차 - 기타,안전운전불이행,건조,흐림,단일로 - 기타,승용,여,24세,경상,승용,여,54세,상해없음
2012022400100620,2012년 2월 24일 23시,금요일,대구광역시 수성구 황금동,경상사고,0,0,1,0,차대차 - 추돌 - 진행중,안전운전불이행,건조,맑음,단일로 - 기타,승용,남,48세,상해없음,승용,남,25세,경상
2012022400100621,2012년 2월 24일 23시,금요일,대구광역시 달서구 상인동,중상사고,0,1,0,0,차대사람 - 기타,안전운전불이행,건조,맑음,단일로 - 기타,승용,남,59세,상해없음,보행자,여,50세,중상
2012022400100622,2012년 2월 24일 23시,금요일,대구광역시 중구 봉산동,경상사고,0,0,1,0,차대차 - 추돌 - 주정차중,안전운전불이행,건조,맑음,교차로 - 교차로부근,승용,여,30세,상해없음,승용,남,42세,경상
2012022400100623,2012년 2월 24일 23시,금요일,대구광역시 중구 대봉동,경상사고,0,0,1,0,차대차 - 추돌 - 진행중,안전거리미확보,건조,맑음,단일로 - 기타,승용,남,52세,상해없음,승용,남,50세,경상
2012022500100024,2012년 2월 25일 00시,토요일,대구광역시 남구 대명동,경상사고,0,0,2,0,차대차 - 정면충돌,안전운전불이행,건조,맑음,기타 - 기타,승용,여,35세,상해없음,승용,남,44세,경상
2012022500100025,2012년 2월 25일 00시,토요일,대구광역시 달서구 상인동,중상사고,0,1,0,0,차대차 - 기타,안전운전불이행,건조,맑음,단일로 - 기타,승용,남,31세,상해없음,승용,남,59세,중상
2012022500100026,2012년 2월 25일 00시,토요일,대구광역시 북구 태전동,경상사고,0,0,1,0,차대사람 - 기타,안전운전불이행,건조,맑음,단일로 - 횡단보도상,승용,남,54세,상해없음,보행자,남,37세,경상
2012022500100027,2012년 2월 25일 00시,토요일,대구광역시 북구 동천동,경상사고,0,0,3,0,차대차 - 추돌 - 진행중,안전운전불이행,건조,맑음,단일로 - 기타,승용,남,41세,상해없음,승용,남,39세,경상
2012022500100028,2012년 2월 25일 00시,토요일,대구광역시 서구 이현동,중상사고,0,1,1,0,차대차 - 정면충돌,중앙선침범,건조,맑음,교차로 - 교차로부근,승용,남,43세,중상,승합,남,38세,경상
2012022500100029,2012년 2월 25일 00시,토요일,대구광역시 중구 삼덕동1가,경상사고,0,0,1,0,차대사람 - 길가장자리구역통행중,안전운전불이행,건조,맑음,기타 - 기타,승용,남,20세,기타불명,보행자,남,27세,경상
2012022500100061,2012년 2월 25일 01시,토요일,대구광역시 동구 효목동,중상사고,0,1,1,1,차대차 - 측면직각충돌,안전운전불이행,건조,맑음,단일로 - 기타,승용,남,60세,상해없음,승용,남,52세,경상
2012022500100062,2012년 2월 25일 01시,토요일,대구광역시 동구 신서동,경상사고,0,0,1,0,차대차 - 기타,안전거리미확보,건조,맑음,단일로 - 기타,화물,여,39세,상해없음,승용,남,60세,경상
2012022500100063,2012년 2월 25일 01시,토요일,대구광역시 북구 복현동,경상사고,0,0,1,0,차대차 - 기타,안전운전불이행,건조,흐림,기타 - 기타,승용,남,21세,상해없음,승용,남,33세,경상
2012022500100095,2012년 2월 25일 02시,토요일,대구광역시 서구 평리동,경상사고,0,0,2,0,차대차 - 기타,안전운전불이행,건조,맑음,단일로 - 기타,화물,남,37세,상해없음,승용,남,53세,경상
2012022500100096,2012년 2월 25일 02시,토요일,대구광역시 달서구 성당동,중상사고,0,1,0,0,차대차 - 기타,안전운전불이행,건조,맑음,기타 - 기타,승용,남,25세,상해없음,자전거,남,45세,중상
2012022500100112,2012년 2월 25일 03시,토요일,대구광역시 달성군 가창면,중상사고,0,4,0,0,차량단독 - 공작물충돌,안전운전불이행,건조,맑음,단일로 - 기타,승용,남,19세,중상,,,,
2012022500100136,2012년 2월 25일 04시,토요일,대구광역시 중구 삼덕동1가,경상사고,0,0,2,0,차대사람 - 기타,안전운전불이행,건조,맑음,단일로 - 기타,승용,남,25세,상해없음,보행자,남,28세,경상
2012022500100174,2012년 2월 25일 06시,토요일,대구광역시 동구 불로동,경상사고,0,0,1,0,차대차 - 추돌 - 주정차중,안전운전불이행,건조,맑음,단일로 - 기타,승합,남,29세,상해없음,승합,남,51세,상해없음
2012022500100175,2012년 2월 25일 06시,토요일,대구광역시 중구 삼덕동1가,중상사고,0,1,1,1,차대차 - 추돌 - 진행중,안전운전불이행,건조,맑음,단일로 - 기타,화물,남,38세,부상신고,화물,남,44세,경상
2012022500100192,2012년 2월 25일 07시,토요일,대구광역시 동구 검사동,중상사고,0,1,0,0,차대차 - 측면직각충돌,안전운전불이행,건조,맑음,교차로 - 교차로안,승용,남,58세,상해없음,자전거,남,70세,중상
2012022500100193,2012년 2월 25일 07시,토요일,대구광역시 북구 산격동,중상사고,0,1,0,0,차대차 - 기타,안전운전불이행,건조,맑음,기타 - 기타,승용,남,39세,상해없음,자전거,남,22세,중상
2012022500100249,2012년 2월 25일 10시,토요일,대구광역시 북구 복현동,경상사고,0,0,1,0,차대차 - 기타,안전거리미확보,건조,기타,단일로 - 기타,승용,남,60세,상해없음,승용,남,52세,경상
2012022500100250,2012년 2월 25일 10시,토요일,대구광역시 북구 구암동,중상사고,0,1,0,0,차대사람 - 횡단중,보행자보호의무위반,건조,맑음,교차로 - 교차로안,승용,남,51세,상해없음,보행자,남,79세,중상
2012022500100251,2012년 2월 25일 10시,토요일,대구광역시 서구 비산동,부상신고사고,0,0,0,1,차대사람 - 기타,안전운전불이행,건조,맑음,단일로 - 기타,승합,남,43세,상해없음,보행자,여,70세,부상신고
2012022500100269,2012년 2월 25일 11시,토요일,대구광역시 수성구 신매동,중상사고,0,1,0,0,차대차 - 기타,안전운전불이행,건조,맑음,단일로 - 기타,승용,여,55세,상해없음,자전거,남,33세,중상
2012022500100270,2012년 2월 25일 11시,토요일,대구광역시 북구 산격동,중상사고,0,1,0,0,차대차 - 측면직각충돌,직진우회전진행방해,건조,맑음,교차로 - 교차로안,승용,남,52세,상해없음,이륜,남,58세,중상
2012022500100284,2012년 2월 25일 12시,토요일,대구광역시 수성구 수성동1가,경상사고,0,0,1,0,차대차 - 측면직각충돌,차로위반,건조,맑음,교차로 - 교차로부근,승용,남,23세,상해없음,승용,남,57세,경상
2012022500100301,2012년 2월 25일 13시,토요일,대구광역시 달서구 진천동,경상사고,0,0,2,0,차대사람 - 기타,기타,기타,맑음,기타 - 기타,승용,여,43세,상해없음,보행자,여,14세,경상
2012022500100350,2012년 2월 25일 15시,토요일,대구광역시 남구 봉덕동,경상사고,0,0,1,0,차대차 - 기타,교차로운행방법위반,건조,맑음,교차로 - 교차로안,승용,남,27세,상해없음,이륜,남,37세,경상
2012022500100351,2012년 2월 25일 15시,토요일,대구광역시 수성구 가천동,경상사고,0,0,1,0,차대차 - 기타,안전운전불이행,건조,맑음,교차로 - 교차로안,승용,남,25세,상해없음,이륜,남,56세,경상
2012022500100401,2012년 2월 25일 17시,토요일,대구광역시 달서구 진천동,중상사고,0,1,0,0,차대사람 - 기타,안전운전불이행,건조,맑음,단일로 - 기타,승용,남,32세,상해없음,보행자,여,87세,중상
2012022500100402,2012년 2월 25일 17시,토요일,대구광역시 달성군 가창면,중상사고,0,1,3,0,차대차 - 측면직각충돌,신호위반,건조,맑음,교차로 - 교차로안,원동기,남,16세,중상,화물,남,75세,경상
2012022500100441,2012년 2월 25일 18시,토요일,대구광역시 동구 불로동,경상사고,0,0,1,0,차대차 - 기타,안전운전불이행,건조,맑음,단일로 - 기타,화물,남,58세,상해없음,승용,여,41세,경상
2012022500100442,2012년 2월 25일 18시,토요일,대구광역시 수성구 신매동,중상사고,0,1,0,0,차대차 - 기타,안전운전불이행,건조,맑음,단일로 - 횡단보도상,승용,여,30세,상해없음,자전거,남,15세,중상
2012022500100443,2012년 2월 25일 18시,토요일,대구광역시 수성구 상동,경상사고,0,0,1,0,차대차 - 추돌 - 진행중,안전거리미확보,건조,맑음,단일로 - 기타,승용,남,69세,상해없음,승용,미분류,기타불명,기타불명
2012022500100444,2012년 2월 25일 18시,토요일,대구광역시 달성군 현풍면,경상사고,0,0,1,0,차대차 - 측면직각충돌,안전운전불이행,건조,맑음,단일로 - 기타,자전거,남,72세,경상,승용,남,48세,상해없음
2012022500100483,2012년 2월 25일 19시,토요일,대구광역시 서구 비산동,경상사고,0,0,1,0,차대사람 - 횡단중,안전운전불이행,건조,맑음,단일로 - 횡단보도상,승용,남,59세,상해없음,보행자,여,16세,경상
2012022500100484,2012년 2월 25일 19시,토요일,대구광역시 중구 시장북로,경상사고,0,0,1,0,차대차 - 측면직각충돌,안전운전불이행,건조,맑음,교차로 - 교차로부근,승용,남,76세,상해없음,승용,여,36세,경상
2012022500100527,2012년 2월 25일 20시,토요일,대구광역시 남구 대명동,경상사고,0,0,1,0,차대사람 - 기타,기타,건조,맑음,기타 - 기타,화물,남,70세,기타불명,보행자,여,30세,경상
2012022500100528,2012년 2월 25일 20시,토요일,대구광역시 서구 비산동,경상사고,0,0,1,0,차대차 - 기타,안전운전불이행,건조,맑음,단일로 - 기타,승용,남,19세,상해없음,승합,남,52세,상해없음
2012022500100529,2012년 2월 25일 20시,토요일,대구광역시 달서구 죽전동,경상사고,0,0,2,0,차대차 - 측면직각충돌,차로위반,건조,맑음,단일로 - 기타,승용,남,28세,상해없음,승용,남,35세,경상
2012022500100559,2012년 2월 25일 21시,토요일,대구광역시 동구 신기동,중상사고,0,1,0,0,차대사람 - 횡단중,안전운전불이행,건조,맑음,단일로 - 횡단보도상,이륜,남,16세,상해없음,보행자,여,51세,중상
2012022500100560,2012년 2월 25일 21시,토요일,대구광역시 동구 신암동,경상사고,0,0,1,0,차대차 - 측면직각충돌,중앙선침범,건조,맑음,단일로 - 기타,승용,여,41세,상해없음,승용,남,43세,경상
2012022500100561,2012년 2월 25일 21시,토요일,대구광역시 수성구 중동,경상사고,0,0,1,0,차대차 - 측면직각충돌,교차로운행방법위반,건조,맑음,교차로 - 교차로안,승용,남,47세,상해없음,승용,남,35세,경상
2012022500100592,2012년 2월 25일 22시,토요일,대구광역시 남구 대명동,경상사고,0,0,2,0,차대차 - 추돌 - 진행중,안전거리미확보,건조,맑음,교차로 - 교차로부근,승용,남,27세,상해없음,승용,남,50세,경상
2012022500100593,2012년 2월 25일 22시,토요일,대구광역시 달서구 월암동,경상사고,0,0,2,0,차대차 - 측면직각충돌,신호위반,건조,맑음,교차로 - 교차로안,승용,남,28세,상해없음,승용,남,51세,상해없음
2012022500100622,2012년 2월 25일 23시,토요일,대구광역시 남구 대명동,경상사고,0,0,1,0,차대차 - 측면직각충돌,안전거리미확보,건조,맑음,단일로 - 기타,승용,남,55세,상해없음,승용,남,52세,경상
2012022600100017,2012년 2월 26일 00시,일요일,대구광역시 수성구 파동,중상사고,0,1,0,0,차대사람 - 기타,안전운전불이행,건조,맑음,단일로 - 기타,승용,여,46세,상해없음,보행자,남,39세,중상
2012022600100018,2012년 2월 26일 00시,일요일,대구광역시 북구 태전동,부상신고사고,0,0,0,1,차대사람 - 길가장자리구역통행중,교차로운행방법위반,건조,맑음,교차로 - 교차로안,승용,남,29세,상해없음,보행자,남,32세,부상신고
2012022600100019,2012년 2월 26일 00시,일요일,대구광역시 중구 삼덕동2가,경상사고,0,0,1,0,차대차 - 측면직각충돌,안전운전불이행,건조,맑음,교차로 - 교차로부근,승용,남,66세,상해없음,승용,여,51세,경상
2012022600100037,2012년 2월 26일 01시,일요일,대구광역시 남구 봉덕동,경상사고,0,0,2,1,차대차 - 측면직각충돌,교차로운행방법위반,건조,맑음,교차로 - 교차로안,승용,남,60세,상해없음,승용,남,45세,경상
2012022600100038,2012년 2월 26일 01시,일요일,대구광역시 수성구 두산동,경상사고,0,0,1,0,차대차 - 기타,안전운전불이행,건조,맑음,교차로 - 교차로부근,승용,남,42세,상해없음,원동기,남,40세,경상
2012022600100039,2012년 2월 26일 01시,일요일,대구광역시 달서구 장동,경상사고,0,0,3,0,차대차 - 추돌 - 주정차중,안전운전불이행,건조,맑음,교차로 - 교차로안,승용,남,64세,상해없음,화물,남,41세,경상
2012022600100040,2012년 2월 26일 01시,일요일,대구광역시 달서구 감삼동,경상사고,0,0,1,0,차대차 - 추돌 - 주정차중,안전운전불이행,건조,맑음,단일로 - 기타,승용,남,28세,상해없음,승용,남,44세,경상
2012022600100053,2012년 2월 26일 02시,일요일,대구광역시 중구 삼덕동1가,경상사고,0,0,1,0,차대사람 - 기타,안전운전불이행,건조,맑음,단일로 - 기타,승용,남,19세,상해없음,보행자,남,24세,경상
2012022600100065,2012년 2월 26일 03시,일요일,대구광역시 동구 신천동,경상사고,0,0,3,0,차대차 - 기타,안전운전불이행,건조,맑음,교차로 - 교차로부근,승용,남,24세,기타불명,승용,여,33세,경상
2012022600100077,2012년 2월 26일 04시,일요일,대구광역시 북구 복현동,경상사고,0,0,3,0,차대차 - 기타,안전운전불이행,건조,맑음,단일로 - 기타,승용,남,23세,상해없음,승용,남,39세,기타불명
2012022600100092,2012년 2월 26일 06시,일요일,대구광역시 북구 태전동,사망사고,1,0,0,0,차량단독 - 공작물충돌,안전운전불이행,건조,맑음,교차로 - 교차로부근,원동기,남,16세,사망,,,,
2012022600100101,2012년 2월 26일 07시,일요일,대구광역시 달서구 호림동,중상사고,0,1,0,0,차대차 - 정면충돌,안전운전불이행,건조,맑음,교차로 - 교차로안,승용,남,44세,상해없음,승용,남,54세,중상
2012022600100118,2012년 2월 26일 09시,일요일,대구광역시 북구 읍내동,부상신고사고,0,0,0,1,차대차 - 측면직각충돌,안전운전불이행,건조,맑음,단일로 - 기타,이륜,남,23세,부상신고,승용,남,55세,상해없음
2012022600100127,2012년 2월 26일 10시,일요일,대구광역시 남구 대명동,경상사고,0,0,2,0,차대차 - 기타,안전거리미확보,건조,맑음,단일로 - 기타,승용,남,69세,상해없음,승용,남,24세,경상
2012022600100160,2012년 2월 26일 12시,일요일,대구광역시 동구 율하동,중상사고,0,1,0,0,차대사람 - 기타,안전운전불이행,건조,흐림,단일로 - 기타,특수,남,52세,상해없음,보행자,여,85세,중상
2012022600100196,2012년 2월 26일 14시,일요일,대구광역시 동구 율하동,중상사고,0,1,0,0,차대사람 - 횡단중,안전운전불이행,건조,맑음,단일로 - 기타,승용,남,65세,상해없음,보행자,여,61세,중상
2012022600100197,2012년 2월 26일 14시,일요일,대구광역시 북구 칠성동2가,경상사고,0,0,1,0,차대차 - 기타,안전거리미확보,건조,맑음,단일로 - 기타,승용,남,56세,상해없음,승합,남,43세,상해없음
2012022600100217,2012년 2월 26일 15시,일요일,대구광역시 달성군 구지면,중상사고,0,2,0,0,차대차 - 정면충돌,중앙선침범,건조,맑음,단일로 - 기타,승용,여,50세,중상,화물,남,30세,중상
2012022600100237,2012년 2월 26일 16시,일요일,대구광역시 남구 봉덕동,경상사고,0,0,2,0,차대차 - 추돌 - 진행중,안전거리미확보,건조,맑음,단일로 - 기타,승용,남,52세,상해없음,승용,남,26세,경상
2012022600100258,2012년 2월 26일 17시,일요일,대구광역시 동구 신암동,중상사고,0,1,0,0,차대차 - 기타,안전운전불이행,건조,맑음,기타 - 기타,화물,남,55세,상해없음,자전거,남,76세,중상
2012022600100259,2012년 2월 26일 17시,일요일,대구광역시 달서구 송현동,중상사고,0,1,0,0,차량단독 - 기타,안전운전불이행,건조,맑음,교차로 - 교차로부근,승합,남,47세,상해없음,,,,
2012022600100283,2012년 2월 26일 18시,일요일,대구광역시 동구 능성동,중상사고,0,2,8,0,차대차 - 추돌 - 진행중,안전운전불이행,건조,맑음,단일로 - 기타,승용,남,40세,경상,승용,남,33세,상해없음
2012022600100289,2012년 2월 26일 18시,일요일,대구광역시 수성구 범물동,경상사고,0,0,1,0,차대차 - 측면직각충돌,안전운전불이행,건조,맑음,단일로 - 기타,승용,남,39세,상해없음,승용,남,50세,경상
2012022600100316,2012년 2월 26일 19시,일요일,대구광역시 남구 봉덕동,경상사고,0,0,1,0,차대사람 - 기타,안전운전불이행,건조,맑음,단일로 - 기타,화물,남,51세,상해없음,보행자,여,62세,경상
2012022600100317,2012년 2월 26일 19시,일요일,대구광역시 달서구 상인동,경상사고,0,0,1,0,차대차 - 기타,안전운전불이행,건조,맑음,단일로 - 기타,승용,남,42세,상해없음,자전거,남,71세,경상
2012022600100318,2012년 2월 26일 19시,일요일,대구광역시 북구 읍내동,경상사고,0,0,2,0,차대차 - 기타,중앙선침범,건조,맑음,단일로 - 기타,화물,남,70세,상해없음,화물,남,60세,경상
2012022600100336,2012년 2월 26일 20시,일요일,대구광역시 북구 읍내동,경상사고,0,0,2,0,차대차 - 기타,신호위반,건조,맑음,교차로 - 교차로안,승용,여,55세,상해없음,승용,남,62세,상해없음
2012022600100337,2012년 2월 26일 20시,일요일,대구광역시 서구 평리동,경상사고,0,0,1,0,차대사람 - 기타,기타,건조,맑음,단일로 - 기타,화물,남,29세,상해없음,보행자,남,40세,경상
2012022600100361,2012년 2월 26일 21시,일요일,대구광역시 달서구 본동,중상사고,0,1,0,0,차대사람 - 기타,안전운전불이행,건조,맑음,단일로 - 기타,화물,남,49세,상해없음,보행자,남,47세,중상
2012022600100362,2012년 2월 26일 21시,일요일,대구광역시 중구 서성로2가,경상사고,0,0,1,0,차대차 - 측면직각충돌,신호위반,건조,맑음,교차로 - 교차로안,이륜,남,16세,경상,승용,남,34세,상해없음
2012022600100363,2012년 2월 26일 21시,일요일,대구광역시 달서구 이곡동,경상사고,0,0,2,0,차대차 - 측면직각충돌,안전운전불이행,건조,맑음,단일로 - 기타,승용,남,44세,상해없음,승용,남,30세,경상
2012022600100381,2012년 2월 26일 22시,일요일,대구광역시 달서구 상인동,경상사고,0,0,3,0,차대차 - 추돌 - 진행중,안전거리미확보,건조,맑음,단일로 - 기타,승용,남,58세,상해없음,승용,여,46세,경상