사고번호,사고일시,요일,시군구,사고내용,사망자수,중상자수,경상자수,부상신고자수,사고유형,법규위반,노면상태,기상상태,도로형태,가해운전자 차종,가해운전자 성별,가해운전자 연령,가해운전자 상해정도,피해운전자 차종,피해운전자 성별,피해운전자 연령,피해운전자 상해정도
2012022600100396,2012년 2월 26일 23시,일요일,대구광역시 수성구 만촌동,경상사고,0,0,2,0,차대차 - 측면직각충돌,안전운전불이행,건조,맑음,교차로 - 교차로부근,승용,남,56세,상해없음,승용,남,25세,경상
2012022700100036,2012년 2월 27일 02시,월요일,대구광역시 북구 읍내동,경상사고,0,0,4,0,차대차 - 기타,교차로운행방법위반,건조,맑음,교차로 - 교차로안,승용,남,19세,상해없음,승용,남,17세,경상
2012022700100049,2012년 2월 27일 04시,월요일,대구광역시 달서구 본동,경상사고,0,0,1,0,차대차 - 측면직각충돌,차로위반,건조,맑음,교차로 - 교차로부근,승용,남,41세,상해없음,승용,여,47세,경상
2012022700100083,2012년 2월 27일 07시,월요일,대구광역시 서구 평리동,중상사고,0,1,0,0,차대차 - 기타,안전운전불이행,건조,맑음,교차로 - 교차로안,승용,남,63세,상해없음,승용,남,43세,중상
2012022700100157,2012년 2월 27일 10시,월요일,대구광역시 남구 이천동,중상사고,0,1,1,0,차대차 - 추돌 - 주정차중,안전거리미확보,건조,맑음,단일로 - 기타,건설기계,남,52세,상해없음,승용,남,57세,경상
2012022700100158,2012년 2월 27일 10시,월요일,대구광역시 북구 복현동,경상사고,0,0,1,0,차대차 - 측면직각충돌,안전운전불이행,건조,맑음,단일로 - 횡단보도상,화물,남,50세,상해없음,자전거,남,72세,경상
2012022700100187,2012년 2월 27일 11시,월요일,대구광역시 북구 태전동,경상사고,0,0,3,0,차대차 - 추돌 - 주정차중,안전거리미확보,건조,맑음,단일로 - 기타,승용,남,44세,상해없음,승용,여,40세,경상
2012022700100212,2012년 2월 27일 12시,월요일,대구광역시 북구 칠성동1가,경상사고,0,0,1,0,차대차 - 측면직각충돌,안전운전불이행,건조,맑음,단일로 - 기타,승용,남,47세,상해없음,자전거,여,48세,경상
2012022700100213,2012년 2월 27일 12시,월요일,대구광역시 달서구 이곡동,중상사고,0,2,0,0,차대차 - 측면직각충돌,신호위반,건조,맑음,단일로 - 횡단보도상,화물,남,52세,상해없음,원동기,남,33세,중상
2012022700100266,2012년 2월 27일 14시,월요일,대구광역시 북구 산격동,사망사고,1,0,0,0,차대사람 - 횡단중,안전운전불이행,건조,맑음,단일로 - 기타,화물,남,42세,상해없음,보행자,여,71세,사망
2012022700100267,2012년 2월 27일 14시,월요일,대구광역시 북구 팔달동,중상사고,0,1,2,0,차대차 - 추돌 - 주정차중,안전운전불이행,건조,맑음,단일로 - 기타,건설기계,남,28세,상해없음,화물,남,31세,중상
2012022700100268,2012년 2월 27일 14시,월요일,대구광역시 중구 삼덕동3가,경상사고,0,0,1,0,차대차 - 기타,안전운전불이행,건조,맑음,단일로 - 기타,자전거,남,25세,경상,승용,남,59세,상해없음
2012022700100331,2012년 2월 27일 16시,월요일,대구광역시 남구 대명동,경상사고,0,0,2,0,차대차 - 측면직각충돌,안전운전불이행,건조,맑음,단일로 - 기타,승용,남,58세,상해없음,승용,여,26세,경상
2012022700100332,2012년 2월 27일 16시,월요일,대구광역시 남구 대명동,경상사고,0,0,1,0,차대사람 - 보도통행중,안전운전불이행,건조,맑음,단일로 - 기타,승용,기타불명,기타불명,기타불명,보행자,남,78세,경상
2012022700100333,2012년 2월 27일 16시,월요일,대구광역시 달서구 대곡동,중상사고,0,1,0,0,차대차 - 기타,안전운전불이행,건조,맑음,단일로 - 횡단보도상,승합,남,40세,상해없음,자전거,남,72세,중상
2012022700100361,2012년 2월 27일 17시,월요일,대구광역시 달성군 구지면,중상사고,0,1,0,0,차대사람 - 기타,안전운전불이행,건조,맑음,단일로 - 기타,승용,남,51세,상해없음,보행자,남,65세,중상
2012022700100368,2012년 2월 27일 17시,월요일,대구광역시 동구 불로동,경상사고,0,0,3,0,차대차 - 측면직각충돌,안전거리미확보,건조,맑음,단일로 - 기타,승용,남,64세,상해없음,승용,남,47세,상해없음
2012022700100393,2012년 2월 27일 18시,월요일,대구광역시 북구 복현동,중상사고,0,1,0,0,차대차 - 정면충돌,중앙선침범,건조,맑음,단일로 - 기타,승용,남,63세,상해없음,승용,남,32세,중상
2012022700100394,2012년 2월 27일 18시,월요일,대구광역시 북구 대현동,경상사고,0,0,1,0,차대차 - 추돌 - 진행중,안전운전불이행,건조,맑음,단일로 - 기타,승용,남,61세,상해없음,승합,남,46세,상해없음
2012022700100395,2012년 2월 27일 18시,월요일,대구광역시 북구 침산동,중상사고,0,1,0,0,차대차 - 추돌 - 진행중,안전거리미확보,건조,맑음,단일로 - 기타,원동기,남,17세,상해없음,승용,남,54세,상해없음
2012022700100396,2012년 2월 27일 18시,월요일,대구광역시 중구 공평동,경상사고,0,0,1,0,차대사람 - 차도통행중,안전운전불이행,건조,맑음,단일로 - 기타,승용,남,25세,상해없음,보행자,남,19세,경상
2012022700100435,2012년 2월 27일 19시,월요일,대구광역시 동구 신천동,경상사고,0,0,2,0,차대차 - 기타,안전운전불이행,건조,맑음,교차로 - 교차로부근,승합,남,63세,상해없음,승용,여,26세,경상
2012022700100436,2012년 2월 27일 19시,월요일,대구광역시 동구 신암동,사망사고,1,0,0,0,차대사람 - 횡단중,안전운전불이행,건조,맑음,단일로 - 기타,승용,남,64세,상해없음,보행자,남,59세,사망
2012022700100437,2012년 2월 27일 19시,월요일,대구광역시 북구 복현동,중상사고,0,1,1,0,차대사람 - 기타,안전운전불이행,건조,맑음,기타 - 기타,승용,여,40세,상해없음,보행자,여,43세,중상
2012022700100438,2012년 2월 27일 19시,월요일,대구광역시 달서구 용산동,중상사고,0,1,0,0,차대차 - 추돌 - 진행중,안전운전불이행,건조,맑음,단일로 - 횡단보도부근,승용,남,26세,상해없음,원동기,남,45세,중상
2012022700100439,2012년 2월 27일 19시,월요일,대구광역시 달서구 감삼동,중상사고,0,1,0,0,차대사람 - 기타,안전운전불이행,건조,맑음,단일로 - 기타,승용,남,33세,상해없음,보행자,여,47세,중상
2012022700100470,2012년 2월 27일 20시,월요일,대구광역시 동구 율하동,경상사고,0,0,1,0,차대차 - 기타,안전운전불이행,건조,맑음,단일로 - 기타,승용,여,23세,경상,승용,남,54세,상해없음
2012022700100499,2012년 2월 27일 21시,월요일,대구광역시 남구 봉덕동,부상신고사고,0,0,0,1,차대사람 - 길가장자리구역통행중,안전운전불이행,건조,맑음,단일로 - 기타,승용,기타불명,기타불명,기타불명,보행자,남,55세,부상신고
2012022700100500,2012년 2월 27일 21시,월요일,대구광역시 중구 남산동,부상신고사고,0,0,0,1,차대차 - 기타,교차로운행방법위반,건조,맑음,교차로 - 교차로안,승용,남,32세,상해없음,이륜,남,17세,부상신고
2012022700100550,2012년 2월 27일 23시,월요일,대구광역시 남구 이천동,경상사고,0,0,1,0,차대차 - 기타,안전거리미확보,건조,맑음,단일로 - 기타,승용,여,49세,상해없음,승용,남,24세,경상
2012022700100551,2012년 2월 27일 23시,월요일,대구광역시 동구 지저동,중상사고,0,1,2,0,차대차 - 추돌 - 진행중,안전운전불이행,건조,맑음,단일로 - 기타,승용,남,41세,상해없음,화물,남,47세,경상
2012022700100552,2012년 2월 27일 23시,월요일,대구광역시 동구 신천동,경상사고,0,0,1,0,차대사람 - 기타,기타,건조,맑음,단일로 - 기타,승용,남,56세,상해없음,보행자,남,44세,경상
2012022800100033,2012년 2월 28일 01시,화요일,대구광역시 수성구 신매동,경상사고,0,0,1,0,차대사람 - 기타,안전운전불이행,건조,맑음,단일로 - 기타,원동기,남,17세,상해없음,보행자,남,37세,경상
2012022800100034,2012년 2월 28일 01시,화요일,대구광역시 중구 삼덕동1가,경상사고,0,0,2,0,차대사람 - 차도통행중,안전운전불이행,건조,맑음,교차로 - 교차로안,승용,남,48세,상해없음,보행자,남,37세,경상
2012022800100099,2012년 2월 28일 07시,화요일,대구광역시 서구 비산동,경상사고,0,0,1,0,차대차 - 기타,기타,건조,맑음,단일로 - 기타,승용,남,60세,상해없음,자전거,남,50세,경상
2012022800100100,2012년 2월 28일 07시,화요일,대구광역시 달서구 두류동,경상사고,0,0,2,0,차대차 - 측면직각충돌,신호위반,건조,맑음,교차로 - 교차로안,승용,여,41세,상해없음,승용,남,59세,경상
2012022800100131,2012년 2월 28일 09시,화요일,대구광역시 남구 대명동,경상사고,0,0,1,0,차대차 - 추돌 - 진행중,안전운전불이행,건조,맑음,교차로 - 교차로안,이륜,남,30세,경상,승용,남,53세,상해없음
2012022800100132,2012년 2월 28일 09시,화요일,대구광역시 북구 동천동,중상사고,0,1,1,0,차대차 - 측면직각충돌,중앙선침범,건조,흐림,단일로 - 기타,승용,남,32세,경상,승용,남,48세,중상
2012022800100155,2012년 2월 28일 10시,화요일,대구광역시 수성구 범어동,경상사고,0,0,1,0,차대사람 - 보도통행중,기타,건조,맑음,기타 - 기타,승합,남,34세,상해없음,보행자,남,77세,경상
2012022800100200,2012년 2월 28일 12시,화요일,대구광역시 달성군 옥포면,경상사고,0,0,1,0,차대차 - 기타,안전거리미확보,건조,맑음,단일로 - 기타,승용,남,20세,상해없음,승용,여,40세,경상
2012022800100256,2012년 2월 28일 15시,화요일,대구광역시 수성구 황금동,부상신고사고,0,0,0,1,차대차 - 기타,안전운전불이행,건조,맑음,단일로 - 기타,화물,남,33세,상해없음,원동기,남,78세,부상신고
2012022800100280,2012년 2월 28일 16시,화요일,대구광역시 서구 내당동,경상사고,0,0,1,0,차대차 - 측면직각충돌,안전거리미확보,건조,맑음,단일로 - 기타,승용,남,52세,상해없음,승용,남,33세,경상
2012022800100370,2012년 2월 28일 19시,화요일,대구광역시 달성군 논공읍,경상사고,0,0,1,0,차대차 - 측면직각충돌,기타,건조,맑음,교차로 - 교차로부근,특수,남,52세,상해없음,승용,남,53세,경상
2012022800100403,2012년 2월 28일 20시,화요일,대구광역시 수성구 수성동4가,중상사고,0,1,0,0,차대사람 - 기타,안전운전불이행,건조,맑음,단일로 - 기타,이륜,남,24세,상해없음,보행자,여,63세,중상
2012022800100404,2012년 2월 28일 20시,화요일,대구광역시 달성군 논공읍,경상사고,0,0,1,0,차대차 - 측면직각충돌,안전운전불이행,습기,맑음,교차로 - 교차로안,화물,남,32세,상해없음,승용,여,34세,경상
2012022800100455,2012년 2월 28일 22시,화요일,대구광역시 수성구 중동,경상사고,0,0,1,0,차대차 - 추돌 - 주정차중,안전운전불이행,건조,맑음,교차로 - 교차로부근,승용,남,53세,상해없음,승용,남,69세,상해없음
2012022800100456,2012년 2월 28일 22시,화요일,대구광역시 중구 동인동1가,부상신고사고,0,0,0,1,차대차 - 측면직각충돌,교차로운행방법위반,건조,맑음,교차로 - 교차로안,원동기,남,18세,부상신고,승용,남,54세,상해없음
2012022800100488,2012년 2월 28일 23시,화요일,대구광역시 서구 비산동,경상사고,0,0,1,0,차대차 - 측면직각충돌,안전거리미확보,건조,맑음,교차로 - 교차로부근,승용,남,21세,상해없음,승용,남,56세,경상
2012022900100022,2012년 2월 29일 00시,수요일,대구광역시 중구 서문로1가,중상사고,0,1,2,0,차대차 - 측면직각충돌,신호위반,건조,맑음,교차로 - 교차로안,승용,남,60세,상해없음,승용,남,42세,경상
2012022900100042,2012년 2월 29일 01시,수요일,대구광역시 수성구 신매동,경상사고,0,0,1,0,차대차 - 측면직각충돌,안전운전불이행,건조,맑음,교차로 - 교차로부근,승용,남,52세,상해없음,승용,남,48세,상해없음
2012022900100043,2012년 2월 29일 01시,수요일,대구광역시 서구 비산동,경상사고,0,0,1,0,차대사람 - 기타,안전운전불이행,건조,맑음,단일로 - 기타,승용,남,37세,상해없음,보행자,남,58세,경상
2012022900100044,2012년 2월 29일 01시,수요일,대구광역시 달서구 용산동,경상사고,0,0,1,0,차대차 - 측면직각충돌,신호위반,건조,맑음,교차로 - 교차로안,승용,남,30세,상해없음,승용,남,58세,경상
2012022900100057,2012년 2월 29일 02시,수요일,대구광역시 중구 공평동,경상사고,0,0,1,0,차대사람 - 기타,안전운전불이행,건조,맑음,단일로 - 기타,승용,남,23세,상해없음,보행자,여,23세,경상
2012022900100088,2012년 2월 29일 05시,수요일,대구광역시 수성구 지산동,중상사고,0,1,0,0,차대차 - 추돌 - 진행중,안전운전불이행,건조,맑음,단일로 - 기타,승용,남,31세,상해없음,승용,남,59세,중상
2012022900100119,2012년 2월 29일 07시,수요일,대구광역시 달서구 본동,경상사고,0,0,3,0,차대차 - 측면직각충돌,신호위반,건조,맑음,교차로 - 교차로안,승용,여,44세,상해없음,화물,남,33세,경상
2012022900100120,2012년 2월 29일 07시,수요일,대구광역시 달서구 죽전동,중상사고,0,1,0,0,차대차 - 측면직각충돌,안전운전불이행,건조,맑음,단일로 - 기타,승용,남,33세,상해없음,자전거,남,49세,중상
2012022900100145,2012년 2월 29일 08시,수요일,대구광역시 수성구 수성동1가,중상사고,0,1,0,0,차대차 - 기타,안전운전불이행,건조,맑음,단일로 - 기타,승용,남,64세,상해없음,자전거,여,68세,중상
2012022900100192,2012년 2월 29일 10시,수요일,대구광역시 북구 칠성동2가,경상사고,0,0,3,0,차대차 - 측면직각충돌,신호위반,건조,맑음,교차로 - 교차로안,승용,남,58세,상해없음,승용,남,59세,경상
2012022900100193,2012년 2월 29일 10시,수요일,대구광역시 북구 태전동,경상사고,0,0,1,0,차대차 - 측면직각충돌,안전거리미확보,건조,맑음,교차로 - 교차로부근,화물,남,42세,상해없음,승용,남,30세,경상
2012022900100214,2012년 2월 29일 11시,수요일,대구광역시 중구 상서동,중상사고,0,1,1,0,차대사람 - 횡단중,안전운전불이행,건조,맑음,단일로 - 기타,승용,남,71세,상해없음,보행자,여,60세,중상
2012022900100246,2012년 2월 29일 12시,수요일,대구광역시 달서구 유천동,중상사고,0,1,0,0,차대차 - 측면직각충돌,안전운전불이행,건조,맑음,단일로 - 기타,승용,여,44세,상해없음,원동기,남,68세,중상
2012022900100247,2012년 2월 29일 12시,수요일,대구광역시 북구 대현동,경상사고,0,0,1,0,차대차 - 추돌 - 진행중,안전거리미확보,건조,맑음,교차로 - 교차로안,승용,남,60세,상해없음,승용,여,52세,경상
2012022900100273,2012년 2월 29일 13시,수요일,대구광역시 달서구 장기동,경상사고,0,0,1,0,차대차 - 기타,안전거리미확보,건조,맑음,교차로 - 교차로부근,화물,남,61세,상해없음,이륜,남,44세,경상
2012022900100307,2012년 2월 29일 14시,수요일,대구광역시 수성구 연호동,경상사고,0,0,1,0,차대사람 - 기타,안전운전불이행,건조,맑음,단일로 - 기타,승합,남,63세,상해없음,보행자,여,62세,경상
2012022900100308,2012년 2월 29일 14시,수요일,대구광역시 북구 칠성동1가,경상사고,0,0,1,0,차대차 - 추돌 - 진행중,안전운전불이행,건조,맑음,교차로 - 교차로안,승용,남,52세,상해없음,승용,남,58세,경상
2012022900100309,2012년 2월 29일 14시,수요일,대구광역시 북구 침산동,경상사고,0,0,2,0,차대차 - 기타,안전운전불이행,건조,기타,단일로 - 기타,승용,여,59세,상해없음,승용,남,38세,경상
2012022900100310,2012년 2월 29일 14시,수요일,대구광역시 달서구 두류동,경상사고,0,0,1,0,차대차 - 측면직각충돌,중앙선침범,건조,맑음,단일로 - 기타,원동기,남,71세,상해없음,원동기,남,31세,경상
2012022900100332,2012년 2월 29일 15시,수요일,대구광역시 수성구 범어동,중상사고,0,1,0,0,차대사람 - 보도통행중,기타,건조,맑음,기타 - 기타,이륜,남,44세,상해없음,보행자,남,37세,중상
2012022900100333,2012년 2월 29일 15시,수요일,대구광역시 수성구 성동,중상사고,0,1,0,0,차대차 - 추돌 - 주정차중,안전운전불이행,건조,맑음,단일로 - 기타,화물,남,55세,상해없음,원동기,남,87세,중상
2012022900100334,2012년 2월 29일 15시,수요일,대구광역시 달서구 송현동,경상사고,0,0,1,0,차대차 - 측면직각충돌,교차로운행방법위반,건조,맑음,교차로 - 교차로안,이륜,남,34세,경상,승용,남,47세,상해없음
2012022900100335,2012년 2월 29일 15시,수요일,대구광역시 북구 팔달동,경상사고,0,0,1,0,차대차 - 기타,교차로운행방법위반,건조,맑음,단일로 - 기타,승용,남,43세,상해없음,승용,남,42세,경상
2012022900100363,2012년 2월 29일 16시,수요일,대구광역시 달성군 옥포면,경상사고,0,0,1,0,차대차 - 측면직각충돌,중앙선침범,건조,맑음,단일로 - 기타,승용,남,51세,상해없음,승용,남,58세,경상
2012022900100391,2012년 2월 29일 17시,수요일,대구광역시 동구 검사동,중상사고,0,1,0,0,차대사람 - 기타,안전운전불이행,건조,맑음,단일로 - 횡단보도부근,승합,남,58세,상해없음,보행자,여,67세,중상
2012022900100392,2012년 2월 29일 17시,수요일,대구광역시 수성구 중동,부상신고사고,0,0,0,1,차대사람 - 기타,안전운전불이행,건조,맑음,단일로 - 기타,승용,남,66세,상해없음,보행자,남,52세,부상신고
2012022900100393,2012년 2월 29일 17시,수요일,대구광역시 수성구 중동,중상사고,0,1,0,0,차대차 - 기타,신호위반,건조,맑음,교차로 - 교차로안,이륜,남,54세,상해없음,자전거,여,48세,중상
2012022900100394,2012년 2월 29일 17시,수요일,대구광역시 달서구 상인동,중상사고,0,2,0,0,차대차 - 측면직각충돌,안전운전불이행,건조,맑음,단일로 - 기타,승용,남,57세,상해없음,원동기,남,78세,중상
2012022900100395,2012년 2월 29일 17시,수요일,대구광역시 달서구 월성동,경상사고,0,0,1,0,차대사람 - 횡단중,신호위반,건조,맑음,단일로 - 횡단보도상,승용,여,50세,상해없음,보행자,남,8세,경상
2012022900100396,2012년 2월 29일 17시,수요일,대구광역시 북구 칠성동2가,부상신고사고,0,0,0,1,차대차 - 측면직각충돌,안전운전불이행,건조,맑음,교차로 - 교차로부근,원동기,여,35세,부상신고,승용,남,40세,상해없음
2012022900100397,2012년 2월 29일 17시,수요일,대구광역시 북구 침산동,중상사고,0,1,0,0,차대사람 - 횡단중,안전운전불이행,건조,맑음,단일로 - 기타,승용,남,68세,상해없음,보행자,남,22세,중상
2012022900100427,2012년 2월 29일 18시,수요일,대구광역시 남구 이천동,경상사고,0,0,1,0,차대차 - 기타,신호위반,건조,맑음,단일로 - 횡단보도상,승용,여,59세,상해없음,자전거,남,17세,경상
2012022900100428,2012년 2월 29일 18시,수요일,대구광역시 수성구 지산동,중상사고,0,1,0,0,차대사람 - 횡단중,중앙선침범,건조,맑음,단일로 - 횡단보도부근,승용,남,41세,상해없음,보행자,여,52세,중상
2012022900100429,2012년 2월 29일 18시,수요일,대구광역시 달성군 하빈면,중상사고,0,1,3,0,차대차 - 기타,안전운전불이행,건조,맑음,단일로 - 기타,화물,남,75세,상해없음,승용,남,59세,경상
2012022900100430,2012년 2월 29일 18시,수요일,대구광역시 서구 중리동,중상사고,0,1,0,0,차대차 - 측면직각충돌,중앙선침범,건조,맑음,단일로 - 기타,승용,남,49세,상해없음,이륜,남,39세,중상
2012022900100431,2012년 2월 29일 18시,수요일,대구광역시 서구 내당동,경상사고,0,0,1,0,차량단독 - 기타,기타,건조,맑음,단일로 - 기타,승합,남,50세,상해없음,,,,
2012022900100491,2012년 2월 29일 20시,수요일,대구광역시 북구 산격동,중상사고,0,1,0,0,차대차 - 기타,안전운전불이행,건조,맑음,단일로 - 횡단보도상,승용,남,41세,상해없음,자전거,여,43세,중상
2012022900100533,2012년 2월 29일 21시,수요일,대구광역시 달서구 월성동,중상사고,0,1,0,0,차대차 - 측면직각충돌,안전운전불이행,건조,맑음,단일로 - 기타,자전거,기타불명,기타불명,기타불명,승합,남,54세,상해없음
2012022900100534,2012년 2월 29일 21시,수요일,대구광역시 북구 동천동,중상사고,0,1,0,0,차대차 - 측면직각충돌,교차로운행방법위반,건조,맑음,기타 - 기타,승용,남,51세,상해없음,원동기,남,47세,중상
2012022900100571,2012년 2월 29일 22시,수요일,대구광역시 남구 대명동,경상사고,0,0,1,0,차대차 - 기타,안전운전불이행,건조,맑음,단일로 - 기타,기타불명,기타불명,기타불명,기타불명,승용,남,42세,상해없음
2012022900100572,2012년 2월 29일 22시,수요일,대구광역시 동구 신천동,중상사고,0,1,2,0,차대차 - 추돌 - 주정차중,안전운전불이행,건조,맑음,단일로 - 교량,승용,남,24세,상해없음,승용,남,26세,경상
2012022900100573,2012년 2월 29일 22시,수요일,대구광역시 북구 침산동,경상사고,0,0,4,0,차대차 - 추돌 - 진행중,안전운전불이행,건조,맑음,교차로 - 교차로부근,승용,여,33세,상해없음,화물,남,59세,경상
2012022900100574,2012년 2월 29일 22시,수요일,대구광역시 달서구 죽전동,경상사고,0,0,1,0,차대차 - 추돌 - 진행중,차로위반,건조,맑음,단일로 - 기타,승용,남,22세,상해없음,승합,남,47세,경상
2012022900100604,2012년 2월 29일 23시,수요일,대구광역시 동구 신암동,경상사고,0,0,1,0,차대차 - 추돌 - 주정차중,안전운전불이행,건조,맑음,교차로 - 교차로부근,승용,남,48세,상해없음,승용,남,66세,상해없음
2012022900100605,2012년 2월 29일 23시,수요일,대구광역시 수성구 범어동,중상사고,0,3,0,0,차대차 - 측면직각충돌,안전운전불이행,건조,맑음,단일로 - 기타,승용,남,49세,상해없음,승용,남,43세,상해없음
2012022900100606,2012년 2월 29일 23시,수요일,대구광역시 달서구 호산동,중상사고,0,1,0,0,차대사람 - 횡단중,안전운전불이행,건조,맑음,단일로 - 횡단보도부근,승용,남,62세,상해없음,보행자,남,28세,중상
2012030100100023,2012년 3월 1일 00시,목요일,대구광역시 동구 신암동,경상사고,0,0,2,0,차대사람 - 횡단중,보행자보호의무위반,건조,맑음,교차로 - 교차로부근,승용,남,34세,상해없음,보행자,남,36세,경상
2012030100100024,2012년 3월 1일 00시,목요일,대구광역시 수성구 상동,중상사고,0,4,0,0,차대차 - 추돌 - 주정차중,안전운전불이행,건조,맑음,교차로 - 교차로부근,승용,남,45세,상해없음,승용,남,52세,중상
2012030100100025,2012년 3월 1일 00시,목요일,대구광역시 북구 팔달동,경상사고,0,0,1,0,차대차 - 기타,안전거리미확보,건조,맑음,단일로 - 기타,화물,남,49세,상해없음,승용,남,52세,상해없음
2012030100100026,2012년 3월 1일 00시,목요일,대구광역시 달서구 이곡동,경상사고,0,0,2,0,차대사람 - 차도통행중,안전운전불이행,건조,맑음,교차로 - 교차로안,승용,남,41세,상해없음,보행자,남,33세,경상
2012030100100027,2012년 3월 1일 00시,목요일,대구광역시 달서구 감삼동,경상사고,0,0,1,0,차대사람 - 횡단중,안전운전불이행,건조,맑음,단일로 - 기타,승용,남,31세,상해없음,보행자,남,30세,경상
2012030100100045,2012년 3월 1일 01시,목요일,대구광역시 북구 태전동,중상사고,0,1,1,0,차대차 - 기타,안전운전불이행,건조,맑음,교차로 - 교차로안,승용,남,47세,상해없음,이륜,남,19세,중상
2012030100100046,2012년 3월 1일 01시,목요일,대구광역시 중구 계산동1가,경상사고,0,0,1,0,차대차 - 기타,신호위반,건조,흐림,교차로 - 교차로안,승용,남,48세,상해없음,승용,남,61세,경상
2012030100100076,2012년 3월 1일 03시,목요일,대구광역시 수성구 두산동,경상사고,0,0,1,0,차대차 - 추돌 - 진행중,안전거리미확보,건조,맑음,단일로 - 기타,승용,남,39세,상해없음,승용,남,57세,상해없음
2012030100100077,2012년 3월 1일 03시,목요일,대구광역시 달서구 상인동,경상사고,0,0,1,0,차량단독 - 공작물충돌,안전운전불이행,건조,맑음,단일로 - 횡단보도부근,승용,남,29세,상해없음,,,,
2012030100100078,2012년 3월 1일 03시,목요일,대구광역시 북구 침산동,중상사고,0,1,0,0,차량단독 - 공작물충돌,안전운전불이행,건조,맑음,단일로 - 기타,이륜,남,56세,중상,,,,
2012030100100079,2012년 3월 1일 03시,목요일,대구광역시 북구 동천동,중상사고,0,1,1,0,차대차 - 추돌 - 주정차중,안전거리미확보,건조,맑음,단일로 - 기타,승용,남,30세,상해없음,승용,남,69세,경상
2012030100100080,2012년 3월 1일 03시,목요일,대구광역시 서구 내당동,경상사고,0,0,4,0,차대차 - 추돌 - 진행중,안전거리미확보,건조,맑음,단일로 - 기타,승용,남,21세,상해없음,승용,남,23세,경상
2012030100100108,2012년 3월 1일 05시,목요일,대구광역시 동구 신기동,중상사고,0,1,1,0,차대차 - 기타,안전운전불이행,건조,맑음,단일로 - 기타,승용,남,26세,기타불명,승용,남,53세,경상
2012030100100123,2012년 3월 1일 06시,목요일,대구광역시 남구 대명동,경상사고,0,0,1,0,차대사람 - 차도통행중,안전운전불이행,건조,맑음,단일로 - 기타,승용,남,61세,상해없음,보행자,남,24세,경상
2012030100100124,2012년 3월 1일 06시,목요일,대구광역시 동구 신암동,중상사고,0,1,0,0,차량단독 - 공작물충돌,안전운전불이행,건조,맑음,단일로 - 기타,이륜,남,17세,중상,,,,
2012030100100153,2012년 3월 1일 08시,목요일,대구광역시 북구 구암동,중상사고,0,1,0,0,차대사람 - 횡단중,보행자보호의무위반,건조,맑음,교차로 - 교차로안,화물,남,37세,상해없음,보행자,여,59세,중상
2012030100100166,2012년 3월 1일 09시,목요일,대구광역시 중구 남산동,중상사고,0,1,0,0,차대사람 - 기타,안전운전불이행,건조,맑음,단일로 - 기타,승용,여,35세,상해없음,보행자,여,71세,중상
2012030100100246,2012년 3월 1일 13시,목요일,대구광역시 달서구 대곡동,부상신고사고,0,0,0,1,차대사람 - 횡단중,안전운전불이행,건조,맑음,단일로 - 기타,승용,기타불명,기타불명,기타불명,보행자,여,12세,부상신고
2012030100100291,2012년 3월 1일 15시,목요일,대구광역시 수성구 범어동,경상사고,0,0,1,0,차대차 - 측면직각충돌,신호위반,건조,맑음,교차로 - 교차로안,화물,남,62세,상해없음,승용,여,49세,경상
2012030100100292,2012년 3월 1일 15시,목요일,대구광역시 중구 대봉동,경상사고,0,0,1,0,차대차 - 기타,안전거리미확보,건조,맑음,단일로 - 기타,승용,여,24세,상해없음,승용,남,53세,경상
2012030100100293,2012년 3월 1일 15시,목요일,대구광역시 달서구 성당동,중상사고,0,1,0,0,차대차 - 기타,안전운전불이행,건조,맑음,단일로 - 기타,승용,남,53세,상해없음,자전거,남,88세,중상
2012030100100294,2012년 3월 1일 15시,목요일,대구광역시 달서구 이곡동,중상사고,0,1,0,0,차대차 - 측면직각충돌,교차로운행방법위반,건조,맑음,교차로 - 교차로부근,화물,남,57세,상해없음,승용,여,31세,중상
2012030100100313,2012년 3월 1일 16시,목요일,대구광역시 동구 동호동,경상사고,0,0,1,0,차대차 - 추돌 - 진행중,안전거리미확보,건조,맑음,단일로 - 기타,승용,남,48세,상해없음,승용,남,54세,경상
2012030100100314,2012년 3월 1일 16시,목요일,대구광역시 달서구 상인동,중상사고,0,1,0,0,차대차 - 측면직각충돌,중앙선침범,건조,맑음,단일로 - 기타,승용,남,63세,상해없음,원동기,남,27세,중상
2012030100100315,2012년 3월 1일 16시,목요일,대구광역시 중구 서성로1가,경상사고,0,0,2,0,차대차 - 기타,차로위반,건조,맑음,단일로 - 기타,승용,남,34세,상해없음,승용,남,54세,경상
2012030100100332,2012년 3월 1일 17시,목요일,대구광역시 수성구 만촌동,경상사고,0,0,1,0,차대차 - 추돌 - 주정차중,안전운전불이행,습기,맑음,교차로 - 교차로부근,승용,남,17세,상해없음,승용,남,32세,경상
2012030100100333,2012년 3월 1일 17시,목요일,대구광역시 북구 연경동,경상사고,0,0,1,0,차대차 - 기타,기타,건조,맑음,단일로 - 기타,승용,여,51세,상해없음,이륜,남,61세,경상
2012030100100390,2012년 3월 1일 19시,목요일,대구광역시 수성구 지산동,경상사고,0,0,1,0,차대사람 - 기타,안전운전불이행,건조,맑음,단일로 - 횡단보도상,승용,남,28세,상해없음,보행자,남,48세,경상
2012030100100391,2012년 3월 1일 19시,목요일,대구광역시 서구 비산동,경상사고,0,0,3,0,차대차 - 추돌 - 진행중,불법유턴,건조,맑음,교차로 - 교차로안,승용,여,59세,경상,이륜,남,18세,경상