사고번호,사고일시,요일,시군구,사고내용,사망자수,중상자수,경상자수,부상신고자수,사고유형,법규위반,노면상태,기상상태,도로형태,가해운전자 차종,가해운전자 성별,가해운전자 연령,가해운전자 상해정도,피해운전자 차종,피해운전자 성별,피해운전자 연령,피해운전자 상해정도
2012030400100446,2012년 3월 4일 23시,일요일,대구광역시 북구 복현동,경상사고,0,0,2,0,차대차 - 측면직각충돌,안전운전불이행,습기,비,단일로 - 기타,승용,남,27세,상해없음,승용,남,69세,상해없음
2012030400100447,2012년 3월 4일 23시,일요일,대구광역시 달서구 이곡동,중상사고,0,1,3,0,차대차 - 추돌 - 주정차중,안전운전불이행,습기,비,단일로 - 기타,승용,남,41세,상해없음,승용,남,32세,중상
2012030400100448,2012년 3월 4일 23시,일요일,대구광역시 달서구 이곡동,경상사고,0,0,1,0,차대차 - 추돌 - 주정차중,안전거리미확보,건조,맑음,기타 - 기타,승용,여,46세,상해없음,승용,남,61세,경상
2012030500100011,2012년 3월 5일 00시,월요일,대구광역시 북구 동천동,경상사고,0,0,2,0,차대차 - 기타,신호위반,습기,비,교차로 - 교차로안,승용,여,45세,상해없음,승용,남,48세,경상
2012030500100024,2012년 3월 5일 01시,월요일,대구광역시 달서구 월성동,경상사고,0,0,1,0,차대차 - 측면직각충돌,안전운전불이행,건조,맑음,기타 - 기타,승합,남,63세,상해없음,승용,남,29세,경상
2012030500100051,2012년 3월 5일 03시,월요일,대구광역시 남구 대명동,경상사고,0,0,1,0,차량단독 - 공작물충돌,안전운전불이행,습기,비,교차로 - 교차로부근,승용,여,44세,상해없음,,,,
2012030500100052,2012년 3월 5일 03시,월요일,대구광역시 북구 읍내동,중상사고,0,2,0,0,차대차 - 측면직각충돌,신호위반,습기,비,교차로 - 교차로안,승합,여,27세,중상,승용,미분류,기타불명,기타불명
2012030500100053,2012년 3월 5일 03시,월요일,대구광역시 달서구 두류동,중상사고,0,2,0,0,차대차 - 측면직각충돌,중앙선침범,습기,비,단일로 - 기타,승용,남,22세,상해없음,승용,남,36세,중상
2012030500100075,2012년 3월 5일 05시,월요일,대구광역시 수성구 신매동,사망사고,1,0,0,0,차대사람 - 횡단중,신호위반,습기,비,교차로 - 교차로안,승용,남,69세,상해없음,보행자,남,59세,사망
2012030500100102,2012년 3월 5일 06시,월요일,대구광역시 북구 서변동,중상사고,0,1,2,0,차대차 - 추돌 - 진행중,안전거리미확보,습기,비,단일로 - 교량,화물,남,41세,경상,승용,남,44세,중상
2012030500100103,2012년 3월 5일 06시,월요일,대구광역시 달서구 신당동,경상사고,0,0,1,0,차대차 - 기타,신호위반,건조,맑음,교차로 - 교차로안,승용,남,51세,상해없음,승용,남,37세,경상
2012030500100171,2012년 3월 5일 09시,월요일,대구광역시 동구 입석동,경상사고,0,0,1,0,차대차 - 측면직각충돌,교차로운행방법위반,건조,맑음,교차로 - 교차로안,승용,남,32세,상해없음,승용,남,46세,상해없음
2012030500100172,2012년 3월 5일 09시,월요일,대구광역시 달서구 성당동,중상사고,0,1,0,0,차대사람 - 횡단중,과속,습기,비,단일로 - 기타,승용,남,51세,상해없음,보행자,여,63세,중상
2012030500100190,2012년 3월 5일 10시,월요일,대구광역시 중구 동인동3가,경상사고,0,0,3,0,차대차 - 측면직각충돌,직진우회전진행방해,습기,비,교차로 - 교차로부근,승용,여,49세,경상,승용,남,39세,경상
2012030500100216,2012년 3월 5일 11시,월요일,대구광역시 서구 비산동,중상사고,0,1,0,0,차대사람 - 길가장자리구역통행중,안전운전불이행,습기,비,교차로 - 교차로안,화물,남,57세,상해없음,보행자,여,61세,중상
2012030500100231,2012년 3월 5일 12시,월요일,대구광역시 수성구 상동,중상사고,0,1,0,0,차대사람 - 횡단중,신호위반,습기,비,교차로 - 교차로안,승용,여,59세,상해없음,보행자,남,45세,중상
2012030500100232,2012년 3월 5일 12시,월요일,대구광역시 북구 복현동,경상사고,0,0,1,0,차대차 - 기타,안전운전불이행,습기,비,교차로 - 교차로부근,승합,남,66세,상해없음,이륜,남,37세,경상
2012030500100233,2012년 3월 5일 12시,월요일,대구광역시 달서구 용산동,중상사고,0,1,0,0,차대사람 - 횡단중,신호위반,습기,비,교차로 - 교차로부근,승용,남,52세,상해없음,보행자,여,30세,중상
2012030500100252,2012년 3월 5일 13시,월요일,대구광역시 수성구 범물동,중상사고,0,1,0,0,차대사람 - 횡단중,안전운전불이행,습기,비,단일로 - 횡단보도부근,승용,남,55세,상해없음,보행자,여,70세,중상
2012030500100280,2012년 3월 5일 14시,월요일,대구광역시 수성구 만촌동,중상사고,0,1,0,0,차대차 - 기타,교차로운행방법위반,습기,비,교차로 - 교차로안,승용,여,50세,상해없음,이륜,남,50세,중상
2012030500100281,2012년 3월 5일 14시,월요일,대구광역시 수성구 만촌동,중상사고,0,3,1,1,차대차 - 추돌 - 진행중,안전거리미확보,습기,비,교차로 - 교차로부근,승용,남,35세,경상,승용,여,25세,부상신고
2012030500100282,2012년 3월 5일 14시,월요일,대구광역시 서구 내당동,경상사고,0,0,1,0,차대차 - 기타,교차로운행방법위반,습기,비,단일로 - 기타,승용,여,60세,상해없음,원동기,남,16세,경상
2012030500100283,2012년 3월 5일 14시,월요일,대구광역시 서구 중리동,경상사고,0,0,1,0,차대차 - 측면직각충돌,안전거리미확보,습기,비,단일로 - 기타,화물,남,50세,상해없음,승용,여,32세,경상
2012030500100307,2012년 3월 5일 15시,월요일,대구광역시 동구 방촌동,경상사고,0,0,1,0,차대차 - 측면직각충돌,안전운전불이행,습기,흐림,교차로 - 교차로부근,승용,남,39세,상해없음,승용,여,44세,경상
2012030500100308,2012년 3월 5일 15시,월요일,대구광역시 수성구 시지동,중상사고,0,1,0,0,차대차 - 추돌 - 진행중,안전거리미확보,습기,비,단일로 - 기타,승합,남,46세,상해없음,승용,여,40세,중상
2012030500100309,2012년 3월 5일 15시,월요일,대구광역시 북구 학정동,중상사고,0,1,0,0,차대사람 - 횡단중,보행자보호의무위반,습기,비,단일로 - 횡단보도상,화물,남,43세,상해없음,보행자,여,7세,중상
2012030500100310,2012년 3월 5일 15시,월요일,대구광역시 달서구 이곡동,경상사고,0,0,2,0,차대차 - 기타,직진우회전진행방해,습기,비,교차로 - 교차로안,승용,여,50세,상해없음,승용,여,40세,경상
2012030500100336,2012년 3월 5일 16시,월요일,대구광역시 북구 침산동,경상사고,0,0,1,0,차대차 - 기타,안전거리미확보,습기,흐림,단일로 - 기타,승용,남,67세,상해없음,승용,여,33세,경상
2012030500100337,2012년 3월 5일 16시,월요일,대구광역시 중구 삼덕동2가,중상사고,0,1,0,0,차대차 - 측면직각충돌,교차로운행방법위반,습기,비,교차로 - 교차로안,화물,남,26세,상해없음,승용,남,45세,중상
2012030500100338,2012년 3월 5일 16시,월요일,대구광역시 달서구 본리동,중상사고,0,1,0,0,차대사람 - 횡단중,안전운전불이행,건조,흐림,단일로 - 기타,승용,남,39세,상해없음,보행자,여,8세,중상
2012030500100361,2012년 3월 5일 17시,월요일,대구광역시 중구 태평로2가,부상신고사고,0,0,0,1,차대차 - 측면직각충돌,신호위반,습기,비,교차로 - 교차로안,이륜,남,51세,부상신고,화물,남,40세,상해없음
2012030500100397,2012년 3월 5일 18시,월요일,대구광역시 서구 비산동,경상사고,0,0,1,0,차대차 - 측면직각충돌,중앙선침범,습기,비,교차로 - 교차로부근,원동기,남,51세,경상,승용,남,51세,상해없음
2012030500100398,2012년 3월 5일 18시,월요일,대구광역시 서구 비산동,중상사고,0,1,0,0,차대사람 - 기타,안전운전불이행,습기,비,교차로 - 교차로안,승합,남,44세,상해없음,보행자,남,32세,중상
2012030500100450,2012년 3월 5일 19시,월요일,대구광역시 남구 봉덕동,경상사고,0,0,1,0,차대차 - 추돌 - 진행중,안전운전불이행,건조,맑음,교차로 - 교차로부근,승용,남,45세,상해없음,승용,여,38세,경상
2012030500100451,2012년 3월 5일 19시,월요일,대구광역시 동구 신암동,중상사고,0,1,0,0,차대사람 - 횡단중,안전운전불이행,습기,비,단일로 - 횡단보도부근,승합,남,50세,상해없음,보행자,남,66세,중상
2012030500100452,2012년 3월 5일 19시,월요일,대구광역시 달성군 현풍면,중상사고,0,2,0,0,차대차 - 정면충돌,중앙선침범,습기,비,단일로 - 교량,화물,남,52세,중상,승용,남,38세,중상
2012030500100453,2012년 3월 5일 19시,월요일,대구광역시 북구 구암동,경상사고,0,0,1,0,차대차 - 측면직각충돌,안전운전불이행,건조,맑음,교차로 - 교차로안,승합,남,51세,상해없음,승용,남,24세,경상
2012030500100454,2012년 3월 5일 19시,월요일,대구광역시 북구 복현동,경상사고,0,0,1,0,차대사람 - 기타,안전운전불이행,습기,비,교차로 - 교차로부근,화물,남,31세,상해없음,보행자,남,34세,경상
2012030500100455,2012년 3월 5일 19시,월요일,대구광역시 북구 태전동,중상사고,0,1,0,0,차량단독 - 기타,안전운전불이행,습기,비,단일로 - 교량,승합,남,43세,상해없음,,,,
2012030500100456,2012년 3월 5일 19시,월요일,대구광역시 북구 산격동,경상사고,0,0,2,0,차대차 - 추돌 - 주정차중,안전운전불이행,습기,비,교차로 - 교차로부근,승용,남,57세,상해없음,승용,남,48세,경상
2012030500100457,2012년 3월 5일 19시,월요일,대구광역시 서구 비산동,중상사고,0,1,3,0,차대사람 - 횡단중,안전운전불이행,습기,비,단일로 - 기타,승용,남,64세,상해없음,보행자,남,50세,중상
2012030500100458,2012년 3월 5일 19시,월요일,대구광역시 달서구 신당동,중상사고,0,1,0,0,차대차 - 추돌 - 진행중,안전거리미확보,습기,비,교차로 - 교차로부근,승용,남,58세,상해없음,승용,여,27세,중상
2012030500100459,2012년 3월 5일 19시,월요일,대구광역시 달서구 성당동,경상사고,0,0,1,0,차대차 - 측면직각충돌,안전운전불이행,습기,비,단일로 - 기타,승용,여,36세,상해없음,화물,남,23세,경상
2012030500100522,2012년 3월 5일 20시,월요일,대구광역시 수성구 신매동,중상사고,0,1,0,0,차대사람 - 기타,안전운전불이행,습기,비,단일로 - 기타,승용,남,54세,상해없음,보행자,남,62세,중상
2012030500100523,2012년 3월 5일 20시,월요일,대구광역시 달성군 다사읍,중상사고,0,1,0,0,차대사람 - 차도통행중,안전운전불이행,습기,비,단일로 - 기타,화물,남,33세,상해없음,보행자,남,50세,중상
2012030500100524,2012년 3월 5일 20시,월요일,대구광역시 달성군 현풍면,경상사고,0,0,3,0,차대차 - 측면직각충돌,안전운전불이행,습기,비,단일로 - 기타,화물,남,57세,상해없음,승용,여,27세,경상
2012030500100525,2012년 3월 5일 20시,월요일,대구광역시 북구 복현동,중상사고,0,2,0,0,차대차 - 추돌 - 주정차중,불법유턴,건조,맑음,단일로 - 기타,승용,남,28세,상해없음,승용,남,33세,중상
2012030500100526,2012년 3월 5일 20시,월요일,대구광역시 서구 내당동,경상사고,0,0,1,0,차대사람 - 차도통행중,안전운전불이행,습기,비,단일로 - 기타,승합,남,38세,상해없음,보행자,남,78세,경상
2012030500100527,2012년 3월 5일 20시,월요일,대구광역시 달서구 감삼동,중상사고,0,1,0,0,차대사람 - 횡단중,신호위반,습기,비,단일로 - 횡단보도상,승용,남,41세,상해없음,보행자,여,55세,중상
2012030500100583,2012년 3월 5일 21시,월요일,대구광역시 북구 태전동,경상사고,0,0,2,0,차대차 - 추돌 - 진행중,안전운전불이행,습기,비,단일로 - 터널,기타불명,기타불명,기타불명,기타불명,승용,남,20세,경상
2012030500100633,2012년 3월 5일 22시,월요일,대구광역시 남구 대명동,중상사고,0,1,0,0,차대사람 - 횡단중,안전운전불이행,습기,비,교차로 - 교차로부근,승합,남,63세,상해없음,보행자,남,42세,중상
2012030500100634,2012년 3월 5일 22시,월요일,대구광역시 동구 동호동,사망사고,1,0,1,0,차대사람 - 횡단중,중앙선침범,습기,비,교차로 - 교차로안,승용,남,21세,상해없음,보행자,남,48세,사망
2012030500100635,2012년 3월 5일 22시,월요일,대구광역시 동구 율하동,경상사고,0,0,2,0,차대사람 - 기타,안전운전불이행,습기,비,단일로 - 기타,승합,남,55세,상해없음,보행자,여,18세,경상
2012030500100636,2012년 3월 5일 22시,월요일,대구광역시 달서구 유천동,경상사고,0,0,2,0,차대차 - 기타,교차로운행방법위반,습기,비,교차로 - 교차로부근,승합,남,47세,상해없음,승용,남,40세,경상
2012030500100637,2012년 3월 5일 22시,월요일,대구광역시 달서구 유천동,경상사고,0,0,2,0,차대차 - 추돌 - 진행중,안전운전불이행,습기,비,단일로 - 기타,승합,남,46세,상해없음,승용,여,49세,경상
2012030500100638,2012년 3월 5일 22시,월요일,대구광역시 달서구 유천동,중상사고,0,1,0,0,차대사람 - 기타,보행자보호의무위반,습기,비,단일로 - 횡단보도상,승용,여,25세,상해없음,보행자,여,58세,중상
2012030500100639,2012년 3월 5일 22시,월요일,대구광역시 달성군 다사읍,경상사고,0,0,1,0,차대차 - 측면직각충돌,직진우회전진행방해,습기,비,교차로 - 교차로안,화물,남,55세,상해없음,원동기,남,17세,경상
2012030500100640,2012년 3월 5일 22시,월요일,대구광역시 북구 산격동,경상사고,0,0,4,0,차대차 - 추돌 - 주정차중,안전운전불이행,습기,비,단일로 - 기타,승용,남,40세,상해없음,승용,남,55세,경상
2012030500100641,2012년 3월 5일 22시,월요일,대구광역시 북구 산격동,중상사고,0,1,0,0,차대차 - 추돌 - 주정차중,안전운전불이행,습기,비,교차로 - 교차로부근,승용,기타불명,기타불명,기타불명,이륜,남,56세,중상
2012030500100642,2012년 3월 5일 22시,월요일,대구광역시 서구 내당동,경상사고,0,0,1,0,차대차 - 측면직각충돌,안전거리미확보,습기,비,단일로 - 기타,승용,남,23세,상해없음,승용,남,31세,상해없음
2012030500100705,2012년 3월 5일 23시,월요일,대구광역시 수성구 범어동,중상사고,0,1,1,0,차대차 - 추돌 - 주정차중,안전운전불이행,습기,비,교차로 - 교차로부근,승용,남,64세,상해없음,승용,남,32세,경상
2012030500100706,2012년 3월 5일 23시,월요일,대구광역시 수성구 범어동,경상사고,0,0,2,0,차량단독 - 공작물충돌,안전운전불이행,습기,비,단일로 - 횡단보도부근,승용,남,38세,상해없음,,,,
2012030500100707,2012년 3월 5일 23시,월요일,대구광역시 수성구 두산동,경상사고,0,0,1,0,차대차 - 추돌 - 진행중,안전운전불이행,건조,맑음,단일로 - 기타,승용,남,38세,상해없음,승용,남,37세,경상
2012030500100708,2012년 3월 5일 23시,월요일,대구광역시 수성구 두산동,경상사고,0,0,1,0,차대차 - 추돌 - 진행중,안전운전불이행,습기,비,교차로 - 교차로부근,승용,남,38세,상해없음,승용,남,42세,경상
2012030500100709,2012년 3월 5일 23시,월요일,대구광역시 수성구 두산동,경상사고,0,0,1,0,차대차 - 기타,안전운전불이행,건조,맑음,단일로 - 기타,기타불명,기타불명,기타불명,기타불명,승용,남,40세,경상
2012030500100710,2012년 3월 5일 23시,월요일,대구광역시 달서구 본리동,중상사고,0,1,0,0,차대사람 - 횡단중,안전운전불이행,습기,비,교차로 - 교차로부근,승용,남,56세,상해없음,보행자,남,51세,중상
2012030600100045,2012년 3월 6일 00시,화요일,대구광역시 달성군 옥포면,경상사고,0,0,1,0,차대차 - 추돌 - 주정차중,안전운전불이행,습기,비,교차로 - 교차로부근,화물,남,52세,상해없음,승용,남,28세,경상
2012030600100081,2012년 3월 6일 01시,화요일,대구광역시 북구 서변동,경상사고,0,0,1,0,차대차 - 기타,안전운전불이행,건조,맑음,단일로 - 기타,승용,남,39세,상해없음,승용,남,48세,경상
2012030600100082,2012년 3월 6일 01시,화요일,대구광역시 중구 동인동1가,경상사고,0,0,2,0,차대차 - 측면직각충돌,안전운전불이행,습기,비,교차로 - 교차로안,승용,기타불명,기타불명,기타불명,승용,남,26세,경상
2012030600100100,2012년 3월 6일 02시,화요일,대구광역시 동구 신암동,중상사고,0,1,0,0,차대차 - 측면직각충돌,안전운전불이행,습기,비,교차로 - 교차로부근,승용,남,29세,상해없음,자전거,여,63세,중상
2012030600100101,2012년 3월 6일 02시,화요일,대구광역시 달서구 대천동,부상신고사고,0,0,0,1,차대차 - 추돌 - 주정차중,안전운전불이행,습기,비,교차로 - 교차로부근,승용,남,37세,상해없음,승용,남,33세,부상신고
2012030600100122,2012년 3월 6일 04시,화요일,대구광역시 동구 신기동,경상사고,0,0,2,0,차대차 - 측면직각충돌,안전운전불이행,건조,맑음,단일로 - 기타,승용,남,45세,상해없음,승용,남,70세,경상
2012030600100123,2012년 3월 6일 04시,화요일,대구광역시 달서구 이곡동,경상사고,0,0,3,0,차대차 - 추돌 - 진행중,안전운전불이행,습기,비,교차로 - 교차로부근,화물,남,62세,상해없음,승용,남,28세,경상
2012030600100151,2012년 3월 6일 06시,화요일,대구광역시 수성구 황금동,경상사고,0,0,1,0,차대차 - 기타,안전운전불이행,습기,비,단일로 - 기타,승용,남,56세,상해없음,승용,남,27세,경상
2012030600100186,2012년 3월 6일 07시,화요일,대구광역시 북구 동호동,경상사고,0,0,2,0,차대차 - 정면충돌,중앙선침범,건조,맑음,기타 - 기타,승합,남,40세,상해없음,승용,남,53세,경상
2012030600100187,2012년 3월 6일 07시,화요일,대구광역시 북구 팔달동,경상사고,0,0,1,0,차대차 - 측면직각충돌,안전운전불이행,건조,맑음,교차로 - 교차로부근,승용,남,23세,상해없음,승합,남,48세,상해없음
2012030600100188,2012년 3월 6일 07시,화요일,대구광역시 북구 복현동,경상사고,0,0,1,0,차대차 - 측면직각충돌,안전운전불이행,습기,흐림,교차로 - 교차로부근,화물,남,34세,상해없음,화물,남,32세,경상
2012030600100213,2012년 3월 6일 08시,화요일,대구광역시 동구 신천동,중상사고,0,1,0,0,차대사람 - 기타,안전운전불이행,건조,맑음,교차로 - 교차로안,승용,여,34세,상해없음,보행자,남,64세,중상
2012030600100214,2012년 3월 6일 08시,화요일,대구광역시 수성구 범어동,중상사고,0,2,1,0,차대차 - 추돌 - 진행중,안전운전불이행,건조,맑음,단일로 - 기타,승용,남,30세,상해없음,승용,남,39세,중상
2012030600100215,2012년 3월 6일 08시,화요일,대구광역시 달서구 송현동,중상사고,0,1,0,0,차대차 - 측면직각충돌,안전거리미확보,습기,비,단일로 - 기타,자전거,남,65세,중상,승용,남,53세,상해없음
2012030600100216,2012년 3월 6일 08시,화요일,대구광역시 달성군 다사읍,경상사고,0,0,2,0,차대차 - 기타,직진우회전진행방해,습기,흐림,단일로 - 기타,화물,남,49세,상해없음,승용,남,32세,경상
2012030600100217,2012년 3월 6일 08시,화요일,대구광역시 달성군 논공읍,중상사고,0,1,1,0,차대차 - 측면직각충돌,안전운전불이행,건조,흐림,단일로 - 기타,승용,남,23세,상해없음,화물,남,33세,경상
2012030600100218,2012년 3월 6일 08시,화요일,대구광역시 북구 침산동,중상사고,0,2,5,0,차대차 - 측면직각충돌,중앙선침범,습기,흐림,단일로 - 기타,화물,남,29세,중상,승용,남,59세,중상
2012030600100219,2012년 3월 6일 08시,화요일,대구광역시 북구 구암동,경상사고,0,0,1,0,차대차 - 측면직각충돌,안전운전불이행,건조,맑음,단일로 - 기타,승용,여,36세,상해없음,승용,여,45세,경상
2012030600100220,2012년 3월 6일 08시,화요일,대구광역시 북구 태전동,경상사고,0,0,4,0,차대차 - 기타,안전운전불이행,건조,맑음,단일로 - 기타,승합,남,52세,상해없음,승합,남,57세,상해없음
2012030600100241,2012년 3월 6일 09시,화요일,대구광역시 남구 대명동,중상사고,0,1,0,0,차대사람 - 기타,안전운전불이행,건조,맑음,단일로 - 기타,승용,여,60세,상해없음,보행자,여,63세,중상
2012030600100242,2012년 3월 6일 09시,화요일,대구광역시 서구 중리동,경상사고,0,0,1,0,차대차 - 기타,안전거리미확보,건조,맑음,단일로 - 기타,승용,남,49세,상해없음,화물,여,18세,상해없음
2012030600100303,2012년 3월 6일 12시,화요일,대구광역시 북구 산격동,중상사고,0,1,0,0,차대차 - 측면직각충돌,안전운전불이행,건조,맑음,단일로 - 기타,승용,남,53세,상해없음,자전거,남,74세,중상
2012030600100304,2012년 3월 6일 12시,화요일,대구광역시 북구 산격동,경상사고,0,0,1,0,차대차 - 측면직각충돌,신호위반,건조,맑음,교차로 - 교차로안,화물,남,42세,상해없음,원동기,남,30세,경상
2012030600100328,2012년 3월 6일 13시,화요일,대구광역시 수성구 만촌동,경상사고,0,0,4,0,차대차 - 측면직각충돌,안전운전불이행,건조,맑음,교차로 - 교차로부근,승용,여,42세,상해없음,승용,여,53세,경상
2012030600100392,2012년 3월 6일 16시,화요일,대구광역시 동구 검사동,부상신고사고,0,0,0,1,차대차 - 기타,안전거리미확보,건조,맑음,교차로 - 교차로부근,승용,남,53세,상해없음,승용,남,34세,부상신고
2012030600100393,2012년 3월 6일 16시,화요일,대구광역시 달서구 월성동,경상사고,0,0,2,0,차대사람 - 기타,안전운전불이행,건조,맑음,단일로 - 기타,승용,여,32세,상해없음,보행자,남,53세,경상
2012030600100425,2012년 3월 6일 17시,화요일,대구광역시 달서구 죽전동,부상신고사고,0,0,0,1,차대사람 - 보도통행중,안전운전불이행,건조,맑음,단일로 - 기타,화물,기타불명,기타불명,기타불명,보행자,남,41세,부상신고
2012030600100456,2012년 3월 6일 18시,화요일,대구광역시 서구 비산동,경상사고,0,0,3,0,차대차 - 기타,안전거리미확보,건조,맑음,단일로 - 기타,승용,여,55세,상해없음,승용,여,26세,경상
2012030600100457,2012년 3월 6일 18시,화요일,대구광역시 달서구 파호동,중상사고,0,1,0,0,차대차 - 기타,안전운전불이행,건조,흐림,단일로 - 기타,승용,여,53세,상해없음,자전거,남,28세,중상
2012030600100504,2012년 3월 6일 19시,화요일,대구광역시 동구 신천동,경상사고,0,0,1,0,차대차 - 기타,안전운전불이행,건조,맑음,단일로 - 기타,화물,남,43세,상해없음,승용,남,39세,경상
2012030600100505,2012년 3월 6일 19시,화요일,대구광역시 달서구 상인동,경상사고,0,0,2,0,차대차 - 기타,중앙선침범,건조,맑음,단일로 - 기타,원동기,남,66세,경상,원동기,남,19세,경상
2012030600100506,2012년 3월 6일 19시,화요일,대구광역시 달성군 화원읍,경상사고,0,0,1,0,차대차 - 추돌 - 주정차중,안전운전불이행,건조,맑음,단일로 - 기타,화물,남,57세,상해없음,승용,남,32세,경상
2012030600100532,2012년 3월 6일 20시,화요일,대구광역시 수성구 지산동,경상사고,0,0,1,0,차대차 - 기타,중앙선침범,건조,맑음,단일로 - 기타,승용,남,27세,상해없음,원동기,남,37세,경상
2012030600100533,2012년 3월 6일 20시,화요일,대구광역시 달서구 진천동,경상사고,0,0,2,0,차대차 - 측면직각충돌,불법유턴,건조,맑음,단일로 - 기타,승용,여,40세,상해없음,원동기,남,16세,경상
2012030600100534,2012년 3월 6일 20시,화요일,대구광역시 북구 구암동,경상사고,0,0,1,0,차대차 - 추돌 - 진행중,안전운전불이행,건조,맑음,교차로 - 교차로안,승용,남,51세,상해없음,화물,남,28세,경상
2012030600100579,2012년 3월 6일 22시,화요일,대구광역시 남구 대명동,경상사고,0,0,1,0,차대차 - 기타,안전운전불이행,건조,맑음,단일로 - 기타,승용,남,47세,상해없음,승용,남,28세,경상
2012030600100580,2012년 3월 6일 22시,화요일,대구광역시 달성군 논공읍,경상사고,0,0,1,0,차대차 - 측면직각충돌,안전운전불이행,건조,맑음,단일로 - 기타,승용,남,36세,상해없음,원동기,남,33세,경상
2012030600100581,2012년 3월 6일 22시,화요일,대구광역시 북구 노원동1가,경상사고,0,0,1,0,차대사람 - 기타,안전운전불이행,건조,맑음,단일로 - 횡단보도상,승용,남,50세,상해없음,보행자,남,39세,경상
2012030600100600,2012년 3월 6일 23시,화요일,대구광역시 북구 노원동1가,부상신고사고,0,0,0,1,차대차 - 추돌 - 주정차중,안전운전불이행,건조,맑음,단일로 - 기타,이륜,남,26세,부상신고,승합,남,44세,상해없음
2012030700100017,2012년 3월 7일 00시,수요일,대구광역시 수성구 범어동,경상사고,0,0,1,0,차대차 - 기타,신호위반,건조,맑음,단일로 - 기타,승용,여,56세,상해없음,승용,남,51세,경상
2012030700100018,2012년 3월 7일 00시,수요일,대구광역시 달서구 본동,경상사고,0,0,1,0,차대사람 - 기타,안전운전불이행,건조,맑음,단일로 - 기타,승용,남,25세,상해없음,보행자,남,24세,경상
2012030700100057,2012년 3월 7일 05시,수요일,대구광역시 수성구 범어동,중상사고,0,1,0,0,차대차 - 측면직각충돌,안전운전불이행,건조,맑음,교차로 - 교차로안,승용,남,67세,상해없음,승합,남,52세,상해없음
2012030700100094,2012년 3월 7일 07시,수요일,대구광역시 수성구 만촌동,중상사고,0,1,0,0,차대차 - 측면직각충돌,안전거리미확보,건조,맑음,교차로 - 교차로안,승용,남,71세,상해없음,화물,남,39세,중상
2012030700100129,2012년 3월 7일 08시,수요일,대구광역시 북구 침산동,경상사고,0,0,1,1,차대차 - 추돌 - 진행중,안전운전불이행,건조,맑음,교차로 - 교차로안,이륜,남,45세,부상신고,승용,남,38세,경상
2012030700100130,2012년 3월 7일 08시,수요일,대구광역시 북구 팔달동,경상사고,0,0,1,0,차대차 - 기타,안전거리미확보,건조,맑음,단일로 - 기타,화물,남,58세,상해없음,화물,남,30세,경상
2012030700100131,2012년 3월 7일 08시,수요일,대구광역시 중구 동인동1가,경상사고,0,0,2,0,차대차 - 추돌 - 주정차중,안전운전불이행,건조,맑음,교차로 - 교차로부근,승용,남,27세,상해없음,승용,남,49세,경상
2012030700100132,2012년 3월 7일 08시,수요일,대구광역시 중구 대신동,중상사고,0,1,0,1,차대차 - 추돌 - 진행중,안전운전불이행,건조,맑음,단일로 - 기타,승용,남,44세,부상신고,승용,여,49세,중상
2012030700100133,2012년 3월 7일 08시,수요일,대구광역시 달서구 호산동,경상사고,0,0,1,0,차대차 - 측면직각충돌,교차로운행방법위반,건조,맑음,교차로 - 교차로안,승용,남,33세,상해없음,승용,남,23세,경상
2012030700100160,2012년 3월 7일 09시,수요일,대구광역시 달서구 본동,경상사고,0,0,1,0,차대차 - 추돌 - 진행중,안전운전불이행,건조,맑음,교차로 - 교차로부근,승용,남,52세,상해없음,승용,여,44세,경상
2012030700100189,2012년 3월 7일 10시,수요일,대구광역시 북구 서변동,경상사고,0,0,1,0,차대차 - 측면직각충돌,직진우회전진행방해,건조,맑음,교차로 - 교차로안,승용,남,36세,상해없음,이륜,남,79세,경상
2012030700100190,2012년 3월 7일 10시,수요일,대구광역시 북구 서변동,경상사고,0,0,4,0,차대차 - 측면직각충돌,직진우회전진행방해,건조,맑음,교차로 - 교차로안,승용,남,49세,상해없음,승용,여,56세,경상
2012030700100191,2012년 3월 7일 10시,수요일,대구광역시 서구 중리동,중상사고,0,1,0,0,차대사람 - 기타,안전운전불이행,건조,맑음,단일로 - 기타,승용,여,51세,상해없음,보행자,여,69세,중상
2012030700100192,2012년 3월 7일 10시,수요일,대구광역시 서구 비산동,경상사고,0,0,1,0,차대사람 - 기타,안전운전불이행,건조,맑음,단일로 - 기타,승용,남,49세,상해없음,보행자,여,57세,경상
2012030700100217,2012년 3월 7일 11시,수요일,대구광역시 수성구 범어동,경상사고,0,0,1,0,차대차 - 기타,안전거리미확보,건조,맑음,단일로 - 기타,승용,여,60세,상해없음,승용,남,30세,경상
2012030700100218,2012년 3월 7일 11시,수요일,대구광역시 달성군 구지면,경상사고,0,0,2,0,차대차 - 측면직각충돌,직진우회전진행방해,건조,맑음,교차로 - 교차로안,승용,남,55세,경상,화물,남,44세,경상
2012030700100235,2012년 3월 7일 12시,수요일,대구광역시 동구 신천동,경상사고,0,0,1,0,차대사람 - 기타,안전운전불이행,건조,맑음,기타 - 기타,화물,남,38세,상해없음,보행자,여,49세,경상
2012030700100236,2012년 3월 7일 12시,수요일,대구광역시 서구 상리동,경상사고,0,0,1,0,차대차 - 추돌 - 진행중,안전운전불이행,건조,맑음,단일로 - 기타,화물,남,40세,상해없음,원동기,남,56세,경상