사고번호,사고일시,요일,시군구,사고내용,사망자수,중상자수,경상자수,부상신고자수,사고유형,법규위반,노면상태,기상상태,도로형태,가해운전자 차종,가해운전자 성별,가해운전자 연령,가해운전자 상해정도,피해운전자 차종,피해운전자 성별,피해운전자 연령,피해운전자 상해정도
2012030700100253,2012년 3월 7일 13시,수요일,대구광역시 수성구 범어동,중상사고,0,1,0,0,차대차 - 기타,안전운전불이행,건조,맑음,단일로 - 기타,승용,여,55세,상해없음,자전거,남,38세,중상
2012030700100254,2012년 3월 7일 13시,수요일,대구광역시 북구 노원동1가,경상사고,0,0,2,0,차대차 - 기타,불법유턴,건조,맑음,단일로 - 기타,자전거,남,46세,경상,원동기,남,42세,경상
2012030700100285,2012년 3월 7일 14시,수요일,대구광역시 남구 대명동,경상사고,0,0,1,0,차대사람 - 횡단중,안전운전불이행,건조,맑음,단일로 - 기타,승용,남,44세,상해없음,보행자,남,7세,경상
2012030700100329,2012년 3월 7일 16시,수요일,대구광역시 남구 대명동,중상사고,0,1,1,0,차대차 - 추돌 - 주정차중,안전운전불이행,건조,맑음,교차로 - 교차로부근,승용,남,61세,상해없음,이륜,남,16세,중상
2012030700100330,2012년 3월 7일 16시,수요일,대구광역시 동구 율하동,경상사고,0,0,1,0,차대차 - 기타,교차로운행방법위반,건조,맑음,교차로 - 교차로안,승용,남,63세,상해없음,승용,남,53세,경상
2012030700100331,2012년 3월 7일 16시,수요일,대구광역시 수성구 범물동,경상사고,0,0,1,0,차대차 - 기타,안전운전불이행,건조,맑음,교차로 - 교차로부근,화물,남,65세,상해없음,승용,여,39세,경상
2012030700100332,2012년 3월 7일 16시,수요일,대구광역시 서구 평리동,중상사고,0,1,1,0,차대사람 - 횡단중,안전운전불이행,건조,맑음,단일로 - 기타,승용,남,24세,상해없음,보행자,여,14세,중상
2012030700100367,2012년 3월 7일 17시,수요일,대구광역시 달서구 감삼동,경상사고,0,0,1,0,차대사람 - 기타,안전운전불이행,건조,맑음,단일로 - 기타,승용,남,45세,상해없음,보행자,남,10세,경상
2012030700100405,2012년 3월 7일 18시,수요일,대구광역시 동구 신암동,경상사고,0,0,3,0,차대차 - 측면직각충돌,안전운전불이행,건조,맑음,단일로 - 기타,승용,여,46세,상해없음,승합,남,45세,상해없음
2012030700100406,2012년 3월 7일 18시,수요일,대구광역시 중구 대봉동,중상사고,0,1,0,0,차대차 - 기타,중앙선침범,건조,맑음,단일로 - 기타,승용,남,25세,상해없음,이륜,남,18세,중상
2012030700100407,2012년 3월 7일 18시,수요일,대구광역시 달서구 이곡동,중상사고,0,1,0,0,차대차 - 측면직각충돌,교차로운행방법위반,건조,맑음,단일로 - 기타,승합,남,54세,상해없음,승용,여,30세,중상
2012030700100443,2012년 3월 7일 19시,수요일,대구광역시 남구 대명동,중상사고,0,1,0,0,차대차 - 추돌 - 진행중,안전운전불이행,건조,맑음,단일로 - 기타,승합,남,57세,상해없음,이륜,남,51세,중상
2012030700100444,2012년 3월 7일 19시,수요일,대구광역시 수성구 신매동,경상사고,0,0,2,0,차대차 - 측면직각충돌,안전운전불이행,건조,맑음,단일로 - 기타,승용,여,23세,상해없음,승용,남,21세,경상
2012030700100445,2012년 3월 7일 19시,수요일,대구광역시 수성구 파동,중상사고,0,2,0,0,차대차 - 기타,안전운전불이행,건조,맑음,단일로 - 기타,승용,남,46세,상해없음,승합,남,52세,상해없음
2012030700100446,2012년 3월 7일 19시,수요일,대구광역시 수성구 범어동,중상사고,0,1,1,0,차대차 - 추돌 - 진행중,직진우회전진행방해,건조,맑음,교차로 - 교차로안,승용,여,40세,경상,승용,여,28세,중상
2012030700100447,2012년 3월 7일 19시,수요일,대구광역시 북구 검단동,경상사고,0,0,1,0,차대차 - 측면직각충돌,직진우회전진행방해,건조,맑음,교차로 - 교차로안,승용,남,42세,상해없음,이륜,남,24세,경상
2012030700100478,2012년 3월 7일 20시,수요일,대구광역시 달서구 장기동,중상사고,0,1,0,0,차대사람 - 횡단중,안전운전불이행,건조,맑음,기타 - 기타,승용,여,30세,상해없음,보행자,남,43세,중상
2012030700100512,2012년 3월 7일 21시,수요일,대구광역시 동구 신천동,경상사고,0,0,2,0,차대차 - 측면직각충돌,안전운전불이행,건조,맑음,단일로 - 기타,승용,남,54세,상해없음,승용,여,42세,경상
2012030700100547,2012년 3월 7일 22시,수요일,대구광역시 수성구 두산동,중상사고,0,2,2,0,차대차 - 정면충돌,중앙선침범,건조,맑음,교차로 - 교차로부근,승용,남,28세,상해없음,승용,여,48세,중상
2012030700100548,2012년 3월 7일 22시,수요일,대구광역시 달서구 신당동,경상사고,0,0,1,0,차대차 - 추돌 - 주정차중,안전운전불이행,건조,맑음,교차로 - 교차로안,화물,남,47세,상해없음,승용,여,40세,경상
2012030800100015,2012년 3월 8일 00시,목요일,대구광역시 수성구 범물동,경상사고,0,0,1,0,차대차 - 기타,신호위반,건조,맑음,단일로 - 기타,승용,여,44세,상해없음,승용,남,25세,경상
2012030800100016,2012년 3월 8일 00시,목요일,대구광역시 달서구 송현동,경상사고,0,0,1,0,차대차 - 추돌 - 주정차중,안전운전불이행,건조,맑음,단일로 - 기타,승용,남,46세,상해없음,승용,남,38세,경상
2012030800100055,2012년 3월 8일 03시,목요일,대구광역시 달서구 이곡동,경상사고,0,0,1,0,차대차 - 측면직각충돌,직진우회전진행방해,건조,맑음,단일로 - 횡단보도상,승용,남,24세,상해없음,승용,남,57세,경상
2012030800100070,2012년 3월 8일 04시,목요일,대구광역시 동구 신천동,경상사고,0,0,1,0,차대사람 - 기타,안전운전불이행,건조,맑음,단일로 - 기타,승용,남,50세,상해없음,보행자,여,51세,경상
2012030800100109,2012년 3월 8일 07시,목요일,대구광역시 수성구 범물동,경상사고,0,0,1,0,차대사람 - 차도통행중,안전운전불이행,건조,맑음,단일로 - 기타,승용,남,46세,상해없음,보행자,남,5세,경상
2012030800100110,2012년 3월 8일 07시,목요일,대구광역시 달서구 상인동,중상사고,0,1,2,0,차대차 - 추돌 - 진행중,안전운전불이행,건조,맑음,교차로 - 교차로부근,승합,남,44세,상해없음,승용,여,42세,중상
2012030800100111,2012년 3월 8일 07시,목요일,대구광역시 달서구 월성동,경상사고,0,0,1,0,차대차 - 추돌 - 주정차중,안전운전불이행,건조,맑음,교차로 - 교차로부근,승용,남,30세,상해없음,승용,여,24세,경상
2012030800100112,2012년 3월 8일 07시,목요일,대구광역시 중구 수동,중상사고,0,1,0,0,차대차 - 측면직각충돌,교차로운행방법위반,건조,맑음,교차로 - 교차로안,승용,남,50세,상해없음,승용,여,32세,중상
2012030800100139,2012년 3월 8일 08시,목요일,대구광역시 달성군 옥포면,중상사고,0,1,0,0,차대사람 - 기타,중앙선침범,건조,맑음,단일로 - 횡단보도상,승용,여,36세,상해없음,보행자,남,48세,중상
2012030800100140,2012년 3월 8일 08시,목요일,대구광역시 서구 비산동,중상사고,0,1,1,1,차대차 - 추돌 - 진행중,안전거리미확보,건조,맑음,단일로 - 기타,승용,남,25세,상해없음,승용,여,29세,부상신고
2012030800100169,2012년 3월 8일 09시,목요일,대구광역시 동구 동호동,중상사고,0,2,0,0,차대차 - 추돌 - 주정차중,안전운전불이행,건조,맑음,교차로 - 교차로안,승용,여,47세,상해없음,승용,여,45세,중상
2012030800100170,2012년 3월 8일 09시,목요일,대구광역시 동구 신천동,경상사고,0,0,1,0,차대차 - 추돌 - 주정차중,교차로운행방법위반,건조,맑음,교차로 - 교차로안,승합,남,50세,기타불명,승용,여,45세,경상
2012030800100186,2012년 3월 8일 10시,목요일,대구광역시 수성구 노변동,경상사고,0,0,1,0,차대차 - 추돌 - 진행중,안전운전불이행,건조,맑음,단일로 - 기타,승용,남,20세,상해없음,화물,남,34세,경상
2012030800100189,2012년 3월 8일 10시,목요일,대구광역시 동구 용계동,경상사고,0,0,1,0,차대차 - 측면직각충돌,안전거리미확보,건조,맑음,단일로 - 기타,화물,남,52세,상해없음,승용,여,58세,경상
2012030800100205,2012년 3월 8일 11시,목요일,대구광역시 달서구 본동,중상사고,0,1,0,0,차대차 - 기타,안전운전불이행,건조,맑음,교차로 - 교차로안,화물,여,56세,상해없음,승용,남,47세,중상
2012030800100206,2012년 3월 8일 11시,목요일,대구광역시 달성군 다사읍,경상사고,0,0,1,0,차대차 - 기타,안전운전불이행,건조,맑음,교차로 - 교차로안,승용,남,40세,상해없음,승용,여,39세,경상
2012030800100229,2012년 3월 8일 12시,목요일,대구광역시 동구 방촌동,경상사고,0,0,1,0,차대차 - 측면직각충돌,안전거리미확보,건조,맑음,단일로 - 기타,승용,여,58세,상해없음,승용,여,42세,경상
2012030800100281,2012년 3월 8일 14시,목요일,대구광역시 달서구 두류동,경상사고,0,0,2,0,차대차 - 기타,안전거리미확보,건조,맑음,단일로 - 기타,승용,남,26세,상해없음,승용,남,48세,상해없음
2012030800100310,2012년 3월 8일 15시,목요일,대구광역시 달서구 진천동,경상사고,0,0,2,0,차대차 - 추돌 - 주정차중,안전운전불이행,건조,맑음,교차로 - 교차로부근,승용,남,70세,기타불명,승용,남,29세,경상
2012030800100311,2012년 3월 8일 15시,목요일,대구광역시 북구 칠성동1가,중상사고,0,1,0,0,차대차 - 측면직각충돌,교차로운행방법위반,건조,맑음,교차로 - 교차로안,승용,남,50세,상해없음,원동기,남,29세,중상
2012030800100335,2012년 3월 8일 16시,목요일,대구광역시 동구 신천동,중상사고,0,1,0,0,차대차 - 정면충돌,안전운전불이행,건조,맑음,단일로 - 기타,승용,남,45세,상해없음,승용,여,39세,중상
2012030800100336,2012년 3월 8일 16시,목요일,대구광역시 달서구 월성동,중상사고,0,1,0,0,차대사람 - 보도통행중,기타,건조,맑음,단일로 - 기타,이륜,남,36세,상해없음,보행자,남,12세,중상
2012030800100337,2012년 3월 8일 16시,목요일,대구광역시 북구 산격동,경상사고,0,0,1,0,차대차 - 측면직각충돌,안전운전불이행,건조,맑음,교차로 - 교차로부근,화물,남,56세,상해없음,이륜,남,44세,경상
2012030800100358,2012년 3월 8일 17시,목요일,대구광역시 달서구 본동,경상사고,0,0,1,0,차대차 - 기타,안전운전불이행,건조,맑음,단일로 - 횡단보도상,이륜,남,75세,경상,승용,여,51세,상해없음
2012030800100389,2012년 3월 8일 18시,목요일,대구광역시 달성군 화원읍,경상사고,0,0,1,0,차대차 - 기타,중앙선침범,건조,맑음,단일로 - 기타,승용,여,28세,상해없음,승용,남,43세,경상
2012030800100426,2012년 3월 8일 19시,목요일,대구광역시 남구 대명동,경상사고,0,0,3,0,차대차 - 측면직각충돌,차로위반,건조,맑음,단일로 - 기타,승합,남,61세,상해없음,승용,남,33세,경상
2012030800100427,2012년 3월 8일 19시,목요일,대구광역시 북구 복현동,경상사고,0,0,1,0,차대차 - 측면직각충돌,차로위반,건조,맑음,단일로 - 기타,승용,남,57세,상해없음,승용,여,50세,상해없음
2012030800100458,2012년 3월 8일 20시,목요일,대구광역시 북구 구암동,경상사고,0,0,1,0,차대사람 - 횡단중,보행자보호의무위반,건조,맑음,단일로 - 횡단보도상,승용,여,36세,상해없음,보행자,여,42세,경상
2012030800100459,2012년 3월 8일 20시,목요일,대구광역시 북구 침산동,경상사고,0,0,1,0,차대차 - 측면직각충돌,교차로운행방법위반,건조,맑음,교차로 - 교차로부근,화물,남,51세,상해없음,승용,남,43세,경상
2012030800100460,2012년 3월 8일 20시,목요일,대구광역시 서구 평리동,경상사고,0,0,1,0,차대사람 - 기타,보행자보호의무위반,건조,맑음,기타 - 기타,화물,남,58세,상해없음,보행자,여,60세,경상
2012030800100461,2012년 3월 8일 20시,목요일,대구광역시 서구 내당동,경상사고,0,0,2,0,차대차 - 측면직각충돌,안전운전불이행,건조,흐림,교차로 - 교차로안,승용,여,54세,상해없음,승용,여,53세,경상
2012030800100495,2012년 3월 8일 21시,목요일,대구광역시 수성구 지산동,경상사고,0,0,1,0,차대차 - 기타,안전운전불이행,건조,맑음,단일로 - 기타,승용,남,53세,상해없음,승용,여,40세,경상
2012030800100540,2012년 3월 8일 23시,목요일,대구광역시 남구 대명동,중상사고,0,1,0,0,차대차 - 추돌 - 진행중,안전거리미확보,건조,맑음,단일로 - 기타,승합,남,49세,상해없음,승용,여,37세,중상
2012030800100541,2012년 3월 8일 23시,목요일,대구광역시 달서구 월성동,중상사고,0,1,0,0,차대사람 - 기타,안전운전불이행,건조,맑음,기타 - 기타,승용,기타불명,기타불명,기타불명,보행자,여,51세,중상
2012030900100014,2012년 3월 9일 00시,금요일,대구광역시 달서구 이곡동,경상사고,0,0,1,0,차대차 - 측면직각충돌,기타,건조,맑음,교차로 - 교차로부근,승용,남,47세,상해없음,승용,남,48세,상해없음
2012030900100040,2012년 3월 9일 02시,금요일,대구광역시 북구 동천동,중상사고,0,1,2,0,차대차 - 측면직각충돌,신호위반,건조,맑음,교차로 - 교차로안,승용,남,26세,기타불명,승용,남,49세,경상
2012030900100063,2012년 3월 9일 05시,금요일,대구광역시 동구 불로동,중상사고,0,1,1,0,차대차 - 추돌 - 주정차중,안전운전불이행,건조,맑음,단일로 - 기타,승용,남,52세,상해없음,화물,남,41세,경상
2012030900100124,2012년 3월 9일 08시,금요일,대구광역시 수성구 두산동,경상사고,0,0,1,0,차대차 - 추돌 - 주정차중,안전운전불이행,건조,맑음,단일로 - 기타,기타불명,기타불명,기타불명,기타불명,화물,남,61세,경상
2012030900100125,2012년 3월 9일 08시,금요일,대구광역시 북구 칠성동1가,경상사고,0,0,2,0,차대차 - 기타,교차로운행방법위반,건조,맑음,교차로 - 교차로안,승합,남,62세,상해없음,승용,남,46세,경상
2012030900100126,2012년 3월 9일 08시,금요일,대구광역시 달서구 성당동,중상사고,0,1,0,0,차대사람 - 기타,안전운전불이행,건조,맑음,단일로 - 기타,승용,여,36세,상해없음,보행자,여,59세,중상
2012030900100143,2012년 3월 9일 09시,금요일,대구광역시 남구 봉덕동,중상사고,0,1,0,0,차대사람 - 차도통행중,안전운전불이행,건조,맑음,교차로 - 교차로안,화물,남,30세,상해없음,보행자,여,57세,중상
2012030900100144,2012년 3월 9일 09시,금요일,대구광역시 중구 덕산동,중상사고,0,1,0,1,차대차 - 기타,안전운전불이행,건조,맑음,교차로 - 교차로부근,화물,남,29세,부상신고,승용,여,46세,중상
2012030900100164,2012년 3월 9일 10시,금요일,대구광역시 중구 삼덕동1가,중상사고,0,1,0,0,차대차 - 추돌 - 진행중,안전운전불이행,건조,맑음,단일로 - 기타,승용,남,57세,상해없음,승용,여,46세,중상
2012030900100182,2012년 3월 9일 11시,금요일,대구광역시 남구 대명동,경상사고,0,0,1,0,차대차 - 기타,안전운전불이행,건조,맑음,단일로 - 기타,승용,여,37세,상해없음,이륜,남,48세,경상
2012030900100183,2012년 3월 9일 11시,금요일,대구광역시 달서구 진천동,중상사고,0,1,0,0,차대사람 - 횡단중,보행자보호의무위반,건조,맑음,단일로 - 기타,승용,여,32세,상해없음,보행자,남,26세,중상
2012030900100206,2012년 3월 9일 12시,금요일,대구광역시 달서구 진천동,경상사고,0,0,1,0,차대사람 - 기타,안전운전불이행,건조,맑음,단일로 - 기타,화물,남,52세,상해없음,보행자,남,2세,경상
2012030900100228,2012년 3월 9일 13시,금요일,대구광역시 남구 봉덕동,경상사고,0,0,2,0,차대차 - 기타,안전운전불이행,건조,맑음,단일로 - 기타,승용,기타불명,기타불명,기타불명,승용,남,54세,경상
2012030900100229,2012년 3월 9일 13시,금요일,대구광역시 남구 대명동,경상사고,0,0,1,0,차대차 - 측면직각충돌,안전운전불이행,건조,맑음,단일로 - 기타,승용,남,50세,상해없음,자전거,남,76세,경상
2012030900100280,2012년 3월 9일 15시,금요일,대구광역시 서구 이현동,경상사고,0,0,2,0,차대차 - 측면직각충돌,안전운전불이행,건조,맑음,단일로 - 기타,화물,남,48세,상해없음,승용,남,76세,경상
2012030900100281,2012년 3월 9일 15시,금요일,대구광역시 서구 내당동,중상사고,0,1,1,0,차대차 - 기타,신호위반,건조,맑음,단일로 - 횡단보도상,승용,여,48세,상해없음,이륜,남,17세,중상
2012030900100282,2012년 3월 9일 15시,금요일,대구광역시 달서구 성당동,경상사고,0,0,1,0,차대사람 - 횡단중,보행자보호의무위반,건조,맑음,단일로 - 횡단보도상,승용,여,33세,상해없음,보행자,여,15세,경상
2012030900100313,2012년 3월 9일 16시,금요일,대구광역시 서구 평리동,중상사고,0,1,0,0,차대차 - 측면직각충돌,신호위반,건조,맑음,교차로 - 교차로안,승용,남,31세,상해없음,이륜,남,72세,중상
2012030900100314,2012년 3월 9일 16시,금요일,대구광역시 달서구 신당동,중상사고,0,3,0,0,차대차 - 추돌 - 진행중,안전운전불이행,건조,맑음,교차로 - 교차로안,이륜,남,39세,중상,승용,남,24세,중상
2012030900100342,2012년 3월 9일 17시,금요일,대구광역시 달서구 본동,경상사고,0,0,1,0,차대사람 - 길가장자리구역통행중,안전운전불이행,건조,맑음,단일로 - 기타,승용,여,34세,상해없음,보행자,남,13세,경상
2012030900100343,2012년 3월 9일 17시,금요일,대구광역시 북구 관음동,경상사고,0,0,2,0,차대차 - 기타,안전운전불이행,건조,맑음,기타 - 기타,승용,남,54세,기타불명,승용,남,36세,경상
2012030900100381,2012년 3월 9일 18시,금요일,대구광역시 동구 신천동,경상사고,0,0,3,0,차대차 - 측면직각충돌,안전거리미확보,건조,흐림,단일로 - 기타,승용,남,70세,상해없음,승용,남,58세,경상
2012030900100382,2012년 3월 9일 18시,금요일,대구광역시 동구 신천동,경상사고,0,0,4,0,차대차 - 추돌 - 주정차중,안전운전불이행,건조,맑음,단일로 - 기타,승용,남,54세,상해없음,승용,남,50세,상해없음
2012030900100383,2012년 3월 9일 18시,금요일,대구광역시 북구 복현동,경상사고,0,0,1,0,차대사람 - 횡단중,안전운전불이행,건조,맑음,단일로 - 기타,승용,남,50세,상해없음,보행자,남,14세,경상
2012030900100421,2012년 3월 9일 19시,금요일,대구광역시 북구 금호동,경상사고,0,0,2,0,차대차 - 추돌 - 주정차중,안전거리미확보,건조,맑음,단일로 - 기타,승용,남,48세,상해없음,화물,남,43세,상해없음
2012030900100429,2012년 3월 9일 19시,금요일,대구광역시 수성구 매호동,경상사고,0,0,1,0,차대차 - 기타,안전운전불이행,건조,맑음,단일로 - 횡단보도부근,승용,남,43세,상해없음,원동기,남,16세,경상
2012030900100430,2012년 3월 9일 19시,금요일,대구광역시 달서구 송현동,경상사고,0,0,4,0,차대차 - 추돌 - 진행중,안전운전불이행,건조,맑음,단일로 - 기타,이륜,남,17세,경상,승용,여,54세,경상
2012030900100431,2012년 3월 9일 19시,금요일,대구광역시 달서구 진천동,경상사고,0,0,1,0,차대차 - 측면직각충돌,안전운전불이행,건조,맑음,단일로 - 기타,승용,여,52세,상해없음,승용,남,30세,경상
2012030900100473,2012년 3월 9일 20시,금요일,대구광역시 동구 신천동,경상사고,0,0,5,0,차대차 - 기타,안전거리미확보,건조,맑음,교차로 - 교차로안,화물,남,61세,상해없음,승합,남,43세,상해없음
2012030900100511,2012년 3월 9일 21시,금요일,대구광역시 동구 신암동,경상사고,0,0,2,0,차대차 - 기타,교차로운행방법위반,건조,맑음,단일로 - 기타,승용,여,48세,상해없음,화물,남,41세,상해없음
2012030900100513,2012년 3월 9일 21시,금요일,대구광역시 북구 침산동,중상사고,0,1,0,0,차대차 - 측면직각충돌,불법유턴,건조,맑음,단일로 - 횡단보도상,이륜,남,16세,상해없음,이륜,남,16세,중상
2012030900100514,2012년 3월 9일 21시,금요일,대구광역시 서구 평리동,중상사고,0,1,1,0,차대차 - 측면직각충돌,안전운전불이행,건조,맑음,단일로 - 기타,승합,남,48세,상해없음,자전거,남,13세,중상
2012030900100538,2012년 3월 9일 22시,금요일,대구광역시 동구 신암동,경상사고,0,0,1,0,차대차 - 추돌 - 주정차중,안전운전불이행,건조,맑음,단일로 - 기타,승용,남,27세,상해없음,승용,남,30세,경상
2012030900100539,2012년 3월 9일 22시,금요일,대구광역시 동구 신천동,중상사고,0,1,0,0,차대사람 - 횡단중,신호위반,건조,맑음,단일로 - 횡단보도상,승용,남,32세,상해없음,보행자,여,56세,중상
2012030900100540,2012년 3월 9일 22시,금요일,대구광역시 북구 노원동1가,경상사고,0,0,1,0,차대사람 - 횡단중,보행자보호의무위반,건조,맑음,단일로 - 횡단보도상,승용,남,47세,상해없음,보행자,남,24세,경상
2012030900100541,2012년 3월 9일 22시,금요일,대구광역시 북구 서변동,경상사고,0,0,1,0,차대차 - 기타,안전운전불이행,건조,맑음,단일로 - 기타,승용,여,28세,상해없음,승용,남,41세,경상
2012030900100542,2012년 3월 9일 22시,금요일,대구광역시 북구 노원동3가,중상사고,0,1,0,0,차대차 - 기타,안전거리미확보,건조,맑음,단일로 - 기타,승용,남,23세,상해없음,승용,남,24세,중상
2012030900100581,2012년 3월 9일 23시,금요일,대구광역시 수성구 만촌동,경상사고,0,0,2,0,차대차 - 추돌 - 주정차중,안전운전불이행,건조,맑음,교차로 - 교차로부근,승용,남,54세,상해없음,승용,여,31세,경상
2012031000100026,2012년 3월 10일 00시,토요일,대구광역시 수성구 범어동,경상사고,0,0,1,0,차대차 - 측면직각충돌,안전운전불이행,건조,맑음,교차로 - 교차로부근,승용,여,50세,상해없음,이륜,남,20세,경상
2012031000100027,2012년 3월 10일 00시,토요일,대구광역시 수성구 신매동,중상사고,0,1,0,0,차대차 - 측면직각충돌,안전운전불이행,건조,맑음,교차로 - 교차로부근,승용,남,33세,상해없음,원동기,남,18세,중상
2012031000100069,2012년 3월 10일 02시,토요일,대구광역시 수성구 연호동,중상사고,0,1,0,0,차대차 - 측면직각충돌,안전운전불이행,건조,맑음,교차로 - 교차로부근,이륜,남,16세,중상,승용,남,21세,상해없음
2012031000100099,2012년 3월 10일 04시,토요일,대구광역시 달서구 송현동,중상사고,0,2,0,0,차대차 - 추돌 - 진행중,안전운전불이행,건조,맑음,단일로 - 기타,승용,남,27세,상해없음,승용,여,31세,중상
2012031000100194,2012년 3월 10일 10시,토요일,대구광역시 동구 방촌동,중상사고,0,1,0,0,차대차 - 측면직각충돌,직진우회전진행방해,건조,맑음,교차로 - 교차로안,이륜,남,74세,중상,승용,여,40세,상해없음
2012031000100265,2012년 3월 10일 13시,토요일,대구광역시 동구 신암동,중상사고,0,1,0,0,차대사람 - 횡단중,보행자보호의무위반,건조,맑음,교차로 - 교차로안,화물,남,59세,상해없음,보행자,남,70세,중상
2012031000100266,2012년 3월 10일 13시,토요일,대구광역시 달성군 화원읍,경상사고,0,0,1,0,차대차 - 기타,신호위반,건조,맑음,교차로 - 교차로부근,이륜,남,36세,경상,화물,남,28세,상해없음
2012031000100267,2012년 3월 10일 13시,토요일,대구광역시 북구 칠성동1가,부상신고사고,0,0,0,1,차대차 - 측면직각충돌,교차로운행방법위반,건조,맑음,교차로 - 교차로안,원동기,여,75세,부상신고,화물,남,56세,상해없음
2012031000100290,2012년 3월 10일 14시,토요일,대구광역시 동구 신서동,경상사고,0,0,2,0,차대사람 - 횡단중,보행자보호의무위반,건조,맑음,단일로 - 횡단보도상,승용,여,34세,상해없음,보행자,남,35세,경상
2012031000100291,2012년 3월 10일 14시,토요일,대구광역시 달서구 죽전동,경상사고,0,0,1,0,차대사람 - 보도통행중,안전운전불이행,건조,맑음,단일로 - 기타,승용,여,61세,상해없음,보행자,여,23세,경상
2012031000100317,2012년 3월 10일 15시,토요일,대구광역시 수성구 매호동,중상사고,0,1,0,0,차대차 - 기타,안전운전불이행,건조,맑음,단일로 - 기타,이륜,남,65세,상해없음,자전거,남,62세,중상
2012031000100348,2012년 3월 10일 16시,토요일,대구광역시 북구 국우동,중상사고,0,1,0,0,차대차 - 측면직각충돌,안전거리미확보,건조,맑음,교차로 - 교차로부근,승용,남,59세,상해없음,원동기,남,19세,중상
2012031000100349,2012년 3월 10일 16시,토요일,대구광역시 중구 전동,경상사고,0,0,1,0,차대사람 - 보도통행중,기타,건조,맑음,단일로 - 기타,이륜,남,16세,상해없음,보행자,여,5세,경상
2012031000100373,2012년 3월 10일 17시,토요일,대구광역시 달서구 송현동,중상사고,0,1,0,0,차대사람 - 기타,기타,건조,맑음,단일로 - 기타,화물,남,38세,상해없음,보행자,여,69세,중상
2012031000100400,2012년 3월 10일 18시,토요일,대구광역시 서구 평리동,경상사고,0,0,2,0,차대차 - 기타,안전운전불이행,건조,맑음,단일로 - 기타,원동기,남,18세,상해없음,원동기,남,17세,경상
2012031000100401,2012년 3월 10일 18시,토요일,대구광역시 달서구 이곡동,경상사고,0,0,1,0,차대차 - 추돌 - 주정차중,안전운전불이행,건조,맑음,단일로 - 기타,승용,남,48세,상해없음,승용,여,41세,경상
2012031000100437,2012년 3월 10일 19시,토요일,대구광역시 달서구 상인동,경상사고,0,0,1,0,차대차 - 기타,안전운전불이행,건조,맑음,단일로 - 기타,화물,남,66세,상해없음,원동기,남,17세,경상
2012031000100438,2012년 3월 10일 19시,토요일,대구광역시 달성군 화원읍,경상사고,0,0,3,0,차대차 - 추돌 - 진행중,안전운전불이행,건조,맑음,단일로 - 기타,승용,남,47세,상해없음,승용,남,47세,기타불명
2012031000100439,2012년 3월 10일 19시,토요일,대구광역시 서구 평리동,경상사고,0,0,1,0,차대차 - 측면직각충돌,안전운전불이행,건조,맑음,단일로 - 횡단보도상,승용,남,48세,상해없음,자전거,남,58세,경상
2012031000100477,2012년 3월 10일 20시,토요일,대구광역시 수성구 범어동,경상사고,0,0,2,0,차대차 - 측면직각충돌,안전거리미확보,건조,맑음,단일로 - 기타,승용,남,34세,경상,승용,남,66세,경상
2012031000100502,2012년 3월 10일 21시,토요일,대구광역시 수성구 만촌동,중상사고,0,1,1,0,차대차 - 측면직각충돌,신호위반,건조,맑음,교차로 - 교차로안,승용,남,49세,상해없음,승용,남,55세,중상
2012031000100532,2012년 3월 10일 22시,토요일,대구광역시 북구 태전동,중상사고,0,1,0,0,차대차 - 측면직각충돌,안전운전불이행,건조,맑음,단일로 - 기타,승용,남,42세,상해없음,이륜,남,35세,중상
2012031000100559,2012년 3월 10일 23시,토요일,대구광역시 북구 복현동,경상사고,0,0,1,0,차대차 - 추돌 - 주정차중,안전운전불이행,건조,맑음,단일로 - 기타,승용,남,25세,기타불명,승용,남,45세,경상
2012031000100560,2012년 3월 10일 23시,토요일,대구광역시 중구 삼덕동2가,경상사고,0,0,1,0,차대사람 - 기타,안전운전불이행,건조,맑음,단일로 - 기타,승용,남,49세,상해없음,보행자,여,20세,경상
2012031100100045,2012년 3월 11일 01시,일요일,대구광역시 동구 효목동,경상사고,0,0,1,0,차대차 - 측면직각충돌,직진우회전진행방해,건조,맑음,교차로 - 교차로안,승용,남,44세,상해없음,승용,남,29세,경상
2012031100100092,2012년 3월 11일 05시,일요일,대구광역시 동구 신천동,경상사고,0,0,2,0,차대차 - 추돌 - 주정차중,안전운전불이행,건조,맑음,교차로 - 교차로부근,승용,남,24세,상해없음,승용,남,59세,경상
2012031100100093,2012년 3월 11일 05시,일요일,대구광역시 북구 구암동,중상사고,0,1,0,0,차대차 - 측면직각충돌,안전거리미확보,건조,흐림,교차로 - 교차로부근,이륜,남,16세,중상,승용,남,21세,상해없음
2012031100100094,2012년 3월 11일 05시,일요일,대구광역시 중구 삼덕동1가,중상사고,0,1,0,0,차대차 - 기타,신호위반,건조,맑음,기타 - 기타,승용,남,33세,기타불명,승용,남,22세,상해없음
2012031100100104,2012년 3월 11일 06시,일요일,대구광역시 남구 대명동,중상사고,0,2,4,0,차대차 - 추돌 - 진행중,안전거리미확보,건조,맑음,단일로 - 기타,승용,남,37세,상해없음,승용,남,55세,경상
2012031100100105,2012년 3월 11일 06시,일요일,대구광역시 동구 신암동,경상사고,0,0,4,0,차대차 - 기타,안전운전불이행,건조,맑음,단일로 - 기타,승용,남,32세,상해없음,승용,남,57세,경상
2012031100100117,2012년 3월 11일 07시,일요일,대구광역시 달서구 월성동,경상사고,0,0,1,0,차대차 - 기타,안전운전불이행,건조,맑음,단일로 - 기타,승용,남,70세,상해없음,승용,남,48세,경상