사고번호,사고일시,요일,시군구,사고내용,사망자수,중상자수,경상자수,부상신고자수,사고유형,법규위반,노면상태,기상상태,도로형태,가해운전자 차종,가해운전자 성별,가해운전자 연령,가해운전자 상해정도,피해운전자 차종,피해운전자 성별,피해운전자 연령,피해운전자 상해정도
2012031100100147,2012년 3월 11일 09시,일요일,대구광역시 북구 침산동,중상사고,0,2,0,0,차대차 - 추돌 - 진행중,안전운전불이행,건조,맑음,단일로 - 기타,승용,남,49세,상해없음,승용,남,29세,중상
2012031100100148,2012년 3월 11일 09시,일요일,대구광역시 중구 삼덕동3가,경상사고,0,0,1,0,차대차 - 기타,직진우회전진행방해,건조,맑음,교차로 - 교차로안,원동기,남,43세,경상,화물,남,55세,상해없음
2012031100100186,2012년 3월 11일 11시,일요일,대구광역시 달서구 성당동,경상사고,0,0,1,0,차대차 - 측면직각충돌,교차로운행방법위반,건조,맑음,교차로 - 교차로안,이륜,남,63세,경상,승합,남,36세,상해없음
2012031100100221,2012년 3월 11일 12시,일요일,대구광역시 동구 방촌동,경상사고,0,0,2,0,차대차 - 기타,안전운전불이행,건조,맑음,단일로 - 기타,승용,남,34세,상해없음,승용,남,54세,경상
2012031100100222,2012년 3월 11일 12시,일요일,대구광역시 수성구 범어동,경상사고,0,0,1,0,차대차 - 기타,안전운전불이행,건조,맑음,교차로 - 교차로부근,승용,남,26세,상해없음,승용,여,24세,경상
2012031100100223,2012년 3월 11일 12시,일요일,대구광역시 수성구 연호동,중상사고,0,1,0,0,차대차 - 기타,안전운전불이행,건조,맑음,교차로 - 교차로부근,승합,남,56세,상해없음,승용,남,50세,중상
2012031100100249,2012년 3월 11일 13시,일요일,대구광역시 수성구 만촌동,경상사고,0,0,1,0,차대차 - 측면직각충돌,안전운전불이행,건조,맑음,교차로 - 교차로안,화물,남,48세,상해없음,자전거,남,11세,경상
2012031100100277,2012년 3월 11일 14시,일요일,대구광역시 수성구 지산동,중상사고,0,1,0,0,차대사람 - 횡단중,신호위반,건조,맑음,단일로 - 기타,승용,남,22세,상해없음,보행자,여,34세,중상
2012031100100278,2012년 3월 11일 14시,일요일,대구광역시 달서구 신당동,경상사고,0,0,1,0,차대차 - 측면직각충돌,안전운전불이행,건조,맑음,단일로 - 기타,승용,남,24세,기타불명,승합,남,46세,상해없음
2012031100100340,2012년 3월 11일 16시,일요일,대구광역시 수성구 범물동,중상사고,0,1,0,0,차량단독 - 기타,안전운전불이행,건조,맑음,단일로 - 기타,승합,남,36세,기타불명,,,,
2012031100100341,2012년 3월 11일 16시,일요일,대구광역시 서구 내당동,경상사고,0,0,3,0,차대차 - 기타,안전거리미확보,건조,맑음,기타 - 기타,승용,여,45세,상해없음,승용,남,65세,경상
2012031100100361,2012년 3월 11일 17시,일요일,대구광역시 동구 율하동,경상사고,0,0,1,0,차대사람 - 기타,안전운전불이행,건조,맑음,교차로 - 교차로부근,승용,남,35세,상해없음,보행자,남,47세,경상
2012031100100392,2012년 3월 11일 18시,일요일,대구광역시 서구 비산동,경상사고,0,0,1,0,차대차 - 측면직각충돌,안전거리미확보,건조,맑음,단일로 - 기타,승용,남,44세,상해없음,승용,남,55세,상해없음
2012031100100393,2012년 3월 11일 18시,일요일,대구광역시 달서구 용산동,경상사고,0,0,2,0,차대차 - 측면직각충돌,신호위반,건조,맑음,교차로 - 교차로안,이륜,남,17세,상해없음,승용,남,46세,경상
2012031100100428,2012년 3월 11일 19시,일요일,대구광역시 남구 대명동,중상사고,0,1,0,0,차량단독 - 기타,안전운전불이행,건조,맑음,단일로 - 기타,승합,남,44세,상해없음,,,,
2012031100100429,2012년 3월 11일 19시,일요일,대구광역시 동구 불로동,중상사고,0,1,0,0,차대사람 - 횡단중,안전운전불이행,건조,맑음,교차로 - 교차로안,화물,남,31세,상해없음,보행자,남,56세,중상
2012031100100430,2012년 3월 11일 19시,일요일,대구광역시 수성구 수성동1가,경상사고,0,0,1,0,차대차 - 측면직각충돌,안전운전불이행,건조,맑음,교차로 - 교차로부근,승용,남,62세,상해없음,원동기,남,47세,경상
2012031100100431,2012년 3월 11일 19시,일요일,대구광역시 달서구 송현동,경상사고,0,0,1,0,차대사람 - 횡단중,안전운전불이행,건조,맑음,단일로 - 기타,승용,여,24세,상해없음,보행자,남,22세,경상
2012031100100460,2012년 3월 11일 20시,일요일,대구광역시 남구 이천동,경상사고,0,0,1,0,차대차 - 추돌 - 주정차중,안전운전불이행,건조,맑음,교차로 - 교차로부근,승용,남,55세,상해없음,승용,남,61세,경상
2012031100100461,2012년 3월 11일 20시,일요일,대구광역시 달서구 본동,중상사고,0,1,0,0,차대차 - 측면직각충돌,신호위반,건조,맑음,단일로 - 기타,이륜,남,20세,상해없음,이륜,남,42세,중상
2012031100100462,2012년 3월 11일 20시,일요일,대구광역시 서구 평리동,경상사고,0,0,1,0,차대차 - 측면직각충돌,안전운전불이행,건조,맑음,단일로 - 기타,승용,남,46세,상해없음,승용,남,27세,경상
2012031100100477,2012년 3월 11일 21시,일요일,대구광역시 북구 읍내동,경상사고,0,0,1,0,차대차 - 기타,안전운전불이행,건조,맑음,단일로 - 기타,승용,남,50세,상해없음,승용,여,25세,경상
2012031100100478,2012년 3월 11일 21시,일요일,대구광역시 서구 비산동,경상사고,0,0,1,0,차대차 - 기타,안전운전불이행,건조,맑음,단일로 - 기타,승용,여,25세,상해없음,자전거,여,38세,경상
2012031100100479,2012년 3월 11일 21시,일요일,대구광역시 달서구 이곡동,경상사고,0,0,1,0,차대차 - 측면직각충돌,교차로운행방법위반,건조,맑음,교차로 - 교차로부근,승용,남,62세,상해없음,승용,남,31세,경상
2012031100100505,2012년 3월 11일 22시,일요일,대구광역시 북구 산격동,중상사고,0,3,1,0,차대차 - 기타,중앙선침범,건조,맑음,기타 - 기타,승용,남,39세,상해없음,승용,남,49세,중상
2012031100100506,2012년 3월 11일 22시,일요일,대구광역시 서구 평리동,경상사고,0,0,1,0,차대사람 - 횡단중,안전운전불이행,건조,맑음,단일로 - 기타,승용,남,54세,상해없음,보행자,여,46세,경상
2012031200100010,2012년 3월 12일 00시,월요일,대구광역시 동구 방촌동,경상사고,0,0,1,0,차대차 - 측면직각충돌,교차로운행방법위반,건조,맑음,교차로 - 교차로안,승용,여,53세,상해없음,이륜,남,36세,경상
2012031200100018,2012년 3월 12일 01시,월요일,대구광역시 달서구 상인동,경상사고,0,0,1,0,차대차 - 측면직각충돌,교차로운행방법위반,건조,맑음,교차로 - 교차로안,승용,여,27세,상해없음,승용,남,47세,경상
2012031200100027,2012년 3월 12일 04시,월요일,대구광역시 남구 대명동,중상사고,0,2,0,0,차대차 - 추돌 - 주정차중,안전운전불이행,건조,맑음,교차로 - 교차로부근,이륜,남,21세,중상,승용,남,47세,중상
2012031200100035,2012년 3월 12일 05시,월요일,대구광역시 수성구 상동,중상사고,0,2,0,0,차대차 - 추돌 - 진행중,안전운전불이행,건조,맑음,단일로 - 기타,승용,남,25세,중상,승용,남,51세,중상
2012031200100068,2012년 3월 12일 07시,월요일,대구광역시 달서구 대곡동,경상사고,0,0,1,0,차대차 - 측면직각충돌,직진우회전진행방해,건조,맑음,교차로 - 교차로안,승용,남,31세,상해없음,승용,여,65세,경상
2012031200100069,2012년 3월 12일 07시,월요일,대구광역시 달서구 두류동,사망사고,1,1,1,2,차대차 - 측면직각충돌,교차로운행방법위반,건조,맑음,교차로 - 교차로안,이륜,남,81세,사망,승용,여,34세,중상
2012031200100109,2012년 3월 12일 08시,월요일,대구광역시 수성구 범어동,경상사고,0,0,1,0,차대차 - 추돌 - 주정차중,안전운전불이행,건조,맑음,단일로 - 기타,승용,남,72세,상해없음,승용,남,30세,경상
2012031200100110,2012년 3월 12일 08시,월요일,대구광역시 서구 비산동,중상사고,0,1,0,0,차대사람 - 기타,기타,건조,맑음,단일로 - 기타,승합,남,55세,상해없음,보행자,여,59세,중상
2012031200100111,2012년 3월 12일 08시,월요일,대구광역시 달서구 용산동,경상사고,0,0,1,0,차대차 - 추돌 - 진행중,안전운전불이행,건조,맑음,단일로 - 기타,화물,남,46세,상해없음,승용,남,23세,경상
2012031200100112,2012년 3월 12일 08시,월요일,대구광역시 달서구 두류동,경상사고,0,0,1,0,차대차 - 측면직각충돌,안전운전불이행,건조,맑음,단일로 - 기타,승용,여,50세,상해없음,승용,여,48세,경상
2012031200100164,2012년 3월 12일 10시,월요일,대구광역시 수성구 지산동,경상사고,0,0,1,0,차대차 - 추돌 - 진행중,안전운전불이행,건조,맑음,단일로 - 기타,승용,남,45세,상해없음,승합,남,39세,경상
2012031200100165,2012년 3월 12일 10시,월요일,대구광역시 북구 동천동,경상사고,0,0,2,0,차대차 - 측면직각충돌,교차로운행방법위반,건조,맑음,교차로 - 교차로안,승용,여,33세,경상,승용,여,47세,경상
2012031200100166,2012년 3월 12일 10시,월요일,대구광역시 서구 원대동1가,경상사고,0,0,1,0,차대차 - 측면직각충돌,불법유턴,건조,맑음,단일로 - 기타,승용,여,49세,상해없음,원동기,남,46세,경상
2012031200100167,2012년 3월 12일 10시,월요일,대구광역시 중구 수동,중상사고,0,1,0,0,차대차 - 측면직각충돌,교차로운행방법위반,건조,맑음,교차로 - 교차로안,승용,여,42세,상해없음,이륜,남,31세,중상
2012031200100192,2012년 3월 12일 11시,월요일,대구광역시 달서구 상인동,중상사고,0,1,0,0,차대차 - 기타,안전운전불이행,건조,맑음,단일로 - 기타,승용,남,59세,상해없음,자전거,여,40세,중상
2012031200100208,2012년 3월 12일 12시,월요일,대구광역시 수성구 지산동,중상사고,0,1,0,0,차대차 - 측면직각충돌,교차로운행방법위반,건조,맑음,교차로 - 교차로안,승용,남,64세,상해없음,승용,여,34세,상해없음
2012031200100209,2012년 3월 12일 12시,월요일,대구광역시 달서구 본동,중상사고,0,2,7,1,차대차 - 측면직각충돌,신호위반,건조,맑음,교차로 - 교차로안,화물,남,52세,경상,승합,남,51세,경상
2012031200100239,2012년 3월 12일 13시,월요일,대구광역시 달서구 두류동,경상사고,0,0,2,0,차대차 - 기타,안전운전불이행,건조,맑음,교차로 - 교차로부근,승용,여,44세,경상,승용,남,23세,경상
2012031200100261,2012년 3월 12일 14시,월요일,대구광역시 달성군 논공읍,경상사고,0,0,2,1,차대차 - 측면직각충돌,안전운전불이행,건조,맑음,단일로 - 기타,건설기계,남,43세,부상신고,승용,남,67세,경상
2012031200100262,2012년 3월 12일 14시,월요일,대구광역시 북구 노원동3가,경상사고,0,0,1,0,차대차 - 기타,안전운전불이행,건조,맑음,단일로 - 기타,승용,남,70세,상해없음,승용,여,52세,경상
2012031200100327,2012년 3월 12일 16시,월요일,대구광역시 남구 대명동,중상사고,0,1,0,0,차대차 - 기타,차로위반,건조,맑음,단일로 - 기타,승용,남,47세,상해없음,이륜,남,49세,중상
2012031200100328,2012년 3월 12일 16시,월요일,대구광역시 달서구 상인동,경상사고,0,0,3,0,차대사람 - 횡단중,안전운전불이행,건조,맑음,기타 - 기타,승용,여,35세,상해없음,보행자,여,39세,경상
2012031200100397,2012년 3월 12일 18시,월요일,대구광역시 동구 신암동,중상사고,0,1,0,0,차대사람 - 기타,안전운전불이행,건조,맑음,단일로 - 횡단보도상,승용,남,39세,상해없음,보행자,여,42세,중상
2012031200100398,2012년 3월 12일 18시,월요일,대구광역시 달서구 송현동,경상사고,0,0,1,0,차대차 - 측면직각충돌,안전운전불이행,건조,맑음,단일로 - 기타,승용,남,52세,상해없음,원동기,남,23세,상해없음
2012031200100399,2012년 3월 12일 18시,월요일,대구광역시 달성군 논공읍,경상사고,0,0,1,0,차대차 - 측면직각충돌,안전운전불이행,건조,맑음,단일로 - 기타,승용,남,39세,상해없음,승용,남,47세,경상
2012031200100400,2012년 3월 12일 18시,월요일,대구광역시 북구 침산동,경상사고,0,0,1,0,차대차 - 기타,안전거리미확보,건조,맑음,단일로 - 기타,승용,여,35세,상해없음,승용,여,33세,경상
2012031200100436,2012년 3월 12일 19시,월요일,대구광역시 수성구 범어동,경상사고,0,0,2,0,차대차 - 추돌 - 진행중,안전운전불이행,건조,맑음,단일로 - 기타,승용,남,39세,상해없음,승용,여,68세,경상
2012031200100438,2012년 3월 12일 19시,월요일,대구광역시 북구 침산동,경상사고,0,0,1,0,차대차 - 기타,안전거리미확보,건조,맑음,단일로 - 기타,승용,남,50세,상해없음,승합,남,26세,경상
2012031200100439,2012년 3월 12일 19시,월요일,대구광역시 서구 비산동,경상사고,0,0,1,0,차대차 - 기타,기타,건조,맑음,단일로 - 기타,화물,남,54세,상해없음,이륜,남,49세,경상
2012031200100468,2012년 3월 12일 20시,월요일,대구광역시 남구 대명동,중상사고,0,1,0,0,차대차 - 측면직각충돌,안전거리미확보,건조,맑음,단일로 - 기타,화물,남,31세,상해없음,승용,남,38세,중상
2012031200100469,2012년 3월 12일 20시,월요일,대구광역시 달서구 상인동,경상사고,0,0,1,0,차량단독 - 공작물충돌,안전운전불이행,건조,맑음,단일로 - 기타,승용,남,37세,경상,,,,
2012031200100470,2012년 3월 12일 20시,월요일,대구광역시 달서구 상인동,경상사고,0,0,1,0,차대차 - 기타,안전운전불이행,건조,맑음,단일로 - 기타,승용,여,38세,상해없음,승용,남,34세,상해없음
2012031200100471,2012년 3월 12일 20시,월요일,대구광역시 북구 태전동,경상사고,0,0,1,0,차대사람 - 기타,안전운전불이행,건조,맑음,단일로 - 기타,승용,남,22세,상해없음,보행자,여,20세,경상
2012031200100501,2012년 3월 12일 21시,월요일,대구광역시 동구 검사동,경상사고,0,0,2,0,차대차 - 추돌 - 진행중,안전운전불이행,건조,맑음,단일로 - 기타,승용,남,49세,상해없음,승용,여,51세,경상
2012031200100525,2012년 3월 12일 22시,월요일,대구광역시 수성구 범어동,중상사고,0,1,0,0,차대사람 - 기타,신호위반,건조,맑음,단일로 - 기타,승용,여,45세,상해없음,보행자,남,19세,중상
2012031200100557,2012년 3월 12일 23시,월요일,대구광역시 수성구 범어동,경상사고,0,0,1,0,차대차 - 기타,신호위반,건조,맑음,교차로 - 교차로안,승용,남,74세,상해없음,승용,남,67세,경상
2012031300100009,2012년 3월 13일 00시,화요일,대구광역시 수성구 황금동,사망사고,1,0,0,0,차량단독 - 도로외이탈 - 기타,안전운전불이행,건조,기타,교차로 - 교차로부근,이륜,남,32세,상해없음,,,,
2012031300100026,2012년 3월 13일 01시,화요일,대구광역시 달서구 용산동,중상사고,0,1,0,0,차대차 - 기타,안전운전불이행,건조,맑음,단일로 - 횡단보도부근,승용,남,19세,상해없음,승용,남,37세,중상
2012031300100038,2012년 3월 13일 02시,화요일,대구광역시 달서구 성당동,경상사고,0,0,2,0,차대차 - 기타,안전거리미확보,건조,맑음,단일로 - 기타,승용,남,54세,상해없음,승용,남,48세,상해없음
2012031300100044,2012년 3월 13일 03시,화요일,대구광역시 북구 노원동1가,경상사고,0,0,1,0,차량단독 - 공작물충돌,안전운전불이행,건조,맑음,단일로 - 기타,화물,남,26세,경상,,,,
2012031300100055,2012년 3월 13일 04시,화요일,대구광역시 수성구 범어동,부상신고사고,0,0,0,1,차대차 - 기타,안전운전불이행,건조,맑음,교차로 - 교차로부근,승용,남,33세,상해없음,승용,여,35세,부상신고
2012031300100076,2012년 3월 13일 06시,화요일,대구광역시 동구 신천동,사망사고,1,0,0,0,차대사람 - 횡단중,안전운전불이행,건조,맑음,단일로 - 기타,승용,남,56세,상해없음,보행자,여,71세,사망
2012031300100077,2012년 3월 13일 06시,화요일,대구광역시 북구 읍내동,경상사고,0,0,2,0,차대차 - 측면직각충돌,안전거리미확보,건조,맑음,단일로 - 기타,화물,남,32세,상해없음,화물,남,59세,경상
2012031300100123,2012년 3월 13일 08시,화요일,대구광역시 남구 대명동,경상사고,0,0,1,0,차대차 - 기타,차로위반,건조,맑음,단일로 - 기타,승용,남,27세,상해없음,승합,남,56세,상해없음
2012031300100124,2012년 3월 13일 08시,화요일,대구광역시 수성구 황금동,중상사고,0,1,0,0,차대차 - 기타,안전운전불이행,건조,맑음,단일로 - 횡단보도상,승용,남,42세,상해없음,자전거,남,77세,중상
2012031300100125,2012년 3월 13일 08시,화요일,대구광역시 수성구 범어동,경상사고,0,0,1,0,차대사람 - 기타,안전운전불이행,건조,맑음,단일로 - 횡단보도상,기타불명,기타불명,기타불명,기타불명,보행자,남,14세,경상
2012031300100126,2012년 3월 13일 08시,화요일,대구광역시 달서구 송현동,경상사고,0,0,1,0,차대차 - 기타,안전운전불이행,건조,맑음,단일로 - 기타,승용,여,30세,상해없음,승용,여,28세,경상
2012031300100158,2012년 3월 13일 09시,화요일,대구광역시 북구 산격동,부상신고사고,0,0,0,1,차량단독 - 기타,안전운전불이행,건조,기타,기타 - 기타,원동기,여,50세,부상신고,,,,
2012031300100183,2012년 3월 13일 10시,화요일,대구광역시 달성군 논공읍,경상사고,0,0,3,0,차대차 - 측면직각충돌,차로위반,건조,맑음,단일로 - 기타,승합,여,51세,상해없음,승용,남,42세,경상
2012031300100217,2012년 3월 13일 11시,화요일,대구광역시 수성구 황금동,경상사고,0,0,1,1,차대차 - 추돌 - 주정차중,안전거리미확보,건조,맑음,단일로 - 기타,승합,남,49세,상해없음,승합,남,57세,부상신고
2012031300100218,2012년 3월 13일 11시,화요일,대구광역시 달성군 현풍면,경상사고,0,0,2,0,차대차 - 측면직각충돌,신호위반,건조,맑음,교차로 - 교차로안,화물,남,39세,상해없음,승용,남,25세,경상
2012031300100219,2012년 3월 13일 11시,화요일,대구광역시 서구 비산동,중상사고,0,1,0,0,차대차 - 기타,신호위반,건조,맑음,단일로 - 횡단보도부근,승용,남,52세,상해없음,자전거,남,59세,중상
2012031300100246,2012년 3월 13일 12시,화요일,대구광역시 달성군 현풍면,중상사고,0,2,1,0,차량단독 - 도로외이탈 - 기타,안전운전불이행,건조,맑음,단일로 - 기타,화물,남,51세,중상,,,,
2012031300100247,2012년 3월 13일 12시,화요일,대구광역시 달서구 감삼동,중상사고,0,1,0,0,차대사람 - 횡단중,보행자보호의무위반,건조,맑음,단일로 - 기타,승용,남,32세,상해없음,보행자,여,51세,중상
2012031300100267,2012년 3월 13일 13시,화요일,대구광역시 달서구 월성동,중상사고,0,1,0,0,차대차 - 측면직각충돌,안전운전불이행,건조,맑음,단일로 - 기타,이륜,남,17세,중상,승용,여,49세,상해없음
2012031300100268,2012년 3월 13일 13시,화요일,대구광역시 중구 남산동,부상신고사고,0,0,0,1,차대차 - 측면직각충돌,신호위반,건조,맑음,교차로 - 교차로안,원동기,여,30세,부상신고,승용,여,50세,상해없음
2012031300100269,2012년 3월 13일 13시,화요일,대구광역시 달서구 용산동,경상사고,0,0,1,0,차대차 - 측면직각충돌,안전운전불이행,건조,맑음,단일로 - 기타,승용,남,47세,상해없음,승용,남,55세,경상
2012031300100332,2012년 3월 13일 15시,화요일,대구광역시 북구 동호동,중상사고,0,1,0,0,차대사람 - 횡단중,신호위반,건조,맑음,교차로 - 교차로부근,승용,여,44세,상해없음,보행자,여,85세,중상
2012031300100354,2012년 3월 13일 16시,화요일,대구광역시 북구 침산동,경상사고,0,0,1,0,차대차 - 기타,교차로운행방법위반,건조,맑음,교차로 - 교차로안,화물,남,44세,상해없음,자전거,남,61세,경상
2012031300100385,2012년 3월 13일 17시,화요일,대구광역시 수성구 황금동,경상사고,0,0,1,0,차대차 - 기타,교차로운행방법위반,건조,맑음,교차로 - 교차로안,승용,여,35세,상해없음,승용,남,57세,경상
2012031300100386,2012년 3월 13일 17시,화요일,대구광역시 북구 읍내동,중상사고,0,3,2,0,차대차 - 추돌 - 주정차중,안전거리미확보,건조,맑음,단일로 - 기타,승합,남,34세,상해없음,승용,남,41세,상해없음
2012031300100387,2012년 3월 13일 17시,화요일,대구광역시 서구 평리동,경상사고,0,0,1,0,차대사람 - 기타,안전운전불이행,건조,맑음,단일로 - 기타,승용,남,51세,상해없음,보행자,여,73세,경상
2012031300100388,2012년 3월 13일 17시,화요일,대구광역시 달서구 감삼동,경상사고,0,0,1,0,차대차 - 추돌 - 진행중,안전거리미확보,건조,맑음,단일로 - 기타,승합,남,74세,상해없음,자전거,남,62세,경상
2012031300100389,2012년 3월 13일 17시,화요일,대구광역시 달서구 신당동,경상사고,0,0,1,0,차대차 - 추돌 - 주정차중,안전운전불이행,건조,맑음,기타 - 기타,승용,남,50세,상해없음,화물,남,29세,상해없음
2012031300100419,2012년 3월 13일 18시,화요일,대구광역시 달성군 화원읍,경상사고,0,0,1,0,차대차 - 측면직각충돌,안전운전불이행,건조,맑음,교차로 - 교차로안,이륜,남,16세,경상,화물,남,39세,상해없음
2012031300100452,2012년 3월 13일 19시,화요일,대구광역시 남구 이천동,경상사고,0,0,1,0,차대차 - 추돌 - 주정차중,안전운전불이행,건조,맑음,교차로 - 교차로안,승용,남,69세,기타불명,승용,남,38세,경상
2012031300100453,2012년 3월 13일 19시,화요일,대구광역시 중구 남산동,경상사고,0,0,1,0,차대차 - 기타,안전운전불이행,건조,맑음,단일로 - 기타,화물,남,52세,상해없음,자전거,남,24세,경상
2012031300100480,2012년 3월 13일 20시,화요일,대구광역시 남구 대명동,중상사고,0,1,0,0,차대차 - 기타,안전운전불이행,건조,맑음,교차로 - 교차로부근,승용,남,34세,상해없음,승용,남,48세,중상
2012031300100481,2012년 3월 13일 20시,화요일,대구광역시 수성구 범어동,경상사고,0,0,1,0,차대사람 - 기타,보행자보호의무위반,건조,맑음,단일로 - 기타,승용,남,75세,상해없음,보행자,남,20세,경상
2012031300100515,2012년 3월 13일 21시,화요일,대구광역시 수성구 황금동,경상사고,0,0,1,0,차대차 - 기타,안전운전불이행,건조,맑음,단일로 - 횡단보도상,승용,남,52세,상해없음,자전거,남,14세,경상
2012031300100550,2012년 3월 13일 22시,화요일,대구광역시 달서구 신당동,중상사고,0,1,0,0,차대차 - 측면직각충돌,중앙선침범,건조,맑음,교차로 - 교차로부근,승용,남,28세,상해없음,원동기,남,55세,중상
2012031300100579,2012년 3월 13일 23시,화요일,대구광역시 달서구 이곡동,중상사고,0,1,0,0,차대차 - 기타,교차로운행방법위반,건조,맑음,교차로 - 교차로안,승용,남,60세,상해없음,자전거,남,15세,중상
2012031400100014,2012년 3월 14일 00시,수요일,대구광역시 남구 봉덕동,중상사고,0,1,0,0,차대차 - 추돌 - 주정차중,안전운전불이행,건조,맑음,단일로 - 기타,승용,남,34세,상해없음,승용,남,38세,중상
2012031400100015,2012년 3월 14일 00시,수요일,대구광역시 달서구 장기동,경상사고,0,0,3,0,차대차 - 추돌 - 주정차중,안전운전불이행,건조,맑음,단일로 - 기타,승용,남,63세,상해없음,승용,남,53세,경상
2012031400100035,2012년 3월 14일 01시,수요일,대구광역시 달서구 성당동,경상사고,0,0,1,0,차대차 - 추돌 - 진행중,안전운전불이행,건조,맑음,단일로 - 기타,승용,남,27세,상해없음,이륜,남,17세,경상
2012031400100039,2012년 3월 14일 02시,수요일,대구광역시 달서구 두류동,경상사고,0,0,1,0,차대사람 - 기타,안전운전불이행,건조,맑음,단일로 - 기타,승용,남,53세,상해없음,보행자,여,22세,경상
2012031400100057,2012년 3월 14일 04시,수요일,대구광역시 북구 관음동,경상사고,0,0,2,0,차대사람 - 기타,안전운전불이행,건조,맑음,단일로 - 기타,승용,여,47세,상해없음,보행자,남,19세,경상
2012031400100136,2012년 3월 14일 08시,수요일,대구광역시 수성구 수성동1가,중상사고,0,1,0,0,차대차 - 기타,안전운전불이행,건조,맑음,단일로 - 기타,승용,남,61세,상해없음,승용,여,49세,중상
2012031400100137,2012년 3월 14일 08시,수요일,대구광역시 서구 평리동,중상사고,0,1,0,0,차대차 - 측면직각충돌,안전운전불이행,건조,맑음,단일로 - 기타,화물,남,29세,상해없음,이륜,남,65세,중상
2012031400100138,2012년 3월 14일 08시,수요일,대구광역시 달서구 갈산동,경상사고,0,0,1,0,차대차 - 측면직각충돌,교차로운행방법위반,건조,맑음,교차로 - 교차로안,승용,남,34세,상해없음,원동기,남,22세,경상
2012031400100159,2012년 3월 14일 09시,수요일,대구광역시 서구 이현동,경상사고,0,0,2,0,차대차 - 기타,안전운전불이행,건조,맑음,단일로 - 기타,특수,남,52세,상해없음,승용,남,52세,경상
2012031400100160,2012년 3월 14일 09시,수요일,대구광역시 서구 원대동1가,중상사고,0,1,0,0,차대차 - 기타,안전운전불이행,건조,맑음,단일로 - 기타,승용,남,33세,기타불명,승합,남,50세,상해없음
2012031400100161,2012년 3월 14일 09시,수요일,대구광역시 중구 대봉동,경상사고,0,0,1,0,차대차 - 기타,안전거리미확보,건조,맑음,단일로 - 기타,승용,여,35세,상해없음,승용,남,50세,상해없음
2012031400100183,2012년 3월 14일 10시,수요일,대구광역시 달서구 본동,경상사고,0,0,1,0,차대차 - 기타,중앙선침범,건조,맑음,단일로 - 기타,승합,남,37세,상해없음,이륜,남,44세,경상
2012031400100184,2012년 3월 14일 10시,수요일,대구광역시 서구 원대동1가,중상사고,0,1,0,0,차대사람 - 기타,기타,건조,맑음,단일로 - 기타,건설기계,남,43세,상해없음,보행자,여,74세,중상
2012031400100199,2012년 3월 14일 11시,수요일,대구광역시 남구 대명동,경상사고,0,0,1,0,차대차 - 기타,안전거리미확보,건조,맑음,교차로 - 교차로부근,승용,남,58세,상해없음,승용,남,31세,경상
2012031400100200,2012년 3월 14일 11시,수요일,대구광역시 북구 서변동,경상사고,0,0,1,0,차대차 - 추돌 - 진행중,안전운전불이행,건조,맑음,미분류 - 미분류,화물,남,41세,상해없음,승용,여,48세,상해없음
2012031400100230,2012년 3월 14일 12시,수요일,대구광역시 수성구 고모동,경상사고,0,0,1,0,차대차 - 기타,교차로운행방법위반,건조,맑음,단일로 - 기타,승용,여,39세,상해없음,승용,남,55세,경상
2012031400100231,2012년 3월 14일 12시,수요일,대구광역시 달서구 상인동,중상사고,0,1,0,0,차대차 - 측면직각충돌,안전운전불이행,건조,맑음,교차로 - 교차로안,승합,남,34세,상해없음,이륜,남,66세,중상
2012031400100253,2012년 3월 14일 13시,수요일,대구광역시 달성군 논공읍,경상사고,0,0,1,0,차대차 - 측면직각충돌,신호위반,건조,맑음,교차로 - 교차로안,승용,여,44세,상해없음,화물,남,53세,경상
2012031400100282,2012년 3월 14일 14시,수요일,대구광역시 중구 대봉동,경상사고,0,0,1,0,차대사람 - 기타,안전운전불이행,건조,맑음,단일로 - 기타,승용,남,64세,상해없음,보행자,여,55세,경상
2012031400100310,2012년 3월 14일 15시,수요일,대구광역시 수성구 범어동,경상사고,0,0,1,0,차대차 - 기타,안전운전불이행,건조,맑음,단일로 - 기타,승용,여,41세,상해없음,자전거,남,18세,경상
2012031400100311,2012년 3월 14일 15시,수요일,대구광역시 달서구 월암동,중상사고,0,1,0,0,차대차 - 기타,중앙선침범,건조,맑음,교차로 - 교차로부근,건설기계,남,57세,상해없음,승용,남,38세,중상
2012031400100312,2012년 3월 14일 15시,수요일,대구광역시 달서구 감삼동,중상사고,0,1,0,0,차대차 - 추돌 - 주정차중,안전운전불이행,건조,맑음,단일로 - 기타,화물,남,29세,상해없음,이륜,여,49세,중상
2012031400100369,2012년 3월 14일 17시,수요일,대구광역시 남구 대명동,중상사고,0,1,0,0,차대차 - 기타,교차로운행방법위반,건조,맑음,교차로 - 교차로부근,화물,남,28세,상해없음,원동기,남,78세,중상
2012031400100395,2012년 3월 14일 18시,수요일,대구광역시 동구 효목동,경상사고,0,0,1,0,차대차 - 기타,안전운전불이행,건조,맑음,단일로 - 기타,승용,여,36세,상해없음,자전거,여,52세,경상
2012031400100396,2012년 3월 14일 18시,수요일,대구광역시 서구 비산동,중상사고,0,1,0,0,차대차 - 측면직각충돌,안전운전불이행,건조,맑음,단일로 - 기타,승용,여,47세,상해없음,원동기,여,54세,중상