사고번호,사고일시,요일,시군구,사고내용,사망자수,중상자수,경상자수,부상신고자수,사고유형,법규위반,노면상태,기상상태,도로형태,가해운전자 차종,가해운전자 성별,가해운전자 연령,가해운전자 상해정도,피해운전자 차종,피해운전자 성별,피해운전자 연령,피해운전자 상해정도
2012032400100125,2012년 3월 24일 02시,토요일,대구광역시 북구 복현동,경상사고,0,0,2,0,차대차 - 추돌 - 진행중,안전거리미확보,건조,맑음,교차로 - 교차로부근,승용,여,50세,상해없음,원동기,남,18세,경상
2012032400100142,2012년 3월 24일 03시,토요일,대구광역시 수성구 신매동,경상사고,0,0,2,0,차대차 - 추돌 - 주정차중,안전운전불이행,건조,맑음,단일로 - 기타,승용,남,50세,상해없음,승용,남,49세,경상
2012032400100143,2012년 3월 24일 03시,토요일,대구광역시 달서구 상인동,중상사고,0,1,1,0,차대차 - 추돌 - 진행중,안전운전불이행,건조,맑음,단일로 - 기타,승용,남,29세,상해없음,원동기,여,44세,중상
2012032400100144,2012년 3월 24일 03시,토요일,대구광역시 북구 산격동,경상사고,0,0,1,0,차대차 - 추돌 - 주정차중,안전운전불이행,건조,흐림,교차로 - 교차로부근,화물,남,22세,상해없음,승용,남,40세,경상
2012032400100145,2012년 3월 24일 03시,토요일,대구광역시 중구 달성동,경상사고,0,0,1,0,차대차 - 기타,신호위반,건조,맑음,교차로 - 교차로안,화물,남,64세,상해없음,승용,남,38세,경상
2012032400100183,2012년 3월 24일 05시,토요일,대구광역시 동구 입석동,경상사고,0,0,1,0,차대차 - 측면직각충돌,안전운전불이행,건조,맑음,교차로 - 교차로부근,승용,남,57세,상해없음,이륜,남,64세,경상
2012032400100202,2012년 3월 24일 06시,토요일,대구광역시 북구 매천동,경상사고,0,0,2,0,차대차 - 추돌 - 주정차중,안전운전불이행,건조,흐림,교차로 - 교차로부근,승용,남,31세,상해없음,승용,남,22세,경상
2012032400100267,2012년 3월 24일 09시,토요일,대구광역시 달서구 본동,경상사고,0,0,1,0,차대사람 - 기타,안전운전불이행,건조,맑음,교차로 - 교차로안,화물,남,38세,상해없음,보행자,남,55세,경상
2012032400100268,2012년 3월 24일 09시,토요일,대구광역시 중구 대신동,경상사고,0,0,1,0,차대차 - 기타,신호위반,건조,맑음,교차로 - 교차로안,이륜,남,69세,경상,기타불명,미분류,기타불명,기타불명
2012032400100299,2012년 3월 24일 10시,토요일,대구광역시 수성구 수성동3가,경상사고,0,0,1,0,차대차 - 정면충돌,안전운전불이행,건조,맑음,미분류 - 미분류,승용,남,34세,상해없음,승용,여,36세,경상
2012032400100327,2012년 3월 24일 11시,토요일,대구광역시 수성구 만촌동,경상사고,0,0,1,0,차대차 - 측면직각충돌,교차로운행방법위반,건조,맑음,교차로 - 교차로안,승용,여,43세,상해없음,원동기,남,57세,경상
2012032400100354,2012년 3월 24일 12시,토요일,대구광역시 서구 이현동,경상사고,0,0,1,0,차대차 - 측면직각충돌,직진우회전진행방해,건조,맑음,교차로 - 교차로안,승용,남,42세,상해없음,이륜,남,34세,경상
2012032400100355,2012년 3월 24일 12시,토요일,대구광역시 중구 남산동,경상사고,0,0,1,0,차대차 - 기타,교차로운행방법위반,건조,맑음,교차로 - 교차로안,특수,남,49세,경상,승용,남,78세,상해없음
2012032400100356,2012년 3월 24일 12시,토요일,대구광역시 중구 동인동2가,중상사고,0,1,2,0,차대차 - 기타,안전운전불이행,건조,맑음,단일로 - 기타,승용,남,72세,상해없음,승용,남,59세,경상
2012032400100400,2012년 3월 24일 13시,토요일,대구광역시 남구 봉덕동,중상사고,0,1,0,0,차대차 - 측면직각충돌,신호위반,건조,맑음,교차로 - 교차로안,승용,남,75세,상해없음,이륜,남,65세,중상
2012032400100401,2012년 3월 24일 13시,토요일,대구광역시 달성군 옥포면,경상사고,0,0,1,0,차량단독 - 기타,안전운전불이행,건조,맑음,단일로 - 기타,승합,남,56세,상해없음,,,,
2012032400100402,2012년 3월 24일 13시,토요일,대구광역시 중구 동성로2가,경상사고,0,0,1,0,차대사람 - 기타,안전운전불이행,건조,기타,단일로 - 기타,승용,남,18세,상해없음,보행자,여,13세,경상
2012032400100435,2012년 3월 24일 14시,토요일,대구광역시 수성구 만촌동,경상사고,0,0,1,0,차대차 - 추돌 - 진행중,안전거리미확보,건조,맑음,단일로 - 기타,승용,남,27세,상해없음,승용,여,41세,경상
2012032400100436,2012년 3월 24일 14시,토요일,대구광역시 달서구 본동,경상사고,0,0,1,0,차대사람 - 보도통행중,안전운전불이행,건조,맑음,단일로 - 기타,이륜,기타불명,기타불명,기타불명,보행자,여,5세,경상
2012032400100437,2012년 3월 24일 14시,토요일,대구광역시 달성군 화원읍,경상사고,0,0,1,0,차대차 - 측면직각충돌,안전운전불이행,건조,맑음,단일로 - 횡단보도상,승용,여,67세,상해없음,자전거,여,48세,경상
2012032400100438,2012년 3월 24일 14시,토요일,대구광역시 북구 서변동,경상사고,0,0,1,0,차대차 - 추돌 - 진행중,안전운전불이행,건조,맑음,단일로 - 기타,승용,남,30세,상해없음,승용,여,39세,경상
2012032400100439,2012년 3월 24일 14시,토요일,대구광역시 북구 노원동2가,경상사고,0,0,1,0,차대차 - 기타,안전운전불이행,건조,맑음,단일로 - 기타,화물,남,53세,상해없음,원동기,남,35세,경상
2012032400100440,2012년 3월 24일 14시,토요일,대구광역시 서구 비산동,중상사고,0,1,0,0,차대사람 - 기타,교차로운행방법위반,건조,맑음,교차로 - 교차로부근,이륜,남,56세,상해없음,보행자,남,8세,중상
2012032400100481,2012년 3월 24일 15시,토요일,대구광역시 동구 봉무동,경상사고,0,0,3,0,차대차 - 측면직각충돌,안전거리미확보,건조,맑음,단일로 - 기타,승용,남,37세,상해없음,원동기,남,16세,경상
2012032400100482,2012년 3월 24일 15시,토요일,대구광역시 북구 관음동,경상사고,0,0,2,0,차대차 - 기타,안전운전불이행,건조,맑음,교차로 - 교차로안,건설기계,남,46세,상해없음,승용,여,40세,경상
2012032400100483,2012년 3월 24일 15시,토요일,대구광역시 북구 매천동,중상사고,0,1,0,1,차대차 - 측면직각충돌,신호위반,건조,흐림,교차로 - 교차로안,승용,남,33세,부상신고,승용,남,22세,중상
2012032400100484,2012년 3월 24일 15시,토요일,대구광역시 달서구 본리동,경상사고,0,0,2,0,차대차 - 추돌 - 주정차중,안전운전불이행,건조,맑음,단일로 - 기타,승용,여,53세,기타불명,승합,여,44세,경상
2012032400100595,2012년 3월 24일 18시,토요일,대구광역시 수성구 만촌동,부상신고사고,0,0,0,1,차대차 - 측면직각충돌,신호위반,건조,맑음,교차로 - 교차로부근,승용,남,40세,상해없음,원동기,남,52세,부상신고
2012032400100596,2012년 3월 24일 18시,토요일,대구광역시 달서구 이곡동,경상사고,0,0,1,0,차대차 - 측면직각충돌,교차로운행방법위반,건조,흐림,교차로 - 교차로안,승용,여,47세,상해없음,승용,여,49세,상해없음
2012032400100639,2012년 3월 24일 19시,토요일,대구광역시 남구 대명동,경상사고,0,0,1,0,차대사람 - 보도통행중,기타,건조,맑음,단일로 - 기타,이륜,남,34세,상해없음,보행자,남,61세,경상
2012032400100640,2012년 3월 24일 19시,토요일,대구광역시 서구 평리동,경상사고,0,0,1,0,차대차 - 측면직각충돌,안전운전불이행,건조,맑음,교차로 - 교차로부근,승용,남,28세,상해없음,이륜,남,31세,경상
2012032400100641,2012년 3월 24일 19시,토요일,대구광역시 서구 내당동,경상사고,0,0,1,0,차대차 - 측면직각충돌,신호위반,건조,맑음,단일로 - 횡단보도상,승용,남,26세,상해없음,이륜,남,29세,경상
2012032400100668,2012년 3월 24일 20시,토요일,대구광역시 서구 상리동,경상사고,0,0,4,0,차대차 - 추돌 - 진행중,안전운전불이행,건조,맑음,단일로 - 기타,승용,남,44세,상해없음,승용,남,31세,경상
2012032400100672,2012년 3월 24일 20시,토요일,대구광역시 달성군 다사읍,경상사고,0,0,5,0,차대차 - 추돌 - 주정차중,안전운전불이행,건조,맑음,단일로 - 기타,승용,남,59세,상해없음,화물,여,45세,경상
2012032400100673,2012년 3월 24일 20시,토요일,대구광역시 북구 동천동,중상사고,0,1,0,0,차대차 - 기타,안전운전불이행,건조,맑음,교차로 - 교차로부근,승용,여,47세,상해없음,승합,남,40세,상해없음
2012032400100674,2012년 3월 24일 20시,토요일,대구광역시 서구 평리동,경상사고,0,0,1,0,차대차 - 측면직각충돌,신호위반,건조,맑음,교차로 - 교차로부근,승용,남,62세,상해없음,자전거,남,37세,경상
2012032400100675,2012년 3월 24일 20시,토요일,대구광역시 달서구 두류동,경상사고,0,0,1,0,차대차 - 추돌 - 주정차중,안전운전불이행,건조,맑음,단일로 - 기타,승용,여,41세,상해없음,승용,남,58세,경상
2012032400100697,2012년 3월 24일 21시,토요일,대구광역시 달서구 상인동,경상사고,0,0,2,0,차대차 - 추돌 - 주정차중,안전운전불이행,건조,맑음,교차로 - 교차로부근,승용,남,51세,상해없음,승용,여,31세,경상
2012032400100698,2012년 3월 24일 21시,토요일,대구광역시 달서구 월성동,경상사고,0,0,1,0,차대차 - 측면직각충돌,직진우회전진행방해,건조,맑음,교차로 - 교차로안,이륜,남,19세,경상,승용,남,45세,상해없음
2012032400100699,2012년 3월 24일 21시,토요일,대구광역시 서구 비산동,경상사고,0,0,1,0,차대차 - 측면직각충돌,안전거리미확보,건조,맑음,단일로 - 기타,화물,남,48세,상해없음,승용,남,52세,경상
2012032400100700,2012년 3월 24일 21시,토요일,대구광역시 달서구 성당동,경상사고,0,0,1,0,차대사람 - 횡단중,보행자보호의무위반,건조,맑음,단일로 - 횡단보도상,승용,남,29세,상해없음,보행자,남,23세,경상
2012032400100729,2012년 3월 24일 22시,토요일,대구광역시 동구 신천동,경상사고,0,0,1,1,차대사람 - 기타,안전운전불이행,건조,맑음,단일로 - 기타,승용,남,39세,상해없음,보행자,남,34세,부상신고
2012032400100753,2012년 3월 24일 23시,토요일,대구광역시 수성구 두산동,경상사고,0,0,1,0,차대차 - 기타,안전운전불이행,건조,맑음,단일로 - 기타,승용,남,49세,상해없음,승용,남,36세,경상
2012032400100754,2012년 3월 24일 23시,토요일,대구광역시 북구 동천동,경상사고,0,0,1,0,차대차 - 측면직각충돌,안전운전불이행,건조,맑음,교차로 - 교차로안,이륜,남,52세,상해없음,이륜,남,16세,경상
2012032500100020,2012년 3월 25일 00시,일요일,대구광역시 북구 구암동,경상사고,0,0,1,0,차대차 - 추돌 - 진행중,안전운전불이행,습기,비,교차로 - 교차로안,승용,남,46세,기타불명,승용,남,42세,기타불명
2012032500100021,2012년 3월 25일 00시,일요일,대구광역시 북구 칠성동2가,경상사고,0,0,1,0,차대차 - 기타,교차로운행방법위반,건조,맑음,교차로 - 교차로안,이륜,남,17세,상해없음,승용,여,41세,상해없음
2012032500100022,2012년 3월 25일 00시,일요일,대구광역시 북구 대현동,경상사고,0,0,1,0,차대차 - 추돌 - 주정차중,안전운전불이행,건조,맑음,교차로 - 교차로부근,승용,남,56세,상해없음,승용,여,31세,경상
2012032500100023,2012년 3월 25일 00시,일요일,대구광역시 북구 구암동,경상사고,0,0,1,0,차대차 - 추돌 - 진행중,안전운전불이행,건조,맑음,단일로 - 기타,승용,남,37세,상해없음,승용,남,32세,경상
2012032500100024,2012년 3월 25일 00시,일요일,대구광역시 북구 복현동,중상사고,0,1,0,0,차대차 - 기타,안전거리미확보,건조,맑음,기타 - 기타,원동기,남,14세,상해없음,승용,남,51세,상해없음
2012032500100025,2012년 3월 25일 00시,일요일,대구광역시 북구 산격동,경상사고,0,0,1,0,차대차 - 추돌 - 주정차중,안전운전불이행,건조,맑음,단일로 - 기타,승용,남,36세,상해없음,승용,남,23세,경상
2012032500100039,2012년 3월 25일 01시,일요일,대구광역시 중구 서문로1가,부상신고사고,0,0,0,1,차대차 - 측면직각충돌,안전운전불이행,건조,맑음,교차로 - 교차로부근,이륜,남,57세,부상신고,승용,여,65세,상해없음
2012032500100057,2012년 3월 25일 02시,일요일,대구광역시 북구 구암동,경상사고,0,0,1,0,차대차 - 추돌 - 진행중,안전운전불이행,건조,맑음,교차로 - 교차로부근,승용,남,29세,상해없음,승용,남,54세,기타불명
2012032500100097,2012년 3월 25일 05시,일요일,대구광역시 달서구 성당동,사망사고,1,1,0,0,차대차 - 측면직각충돌,신호위반,건조,맑음,교차로 - 교차로안,이륜,남,18세,중상,승용,남,63세,상해없음
2012032500100165,2012년 3월 25일 11시,일요일,대구광역시 달서구 상인동,경상사고,0,0,1,0,차대차 - 기타,기타,건조,맑음,단일로 - 기타,승용,남,64세,상해없음,이륜,남,58세,경상
2012032500100166,2012년 3월 25일 11시,일요일,대구광역시 달성군 화원읍,경상사고,0,0,1,0,차대사람 - 기타,안전운전불이행,건조,맑음,단일로 - 기타,이륜,남,16세,상해없음,보행자,여,44세,경상
2012032500100167,2012년 3월 25일 11시,일요일,대구광역시 북구 동천동,경상사고,0,0,1,0,차대차 - 기타,안전운전불이행,건조,맑음,단일로 - 기타,승용,남,39세,상해없음,이륜,여,35세,경상
2012032500100200,2012년 3월 25일 13시,일요일,대구광역시 달성군 화원읍,경상사고,0,0,1,0,차대차 - 측면직각충돌,안전운전불이행,건조,맑음,교차로 - 교차로부근,승용,여,52세,상해없음,이륜,남,47세,경상
2012032500100201,2012년 3월 25일 13시,일요일,대구광역시 달성군 화원읍,경상사고,0,0,1,0,차대차 - 기타,교차로운행방법위반,건조,맑음,교차로 - 교차로안,화물,남,45세,상해없음,승용,남,43세,경상
2012032500100202,2012년 3월 25일 13시,일요일,대구광역시 북구 태전동,경상사고,0,0,1,0,차대차 - 기타,기타,건조,맑음,단일로 - 기타,화물,남,29세,상해없음,승용,남,42세,경상
2012032500100219,2012년 3월 25일 14시,일요일,대구광역시 남구 봉덕동,경상사고,0,0,4,0,차대사람 - 횡단중,보행자보호의무위반,건조,맑음,교차로 - 교차로안,승용,남,31세,상해없음,보행자,여,15세,경상
2012032500100252,2012년 3월 25일 15시,일요일,대구광역시 수성구 노변동,경상사고,0,0,3,0,차대차 - 측면직각충돌,기타,건조,맑음,단일로 - 기타,승용,여,54세,경상,승용,남,63세,경상
2012032500100253,2012년 3월 25일 15시,일요일,대구광역시 달성군 논공읍,중상사고,0,1,0,0,차대차 - 기타,교차로운행방법위반,건조,맑음,교차로 - 교차로안,승용,여,32세,상해없음,원동기,남,37세,중상
2012032500100278,2012년 3월 25일 16시,일요일,대구광역시 중구 태평로2가,부상신고사고,0,0,0,1,차대차 - 기타,교차로운행방법위반,건조,맑음,교차로 - 교차로안,이륜,남,47세,부상신고,승용,여,50세,상해없음
2012032500100297,2012년 3월 25일 17시,일요일,대구광역시 동구 율하동,경상사고,0,0,1,0,차대차 - 측면직각충돌,안전운전불이행,건조,맑음,교차로 - 교차로안,승용,남,37세,상해없음,승용,남,44세,상해없음
2012032500100298,2012년 3월 25일 17시,일요일,대구광역시 서구 이현동,경상사고,0,0,2,0,차대차 - 측면직각충돌,안전운전불이행,건조,맑음,단일로 - 기타,승용,남,42세,기타불명,승용,남,28세,경상
2012032500100319,2012년 3월 25일 18시,일요일,대구광역시 동구 신기동,경상사고,0,0,1,0,차대차 - 측면직각충돌,교차로운행방법위반,건조,맑음,교차로 - 교차로안,승용,남,52세,상해없음,승용,여,45세,경상
2012032500100320,2012년 3월 25일 18시,일요일,대구광역시 중구 동인동2가,경상사고,0,0,1,0,차대사람 - 기타,안전운전불이행,건조,맑음,단일로 - 기타,승용,여,58세,상해없음,보행자,남,47세,경상
2012032500100345,2012년 3월 25일 19시,일요일,대구광역시 수성구 황금동,경상사고,0,0,2,0,차대차 - 추돌 - 진행중,안전운전불이행,건조,맑음,교차로 - 교차로부근,승용,남,42세,상해없음,승용,여,39세,경상
2012032500100346,2012년 3월 25일 19시,일요일,대구광역시 서구 이현동,경상사고,0,0,1,0,차대차 - 측면직각충돌,안전거리미확보,건조,맑음,단일로 - 기타,승용,남,33세,기타불명,승용,남,34세,상해없음
2012032500100347,2012년 3월 25일 19시,일요일,대구광역시 달서구 신당동,경상사고,0,0,1,0,차대사람 - 기타,안전운전불이행,건조,맑음,교차로 - 교차로부근,승용,남,33세,상해없음,보행자,남,25세,상해없음
2012032500100396,2012년 3월 25일 21시,일요일,대구광역시 달서구 감삼동,경상사고,0,0,4,0,차대차 - 측면직각충돌,신호위반,건조,맑음,교차로 - 교차로안,승용,남,51세,상해없음,승용,남,27세,경상
2012032500100416,2012년 3월 25일 22시,일요일,대구광역시 서구 내당동,경상사고,0,0,1,0,차대차 - 측면직각충돌,안전거리미확보,건조,맑음,교차로 - 교차로안,승용,남,70세,상해없음,이륜,남,17세,경상
2012032500100417,2012년 3월 25일 22시,일요일,대구광역시 달서구 죽전동,경상사고,0,0,1,0,차대차 - 측면직각충돌,교차로운행방법위반,건조,맑음,교차로 - 교차로안,승용,남,51세,상해없음,승용,남,54세,경상
2012032500100438,2012년 3월 25일 23시,일요일,대구광역시 달성군 논공읍,경상사고,0,0,1,0,차대사람 - 차도통행중,안전운전불이행,건조,맑음,단일로 - 기타,승용,남,36세,상해없음,보행자,남,46세,경상
2012032600100012,2012년 3월 26일 00시,월요일,대구광역시 동구 숙천동,중상사고,0,1,1,0,차대차 - 추돌 - 진행중,안전운전불이행,건조,맑음,단일로 - 기타,승용,남,44세,중상,특수,남,58세,경상
2012032600100024,2012년 3월 26일 01시,월요일,대구광역시 수성구 만촌동,경상사고,0,0,2,0,차대차 - 측면직각충돌,교차로운행방법위반,건조,맑음,교차로 - 교차로안,승용,남,30세,상해없음,승용,여,47세,경상
2012032600100032,2012년 3월 26일 02시,월요일,대구광역시 동구 신암동,경상사고,0,0,2,0,차대차 - 측면직각충돌,안전운전불이행,건조,맑음,교차로 - 교차로부근,승용,남,31세,상해없음,승용,남,36세,경상
2012032600100088,2012년 3월 26일 07시,월요일,대구광역시 남구 이천동,중상사고,0,1,0,0,차량단독 - 기타,기타,건조,맑음,단일로 - 기타,승합,남,57세,상해없음,,,,
2012032600100089,2012년 3월 26일 07시,월요일,대구광역시 수성구 범어동,중상사고,0,1,1,0,차대차 - 측면직각충돌,신호위반,건조,맑음,교차로 - 교차로안,승용,남,42세,상해없음,승용,남,59세,경상
2012032600100090,2012년 3월 26일 07시,월요일,대구광역시 달서구 대천동,중상사고,0,1,0,0,차대차 - 기타,안전운전불이행,건조,맑음,단일로 - 기타,원동기,남,26세,상해없음,자전거,남,43세,중상
2012032600100091,2012년 3월 26일 07시,월요일,대구광역시 북구 읍내동,중상사고,0,1,0,0,차대차 - 기타,안전운전불이행,건조,맑음,단일로 - 기타,승용,여,47세,상해없음,원동기,남,24세,중상
2012032600100130,2012년 3월 26일 08시,월요일,대구광역시 동구 신천동,경상사고,0,0,1,0,차대차 - 기타,안전거리미확보,건조,맑음,교차로 - 교차로부근,승용,여,50세,상해없음,화물,남,28세,상해없음
2012032600100159,2012년 3월 26일 09시,월요일,대구광역시 달서구 송현동,중상사고,0,1,0,0,차대차 - 기타,중앙선침범,건조,맑음,미분류 - 미분류,승용,남,27세,기타불명,승용,여,49세,중상
2012032600100200,2012년 3월 26일 11시,월요일,대구광역시 달성군 논공읍,경상사고,0,0,1,0,차대차 - 측면직각충돌,안전운전불이행,건조,맑음,교차로 - 교차로안,승용,남,73세,상해없음,화물,남,32세,경상
2012032600100201,2012년 3월 26일 11시,월요일,대구광역시 달성군 논공읍,경상사고,0,0,1,0,차대사람 - 기타,안전운전불이행,건조,맑음,기타 - 기타,건설기계,남,52세,상해없음,보행자,남,56세,경상
2012032600100202,2012년 3월 26일 11시,월요일,대구광역시 달서구 감삼동,경상사고,0,0,1,0,차대차 - 측면직각충돌,신호위반,건조,맑음,단일로 - 횡단보도상,화물,남,68세,상해없음,원동기,여,49세,경상
2012032600100228,2012년 3월 26일 12시,월요일,대구광역시 남구 대명동,경상사고,0,0,1,0,차대차 - 측면직각충돌,안전거리미확보,건조,맑음,단일로 - 기타,이륜,남,22세,상해없음,승용,남,34세,경상
2012032600100229,2012년 3월 26일 12시,월요일,대구광역시 달서구 송현동,경상사고,0,0,1,0,차대차 - 기타,안전운전불이행,건조,맑음,단일로 - 기타,승용,기타불명,기타불명,기타불명,이륜,남,76세,경상
2012032600100230,2012년 3월 26일 12시,월요일,대구광역시 북구 침산동,경상사고,0,0,5,0,차대차 - 기타,안전거리미확보,건조,맑음,교차로 - 교차로부근,승용,남,26세,경상,원동기,남,23세,경상
2012032600100250,2012년 3월 26일 13시,월요일,대구광역시 북구 산격동,중상사고,0,1,0,0,차대사람 - 기타,안전운전불이행,건조,맑음,단일로 - 기타,화물,남,24세,상해없음,보행자,남,82세,중상
2012032600100251,2012년 3월 26일 13시,월요일,대구광역시 서구 내당동,중상사고,0,1,0,0,차대차 - 기타,안전운전불이행,건조,맑음,교차로 - 교차로안,승용,남,69세,상해없음,자전거,남,76세,중상
2012032600100277,2012년 3월 26일 14시,월요일,대구광역시 남구 이천동,경상사고,0,0,2,0,차대차 - 측면직각충돌,차로위반,건조,맑음,미분류 - 미분류,화물,남,66세,상해없음,승용,여,44세,경상
2012032600100278,2012년 3월 26일 14시,월요일,대구광역시 수성구 수성동4가,중상사고,0,1,0,0,차대사람 - 횡단중,교차로운행방법위반,건조,맑음,교차로 - 교차로안,승용,남,65세,상해없음,보행자,여,87세,중상
2012032600100279,2012년 3월 26일 14시,월요일,대구광역시 북구 침산동,중상사고,0,1,2,0,차대차 - 측면직각충돌,신호위반,건조,맑음,교차로 - 교차로안,승용,남,63세,상해없음,승합,남,36세,경상
2012032600100280,2012년 3월 26일 14시,월요일,대구광역시 서구 비산동,경상사고,0,0,1,0,차대차 - 추돌 - 진행중,안전운전불이행,건조,맑음,단일로 - 기타,승용,남,43세,상해없음,원동기,남,67세,경상
2012032600100302,2012년 3월 26일 15시,월요일,대구광역시 달서구 상인동,경상사고,0,0,1,0,차대차 - 기타,차로위반,건조,맑음,단일로 - 기타,기타불명,기타불명,기타불명,기타불명,승용,여,64세,경상
2012032600100303,2012년 3월 26일 15시,월요일,대구광역시 달성군 가창면,경상사고,0,0,2,0,차대차 - 측면직각충돌,중앙선침범,건조,맑음,단일로 - 기타,승용,남,25세,상해없음,승용,남,53세,경상
2012032600100305,2012년 3월 26일 15시,월요일,대구광역시 달서구 신당동,중상사고,0,1,0,0,차대차 - 측면직각충돌,안전운전불이행,건조,맑음,단일로 - 기타,승용,여,19세,상해없음,이륜,남,30세,중상
2012032600100332,2012년 3월 26일 16시,월요일,대구광역시 남구 대명동,경상사고,0,0,1,0,차대차 - 측면직각충돌,차로위반,건조,맑음,단일로 - 기타,승용,남,63세,상해없음,승용,남,61세,경상
2012032600100333,2012년 3월 26일 16시,월요일,대구광역시 달서구 감삼동,경상사고,0,0,1,0,차대차 - 측면직각충돌,신호위반,건조,맑음,단일로 - 횡단보도상,승용,여,35세,상해없음,이륜,남,43세,경상
2012032600100334,2012년 3월 26일 16시,월요일,대구광역시 달서구 감삼동,경상사고,0,0,1,0,차대차 - 기타,안전거리미확보,건조,맑음,단일로 - 기타,화물,남,46세,상해없음,승용,남,30세,경상
2012032600100369,2012년 3월 26일 17시,월요일,대구광역시 수성구 만촌동,중상사고,0,1,0,0,차대차 - 측면직각충돌,안전운전불이행,건조,맑음,단일로 - 기타,자전거,남,61세,중상,승용,여,61세,상해없음
2012032600100370,2012년 3월 26일 17시,월요일,대구광역시 중구 남산동,경상사고,0,0,1,0,차대차 - 측면직각충돌,신호위반,건조,맑음,단일로 - 횡단보도상,이륜,남,71세,상해없음,자전거,남,62세,경상
2012032600100428,2012년 3월 26일 19시,월요일,대구광역시 서구 중리동,경상사고,0,0,1,0,차대차 - 측면직각충돌,안전운전불이행,건조,맑음,교차로 - 교차로부근,승용,남,61세,상해없음,이륜,남,56세,경상
2012032600100453,2012년 3월 26일 20시,월요일,대구광역시 북구 복현동,경상사고,0,0,3,0,차대차 - 추돌 - 주정차중,안전운전불이행,건조,맑음,기타 - 기타,화물,남,57세,상해없음,승용,여,25세,경상
2012032600100454,2012년 3월 26일 20시,월요일,대구광역시 북구 산격동,중상사고,0,1,0,0,차대차 - 기타,중앙선침범,건조,맑음,단일로 - 기타,승용,남,47세,상해없음,승합,남,57세,중상
2012032600100455,2012년 3월 26일 20시,월요일,대구광역시 중구 대봉동,경상사고,0,0,1,0,차대차 - 추돌 - 진행중,안전거리미확보,건조,맑음,단일로 - 기타,승용,남,29세,상해없음,승용,남,57세,경상
2012032600100456,2012년 3월 26일 20시,월요일,대구광역시 달서구 장기동,중상사고,0,1,0,0,차대차 - 추돌 - 주정차중,안전운전불이행,건조,맑음,단일로 - 횡단보도상,화물,남,36세,상해없음,승용,남,33세,중상
2012032600100486,2012년 3월 26일 21시,월요일,대구광역시 달서구 이곡동,중상사고,0,1,0,0,차대차 - 추돌 - 진행중,안전거리미확보,건조,맑음,단일로 - 기타,승용,남,58세,상해없음,승용,여,58세,중상
2012032600100527,2012년 3월 26일 23시,월요일,대구광역시 동구 신암동,경상사고,0,0,1,0,차대사람 - 기타,안전운전불이행,건조,맑음,단일로 - 기타,승용,남,25세,상해없음,보행자,남,57세,경상
2012032600100528,2012년 3월 26일 23시,월요일,대구광역시 달성군 다사읍,경상사고,0,0,1,0,차대차 - 추돌 - 주정차중,안전운전불이행,건조,맑음,단일로 - 기타,승용,남,19세,상해없음,승용,여,50세,상해없음
2012032700100014,2012년 3월 27일 00시,화요일,대구광역시 달서구 도원동,중상사고,0,1,0,0,차대차 - 측면직각충돌,안전운전불이행,건조,맑음,교차로 - 교차로부근,원동기,남,17세,중상,화물,남,53세,기타불명
2012032700100028,2012년 3월 27일 01시,화요일,대구광역시 북구 관음동,중상사고,0,1,0,0,차대차 - 추돌 - 진행중,안전운전불이행,건조,맑음,단일로 - 기타,승용,남,31세,상해없음,화물,남,52세,중상
2012032700100029,2012년 3월 27일 01시,화요일,대구광역시 수성구 지산동,경상사고,0,0,1,0,차대차 - 추돌 - 진행중,안전운전불이행,건조,맑음,단일로 - 기타,승용,기타불명,기타불명,기타불명,승용,남,42세,경상
2012032700100030,2012년 3월 27일 01시,화요일,대구광역시 수성구 중동,경상사고,0,0,1,2,차대차 - 추돌 - 주정차중,안전운전불이행,건조,맑음,단일로 - 횡단보도부근,승용,남,54세,상해없음,승용,남,54세,경상
2012032700100039,2012년 3월 27일 02시,화요일,대구광역시 달서구 본동,중상사고,0,1,0,0,차대차 - 측면직각충돌,신호위반,건조,맑음,교차로 - 교차로안,이륜,남,18세,중상,승용,남,29세,상해없음
2012032700100040,2012년 3월 27일 02시,화요일,대구광역시 달성군 가창면,경상사고,0,0,1,0,차대차 - 추돌 - 주정차중,안전운전불이행,건조,맑음,단일로 - 기타,기타불명,기타불명,기타불명,기타불명,승합,남,55세,경상
2012032700100089,2012년 3월 27일 07시,화요일,대구광역시 수성구 수성동4가,사망사고,1,0,0,0,차대사람 - 횡단중,안전운전불이행,건조,맑음,단일로 - 횡단보도부근,승용,남,58세,상해없음,보행자,여,74세,사망
2012032700100090,2012년 3월 27일 07시,화요일,대구광역시 달서구 도원동,경상사고,0,0,4,0,차대차 - 측면직각충돌,직진우회전진행방해,건조,맑음,교차로 - 교차로안,승용,여,40세,경상,승용,남,41세,경상
2012032700100123,2012년 3월 27일 08시,화요일,대구광역시 남구 대명동,경상사고,0,0,1,0,차대차 - 기타,안전거리미확보,건조,맑음,교차로 - 교차로부근,승용,남,58세,상해없음,승합,남,56세,상해없음
2012032700100124,2012년 3월 27일 08시,화요일,대구광역시 북구 노원동3가,중상사고,0,1,0,0,차대차 - 측면직각충돌,불법유턴,건조,맑음,단일로 - 기타,승용,남,36세,상해없음,승용,남,33세,중상
2012032700100125,2012년 3월 27일 08시,화요일,대구광역시 북구 대현동,중상사고,0,1,0,0,차대차 - 측면직각충돌,직진우회전진행방해,건조,맑음,교차로 - 교차로안,승용,남,63세,상해없음,화물,여,57세,중상