사고번호,사고일시,요일,시군구,사고내용,사망자수,중상자수,경상자수,부상신고자수,사고유형,법규위반,노면상태,기상상태,도로형태,가해운전자 차종,가해운전자 성별,가해운전자 연령,가해운전자 상해정도,피해운전자 차종,피해운전자 성별,피해운전자 연령,피해운전자 상해정도
2012033000100075,2012년 3월 30일 03시,금요일,대구광역시 서구 원대동3가,경상사고,0,0,1,0,차대차 - 기타,교차로운행방법위반,습기,비,교차로 - 교차로안,승용,남,55세,상해없음,승용,남,43세,상해없음
2012033000100076,2012년 3월 30일 03시,금요일,대구광역시 달서구 감삼동,경상사고,0,0,2,0,차대차 - 추돌 - 진행중,안전운전불이행,건조,맑음,단일로 - 기타,승용,남,42세,상해없음,승용,남,26세,경상
2012033000100093,2012년 3월 30일 04시,금요일,대구광역시 수성구 수성동3가,중상사고,0,1,0,0,차대차 - 기타,안전거리미확보,건조,맑음,단일로 - 기타,승용,남,42세,상해없음,승용,남,45세,중상
2012033000100107,2012년 3월 30일 05시,금요일,대구광역시 동구 신천동,경상사고,0,0,1,0,차대차 - 기타,안전거리미확보,습기,비,단일로 - 기타,승용,남,40세,상해없음,승용,남,56세,경상
2012033000100128,2012년 3월 30일 06시,금요일,대구광역시 달성군 화원읍,중상사고,0,1,1,0,차대차 - 정면충돌,중앙선침범,습기,비,단일로 - 기타,승용,남,51세,중상,승용,남,40세,경상
2012033000100129,2012년 3월 30일 06시,금요일,대구광역시 중구 동인동4가,중상사고,0,1,0,0,차대차 - 기타,중앙선침범,습기,비,단일로 - 기타,이륜,여,46세,중상,승용,남,53세,상해없음
2012033000100179,2012년 3월 30일 08시,금요일,대구광역시 북구 복현동,경상사고,0,0,1,0,차대차 - 기타,안전운전불이행,습기,기타,단일로 - 기타,화물,남,25세,상해없음,승용,남,44세,경상
2012033000100202,2012년 3월 30일 09시,금요일,대구광역시 달서구 감삼동,경상사고,0,0,2,0,차대차 - 측면직각충돌,안전운전불이행,건조,맑음,단일로 - 기타,승용,여,51세,상해없음,승용,여,37세,경상
2012033000100224,2012년 3월 30일 10시,금요일,대구광역시 수성구 수성동1가,중상사고,0,1,0,0,차대차 - 추돌 - 주정차중,안전운전불이행,습기,맑음,단일로 - 기타,승용,여,52세,상해없음,승합,여,46세,중상
2012033000100225,2012년 3월 30일 10시,금요일,대구광역시 달서구 송현동,중상사고,0,1,0,0,차대차 - 추돌 - 진행중,안전운전불이행,습기,비,단일로 - 기타,승용,여,41세,상해없음,승용,여,57세,중상
2012033000100227,2012년 3월 30일 10시,금요일,대구광역시 달서구 죽전동,경상사고,0,0,1,0,차대차 - 기타,안전운전불이행,습기,비,단일로 - 기타,승합,남,50세,상해없음,승용,남,54세,상해없음
2012033000100245,2012년 3월 30일 11시,금요일,대구광역시 수성구 수성동4가,경상사고,0,0,1,0,차대사람 - 기타,안전운전불이행,습기,비,단일로 - 기타,승용,여,46세,상해없음,보행자,남,37세,경상
2012033000100271,2012년 3월 30일 12시,금요일,대구광역시 동구 신암동,경상사고,0,0,1,0,차대차 - 추돌 - 주정차중,안전운전불이행,건조,맑음,단일로 - 기타,승용,여,59세,상해없음,승용,남,30세,경상
2012033000100272,2012년 3월 30일 12시,금요일,대구광역시 수성구 범어동,중상사고,0,1,0,0,차대차 - 기타,신호위반,습기,비,단일로 - 횡단보도상,승용,여,52세,상해없음,자전거,남,71세,중상
2012033000100273,2012년 3월 30일 12시,금요일,대구광역시 중구 삼덕동2가,경상사고,0,0,2,0,차대차 - 추돌 - 주정차중,안전운전불이행,습기,비,단일로 - 기타,이륜,남,35세,경상,승용,남,55세,경상
2012033000100274,2012년 3월 30일 12시,금요일,대구광역시 중구 남산동,중상사고,0,1,0,0,차대차 - 추돌 - 주정차중,안전운전불이행,건조,기타,단일로 - 기타,승용,남,49세,상해없음,승용,남,55세,중상
2012033000100294,2012년 3월 30일 13시,금요일,대구광역시 달서구 송현동,경상사고,0,0,1,0,차대차 - 추돌 - 진행중,안전운전불이행,건조,맑음,단일로 - 기타,이륜,남,19세,경상,승용,남,40세,상해없음
2012033000100295,2012년 3월 30일 13시,금요일,대구광역시 달성군 다사읍,중상사고,0,1,0,0,차대차 - 기타,안전운전불이행,습기,비,교차로 - 교차로안,승용,남,23세,상해없음,화물,남,38세,중상
2012033000100296,2012년 3월 30일 13시,금요일,대구광역시 북구 산격동,경상사고,0,0,2,0,차대차 - 정면충돌,신호위반,습기,비,교차로 - 교차로안,승합,남,68세,상해없음,승용,남,62세,경상
2012033000100297,2012년 3월 30일 13시,금요일,대구광역시 서구 비산동,경상사고,0,0,1,0,차대차 - 기타,안전운전불이행,습기,비,단일로 - 기타,승용,남,51세,상해없음,이륜,남,46세,경상
2012033000100298,2012년 3월 30일 13시,금요일,대구광역시 달서구 죽전동,중상사고,0,3,0,0,차대차 - 측면직각충돌,안전운전불이행,습기,비,단일로 - 기타,승용,남,63세,상해없음,화물,남,44세,중상
2012033000100327,2012년 3월 30일 14시,금요일,대구광역시 수성구 파동,중상사고,0,1,0,0,차대차 - 측면직각충돌,교차로운행방법위반,습기,비,교차로 - 교차로안,승합,남,20세,상해없음,이륜,남,81세,중상
2012033000100328,2012년 3월 30일 14시,금요일,대구광역시 중구 서성로1가,경상사고,0,0,1,0,차대차 - 기타,기타,습기,비,단일로 - 기타,화물,남,74세,상해없음,승용,여,50세,경상
2012033000100357,2012년 3월 30일 15시,금요일,대구광역시 북구 서변동,경상사고,0,0,1,0,차대차 - 측면직각충돌,안전운전불이행,습기,비,단일로 - 기타,화물,남,40세,상해없음,화물,남,43세,경상
2012033000100394,2012년 3월 30일 16시,금요일,대구광역시 동구 율하동,중상사고,0,1,0,0,차대사람 - 횡단중,안전운전불이행,습기,비,교차로 - 교차로안,승합,남,71세,상해없음,보행자,남,71세,중상
2012033000100395,2012년 3월 30일 16시,금요일,대구광역시 북구 구암동,경상사고,0,0,2,1,차대차 - 추돌 - 주정차중,안전운전불이행,기타,기타,단일로 - 기타,승용,여,52세,부상신고,화물,남,38세,경상
2012033000100396,2012년 3월 30일 16시,금요일,대구광역시 북구 관음동,경상사고,0,0,1,0,차대사람 - 기타,안전운전불이행,습기,비,기타 - 기타,기타불명,기타불명,기타불명,기타불명,보행자,남,7세,경상
2012033000100397,2012년 3월 30일 16시,금요일,대구광역시 북구 국우동,중상사고,0,1,0,0,차대차 - 측면직각충돌,안전운전불이행,습기,비,교차로 - 교차로안,승용,남,19세,상해없음,화물,남,20세,중상
2012033000100422,2012년 3월 30일 17시,금요일,대구광역시 동구 방촌동,경상사고,0,0,1,0,차대차 - 추돌 - 주정차중,안전운전불이행,습기,비,단일로 - 기타,승용,남,20세,상해없음,승합,남,48세,경상
2012033000100423,2012년 3월 30일 17시,금요일,대구광역시 수성구 만촌동,경상사고,0,0,1,0,차대사람 - 차도통행중,안전운전불이행,습기,비,단일로 - 기타,승용,여,41세,상해없음,보행자,남,64세,경상
2012033000100424,2012년 3월 30일 17시,금요일,대구광역시 서구 내당동,경상사고,0,0,2,0,차대차 - 측면직각충돌,안전운전불이행,건조,맑음,교차로 - 교차로부근,승용,남,25세,상해없음,승용,여,46세,경상
2012033000100425,2012년 3월 30일 17시,금요일,대구광역시 달서구 감삼동,경상사고,0,0,2,0,차대차 - 추돌 - 주정차중,안전거리미확보,습기,비,단일로 - 기타,승용,여,29세,상해없음,화물,남,54세,경상
2012033000100458,2012년 3월 30일 18시,금요일,대구광역시 동구 지저동,중상사고,0,1,11,0,차대차 - 추돌 - 진행중,안전운전불이행,습기,비,단일로 - 기타,화물,남,54세,상해없음,승합,남,44세,경상
2012033000100459,2012년 3월 30일 18시,금요일,대구광역시 수성구 사월동,중상사고,0,1,0,0,차대차 - 정면충돌,안전운전불이행,건조,맑음,단일로 - 기타,승용,여,52세,상해없음,승용,남,40세,중상
2012033000100460,2012년 3월 30일 18시,금요일,대구광역시 달서구 송현동,경상사고,0,0,1,0,차대차 - 기타,기타,습기,비,단일로 - 기타,승용,남,55세,상해없음,이륜,남,24세,경상
2012033000100461,2012년 3월 30일 18시,금요일,대구광역시 북구 태전동,경상사고,0,0,2,0,차대차 - 추돌 - 주정차중,안전운전불이행,습기,비,단일로 - 기타,화물,남,45세,상해없음,승용,남,64세,경상
2012033000100462,2012년 3월 30일 18시,금요일,대구광역시 서구 비산동,중상사고,0,1,0,0,차대사람 - 횡단중,보행자보호의무위반,건조,맑음,단일로 - 횡단보도상,승용,여,28세,상해없음,보행자,남,59세,중상
2012033000100463,2012년 3월 30일 18시,금요일,대구광역시 중구 문화동,중상사고,0,1,1,0,차대사람 - 횡단중,안전운전불이행,습기,비,단일로 - 기타,승용,여,30세,상해없음,보행자,여,59세,중상
2012033000100464,2012년 3월 30일 18시,금요일,대구광역시 달서구 신당동,경상사고,0,0,1,0,차대차 - 추돌 - 주정차중,안전운전불이행,습기,비,단일로 - 기타,승용,남,36세,상해없음,승용,남,45세,경상
2012033000100465,2012년 3월 30일 18시,금요일,대구광역시 달서구 이곡동,경상사고,0,0,1,0,차대사람 - 기타,보행자보호의무위반,습기,비,단일로 - 횡단보도상,승용,남,35세,상해없음,보행자,남,11세,경상
2012033000100518,2012년 3월 30일 19시,금요일,대구광역시 동구 신천동,경상사고,0,0,3,0,차대차 - 추돌 - 주정차중,안전운전불이행,습기,비,단일로 - 기타,승용,남,59세,상해없음,승용,남,37세,경상
2012033000100519,2012년 3월 30일 19시,금요일,대구광역시 동구 신암동,경상사고,0,0,1,0,차대사람 - 기타,신호위반,건조,맑음,교차로 - 교차로안,승용,남,58세,상해없음,보행자,남,31세,경상
2012033000100520,2012년 3월 30일 19시,금요일,대구광역시 동구 신천동,중상사고,0,1,0,0,차대사람 - 횡단중,안전운전불이행,습기,비,교차로 - 교차로부근,승용,남,56세,상해없음,보행자,여,11세,중상
2012033000100521,2012년 3월 30일 19시,금요일,대구광역시 동구 신암동,경상사고,0,0,1,0,차대사람 - 기타,안전거리미확보,습기,비,교차로 - 교차로부근,승용,남,51세,상해없음,보행자,남,24세,경상
2012033000100522,2012년 3월 30일 19시,금요일,대구광역시 동구 방촌동,경상사고,0,0,2,0,차대차 - 추돌 - 진행중,안전거리미확보,습기,비,단일로 - 기타,승용,남,45세,상해없음,승용,남,26세,경상
2012033000100523,2012년 3월 30일 19시,금요일,대구광역시 달서구 월암동,중상사고,0,1,0,0,차대사람 - 보도통행중,중앙선침범,습기,비,기타 - 기타,자전거,남,19세,상해없음,보행자,남,31세,중상
2012033000100524,2012년 3월 30일 19시,금요일,대구광역시 달서구 용산동,경상사고,0,0,1,0,차대차 - 추돌 - 진행중,안전운전불이행,습기,비,단일로 - 기타,승용,남,55세,상해없음,승용,남,42세,경상
2012033000100569,2012년 3월 30일 20시,금요일,대구광역시 동구 신암동,부상신고사고,0,0,0,1,차대차 - 측면직각충돌,안전운전불이행,습기,비,교차로 - 교차로안,이륜,남,18세,부상신고,승용,남,29세,상해없음
2012033000100570,2012년 3월 30일 20시,금요일,대구광역시 서구 평리동,경상사고,0,0,2,0,차대차 - 측면직각충돌,안전운전불이행,습기,비,단일로 - 기타,승용,남,40세,경상,승합,남,54세,경상
2012033000100571,2012년 3월 30일 20시,금요일,대구광역시 달서구 호산동,경상사고,0,0,2,0,차대차 - 기타,안전거리미확보,습기,비,교차로 - 교차로안,화물,남,55세,상해없음,승용,남,28세,경상
2012033000100572,2012년 3월 30일 20시,금요일,대구광역시 달서구 성당동,중상사고,0,2,0,0,차대차 - 추돌 - 주정차중,안전운전불이행,습기,비,단일로 - 기타,화물,남,41세,상해없음,승용,남,64세,중상
2012033000100573,2012년 3월 30일 20시,금요일,대구광역시 달서구 용산동,중상사고,0,1,0,0,차대사람 - 횡단중,보행자보호의무위반,습기,비,단일로 - 횡단보도상,승용,남,52세,상해없음,보행자,여,21세,중상
2012033000100625,2012년 3월 30일 21시,금요일,대구광역시 수성구 범어동,중상사고,0,1,1,0,차대차 - 추돌 - 주정차중,안전운전불이행,습기,비,단일로 - 기타,승용,남,57세,상해없음,승용,여,38세,중상
2012033000100626,2012년 3월 30일 21시,금요일,대구광역시 달서구 죽전동,경상사고,0,0,2,0,차대차 - 추돌 - 주정차중,안전운전불이행,습기,비,단일로 - 기타,승용,남,55세,상해없음,승용,남,63세,상해없음
2012033000100665,2012년 3월 30일 22시,금요일,대구광역시 서구 비산동,경상사고,0,0,1,0,차대사람 - 기타,안전운전불이행,습기,비,단일로 - 횡단보도상,승용,남,63세,상해없음,보행자,남,52세,경상
2012033000100709,2012년 3월 30일 23시,금요일,대구광역시 달서구 송현동,경상사고,0,0,3,0,차대차 - 측면직각충돌,신호위반,건조,흐림,교차로 - 교차로안,승합,남,35세,상해없음,승용,남,56세,경상
2012033100100059,2012년 3월 31일 01시,토요일,대구광역시 수성구 범어동,경상사고,0,0,4,0,차대차 - 추돌 - 진행중,안전운전불이행,건조,맑음,단일로 - 기타,승용,남,52세,상해없음,승용,남,52세,경상
2012033100100094,2012년 3월 31일 03시,토요일,대구광역시 달서구 상인동,중상사고,0,1,0,0,차대차 - 추돌 - 진행중,안전운전불이행,건조,맑음,단일로 - 기타,승용,여,41세,상해없음,화물,남,47세,상해없음
2012033100100095,2012년 3월 31일 03시,토요일,대구광역시 중구 동인동3가,경상사고,0,0,1,0,차대차 - 측면직각충돌,직진우회전진행방해,건조,흐림,교차로 - 교차로안,승용,여,29세,상해없음,승용,남,59세,경상
2012033100100111,2012년 3월 31일 04시,토요일,대구광역시 중구 삼덕동2가,중상사고,0,1,4,0,차대차 - 기타,안전운전불이행,건조,맑음,교차로 - 교차로부근,승용,남,32세,경상,승용,남,61세,중상
2012033100100112,2012년 3월 31일 04시,토요일,대구광역시 중구 삼덕동2가,경상사고,0,0,2,0,차대사람 - 차도통행중,안전운전불이행,습기,흐림,단일로 - 기타,승용,남,23세,상해없음,보행자,여,30세,경상
2012033100100130,2012년 3월 31일 05시,토요일,대구광역시 중구 공평동,중상사고,0,1,1,0,차대차 - 기타,안전운전불이행,건조,흐림,단일로 - 기타,승용,남,28세,상해없음,승용,남,54세,중상
2012033100100140,2012년 3월 31일 06시,토요일,대구광역시 남구 봉덕동,경상사고,0,0,3,0,차대차 - 측면직각충돌,신호위반,건조,맑음,교차로 - 교차로안,승용,남,68세,상해없음,승용,남,40세,경상
2012033100100155,2012년 3월 31일 07시,토요일,대구광역시 남구 봉덕동,경상사고,0,0,2,0,차대차 - 추돌 - 진행중,안전운전불이행,건조,맑음,단일로 - 기타,승용,여,56세,상해없음,승합,남,52세,경상
2012033100100215,2012년 3월 31일 10시,토요일,대구광역시 북구 태전동,경상사고,0,0,2,0,차대차 - 정면충돌,안전운전불이행,건조,맑음,단일로 - 기타,승합,남,51세,상해없음,승용,여,39세,경상
2012033100100267,2012년 3월 31일 12시,토요일,대구광역시 수성구 범어동,중상사고,0,1,0,0,차대차 - 추돌 - 진행중,안전운전불이행,건조,맑음,단일로 - 기타,승용,남,22세,상해없음,원동기,남,52세,중상
2012033100100268,2012년 3월 31일 12시,토요일,대구광역시 달서구 진천동,경상사고,0,0,2,0,차대차 - 기타,안전거리미확보,건조,맑음,단일로 - 기타,승용,남,48세,상해없음,승용,남,50세,경상
2012033100100269,2012년 3월 31일 12시,토요일,대구광역시 서구 이현동,경상사고,0,0,1,0,차대차 - 추돌 - 진행중,안전거리미확보,건조,맑음,단일로 - 기타,승용,남,53세,상해없음,승용,남,53세,경상
2012033100100302,2012년 3월 31일 13시,토요일,대구광역시 서구 평리동,중상사고,0,3,1,0,차대차 - 추돌 - 주정차중,안전운전불이행,건조,맑음,단일로 - 기타,승용,남,41세,상해없음,승용,남,46세,중상
2012033100100335,2012년 3월 31일 14시,토요일,대구광역시 수성구 신매동,중상사고,0,1,0,0,차대차 - 기타,안전운전불이행,건조,맑음,교차로 - 교차로안,건설기계,남,48세,상해없음,자전거,남,13세,중상
2012033100100336,2012년 3월 31일 14시,토요일,대구광역시 수성구 두산동,경상사고,0,0,1,0,차대차 - 기타,교차로운행방법위반,건조,맑음,교차로 - 교차로안,승용,남,55세,상해없음,승용,여,48세,경상
2012033100100337,2012년 3월 31일 14시,토요일,대구광역시 북구 서변동,경상사고,0,0,1,0,차대사람 - 기타,안전운전불이행,건조,맑음,단일로 - 기타,이륜,남,57세,상해없음,보행자,남,2세,경상
2012033100100338,2012년 3월 31일 14시,토요일,대구광역시 북구 팔달동,경상사고,0,0,3,0,차대차 - 추돌 - 주정차중,안전운전불이행,건조,맑음,단일로 - 교량,승용,남,50세,상해없음,승용,여,41세,경상
2012033100100371,2012년 3월 31일 15시,토요일,대구광역시 북구 복현동,중상사고,0,1,3,0,차대차 - 추돌 - 주정차중,안전운전불이행,건조,맑음,단일로 - 교량,승용,여,65세,상해없음,승용,남,32세,경상
2012033100100372,2012년 3월 31일 15시,토요일,대구광역시 서구 비산동,경상사고,0,0,1,0,차대사람 - 기타,안전운전불이행,건조,맑음,단일로 - 기타,승용,여,32세,상해없음,보행자,남,71세,경상
2012033100100411,2012년 3월 31일 16시,토요일,대구광역시 수성구 성동,중상사고,0,2,0,0,차대차 - 기타,중앙선침범,건조,맑음,단일로 - 기타,승용,남,60세,중상,화물,남,37세,중상
2012033100100450,2012년 3월 31일 17시,토요일,대구광역시 남구 대명동,경상사고,0,0,2,0,차대차 - 기타,차로위반,건조,맑음,단일로 - 기타,승용,남,58세,상해없음,승용,남,30세,경상
2012033100100451,2012년 3월 31일 17시,토요일,대구광역시 동구 신기동,중상사고,0,1,0,0,차대사람 - 길가장자리구역통행중,안전운전불이행,건조,맑음,단일로 - 기타,화물,남,55세,상해없음,보행자,여,90세 이상,중상
2012033100100452,2012년 3월 31일 17시,토요일,대구광역시 달서구 갈산동,경상사고,0,0,1,0,차대차 - 측면직각충돌,직진우회전진행방해,건조,맑음,교차로 - 교차로안,승용,남,58세,상해없음,이륜,남,57세,경상
2012033100100472,2012년 3월 31일 18시,토요일,대구광역시 달서구 상인동,경상사고,0,0,1,0,차대차 - 측면직각충돌,차로위반,건조,맑음,단일로 - 기타,승합,남,53세,상해없음,승용,남,48세,경상
2012033100100503,2012년 3월 31일 19시,토요일,대구광역시 동구 효목동,중상사고,0,1,1,0,차대차 - 측면직각충돌,안전운전불이행,건조,맑음,교차로 - 교차로안,승용,남,64세,상해없음,승용,남,58세,중상
2012033100100504,2012년 3월 31일 19시,토요일,대구광역시 수성구 범어동,경상사고,0,0,1,0,차대차 - 기타,신호위반,건조,맑음,단일로 - 기타,화물,남,36세,상해없음,화물,남,45세,경상
2012033100100505,2012년 3월 31일 19시,토요일,대구광역시 북구 대현동,경상사고,0,0,1,0,차대차 - 추돌 - 진행중,안전운전불이행,건조,맑음,단일로 - 기타,승용,남,44세,상해없음,승용,남,40세,경상
2012033100100554,2012년 3월 31일 20시,토요일,대구광역시 서구 내당동,경상사고,0,0,1,0,차대사람 - 길가장자리구역통행중,안전운전불이행,건조,맑음,단일로 - 기타,승용,남,26세,상해없음,보행자,남,51세,경상
2012033100100555,2012년 3월 31일 20시,토요일,대구광역시 중구 삼덕동3가,중상사고,0,1,0,0,차대차 - 추돌 - 주정차중,안전운전불이행,건조,맑음,기타 - 기타,승용,남,49세,기타불명,승용,여,41세,중상
2012033100100592,2012년 3월 31일 21시,토요일,대구광역시 달성군 화원읍,부상신고사고,0,0,0,1,차대사람 - 기타,안전운전불이행,건조,맑음,기타 - 기타,승용,남,44세,상해없음,보행자,남,52세,부상신고
2012033100100593,2012년 3월 31일 21시,토요일,대구광역시 서구 비산동,경상사고,0,0,1,0,차대차 - 측면직각충돌,안전거리미확보,건조,맑음,단일로 - 기타,화물,남,62세,상해없음,승용,남,44세,경상
2012033100100625,2012년 3월 31일 22시,토요일,대구광역시 서구 비산동,경상사고,0,0,1,0,차대차 - 측면직각충돌,안전운전불이행,건조,맑음,단일로 - 기타,승용,남,55세,상해없음,화물,남,28세,경상
2012040100100027,2012년 4월 1일 00시,일요일,대구광역시 남구 봉덕동,경상사고,0,0,3,0,차대차 - 추돌 - 진행중,안전운전불이행,건조,맑음,단일로 - 기타,승용,남,16세,상해없음,승용,남,51세,경상
2012040100100028,2012년 4월 1일 00시,일요일,대구광역시 수성구 신매동,중상사고,0,1,1,0,차대사람 - 기타,안전운전불이행,건조,맑음,단일로 - 기타,승용,남,30세,상해없음,보행자,남,20세,경상
2012040100100029,2012년 4월 1일 00시,일요일,대구광역시 수성구 만촌동,경상사고,0,0,2,0,차대차 - 추돌 - 진행중,안전운전불이행,건조,맑음,단일로 - 기타,승용,남,38세,상해없음,승용,남,45세,경상
2012040100100030,2012년 4월 1일 00시,일요일,대구광역시 달성군 구지면,중상사고,0,2,0,0,차량단독 - 공작물충돌,안전운전불이행,건조,맑음,단일로 - 기타,승용,남,62세,상해없음,,,,
2012040100100031,2012년 4월 1일 00시,일요일,대구광역시 달서구 이곡동,경상사고,0,0,1,0,차대사람 - 기타,안전운전불이행,건조,맑음,단일로 - 기타,승용,남,32세,상해없음,보행자,남,43세,경상
2012040100100056,2012년 4월 1일 01시,일요일,대구광역시 수성구 황금동,경상사고,0,0,2,0,차대차 - 추돌 - 진행중,안전운전불이행,건조,맑음,단일로 - 기타,승용,남,55세,기타불명,승용,남,32세,경상
2012040100100057,2012년 4월 1일 01시,일요일,대구광역시 달서구 월성동,경상사고,0,0,2,0,차대차 - 측면직각충돌,직진우회전진행방해,건조,맑음,교차로 - 교차로안,승용,남,54세,상해없음,승용,남,59세,경상
2012040100100058,2012년 4월 1일 01시,일요일,대구광역시 중구 대봉동,중상사고,0,1,0,0,차대차 - 측면직각충돌,교차로운행방법위반,건조,맑음,교차로 - 교차로안,승용,남,58세,상해없음,승용,남,49세,중상
2012040100100059,2012년 4월 1일 01시,일요일,대구광역시 중구 삼덕동1가,경상사고,0,0,1,0,차대차 - 기타,신호위반,건조,맑음,교차로 - 교차로안,이륜,남,14세,상해없음,승용,남,63세,상해없음
2012040100100080,2012년 4월 1일 02시,일요일,대구광역시 중구 대봉동,경상사고,0,0,1,0,차대차 - 기타,안전운전불이행,습기,비,교차로 - 교차로부근,승용,기타불명,기타불명,기타불명,승용,남,43세,경상
2012040100100100,2012년 4월 1일 03시,일요일,대구광역시 북구 복현동,경상사고,0,0,2,0,차대차 - 추돌 - 주정차중,안전운전불이행,건조,맑음,단일로 - 기타,승용,남,28세,상해없음,승합,남,49세,경상
2012040100100101,2012년 4월 1일 03시,일요일,대구광역시 서구 평리동,중상사고,0,1,0,0,차대차 - 기타,안전운전불이행,건조,맑음,단일로 - 기타,승용,남,22세,상해없음,자전거,남,77세,중상
2012040100100145,2012년 4월 1일 07시,일요일,대구광역시 동구 동호동,경상사고,0,0,1,0,차대사람 - 차도통행중,안전운전불이행,건조,맑음,교차로 - 교차로부근,승용,남,22세,기타불명,보행자,여,80세,경상
2012040100100146,2012년 4월 1일 07시,일요일,대구광역시 달서구 본리동,중상사고,0,1,0,0,차대차 - 추돌 - 주정차중,안전운전불이행,건조,맑음,단일로 - 기타,승용,남,29세,상해없음,화물,남,42세,상해없음
2012040100100180,2012년 4월 1일 09시,일요일,대구광역시 달서구 감삼동,경상사고,0,0,1,0,차대차 - 측면직각충돌,안전운전불이행,건조,맑음,단일로 - 기타,화물,남,48세,상해없음,승합,남,50세,상해없음
2012040100100201,2012년 4월 1일 10시,일요일,대구광역시 달서구 장기동,경상사고,0,0,1,0,차대차 - 측면직각충돌,안전거리미확보,건조,맑음,단일로 - 기타,승용,남,38세,상해없음,승합,남,47세,경상
2012040100100220,2012년 4월 1일 11시,일요일,대구광역시 수성구 범어동,중상사고,0,1,0,0,차대차 - 측면직각충돌,직진우회전진행방해,건조,맑음,교차로 - 교차로안,승용,남,41세,상해없음,자전거,남,22세,중상
2012040100100221,2012년 4월 1일 11시,일요일,대구광역시 달성군 구지면,경상사고,0,0,4,0,차대차 - 측면직각충돌,안전운전불이행,건조,맑음,단일로 - 기타,승용,남,60세,상해없음,승용,남,40세,경상
2012040100100222,2012년 4월 1일 11시,일요일,대구광역시 중구 대봉동,경상사고,0,0,1,0,차대차 - 추돌 - 진행중,안전거리미확보,건조,맑음,교차로 - 교차로부근,승용,남,30세,상해없음,승용,여,40세,경상
2012040100100243,2012년 4월 1일 12시,일요일,대구광역시 수성구 고모동,중상사고,0,1,0,0,차대차 - 추돌 - 진행중,안전운전불이행,건조,맑음,단일로 - 기타,화물,남,37세,상해없음,농기계,남,59세,중상
2012040100100268,2012년 4월 1일 13시,일요일,대구광역시 남구 봉덕동,경상사고,0,0,2,0,차대차 - 기타,신호위반,건조,맑음,교차로 - 교차로안,승용,남,28세,상해없음,승용,여,46세,경상
2012040100100269,2012년 4월 1일 13시,일요일,대구광역시 북구 구암동,중상사고,0,1,0,0,차대사람 - 기타,안전운전불이행,건조,맑음,기타 - 기타,이륜,남,21세,상해없음,보행자,여,6세,중상
2012040100100302,2012년 4월 1일 14시,일요일,대구광역시 동구 입석동,경상사고,0,0,3,0,차대차 - 측면직각충돌,안전운전불이행,건조,맑음,단일로 - 기타,승용,여,55세,상해없음,승용,남,32세,경상
2012040100100303,2012년 4월 1일 14시,일요일,대구광역시 서구 원대동3가,경상사고,0,0,1,0,차대차 - 측면직각충돌,안전운전불이행,건조,맑음,교차로 - 교차로안,승합,남,54세,상해없음,자전거,남,45세,경상
2012040100100330,2012년 4월 1일 15시,일요일,대구광역시 남구 대명동,경상사고,0,0,1,0,차대사람 - 보도통행중,기타,건조,맑음,교차로 - 교차로부근,승용,남,44세,상해없음,보행자,여,30세,경상
2012040100100349,2012년 4월 1일 16시,일요일,대구광역시 수성구 지산동,경상사고,0,0,1,0,차대차 - 추돌 - 주정차중,안전운전불이행,건조,맑음,단일로 - 기타,승용,남,49세,상해없음,승용,여,26세,경상
2012040100100350,2012년 4월 1일 16시,일요일,대구광역시 수성구 수성동4가,경상사고,0,0,2,0,차대차 - 기타,교차로운행방법위반,건조,맑음,교차로 - 교차로안,화물,남,55세,상해없음,승용,여,40세,경상
2012040100100385,2012년 4월 1일 17시,일요일,대구광역시 동구 용계동,경상사고,0,0,2,0,차대차 - 기타,안전운전불이행,건조,맑음,교차로 - 교차로부근,승용,남,57세,상해없음,승용,남,31세,경상
2012040100100386,2012년 4월 1일 17시,일요일,대구광역시 서구 평리동,경상사고,0,0,1,0,차대차 - 측면직각충돌,안전거리미확보,건조,맑음,교차로 - 교차로안,화물,남,52세,상해없음,화물,남,29세,경상
2012040100100387,2012년 4월 1일 17시,일요일,대구광역시 달서구 용산동,경상사고,0,0,2,0,차대차 - 기타,안전운전불이행,건조,맑음,교차로 - 교차로안,승용,남,64세,상해없음,승용,남,43세,상해없음
2012040100100407,2012년 4월 1일 18시,일요일,대구광역시 수성구 상동,중상사고,0,2,0,0,차대차 - 측면직각충돌,불법유턴,건조,맑음,단일로 - 기타,승용,남,51세,상해없음,승용,여,49세,중상
2012040100100408,2012년 4월 1일 18시,일요일,대구광역시 달서구 월성동,경상사고,0,0,1,0,차량단독 - 전도전복,안전운전불이행,건조,맑음,단일로 - 기타,이륜,남,16세,경상,,,,
2012040100100409,2012년 4월 1일 18시,일요일,대구광역시 북구 칠성동1가,경상사고,0,0,1,0,차량단독 - 기타,안전운전불이행,건조,맑음,단일로 - 기타,승합,남,47세,상해없음,,,,
2012040100100410,2012년 4월 1일 18시,일요일,대구광역시 달서구 성당동,경상사고,0,0,2,0,차대차 - 측면직각충돌,안전거리미확보,건조,맑음,단일로 - 기타,승용,남,61세,상해없음,승용,남,35세,상해없음
2012040100100449,2012년 4월 1일 19시,일요일,대구광역시 동구 효목동,중상사고,0,1,0,0,차대사람 - 횡단중,안전운전불이행,건조,맑음,단일로 - 기타,승용,여,51세,상해없음,보행자,여,65세,중상