사고번호,사고일시,요일,시군구,사고내용,사망자수,중상자수,경상자수,부상신고자수,사고유형,법규위반,노면상태,기상상태,도로형태,가해운전자 차종,가해운전자 성별,가해운전자 연령,가해운전자 상해정도,피해운전자 차종,피해운전자 성별,피해운전자 연령,피해운전자 상해정도
2012040700100674,2012년 4월 7일 23시,토요일,대구광역시 달성군 옥포면,경상사고,0,0,1,0,차대차 - 기타,신호위반,건조,맑음,교차로 - 교차로안,승용,남,51세,상해없음,승용,남,53세,경상
2012040700100675,2012년 4월 7일 23시,토요일,대구광역시 북구 구암동,경상사고,0,0,1,0,차대차 - 추돌 - 주정차중,안전운전불이행,건조,맑음,교차로 - 교차로부근,승용,남,49세,상해없음,승용,남,35세,기타불명
2012040800100024,2012년 4월 8일 00시,일요일,대구광역시 수성구 대흥동,사망사고,1,1,0,0,차량단독 - 기타,안전운전불이행,건조,맑음,단일로 - 기타,이륜,남,16세,사망,,,,
2012040800100025,2012년 4월 8일 00시,일요일,대구광역시 달서구 도원동,중상사고,0,1,3,0,차대차 - 추돌 - 진행중,안전운전불이행,건조,맑음,단일로 - 기타,화물,남,59세,상해없음,승용,남,62세,경상
2012040800100048,2012년 4월 8일 01시,일요일,대구광역시 북구 대현동,경상사고,0,0,3,0,차대차 - 측면직각충돌,교차로운행방법위반,건조,맑음,교차로 - 교차로안,승용,남,54세,경상,승용,남,38세,경상
2012040800100049,2012년 4월 8일 01시,일요일,대구광역시 서구 평리동,중상사고,0,1,0,0,차대차 - 측면직각충돌,신호위반,건조,맑음,단일로 - 횡단보도부근,승용,남,31세,상해없음,이륜,남,17세,중상
2012040800100050,2012년 4월 8일 01시,일요일,대구광역시 달서구 두류동,경상사고,0,0,1,0,차대차 - 추돌 - 주정차중,안전운전불이행,건조,맑음,단일로 - 기타,화물,남,49세,상해없음,승용,남,48세,경상
2012040800100079,2012년 4월 8일 02시,일요일,대구광역시 서구 내당동,부상신고사고,0,0,0,1,차대차 - 측면직각충돌,차로위반,건조,맑음,단일로 - 기타,승용,남,60세,상해없음,승용,남,23세,부상신고
2012040800100138,2012년 4월 8일 07시,일요일,대구광역시 남구 대명동,중상사고,0,2,2,0,차량단독 - 공작물충돌,안전운전불이행,건조,맑음,단일로 - 기타,승용,남,23세,중상,,,,
2012040800100139,2012년 4월 8일 07시,일요일,대구광역시 남구 대명동,경상사고,0,0,1,0,차대차 - 측면직각충돌,안전운전불이행,건조,맑음,단일로 - 기타,승용,남,33세,상해없음,승용,남,42세,경상
2012040800100140,2012년 4월 8일 07시,일요일,대구광역시 북구 동천동,경상사고,0,0,1,0,차대차 - 기타,안전운전불이행,건조,맑음,단일로 - 기타,승용,남,43세,상해없음,승용,여,47세,경상
2012040800100167,2012년 4월 8일 09시,일요일,대구광역시 수성구 만촌동,중상사고,0,1,0,0,차량단독 - 기타,기타,건조,맑음,단일로 - 기타,승합,남,54세,상해없음,,,,
2012040800100191,2012년 4월 8일 10시,일요일,대구광역시 북구 태전동,경상사고,0,0,2,0,차대차 - 측면직각충돌,교차로운행방법위반,건조,맑음,교차로 - 교차로부근,승용,여,41세,기타불명,승용,여,51세,경상
2012040800100192,2012년 4월 8일 10시,일요일,대구광역시 중구 남산동,경상사고,0,0,1,0,차대사람 - 횡단중,안전운전불이행,건조,맑음,단일로 - 기타,승용,여,39세,상해없음,보행자,남,11세,경상
2012040800100212,2012년 4월 8일 11시,일요일,대구광역시 남구 봉덕동,중상사고,0,2,0,1,차대차 - 측면직각충돌,교차로운행방법위반,건조,맑음,교차로 - 교차로안,승용,남,62세,부상신고,승용,남,43세,중상
2012040800100213,2012년 4월 8일 11시,일요일,대구광역시 남구 봉덕동,경상사고,0,0,4,0,차대차 - 측면직각충돌,교차로운행방법위반,건조,맑음,교차로 - 교차로안,승용,남,32세,경상,승용,남,32세,경상
2012040800100214,2012년 4월 8일 11시,일요일,대구광역시 북구 산격동,경상사고,0,0,5,0,차대차 - 추돌 - 진행중,안전거리미확보,건조,맑음,단일로 - 기타,승용,남,30세,상해없음,화물,남,37세,경상
2012040800100243,2012년 4월 8일 12시,일요일,대구광역시 남구 대명동,경상사고,0,0,2,0,차대차 - 기타,안전운전불이행,건조,맑음,단일로 - 기타,화물,남,61세,상해없음,승용,여,38세,경상
2012040800100278,2012년 4월 8일 13시,일요일,대구광역시 동구 신암동,경상사고,0,0,2,0,차대차 - 기타,신호위반,건조,맑음,단일로 - 기타,승용,남,66세,상해없음,승용,남,36세,경상
2012040800100313,2012년 4월 8일 14시,일요일,대구광역시 수성구 대흥동,경상사고,0,0,1,0,차대차 - 측면직각충돌,교차로운행방법위반,건조,맑음,단일로 - 기타,승합,남,57세,상해없음,승용,여,41세,경상
2012040800100314,2012년 4월 8일 14시,일요일,대구광역시 달서구 감삼동,중상사고,0,1,0,0,차대차 - 기타,신호위반,건조,맑음,단일로 - 횡단보도상,승용,여,53세,상해없음,원동기,남,20세,중상
2012040800100350,2012년 4월 8일 15시,일요일,대구광역시 남구 대명동,경상사고,0,0,1,0,차대사람 - 횡단중,보행자보호의무위반,건조,맑음,단일로 - 기타,승용,남,65세,상해없음,보행자,여,10세,경상
2012040800100351,2012년 4월 8일 15시,일요일,대구광역시 달서구 본동,경상사고,0,0,1,0,차대차 - 측면직각충돌,직진우회전진행방해,건조,맑음,교차로 - 교차로안,승용,남,74세,상해없음,승합,남,58세,상해없음
2012040800100352,2012년 4월 8일 15시,일요일,대구광역시 서구 원대동3가,중상사고,0,1,0,0,차대차 - 측면직각충돌,안전운전불이행,건조,맑음,교차로 - 교차로안,승용,남,28세,상해없음,원동기,남,62세,중상
2012040800100387,2012년 4월 8일 16시,일요일,대구광역시 수성구 황금동,경상사고,0,0,1,0,차대차 - 측면직각충돌,안전운전불이행,건조,맑음,기타 - 기타,원동기,남,18세,상해없음,자전거,여,9세,경상
2012040800100388,2012년 4월 8일 16시,일요일,대구광역시 달서구 진천동,중상사고,0,2,2,0,차대차 - 측면직각충돌,교차로운행방법위반,건조,맑음,교차로 - 교차로안,승용,남,50세,경상,승용,남,58세,경상
2012040800100418,2012년 4월 8일 17시,일요일,대구광역시 동구 용계동,경상사고,0,0,4,0,차대차 - 추돌 - 진행중,안전운전불이행,건조,맑음,단일로 - 기타,승용,남,22세,상해없음,승용,남,48세,경상
2012040800100419,2012년 4월 8일 17시,일요일,대구광역시 북구 조야동,경상사고,0,0,2,0,차대차 - 추돌 - 주정차중,안전운전불이행,건조,맑음,단일로 - 기타,승용,남,49세,상해없음,승용,남,30세,경상
2012040800100423,2012년 4월 8일 17시,일요일,대구광역시 수성구 지산동,경상사고,0,0,2,0,차대차 - 기타,안전거리미확보,건조,맑음,단일로 - 기타,승용,남,60세,상해없음,승용,남,30세,경상
2012040800100424,2012년 4월 8일 17시,일요일,대구광역시 수성구 지산동,경상사고,0,0,1,0,차대차 - 측면직각충돌,안전운전불이행,건조,맑음,단일로 - 기타,승용,여,27세,상해없음,승용,남,29세,경상
2012040800100425,2012년 4월 8일 17시,일요일,대구광역시 달서구 송현동,중상사고,0,1,0,0,차대사람 - 기타,보행자보호의무위반,건조,맑음,단일로 - 횡단보도상,승용,여,49세,상해없음,보행자,여,9세,중상
2012040800100449,2012년 4월 8일 18시,일요일,대구광역시 동구 지저동,중상사고,0,1,0,0,차대사람 - 기타,안전운전불이행,건조,맑음,단일로 - 기타,화물,남,32세,상해없음,보행자,여,24세,중상
2012040800100450,2012년 4월 8일 18시,일요일,대구광역시 달서구 월성동,경상사고,0,0,5,0,차대차 - 추돌 - 주정차중,안전운전불이행,건조,맑음,교차로 - 교차로부근,승용,여,39세,상해없음,승용,여,44세,경상
2012040800100451,2012년 4월 8일 18시,일요일,대구광역시 달서구 이곡동,중상사고,0,1,1,0,차대차 - 추돌 - 주정차중,안전거리미확보,건조,맑음,교차로 - 교차로부근,화물,남,51세,상해없음,승용,남,50세,중상
2012040800100452,2012년 4월 8일 18시,일요일,대구광역시 달서구 신당동,중상사고,0,1,0,0,차대차 - 측면직각충돌,신호위반,건조,맑음,교차로 - 교차로안,승용,남,46세,상해없음,이륜,남,17세,중상
2012040800100491,2012년 4월 8일 19시,일요일,대구광역시 수성구 두산동,중상사고,0,1,0,0,차대차 - 측면직각충돌,안전운전불이행,건조,맑음,교차로 - 교차로안,화물,남,38세,상해없음,승용,여,54세,중상
2012040800100492,2012년 4월 8일 19시,일요일,대구광역시 수성구 신매동,중상사고,0,1,2,0,차대차 - 기타,안전운전불이행,건조,맑음,기타 - 기타,승용,남,54세,상해없음,승용,여,59세,중상
2012040800100493,2012년 4월 8일 19시,일요일,대구광역시 수성구 고모동,경상사고,0,0,1,0,차대차 - 추돌 - 진행중,안전운전불이행,건조,맑음,단일로 - 기타,승용,남,28세,상해없음,화물,남,31세,경상
2012040800100494,2012년 4월 8일 19시,일요일,대구광역시 북구 대현동,경상사고,0,0,1,0,차대차 - 측면직각충돌,안전운전불이행,건조,맑음,단일로 - 기타,승용,여,45세,상해없음,원동기,남,25세,경상
2012040800100513,2012년 4월 8일 20시,일요일,대구광역시 남구 대명동,경상사고,0,0,2,0,차대차 - 추돌 - 진행중,안전거리미확보,건조,맑음,단일로 - 기타,승용,여,31세,기타불명,승용,남,33세,경상
2012040800100561,2012년 4월 8일 22시,일요일,대구광역시 북구 태전동,중상사고,0,1,2,0,차대사람 - 기타,안전운전불이행,건조,맑음,단일로 - 기타,승용,남,62세,상해없음,보행자,남,69세,중상
2012040800100578,2012년 4월 8일 23시,일요일,대구광역시 북구 복현동,경상사고,0,0,1,0,차대차 - 추돌 - 주정차중,안전운전불이행,건조,맑음,단일로 - 기타,화물,남,29세,상해없음,승용,남,28세,경상
2012040800100579,2012년 4월 8일 23시,일요일,대구광역시 서구 내당동,경상사고,0,0,1,0,차량단독 - 기타,기타,건조,맑음,단일로 - 기타,승용,남,51세,상해없음,,,,
2012040800100580,2012년 4월 8일 23시,일요일,대구광역시 중구 남산동,중상사고,0,1,0,0,차대사람 - 기타,안전운전불이행,건조,맑음,교차로 - 교차로안,승용,남,46세,상해없음,보행자,여,63세,중상
2012040900100023,2012년 4월 9일 01시,월요일,대구광역시 남구 대명동,중상사고,0,2,2,0,차대차 - 기타,신호위반,건조,맑음,교차로 - 교차로안,승합,남,43세,경상,승용,남,61세,중상
2012040900100034,2012년 4월 9일 02시,월요일,대구광역시 중구 삼덕동1가,경상사고,0,0,1,0,차대차 - 추돌 - 진행중,안전운전불이행,건조,맑음,단일로 - 기타,이륜,남,23세,상해없음,승합,남,28세,경상
2012040900100039,2012년 4월 9일 03시,월요일,대구광역시 중구 남산동,중상사고,0,1,3,0,차대차 - 추돌 - 주정차중,안전운전불이행,건조,맑음,교차로 - 교차로부근,승용,여,37세,상해없음,승용,남,62세,중상
2012040900100044,2012년 4월 9일 04시,월요일,대구광역시 동구 불로동,사망사고,1,1,0,0,차대차 - 추돌 - 진행중,안전거리미확보,건조,맑음,단일로 - 기타,특수,남,39세,상해없음,건설기계,남,36세,중상
2012040900100045,2012년 4월 9일 04시,월요일,대구광역시 수성구 황금동,중상사고,0,1,0,0,차대차 - 측면직각충돌,신호위반,건조,맑음,교차로 - 교차로안,이륜,남,19세,중상,승용,남,63세,상해없음
2012040900100078,2012년 4월 9일 07시,월요일,대구광역시 달서구 월성동,경상사고,0,0,1,0,차량단독 - 공작물충돌,안전운전불이행,건조,맑음,교차로 - 교차로안,자전거,남,56세,경상,,,,
2012040900100079,2012년 4월 9일 07시,월요일,대구광역시 달서구 송현동,경상사고,0,0,1,0,차대차 - 기타,기타,건조,맑음,단일로 - 기타,자전거,남,49세,경상,승용,남,40세,상해없음
2012040900100080,2012년 4월 9일 07시,월요일,대구광역시 달서구 대천동,중상사고,0,2,1,0,차대차 - 측면직각충돌,안전운전불이행,건조,맑음,교차로 - 교차로안,승용,여,42세,중상,화물,남,51세,중상
2012040900100081,2012년 4월 9일 07시,월요일,대구광역시 달성군 화원읍,경상사고,0,0,1,0,차대차 - 측면직각충돌,안전운전불이행,건조,맑음,교차로 - 교차로안,승용,남,42세,상해없음,자전거,남,78세,경상
2012040900100115,2012년 4월 9일 08시,월요일,대구광역시 수성구 범물동,경상사고,0,0,1,0,차대차 - 기타,안전운전불이행,건조,맑음,단일로 - 기타,기타불명,기타불명,기타불명,기타불명,승용,남,52세,경상
2012040900100116,2012년 4월 9일 08시,월요일,대구광역시 달서구 감삼동,경상사고,0,0,1,0,차대차 - 기타,안전운전불이행,건조,맑음,교차로 - 교차로안,화물,남,35세,상해없음,자전거,남,49세,경상
2012040900100141,2012년 4월 9일 09시,월요일,대구광역시 동구 입석동,중상사고,0,1,0,0,차대차 - 측면직각충돌,신호위반,건조,맑음,교차로 - 교차로부근,화물,남,70세,상해없음,자전거,여,63세,중상
2012040900100142,2012년 4월 9일 09시,월요일,대구광역시 북구 동변동,경상사고,0,0,1,0,차대차 - 기타,안전운전불이행,건조,맑음,단일로 - 기타,승용,남,23세,상해없음,이륜,남,34세,경상
2012040900100166,2012년 4월 9일 10시,월요일,대구광역시 달서구 월암동,경상사고,0,0,1,0,차대차 - 추돌 - 주정차중,안전거리미확보,건조,맑음,교차로 - 교차로안,승용,남,57세,상해없음,승용,남,33세,경상
2012040900100191,2012년 4월 9일 11시,월요일,대구광역시 북구 침산동,중상사고,0,1,0,0,차대차 - 측면직각충돌,안전운전불이행,건조,맑음,단일로 - 기타,화물,남,40세,상해없음,화물,남,34세,중상
2012040900100192,2012년 4월 9일 11시,월요일,대구광역시 북구 관음동,중상사고,0,1,0,0,차대사람 - 횡단중,보행자보호의무위반,건조,맑음,교차로 - 교차로안,승용,여,35세,상해없음,보행자,여,59세,중상
2012040900100225,2012년 4월 9일 12시,월요일,대구광역시 서구 비산동,경상사고,0,0,6,0,차대차 - 추돌 - 진행중,안전운전불이행,건조,맑음,단일로 - 기타,승용,남,52세,상해없음,승용,여,52세,경상
2012040900100251,2012년 4월 9일 13시,월요일,대구광역시 북구 읍내동,중상사고,0,1,0,0,차대사람 - 기타,안전운전불이행,건조,맑음,기타 - 기타,화물,남,36세,상해없음,보행자,여,28세,중상
2012040900100277,2012년 4월 9일 14시,월요일,대구광역시 동구 각산동,부상신고사고,0,0,0,1,차대차 - 기타,교차로운행방법위반,건조,맑음,교차로 - 교차로안,원동기,남,59세,부상신고,승용,여,49세,상해없음
2012040900100278,2012년 4월 9일 14시,월요일,대구광역시 달서구 상인동,경상사고,0,0,1,0,차대차 - 측면직각충돌,교차로운행방법위반,건조,맑음,교차로 - 교차로안,승용,여,47세,상해없음,자전거,남,70세,경상
2012040900100279,2012년 4월 9일 14시,월요일,대구광역시 달성군 화원읍,중상사고,0,1,2,0,차대차 - 정면충돌,중앙선침범,건조,맑음,단일로 - 기타,화물,남,45세,상해없음,화물,남,46세,중상
2012040900100280,2012년 4월 9일 14시,월요일,대구광역시 중구 대봉동,경상사고,0,0,1,0,차대차 - 기타,안전운전불이행,건조,맑음,단일로 - 기타,승용,남,27세,상해없음,승용,남,64세,경상
2012040900100377,2012년 4월 9일 17시,월요일,대구광역시 달성군 옥포면,경상사고,0,0,1,0,차대차 - 추돌 - 진행중,안전운전불이행,건조,맑음,단일로 - 기타,화물,남,39세,상해없음,농기계,남,63세,경상
2012040900100378,2012년 4월 9일 17시,월요일,대구광역시 북구 노원동1가,부상신고사고,0,0,0,1,차대차 - 기타,안전운전불이행,건조,맑음,교차로 - 교차로안,승용,남,38세,상해없음,원동기,여,29세,부상신고
2012040900100379,2012년 4월 9일 17시,월요일,대구광역시 달서구 호산동,중상사고,0,1,0,0,차대차 - 측면직각충돌,신호위반,건조,맑음,교차로 - 교차로안,자전거,남,42세,중상,화물,남,38세,상해없음
2012040900100413,2012년 4월 9일 18시,월요일,대구광역시 수성구 범어동,경상사고,0,0,2,0,차대차 - 측면직각충돌,안전운전불이행,건조,맑음,단일로 - 기타,승용,여,58세,상해없음,승용,여,39세,경상
2012040900100414,2012년 4월 9일 18시,월요일,대구광역시 달성군 다사읍,경상사고,0,0,1,0,차대사람 - 기타,안전운전불이행,건조,맑음,교차로 - 교차로부근,자전거,남,7세,상해없음,보행자,여,80세,경상
2012040900100415,2012년 4월 9일 18시,월요일,대구광역시 북구 학정동,경상사고,0,0,1,0,차대차 - 추돌 - 진행중,차로위반,건조,맑음,단일로 - 기타,승용,여,36세,상해없음,승용,남,72세,상해없음
2012040900100452,2012년 4월 9일 19시,월요일,대구광역시 달서구 월성동,중상사고,0,1,0,0,차대사람 - 기타,보행자보호의무위반,건조,맑음,단일로 - 횡단보도상,승용,남,47세,상해없음,보행자,여,62세,중상
2012040900100453,2012년 4월 9일 19시,월요일,대구광역시 북구 구암동,경상사고,0,0,1,0,차대차 - 추돌 - 진행중,안전운전불이행,건조,맑음,단일로 - 기타,승용,여,47세,상해없음,화물,남,47세,경상
2012040900100454,2012년 4월 9일 19시,월요일,대구광역시 중구 남산동,경상사고,0,0,3,0,차대차 - 기타,차로위반,건조,맑음,교차로 - 교차로부근,승용,여,43세,상해없음,승용,남,62세,상해없음
2012040900100455,2012년 4월 9일 19시,월요일,대구광역시 달서구 신당동,중상사고,0,1,0,0,차대차 - 측면직각충돌,불법유턴,건조,맑음,교차로 - 교차로부근,승용,여,30세,상해없음,원동기,남,21세,중상
2012040900100456,2012년 4월 9일 19시,월요일,대구광역시 달서구 용산동,경상사고,0,0,1,0,차대차 - 추돌 - 진행중,안전거리미확보,건조,맑음,단일로 - 기타,승용,남,67세,기타불명,승용,남,33세,경상
2012040900100487,2012년 4월 9일 20시,월요일,대구광역시 동구 신암동,경상사고,0,0,1,0,차대사람 - 길가장자리구역통행중,안전운전불이행,건조,맑음,단일로 - 기타,승용,남,53세,상해없음,보행자,여,70세,경상
2012040900100488,2012년 4월 9일 20시,월요일,대구광역시 수성구 범어동,경상사고,0,0,2,0,차대차 - 기타,안전거리미확보,건조,맑음,단일로 - 기타,승용,남,38세,경상,승용,여,21세,경상
2012040900100489,2012년 4월 9일 20시,월요일,대구광역시 달서구 본동,경상사고,0,0,1,0,차대차 - 측면직각충돌,신호위반,건조,맑음,교차로 - 교차로안,화물,남,47세,상해없음,승용,여,48세,경상
2012040900100490,2012년 4월 9일 20시,월요일,대구광역시 달서구 성당동,경상사고,0,0,1,0,차대차 - 측면직각충돌,중앙선침범,건조,맑음,단일로 - 기타,승용,남,50세,상해없음,이륜,남,41세,경상
2012040900100524,2012년 4월 9일 21시,월요일,대구광역시 수성구 범어동,경상사고,0,0,1,0,차대차 - 기타,안전운전불이행,건조,맑음,단일로 - 기타,승용,남,57세,상해없음,승용,남,30세,경상
2012040900100579,2012년 4월 9일 23시,월요일,대구광역시 북구 산격동,경상사고,0,0,2,0,차대차 - 측면직각충돌,신호위반,건조,맑음,교차로 - 교차로안,이륜,남,21세,기타불명,승용,여,26세,경상
2012041000100016,2012년 4월 10일 00시,화요일,대구광역시 남구 대명동,경상사고,0,0,3,0,차대차 - 기타,안전운전불이행,건조,맑음,교차로 - 교차로부근,승용,남,52세,상해없음,승용,남,43세,경상
2012041000100017,2012년 4월 10일 00시,화요일,대구광역시 서구 평리동,경상사고,0,0,2,0,차대차 - 측면직각충돌,안전거리미확보,건조,맑음,교차로 - 교차로부근,이륜,남,16세,경상,승합,남,35세,상해없음
2012041000100038,2012년 4월 10일 01시,화요일,대구광역시 달서구 진천동,경상사고,0,0,2,0,차대차 - 측면직각충돌,중앙선침범,건조,맑음,단일로 - 기타,승용,남,32세,상해없음,승용,남,35세,경상
2012041000100081,2012년 4월 10일 06시,화요일,대구광역시 북구 매천동,경상사고,0,0,1,0,차대차 - 기타,안전운전불이행,건조,맑음,교차로 - 교차로부근,화물,남,42세,상해없음,자전거,여,24세,경상
2012041000100147,2012년 4월 10일 08시,화요일,대구광역시 중구 동인동1가,경상사고,0,0,1,0,차대차 - 측면직각충돌,안전거리미확보,건조,맑음,교차로 - 교차로부근,승용,여,34세,상해없음,승용,여,54세,경상
2012041000100202,2012년 4월 10일 10시,화요일,대구광역시 동구 방촌동,경상사고,0,0,2,0,차대차 - 측면직각충돌,안전거리미확보,건조,맑음,단일로 - 기타,승합,남,49세,상해없음,화물,남,33세,경상
2012041000100231,2012년 4월 10일 11시,화요일,대구광역시 달서구 용산동,경상사고,0,0,1,0,차대차 - 기타,안전거리미확보,건조,맑음,단일로 - 기타,화물,남,68세,상해없음,승용,남,25세,경상
2012041000100292,2012년 4월 10일 13시,화요일,대구광역시 북구 동천동,중상사고,0,1,0,0,차대차 - 기타,안전운전불이행,건조,맑음,단일로 - 기타,승용,남,22세,상해없음,이륜,남,47세,중상
2012041000100293,2012년 4월 10일 13시,화요일,대구광역시 북구 노원동1가,경상사고,0,0,1,0,차대사람 - 기타,안전운전불이행,건조,맑음,단일로 - 기타,승용,남,38세,상해없음,보행자,여,46세,경상
2012041000100319,2012년 4월 10일 14시,화요일,대구광역시 동구 신암동,경상사고,0,0,1,0,차대사람 - 횡단중,보행자보호의무위반,건조,맑음,단일로 - 기타,승용,여,67세,상해없음,보행자,남,67세,경상
2012041000100321,2012년 4월 10일 14시,화요일,대구광역시 중구 삼덕동1가,경상사고,0,0,2,0,차대차 - 측면직각충돌,안전운전불이행,건조,맑음,교차로 - 교차로부근,승용,남,58세,상해없음,승용,남,46세,상해없음
2012041000100322,2012년 4월 10일 14시,화요일,대구광역시 달서구 신당동,경상사고,0,0,1,0,차대사람 - 기타,안전운전불이행,건조,흐림,단일로 - 기타,승용,남,27세,상해없음,보행자,남,18세,경상
2012041000100349,2012년 4월 10일 15시,화요일,대구광역시 북구 태전동,경상사고,0,0,1,0,차대사람 - 기타,안전운전불이행,건조,맑음,기타 - 기타,화물,남,52세,상해없음,보행자,여,11세,경상
2012041000100350,2012년 4월 10일 15시,화요일,대구광역시 북구 태전동,중상사고,0,1,0,0,차대사람 - 기타,안전운전불이행,건조,맑음,단일로 - 기타,승용,남,33세,상해없음,보행자,남,71세,중상
2012041000100351,2012년 4월 10일 15시,화요일,대구광역시 북구 고성동1가,경상사고,0,0,1,0,차대차 - 추돌 - 주정차중,안전운전불이행,건조,맑음,교차로 - 교차로부근,승용,남,43세,기타불명,승용,여,46세,경상
2012041000100377,2012년 4월 10일 16시,화요일,대구광역시 달서구 진천동,경상사고,0,0,1,0,차대사람 - 기타,안전운전불이행,건조,맑음,기타 - 기타,승용,여,40세,상해없음,보행자,여,41세,경상
2012041000100378,2012년 4월 10일 16시,화요일,대구광역시 북구 동천동,경상사고,0,0,1,0,차대사람 - 기타,보행자보호의무위반,건조,맑음,단일로 - 기타,승용,남,35세,상해없음,보행자,남,30세,경상
2012041000100413,2012년 4월 10일 17시,화요일,대구광역시 수성구 범어동,중상사고,0,1,0,0,차대사람 - 횡단중,안전운전불이행,건조,맑음,교차로 - 교차로부근,승용,남,42세,상해없음,보행자,여,85세,중상
2012041000100414,2012년 4월 10일 17시,화요일,대구광역시 수성구 연호동,경상사고,0,0,1,0,차대차 - 추돌 - 진행중,안전운전불이행,건조,맑음,단일로 - 기타,승용,여,43세,상해없음,승용,남,51세,경상
2012041000100415,2012년 4월 10일 17시,화요일,대구광역시 달성군 옥포면,중상사고,0,1,0,0,차대차 - 기타,중앙선침범,건조,맑음,단일로 - 기타,이륜,남,57세,중상,승용,남,53세,상해없음
2012041000100416,2012년 4월 10일 17시,화요일,대구광역시 북구 복현동,경상사고,0,0,3,0,차대차 - 측면직각충돌,안전거리미확보,건조,맑음,단일로 - 기타,승용,남,29세,상해없음,승용,남,49세,경상
2012041000100417,2012년 4월 10일 17시,화요일,대구광역시 달서구 용산동,경상사고,0,0,1,0,차대차 - 기타,안전운전불이행,습기,비,단일로 - 기타,화물,남,22세,상해없음,승용,남,32세,경상
2012041000100458,2012년 4월 10일 18시,화요일,대구광역시 동구 신암동,경상사고,0,0,1,0,차대차 - 기타,안전거리미확보,건조,맑음,기타 - 기타,승용,남,71세,상해없음,승용,여,54세,경상
2012041000100497,2012년 4월 10일 19시,화요일,대구광역시 남구 대명동,경상사고,0,0,2,0,차대차 - 추돌 - 진행중,안전거리미확보,건조,맑음,교차로 - 교차로안,승합,여,50세,상해없음,승용,남,64세,경상
2012041000100498,2012년 4월 10일 19시,화요일,대구광역시 수성구 황금동,경상사고,0,0,1,0,차대차 - 측면직각충돌,안전운전불이행,건조,맑음,단일로 - 기타,승용,남,47세,상해없음,자전거,남,56세,경상
2012041000100499,2012년 4월 10일 19시,화요일,대구광역시 달서구 대천동,경상사고,0,0,2,0,차대차 - 기타,안전운전불이행,건조,흐림,교차로 - 교차로부근,승용,여,37세,상해없음,승용,여,54세,경상
2012041000100500,2012년 4월 10일 19시,화요일,대구광역시 달서구 진천동,경상사고,0,0,1,0,차대사람 - 횡단중,보행자보호의무위반,건조,흐림,단일로 - 횡단보도상,승용,여,53세,상해없음,보행자,여,24세,경상
2012041000100555,2012년 4월 10일 20시,화요일,대구광역시 동구 신천동,경상사고,0,0,1,0,차대차 - 추돌 - 진행중,안전운전불이행,건조,맑음,교차로 - 교차로안,승용,남,67세,상해없음,승용,남,60세,경상
2012041000100556,2012년 4월 10일 20시,화요일,대구광역시 달서구 상인동,경상사고,0,0,1,0,차대차 - 추돌 - 주정차중,안전운전불이행,건조,맑음,교차로 - 교차로부근,승용,남,48세,상해없음,승용,여,45세,경상
2012041000100607,2012년 4월 10일 21시,화요일,대구광역시 수성구 두산동,중상사고,0,1,0,0,차대차 - 측면직각충돌,안전운전불이행,건조,맑음,교차로 - 교차로부근,승용,여,50세,상해없음,원동기,남,53세,중상
2012041000100608,2012년 4월 10일 21시,화요일,대구광역시 서구 내당동,중상사고,0,1,0,0,차대차 - 측면직각충돌,신호위반,건조,맑음,단일로 - 기타,이륜,여,52세,중상,이륜,남,16세,상해없음
2012041000100609,2012년 4월 10일 21시,화요일,대구광역시 달서구 용산동,경상사고,0,0,3,0,차대차 - 추돌 - 주정차중,안전운전불이행,건조,맑음,단일로 - 기타,승용,남,42세,상해없음,승용,남,58세,경상
2012041000100664,2012년 4월 10일 22시,화요일,대구광역시 달서구 송현동,경상사고,0,0,2,0,차대차 - 추돌 - 주정차중,안전거리미확보,건조,맑음,단일로 - 기타,승용,남,59세,상해없음,승용,여,50세,상해없음
2012041000100665,2012년 4월 10일 22시,화요일,대구광역시 북구 노원동1가,부상신고사고,0,0,0,1,차대차 - 추돌 - 주정차중,안전운전불이행,건조,맑음,단일로 - 기타,원동기,여,49세,부상신고,승용,남,53세,상해없음
2012041000100667,2012년 4월 10일 22시,화요일,대구광역시 달서구 두류동,경상사고,0,0,1,0,차대차 - 추돌 - 진행중,안전거리미확보,건조,맑음,교차로 - 교차로안,승용,남,58세,상해없음,원동기,남,43세,경상
2012041000100748,2012년 4월 10일 23시,화요일,대구광역시 남구 대명동,중상사고,0,1,0,0,차대차 - 기타,안전운전불이행,건조,맑음,단일로 - 기타,승용,남,53세,상해없음,승용,남,34세,상해없음
2012041000100749,2012년 4월 10일 23시,화요일,대구광역시 수성구 지산동,경상사고,0,0,1,0,차대차 - 기타,안전운전불이행,건조,맑음,기타 - 기타,승용,남,27세,상해없음,승용,여,26세,경상
2012041100100110,2012년 4월 11일 02시,수요일,대구광역시 남구 봉덕동,경상사고,0,0,1,0,차대차 - 추돌 - 진행중,안전거리미확보,건조,맑음,교차로 - 교차로안,승용,남,39세,상해없음,승용,남,51세,경상
2012041100100111,2012년 4월 11일 02시,수요일,대구광역시 수성구 두산동,중상사고,0,2,0,0,차대차 - 추돌 - 진행중,안전운전불이행,습기,흐림,교차로 - 교차로부근,승용,여,31세,상해없음,승용,남,42세,중상
2012041100100112,2012년 4월 11일 02시,수요일,대구광역시 달서구 도원동,경상사고,0,0,1,0,차대차 - 측면직각충돌,안전거리미확보,건조,맑음,교차로 - 교차로부근,승용,남,27세,상해없음,승용,남,43세,경상