사고번호,사고일시,요일,시군구,사고내용,사망자수,중상자수,경상자수,부상신고자수,사고유형,법규위반,노면상태,기상상태,도로형태,가해운전자 차종,가해운전자 성별,가해운전자 연령,가해운전자 상해정도,피해운전자 차종,피해운전자 성별,피해운전자 연령,피해운전자 상해정도
2012041100100113,2012년 4월 11일 02시,수요일,대구광역시 달성군 다사읍,경상사고,0,0,1,0,차대사람 - 기타,안전운전불이행,건조,맑음,단일로 - 교량,기타불명,기타불명,기타불명,기타불명,보행자,남,27세,경상
2012041100100172,2012년 4월 11일 05시,수요일,대구광역시 달서구 감삼동,경상사고,0,0,1,0,차대차 - 추돌 - 주정차중,안전운전불이행,건조,맑음,교차로 - 교차로부근,승용,남,38세,상해없음,승용,남,63세,경상
2012041100100195,2012년 4월 11일 06시,수요일,대구광역시 북구 산격동,중상사고,0,1,0,0,차대차 - 기타,안전거리미확보,건조,맑음,단일로 - 기타,기타불명,기타불명,기타불명,기타불명,이륜,남,85세,중상
2012041100100224,2012년 4월 11일 08시,수요일,대구광역시 수성구 범어동,경상사고,0,0,1,0,차대차 - 기타,안전운전불이행,건조,맑음,단일로 - 기타,화물,남,41세,상해없음,승용,여,53세,경상
2012041100100225,2012년 4월 11일 08시,수요일,대구광역시 달서구 본리동,경상사고,0,0,1,0,차대차 - 기타,교차로운행방법위반,습기,비,교차로 - 교차로안,승용,남,52세,상해없음,자전거,남,37세,경상
2012041100100249,2012년 4월 11일 09시,수요일,대구광역시 동구 지묘동,중상사고,0,1,0,0,차대차 - 기타,신호위반,습기,흐림,교차로 - 교차로부근,화물,여,55세,상해없음,원동기,여,57세,중상
2012041100100250,2012년 4월 11일 09시,수요일,대구광역시 수성구 범어동,경상사고,0,0,1,0,차대차 - 측면직각충돌,안전운전불이행,습기,비,단일로 - 기타,승용,남,52세,상해없음,승용,남,62세,경상
2012041100100251,2012년 4월 11일 09시,수요일,대구광역시 북구 산격동,중상사고,0,1,0,0,차대차 - 측면직각충돌,안전거리미확보,건조,맑음,단일로 - 기타,승용,남,59세,상해없음,승합,여,50세,중상
2012041100100252,2012년 4월 11일 09시,수요일,대구광역시 서구 내당동,중상사고,0,1,0,0,차대사람 - 횡단중,안전운전불이행,습기,맑음,단일로 - 기타,승용,남,71세,상해없음,보행자,여,73세,중상
2012041100100277,2012년 4월 11일 10시,수요일,대구광역시 동구 효목동,경상사고,0,0,1,0,차대차 - 측면직각충돌,안전운전불이행,건조,흐림,단일로 - 기타,승용,남,62세,상해없음,승용,남,37세,경상
2012041100100278,2012년 4월 11일 10시,수요일,대구광역시 달성군 논공읍,중상사고,0,1,0,0,차량단독 - 기타,안전운전불이행,건조,맑음,교차로 - 교차로안,승합,남,50세,상해없음,,,,
2012041100100279,2012년 4월 11일 10시,수요일,대구광역시 달서구 두류동,중상사고,0,1,0,0,차대사람 - 기타,안전운전불이행,건조,맑음,단일로 - 기타,화물,남,43세,상해없음,보행자,남,57세,중상
2012041100100300,2012년 4월 11일 11시,수요일,대구광역시 남구 대명동,중상사고,0,1,0,2,차대차 - 측면직각충돌,신호위반,건조,맑음,교차로 - 교차로안,승용,여,35세,부상신고,승용,남,38세,중상
2012041100100301,2012년 4월 11일 11시,수요일,대구광역시 북구 태전동,경상사고,0,0,2,0,차대차 - 정면충돌,직진우회전진행방해,건조,맑음,교차로 - 교차로안,승용,남,57세,경상,승용,남,56세,경상
2012041100100335,2012년 4월 11일 12시,수요일,대구광역시 달서구 송현동,경상사고,0,0,1,0,차대차 - 추돌 - 주정차중,안전운전불이행,건조,맑음,단일로 - 기타,승용,남,47세,상해없음,승합,남,52세,상해없음
2012041100100364,2012년 4월 11일 13시,수요일,대구광역시 달서구 월성동,경상사고,0,0,1,0,차대차 - 측면직각충돌,안전운전불이행,건조,맑음,교차로 - 교차로안,승용,여,63세,상해없음,자전거,남,19세,경상
2012041100100365,2012년 4월 11일 13시,수요일,대구광역시 중구 남산동,중상사고,0,1,0,0,차대사람 - 기타,기타,건조,맑음,단일로 - 기타,화물,남,50세,상해없음,보행자,남,50세,중상
2012041100100395,2012년 4월 11일 14시,수요일,대구광역시 북구 태전동,중상사고,0,2,2,0,차대차 - 추돌 - 주정차중,안전거리미확보,건조,맑음,단일로 - 기타,화물,남,51세,상해없음,승용,남,30세,중상
2012041100100439,2012년 4월 11일 15시,수요일,대구광역시 서구 상리동,부상신고사고,0,0,0,1,차대차 - 기타,안전운전불이행,건조,맑음,교차로 - 교차로부근,이륜,남,14세,부상신고,승용,남,32세,상해없음
2012041100100460,2012년 4월 11일 16시,수요일,대구광역시 북구 노원동2가,경상사고,0,0,1,0,차대차 - 추돌 - 주정차중,안전거리미확보,건조,맑음,단일로 - 횡단보도부근,화물,남,53세,상해없음,승용,남,34세,경상
2012041100100461,2012년 4월 11일 16시,수요일,대구광역시 서구 비산동,중상사고,0,1,0,0,차대차 - 기타,기타,건조,맑음,단일로 - 기타,승용,남,58세,상해없음,이륜,남,34세,중상
2012041100100495,2012년 4월 11일 17시,수요일,대구광역시 남구 대명동,경상사고,0,0,1,0,차대사람 - 차도통행중,안전운전불이행,건조,맑음,단일로 - 기타,승용,남,74세,상해없음,보행자,여,14세,경상
2012041100100496,2012년 4월 11일 17시,수요일,대구광역시 북구 서변동,중상사고,0,1,0,0,차대차 - 측면직각충돌,안전운전불이행,건조,맑음,단일로 - 기타,승용,여,45세,상해없음,이륜,남,17세,중상
2012041100100526,2012년 4월 11일 18시,수요일,대구광역시 서구 이현동,경상사고,0,0,1,0,차대차 - 기타,안전운전불이행,건조,맑음,단일로 - 기타,승합,남,44세,상해없음,화물,남,47세,경상
2012041100100561,2012년 4월 11일 19시,수요일,대구광역시 동구 각산동,경상사고,0,0,1,0,차대사람 - 기타,안전운전불이행,건조,맑음,단일로 - 기타,승용,여,51세,상해없음,보행자,여,17세,경상
2012041100100562,2012년 4월 11일 19시,수요일,대구광역시 수성구 중동,부상신고사고,0,0,0,1,차대사람 - 횡단중,안전운전불이행,건조,맑음,단일로 - 횡단보도상,승용,남,31세,상해없음,보행자,남,79세,부상신고
2012041100100563,2012년 4월 11일 19시,수요일,대구광역시 서구 내당동,중상사고,0,1,0,0,차대사람 - 기타,안전운전불이행,건조,맑음,단일로 - 기타,화물,기타불명,기타불명,기타불명,보행자,여,72세,중상
2012041100100564,2012년 4월 11일 19시,수요일,대구광역시 서구 비산동,중상사고,0,1,0,0,차대차 - 측면직각충돌,안전거리미확보,건조,맑음,단일로 - 기타,이륜,남,57세,중상,승용,남,23세,상해없음
2012041100100596,2012년 4월 11일 20시,수요일,대구광역시 달성군 옥포면,경상사고,0,0,1,0,차대사람 - 기타,안전운전불이행,건조,맑음,단일로 - 기타,승용,남,35세,상해없음,보행자,남,33세,경상
2012041100100626,2012년 4월 11일 21시,수요일,대구광역시 남구 이천동,경상사고,0,0,1,0,차대차 - 추돌 - 진행중,안전운전불이행,건조,맑음,교차로 - 교차로부근,승용,남,51세,상해없음,이륜,남,33세,경상
2012041100100627,2012년 4월 11일 21시,수요일,대구광역시 서구 상리동,경상사고,0,0,2,0,차대차 - 측면직각충돌,안전거리미확보,건조,맑음,단일로 - 기타,화물,남,45세,상해없음,승용,여,52세,경상
2012041100100651,2012년 4월 11일 22시,수요일,대구광역시 달서구 본동,경상사고,0,0,2,0,차대차 - 추돌 - 주정차중,안전운전불이행,건조,맑음,교차로 - 교차로부근,승용,여,54세,상해없음,승용,남,51세,경상
2012041100100664,2012년 4월 11일 23시,수요일,대구광역시 달성군 논공읍,중상사고,0,1,0,0,차대사람 - 기타,안전운전불이행,건조,맑음,단일로 - 기타,승용,남,50세,상해없음,보행자,남,59세,중상
2012041200100035,2012년 4월 12일 03시,목요일,대구광역시 수성구 시지동,중상사고,0,2,1,0,차대차 - 정면충돌,신호위반,건조,맑음,교차로 - 교차로안,승용,남,59세,상해없음,승용,여,43세,경상
2012041200100044,2012년 4월 12일 04시,목요일,대구광역시 달서구 진천동,경상사고,0,0,1,0,차대차 - 기타,안전운전불이행,건조,맑음,교차로 - 교차로부근,승용,남,58세,상해없음,자전거,남,39세,경상
2012041200100055,2012년 4월 12일 05시,목요일,대구광역시 남구 봉덕동,경상사고,0,0,1,0,차대차 - 측면직각충돌,신호위반,건조,맑음,교차로 - 교차로안,승용,여,48세,상해없음,승용,남,50세,경상
2012041200100056,2012년 4월 12일 05시,목요일,대구광역시 북구 팔달동,중상사고,0,1,0,0,차대차 - 추돌 - 진행중,안전운전불이행,건조,맑음,단일로 - 교량,기타불명,기타불명,기타불명,기타불명,자전거,남,68세,중상
2012041200100068,2012년 4월 12일 06시,목요일,대구광역시 중구 남산동,경상사고,0,0,2,0,차대차 - 측면직각충돌,교차로운행방법위반,건조,맑음,교차로 - 교차로부근,승용,남,38세,경상,승용,남,26세,상해없음
2012041200100092,2012년 4월 12일 07시,목요일,대구광역시 남구 봉덕동,중상사고,0,1,0,0,차대차 - 정면충돌,중앙선침범,건조,맑음,단일로 - 기타,자전거,남,17세,중상,승용,남,27세,상해없음
2012041200100093,2012년 4월 12일 07시,목요일,대구광역시 동구 효목동,부상신고사고,0,0,0,1,차대사람 - 기타,안전운전불이행,건조,맑음,단일로 - 기타,승용,여,39세,상해없음,보행자,여,60세,부상신고
2012041200100094,2012년 4월 12일 07시,목요일,대구광역시 달서구 상인동,경상사고,0,0,2,0,차대차 - 추돌 - 진행중,안전운전불이행,건조,맑음,단일로 - 기타,승용,남,34세,경상,승용,남,36세,상해없음
2012041200100095,2012년 4월 12일 07시,목요일,대구광역시 달성군 현풍면,중상사고,0,2,0,0,차대차 - 측면직각충돌,안전운전불이행,건조,맑음,단일로 - 기타,승용,남,58세,중상,승용,남,47세,중상
2012041200100096,2012년 4월 12일 07시,목요일,대구광역시 북구 서변동,중상사고,0,1,6,0,차대차 - 기타,안전운전불이행,건조,맑음,단일로 - 기타,승합,남,39세,상해없음,승합,남,49세,상해없음
2012041200100097,2012년 4월 12일 07시,목요일,대구광역시 중구 서내동,경상사고,0,0,1,0,차대사람 - 보도통행중,안전운전불이행,건조,맑음,단일로 - 기타,화물,남,51세,기타불명,보행자,남,25세,경상
2012041200100133,2012년 4월 12일 08시,목요일,대구광역시 동구 서호동,중상사고,0,1,0,0,차대사람 - 횡단중,안전운전불이행,건조,맑음,교차로 - 교차로부근,승합,남,57세,상해없음,보행자,남,70세,중상
2012041200100134,2012년 4월 12일 08시,목요일,대구광역시 동구 율하동,중상사고,0,1,0,0,차대사람 - 차도통행중,안전운전불이행,건조,맑음,단일로 - 기타,승용,여,37세,상해없음,보행자,남,46세,중상
2012041200100162,2012년 4월 12일 09시,목요일,대구광역시 수성구 만촌동,경상사고,0,0,1,0,차대사람 - 기타,안전운전불이행,건조,맑음,단일로 - 기타,승용,여,50세,상해없음,보행자,여,18세,경상
2012041200100163,2012년 4월 12일 09시,목요일,대구광역시 달성군 다사읍,중상사고,0,1,0,0,차량단독 - 공작물충돌,안전운전불이행,건조,맑음,단일로 - 기타,승용,여,51세,중상,,,,
2012041200100164,2012년 4월 12일 09시,목요일,대구광역시 북구 노원동3가,경상사고,0,0,2,0,차대차 - 측면직각충돌,직진우회전진행방해,건조,맑음,교차로 - 교차로안,승용,남,63세,상해없음,이륜,남,47세,경상
2012041200100165,2012년 4월 12일 09시,목요일,대구광역시 북구 읍내동,사망사고,1,0,0,0,차대사람 - 횡단중,보행자보호의무위반,건조,맑음,단일로 - 횡단보도상,화물,남,50세,상해없음,보행자,여,86세,사망
2012041200100166,2012년 4월 12일 09시,목요일,대구광역시 달서구 신당동,경상사고,0,0,1,0,차대사람 - 기타,안전운전불이행,건조,맑음,단일로 - 기타,승용,남,45세,상해없음,보행자,남,18세,경상
2012041200100199,2012년 4월 12일 10시,목요일,대구광역시 수성구 수성동2가,중상사고,0,1,4,0,차대차 - 측면직각충돌,교차로운행방법위반,건조,맑음,단일로 - 기타,승용,여,45세,상해없음,승합,남,36세,경상
2012041200100200,2012년 4월 12일 10시,목요일,대구광역시 달서구 용산동,경상사고,0,0,3,0,차대차 - 측면직각충돌,교차로운행방법위반,건조,맑음,교차로 - 교차로안,승용,남,60세,경상,승용,여,47세,경상
2012041200100265,2012년 4월 12일 12시,목요일,대구광역시 남구 봉덕동,경상사고,0,0,1,0,차대사람 - 기타,안전운전불이행,건조,맑음,단일로 - 기타,기타불명,기타불명,기타불명,기타불명,보행자,남,24세,경상
2012041200100266,2012년 4월 12일 12시,목요일,대구광역시 북구 산격동,중상사고,0,1,1,0,차대사람 - 길가장자리구역통행중,안전운전불이행,건조,맑음,교차로 - 교차로안,화물,남,51세,상해없음,보행자,여,40세,경상
2012041200100267,2012년 4월 12일 12시,목요일,대구광역시 중구 동성로2가,경상사고,0,0,1,0,차대사람 - 기타,안전운전불이행,건조,맑음,단일로 - 기타,승합,남,41세,상해없음,보행자,여,37세,경상
2012041200100309,2012년 4월 12일 13시,목요일,대구광역시 북구 침산동,경상사고,0,0,1,0,차대차 - 측면직각충돌,신호위반,건조,맑음,단일로 - 횡단보도상,승용,남,67세,상해없음,자전거,남,55세,경상
2012041200100332,2012년 4월 12일 14시,목요일,대구광역시 달서구 월성동,경상사고,0,0,1,0,차대차 - 기타,안전거리미확보,건조,맑음,단일로 - 기타,승용,여,53세,상해없음,이륜,남,19세,경상
2012041200100333,2012년 4월 12일 14시,목요일,대구광역시 서구 이현동,중상사고,0,2,1,0,차대차 - 추돌 - 진행중,안전운전불이행,건조,맑음,단일로 - 기타,승합,남,51세,상해없음,승합,여,39세,중상
2012041200100366,2012년 4월 12일 15시,목요일,대구광역시 동구 신천동,경상사고,0,0,2,0,차대차 - 기타,안전운전불이행,건조,맑음,단일로 - 기타,승용,남,74세,상해없음,승용,남,43세,경상
2012041200100367,2012년 4월 12일 15시,목요일,대구광역시 북구 동천동,경상사고,0,0,2,0,차대차 - 기타,중앙선침범,건조,맑음,교차로 - 교차로부근,승용,여,51세,상해없음,화물,남,55세,경상
2012041200100393,2012년 4월 12일 16시,목요일,대구광역시 달서구 상인동,부상신고사고,0,0,0,1,차대사람 - 길가장자리구역통행중,안전운전불이행,건조,맑음,단일로 - 기타,승용,기타불명,기타불명,기타불명,보행자,남,7세,부상신고
2012041200100394,2012년 4월 12일 16시,목요일,대구광역시 중구 대봉동,경상사고,0,0,1,0,차대차 - 추돌 - 진행중,안전운전불이행,건조,맑음,교차로 - 교차로안,승용,남,59세,상해없음,자전거,남,69세,경상
2012041200100395,2012년 4월 12일 16시,목요일,대구광역시 달서구 용산동,경상사고,0,0,2,0,차대차 - 기타,안전운전불이행,건조,맑음,단일로 - 기타,승용,남,53세,상해없음,승용,남,43세,경상
2012041200100424,2012년 4월 12일 17시,목요일,대구광역시 달성군 논공읍,경상사고,0,0,1,0,차대차 - 측면직각충돌,안전운전불이행,건조,맑음,교차로 - 교차로안,승용,여,25세,상해없음,자전거,남,6세,경상
2012041200100425,2012년 4월 12일 17시,목요일,대구광역시 북구 태전동,중상사고,0,3,0,0,차대차 - 추돌 - 진행중,안전운전불이행,건조,맑음,단일로 - 기타,승용,남,19세,중상,승용,남,23세,중상
2012041200100426,2012년 4월 12일 17시,목요일,대구광역시 북구 읍내동,경상사고,0,0,1,0,차대사람 - 횡단중,신호위반,건조,맑음,교차로 - 교차로부근,화물,남,36세,상해없음,보행자,여,13세,경상
2012041200100427,2012년 4월 12일 17시,목요일,대구광역시 서구 평리동,중상사고,0,1,0,0,차대차 - 측면직각충돌,신호위반,건조,맑음,교차로 - 교차로부근,승용,여,42세,상해없음,이륜,남,67세,중상
2012041200100463,2012년 4월 12일 18시,목요일,대구광역시 남구 대명동,경상사고,0,0,2,0,차대차 - 추돌 - 진행중,안전운전불이행,건조,맑음,교차로 - 교차로안,승용,여,43세,상해없음,승용,여,25세,경상
2012041200100464,2012년 4월 12일 18시,목요일,대구광역시 남구 봉덕동,중상사고,0,1,0,0,차대차 - 기타,안전운전불이행,건조,맑음,교차로 - 교차로안,이륜,남,47세,중상,승용,남,48세,상해없음
2012041200100465,2012년 4월 12일 18시,목요일,대구광역시 동구 효목동,경상사고,0,0,1,0,차대사람 - 횡단중,보행자보호의무위반,건조,맑음,단일로 - 횡단보도상,승용,남,40세,상해없음,보행자,남,7세,경상
2012041200100466,2012년 4월 12일 18시,목요일,대구광역시 달서구 상인동,경상사고,0,0,1,0,차대차 - 측면직각충돌,중앙선침범,건조,맑음,단일로 - 기타,승용,남,28세,상해없음,이륜,남,18세,경상
2012041200100467,2012년 4월 12일 18시,목요일,대구광역시 달성군 화원읍,경상사고,0,0,1,0,차대사람 - 길가장자리구역통행중,안전운전불이행,건조,맑음,단일로 - 기타,승용,남,52세,상해없음,보행자,남,24세,경상
2012041200100468,2012년 4월 12일 18시,목요일,대구광역시 달서구 용산동,경상사고,0,0,1,0,차대사람 - 횡단중,신호위반,건조,맑음,교차로 - 교차로부근,승용,여,51세,상해없음,보행자,남,11세,경상
2012041200100469,2012년 4월 12일 18시,목요일,대구광역시 달서구 장기동,경상사고,0,0,1,0,차대차 - 추돌 - 주정차중,안전거리미확보,건조,맑음,단일로 - 기타,승용,남,55세,상해없음,화물,남,45세,경상
2012041200100514,2012년 4월 12일 19시,목요일,대구광역시 달서구 월성동,경상사고,0,0,2,0,차대차 - 기타,안전운전불이행,건조,맑음,교차로 - 교차로부근,승용,남,31세,기타불명,승용,남,40세,경상
2012041200100515,2012년 4월 12일 19시,목요일,대구광역시 달서구 두류동,경상사고,0,0,1,0,차대사람 - 기타,안전운전불이행,건조,맑음,기타 - 기타,승용,남,61세,상해없음,보행자,여,20세,경상
2012041200100547,2012년 4월 12일 20시,목요일,대구광역시 북구 산격동,중상사고,0,1,0,0,차대사람 - 기타,안전운전불이행,건조,맑음,단일로 - 기타,승용,남,58세,기타불명,보행자,여,70세,중상
2012041200100575,2012년 4월 12일 21시,목요일,대구광역시 수성구 두산동,경상사고,0,0,1,0,차대차 - 기타,안전운전불이행,건조,맑음,단일로 - 기타,승용,남,48세,상해없음,승용,남,37세,경상
2012041200100576,2012년 4월 12일 21시,목요일,대구광역시 수성구 두산동,중상사고,0,1,1,0,차대차 - 측면직각충돌,안전운전불이행,건조,맑음,단일로 - 기타,이륜,남,71세,중상,화물,남,57세,상해없음
2012041200100577,2012년 4월 12일 21시,목요일,대구광역시 달서구 본리동,경상사고,0,0,2,0,차대차 - 측면직각충돌,안전거리미확보,건조,맑음,단일로 - 기타,승합,여,47세,상해없음,승용,남,25세,경상
2012041200100626,2012년 4월 12일 23시,목요일,대구광역시 북구 산격동,경상사고,0,0,1,0,차대사람 - 횡단중,안전운전불이행,건조,맑음,단일로 - 기타,승용,남,41세,상해없음,보행자,여,17세,경상
2012041200100627,2012년 4월 12일 23시,목요일,대구광역시 북구 산격동,경상사고,0,0,1,0,차대차 - 측면직각충돌,안전거리미확보,건조,맑음,단일로 - 기타,이륜,남,20세,기타불명,이륜,남,17세,경상
2012041200100628,2012년 4월 12일 23시,목요일,대구광역시 서구 평리동,중상사고,0,1,0,0,차대사람 - 횡단중,안전운전불이행,건조,맑음,단일로 - 기타,승용,남,40세,상해없음,보행자,남,43세,중상
2012041200100629,2012년 4월 12일 23시,목요일,대구광역시 달서구 성당동,중상사고,0,1,0,0,차대차 - 측면직각충돌,안전운전불이행,건조,맑음,단일로 - 기타,승용,여,52세,상해없음,이륜,남,29세,중상
2012041300100010,2012년 4월 13일 00시,금요일,대구광역시 달서구 송현동,경상사고,0,0,1,0,차대차 - 기타,안전운전불이행,건조,맑음,단일로 - 기타,승용,남,52세,상해없음,승용,남,25세,경상
2012041300100011,2012년 4월 13일 00시,금요일,대구광역시 달성군 화원읍,경상사고,0,0,1,0,차대사람 - 횡단중,안전운전불이행,건조,맑음,교차로 - 교차로안,승합,남,51세,상해없음,보행자,남,26세,경상
2012041300100012,2012년 4월 13일 00시,금요일,대구광역시 서구 비산동,경상사고,0,0,2,0,차대차 - 추돌 - 주정차중,안전운전불이행,건조,맑음,교차로 - 교차로부근,승용,남,34세,상해없음,승용,남,40세,경상
2012041300100032,2012년 4월 13일 01시,금요일,대구광역시 중구 삼덕동1가,중상사고,0,1,1,0,차대차 - 추돌 - 진행중,안전운전불이행,건조,맑음,단일로 - 기타,승용,여,33세,상해없음,승용,남,55세,중상
2012041300100044,2012년 4월 13일 02시,금요일,대구광역시 수성구 두산동,중상사고,0,1,0,0,차대사람 - 기타,안전운전불이행,건조,맑음,단일로 - 기타,승용,여,48세,상해없음,보행자,남,18세,중상
2012041300100045,2012년 4월 13일 02시,금요일,대구광역시 달서구 이곡동,경상사고,0,0,2,0,차대차 - 추돌 - 진행중,안전운전불이행,건조,맑음,단일로 - 기타,승용,남,38세,상해없음,승용,남,41세,경상
2012041300100065,2012년 4월 13일 04시,금요일,대구광역시 남구 봉덕동,경상사고,0,0,1,0,차대차 - 추돌 - 주정차중,안전운전불이행,건조,맑음,교차로 - 교차로부근,승용,여,36세,상해없음,승용,여,26세,경상
2012041300100066,2012년 4월 13일 04시,금요일,대구광역시 북구 칠성동2가,경상사고,0,0,1,1,차대차 - 측면직각충돌,직진우회전진행방해,건조,맑음,교차로 - 교차로안,승용,남,29세,부상신고,승용,남,52세,경상
2012041300100082,2012년 4월 13일 05시,금요일,대구광역시 달서구 상인동,중상사고,0,1,0,0,차대차 - 측면직각충돌,신호위반,건조,맑음,교차로 - 교차로안,승용,남,64세,상해없음,이륜,남,53세,중상
2012041300100093,2012년 4월 13일 06시,금요일,대구광역시 달서구 호림동,경상사고,0,0,2,0,차대차 - 추돌 - 진행중,신호위반,건조,맑음,교차로 - 교차로안,승용,남,61세,상해없음,승용,남,46세,경상
2012041300100115,2012년 4월 13일 07시,금요일,대구광역시 달서구 용산동,중상사고,0,1,3,0,차대차 - 정면충돌,신호위반,건조,맑음,교차로 - 교차로안,승용,남,45세,중상,승용,남,45세,경상
2012041300100148,2012년 4월 13일 08시,금요일,대구광역시 남구 봉덕동,경상사고,0,0,3,0,차대차 - 추돌 - 주정차중,안전거리미확보,건조,맑음,단일로 - 기타,승용,남,36세,상해없음,승용,남,54세,경상
2012041300100149,2012년 4월 13일 08시,금요일,대구광역시 남구 대명동,경상사고,0,0,2,0,차대차 - 추돌 - 진행중,안전거리미확보,건조,맑음,단일로 - 기타,승용,남,40세,상해없음,승용,남,49세,경상
2012041300100150,2012년 4월 13일 08시,금요일,대구광역시 동구 신암동,경상사고,0,0,1,0,차대차 - 추돌 - 주정차중,안전운전불이행,건조,맑음,단일로 - 기타,승용,남,35세,상해없음,승용,남,66세,경상
2012041300100151,2012년 4월 13일 08시,금요일,대구광역시 달서구 대천동,경상사고,0,0,1,0,차대차 - 측면직각충돌,기타,건조,맑음,단일로 - 기타,화물,남,45세,기타불명,승용,남,28세,경상
2012041300100175,2012년 4월 13일 09시,금요일,대구광역시 서구 중리동,경상사고,0,0,1,0,차대사람 - 횡단중,보행자보호의무위반,건조,맑음,교차로 - 교차로안,승용,남,60세,상해없음,보행자,여,37세,경상
2012041300100197,2012년 4월 13일 10시,금요일,대구광역시 달서구 월암동,경상사고,0,0,1,0,차대사람 - 횡단중,보행자보호의무위반,건조,맑음,단일로 - 기타,화물,남,22세,상해없음,보행자,남,5세,경상
2012041300100198,2012년 4월 13일 10시,금요일,대구광역시 북구 동천동,중상사고,0,1,0,0,차대차 - 측면직각충돌,안전운전불이행,건조,맑음,단일로 - 기타,승용,여,37세,상해없음,원동기,남,68세,중상
2012041300100215,2012년 4월 13일 11시,금요일,대구광역시 동구 방촌동,중상사고,0,1,3,0,차대차 - 측면직각충돌,안전운전불이행,건조,맑음,단일로 - 기타,승용,남,67세,경상,승용,여,29세,중상
2012041300100216,2012년 4월 13일 11시,금요일,대구광역시 달서구 유천동,경상사고,0,0,2,0,차대차 - 기타,차로위반,건조,맑음,단일로 - 기타,화물,남,44세,상해없음,승용,남,55세,경상
2012041300100274,2012년 4월 13일 13시,금요일,대구광역시 수성구 황금동,경상사고,0,0,1,0,차대사람 - 횡단중,신호위반,건조,맑음,단일로 - 횡단보도부근,원동기,남,83세,상해없음,보행자,여,29세,경상
2012041300100301,2012년 4월 13일 14시,금요일,대구광역시 수성구 욱수동,경상사고,0,0,1,0,차대차 - 측면직각충돌,안전운전불이행,건조,맑음,교차로 - 교차로부근,화물,남,50세,상해없음,자전거,남,59세,경상
2012041300100302,2012년 4월 13일 14시,금요일,대구광역시 북구 노원동3가,경상사고,0,0,1,0,차대사람 - 횡단중,안전운전불이행,건조,흐림,교차로 - 교차로안,승용,여,49세,상해없음,보행자,여,73세,경상
2012041300100325,2012년 4월 13일 15시,금요일,대구광역시 수성구 상동,경상사고,0,0,1,0,차대차 - 측면직각충돌,안전거리미확보,습기,비,단일로 - 기타,승용,여,36세,상해없음,승용,여,54세,경상
2012041300100327,2012년 4월 13일 15시,금요일,대구광역시 달서구 용산동,경상사고,0,0,3,0,차대차 - 측면직각충돌,안전거리미확보,습기,비,단일로 - 기타,특수,남,50세,상해없음,승용,여,50세,경상
2012041300100360,2012년 4월 13일 16시,금요일,대구광역시 북구 서변동,경상사고,0,0,1,0,차대차 - 측면직각충돌,안전운전불이행,건조,맑음,단일로 - 기타,승용,남,53세,상해없음,자전거,여,68세,경상
2012041300100380,2012년 4월 13일 17시,금요일,대구광역시 달성군 현풍면,경상사고,0,0,2,0,차대차 - 측면직각충돌,중앙선침범,습기,비,단일로 - 기타,승용,남,39세,상해없음,승용,남,47세,상해없음
2012041300100386,2012년 4월 13일 17시,금요일,대구광역시 동구 신암동,중상사고,0,1,0,0,차대사람 - 횡단중,안전운전불이행,습기,비,단일로 - 기타,승합,남,55세,상해없음,보행자,남,15세,중상
2012041300100387,2012년 4월 13일 17시,금요일,대구광역시 수성구 범어동,경상사고,0,0,1,0,차대차 - 기타,안전운전불이행,습기,비,단일로 - 기타,승용,남,46세,상해없음,이륜,남,32세,경상
2012041300100388,2012년 4월 13일 17시,금요일,대구광역시 북구 태전동,중상사고,0,1,0,0,차대차 - 측면직각충돌,교차로운행방법위반,습기,비,교차로 - 교차로안,승용,여,39세,상해없음,이륜,남,66세,중상
2012041300100419,2012년 4월 13일 18시,금요일,대구광역시 수성구 수성동1가,경상사고,0,0,1,0,차대차 - 기타,기타,습기,비,단일로 - 기타,승용,남,70세,상해없음,이륜,남,27세,경상
2012041300100420,2012년 4월 13일 18시,금요일,대구광역시 달성군 옥포면,경상사고,0,0,1,0,차대차 - 기타,안전운전불이행,습기,비,단일로 - 기타,화물,남,58세,상해없음,원동기,여,49세,경상
2012041300100421,2012년 4월 13일 18시,금요일,대구광역시 중구 남산동,중상사고,0,1,1,0,차대차 - 기타,차로위반,습기,비,교차로 - 교차로부근,승용,남,24세,상해없음,승용,남,55세,중상
2012041300100458,2012년 4월 13일 19시,금요일,대구광역시 북구 칠성동1가,중상사고,0,1,1,0,차대차 - 측면직각충돌,중앙선침범,습기,비,단일로 - 기타,승용,여,45세,상해없음,승용,남,39세,중상
2012041300100459,2012년 4월 13일 19시,금요일,대구광역시 달서구 죽전동,중상사고,0,1,0,0,차대차 - 측면직각충돌,안전거리미확보,습기,비,단일로 - 기타,승용,남,61세,중상,승합,남,54세,상해없음
2012041300100502,2012년 4월 13일 20시,금요일,대구광역시 동구 지저동,경상사고,0,0,2,0,차대차 - 추돌 - 진행중,안전거리미확보,습기,비,단일로 - 기타,승용,남,42세,상해없음,승용,남,52세,경상
2012041300100503,2012년 4월 13일 20시,금요일,대구광역시 동구 효목동,중상사고,0,1,0,0,차대사람 - 횡단중,안전운전불이행,건조,맑음,교차로 - 교차로안,승용,여,32세,상해없음,보행자,남,31세,중상