사고번호,사고일시,요일,시군구,사고내용,사망자수,중상자수,경상자수,부상신고자수,사고유형,법규위반,노면상태,기상상태,도로형태,가해운전자 차종,가해운전자 성별,가해운전자 연령,가해운전자 상해정도,피해운전자 차종,피해운전자 성별,피해운전자 연령,피해운전자 상해정도
2012041300100504,2012년 4월 13일 20시,금요일,대구광역시 동구 율하동,경상사고,0,0,1,0,차대차 - 추돌 - 주정차중,안전운전불이행,건조,맑음,단일로 - 기타,승용,남,58세,경상,화물,남,44세,기타불명
2012041300100505,2012년 4월 13일 20시,금요일,대구광역시 수성구 사월동,경상사고,0,0,1,0,차대차 - 추돌 - 진행중,안전거리미확보,습기,비,단일로 - 기타,승합,남,37세,상해없음,승용,남,33세,경상
2012041300100537,2012년 4월 13일 21시,금요일,대구광역시 수성구 만촌동,경상사고,0,0,1,0,차대차 - 기타,안전거리미확보,건조,맑음,교차로 - 교차로부근,승용,남,45세,상해없음,승용,여,26세,경상
2012041300100538,2012년 4월 13일 21시,금요일,대구광역시 달성군 현풍면,경상사고,0,0,1,0,차대차 - 측면직각충돌,직진우회전진행방해,건조,맑음,교차로 - 교차로안,기타불명,기타불명,기타불명,기타불명,원동기,남,56세,경상
2012041300100539,2012년 4월 13일 21시,금요일,대구광역시 북구 대현동,중상사고,0,1,0,0,차대사람 - 기타,안전운전불이행,습기,비,기타 - 기타,승용,남,35세,상해없음,보행자,남,65세,중상
2012041300100540,2012년 4월 13일 21시,금요일,대구광역시 북구 산격동,경상사고,0,0,1,0,차대차 - 추돌 - 주정차중,안전운전불이행,습기,비,단일로 - 기타,원동기,남,18세,경상,화물,남,43세,기타불명
2012041300100570,2012년 4월 13일 22시,금요일,대구광역시 달서구 대천동,경상사고,0,0,1,0,차대차 - 기타,안전거리미확보,습기,비,단일로 - 기타,승용,남,35세,상해없음,이륜,남,16세,경상
2012041300100571,2012년 4월 13일 22시,금요일,대구광역시 달성군 화원읍,경상사고,0,0,2,0,차대차 - 기타,안전운전불이행,습기,비,단일로 - 기타,승용,여,49세,상해없음,승용,남,38세,경상
2012041300100572,2012년 4월 13일 22시,금요일,대구광역시 북구 매천동,경상사고,0,0,1,0,차대사람 - 기타,안전운전불이행,건조,맑음,단일로 - 기타,승용,남,53세,상해없음,보행자,남,18세,경상
2012041300100573,2012년 4월 13일 22시,금요일,대구광역시 중구 태평로1가,경상사고,0,0,1,0,차대차 - 추돌 - 진행중,안전운전불이행,습기,비,단일로 - 기타,이륜,남,20세,상해없음,승용,남,48세,경상
2012041300100574,2012년 4월 13일 22시,금요일,대구광역시 달서구 본리동,경상사고,0,0,1,0,차대차 - 기타,안전운전불이행,건조,맑음,교차로 - 교차로안,승용,남,45세,상해없음,승용,남,60세,경상
2012041300100607,2012년 4월 13일 23시,금요일,대구광역시 북구 산격동,경상사고,0,0,1,0,차대차 - 추돌 - 진행중,안전거리미확보,건조,맑음,단일로 - 기타,승용,남,39세,상해없음,승용,남,53세,경상
2012041400100032,2012년 4월 14일 01시,토요일,대구광역시 수성구 지산동,경상사고,0,0,1,0,차대사람 - 횡단중,보행자보호의무위반,습기,흐림,교차로 - 교차로부근,승용,남,43세,상해없음,보행자,여,47세,경상
2012041400100033,2012년 4월 14일 01시,토요일,대구광역시 달서구 월성동,중상사고,0,1,3,0,차대차 - 측면직각충돌,교차로운행방법위반,습기,흐림,교차로 - 교차로안,승용,남,49세,경상,승용,남,38세,중상
2012041400100034,2012년 4월 14일 01시,토요일,대구광역시 북구 노원동3가,중상사고,0,2,0,0,차대차 - 기타,안전거리미확보,건조,맑음,단일로 - 기타,승용,남,25세,상해없음,승용,남,48세,중상
2012041400100035,2012년 4월 14일 01시,토요일,대구광역시 중구 대봉동,중상사고,0,2,0,0,차대차 - 측면직각충돌,안전거리미확보,건조,기타,단일로 - 기타,승용,남,28세,기타불명,승용,남,63세,상해없음
2012041400100036,2012년 4월 14일 01시,토요일,대구광역시 달서구 이곡동,중상사고,0,2,0,0,차대차 - 측면직각충돌,신호위반,습기,비,교차로 - 교차로안,승용,여,43세,상해없음,이륜,남,19세,중상
2012041400100055,2012년 4월 14일 02시,토요일,대구광역시 수성구 지산동,경상사고,0,0,2,0,차대차 - 측면직각충돌,교차로운행방법위반,건조,맑음,교차로 - 교차로안,승용,남,24세,경상,승용,남,44세,경상
2012041400100056,2012년 4월 14일 02시,토요일,대구광역시 북구 복현동,경상사고,0,0,1,0,차대차 - 추돌 - 주정차중,안전운전불이행,건조,맑음,교차로 - 교차로부근,승용,남,25세,상해없음,승용,남,52세,경상
2012041400100077,2012년 4월 14일 03시,토요일,대구광역시 수성구 범물동,경상사고,0,0,1,0,차대차 - 기타,안전운전불이행,건조,맑음,단일로 - 기타,승용,남,25세,상해없음,원동기,남,16세,경상
2012041400100098,2012년 4월 14일 04시,토요일,대구광역시 남구 봉덕동,중상사고,0,1,1,0,차대차 - 측면직각충돌,교차로운행방법위반,건조,맑음,교차로 - 교차로안,승용,남,23세,상해없음,승용,남,61세,중상
2012041400100163,2012년 4월 14일 08시,토요일,대구광역시 북구 칠성동2가,경상사고,0,0,1,0,차대사람 - 기타,안전운전불이행,건조,맑음,단일로 - 기타,승용,남,46세,기타불명,보행자,여,69세,경상
2012041400100164,2012년 4월 14일 08시,토요일,대구광역시 서구 원대동1가,사망사고,1,0,0,0,차대차 - 추돌 - 진행중,안전거리미확보,건조,맑음,단일로 - 기타,화물,남,24세,상해없음,화물,남,50세,기타불명
2012041400100183,2012년 4월 14일 09시,토요일,대구광역시 중구 동인동2가,경상사고,0,0,1,0,차대차 - 측면직각충돌,안전운전불이행,건조,맑음,교차로 - 교차로안,승용,남,44세,상해없음,자전거,남,12세,경상
2012041400100211,2012년 4월 14일 10시,토요일,대구광역시 서구 이현동,경상사고,0,0,1,0,차대차 - 추돌 - 진행중,안전운전불이행,건조,맑음,단일로 - 기타,승용,남,63세,상해없음,승용,여,50세,경상
2012041400100244,2012년 4월 14일 11시,토요일,대구광역시 수성구 상동,경상사고,0,0,1,0,차대차 - 기타,안전운전불이행,건조,맑음,단일로 - 기타,승합,남,56세,상해없음,원동기,남,50세,경상
2012041400100245,2012년 4월 14일 11시,토요일,대구광역시 서구 이현동,중상사고,0,1,1,0,차대차 - 측면직각충돌,교차로운행방법위반,건조,맑음,교차로 - 교차로안,화물,남,34세,상해없음,승용,남,55세,중상
2012041400100247,2012년 4월 14일 11시,토요일,대구광역시 달서구 용산동,경상사고,0,0,1,0,차대차 - 기타,안전운전불이행,건조,맑음,단일로 - 횡단보도부근,승용,여,45세,상해없음,자전거,여,55세,경상
2012041400100278,2012년 4월 14일 12시,토요일,대구광역시 서구 상리동,중상사고,0,1,1,0,차대차 - 측면직각충돌,안전운전불이행,건조,맑음,단일로 - 기타,특수,남,38세,상해없음,승용,여,39세,경상
2012041400100286,2012년 4월 14일 12시,토요일,대구광역시 달서구 상인동,경상사고,0,0,1,0,차대사람 - 길가장자리구역통행중,안전운전불이행,건조,맑음,단일로 - 기타,승용,여,20세,상해없음,보행자,여,44세,경상
2012041400100288,2012년 4월 14일 12시,토요일,대구광역시 북구 매천동,경상사고,0,0,2,0,차대차 - 추돌 - 진행중,안전운전불이행,건조,맑음,단일로 - 기타,승용,남,36세,상해없음,승용,여,30세,경상
2012041400100289,2012년 4월 14일 12시,토요일,대구광역시 서구 비산동,경상사고,0,0,1,0,차대사람 - 기타,안전운전불이행,건조,맑음,교차로 - 교차로부근,화물,남,43세,상해없음,보행자,남,15세,경상
2012041400100290,2012년 4월 14일 12시,토요일,대구광역시 달서구 죽전동,중상사고,0,2,3,0,차대차 - 추돌 - 주정차중,안전운전불이행,건조,맑음,단일로 - 기타,승용,남,32세,상해없음,승용,남,39세,경상
2012041400100343,2012년 4월 14일 13시,토요일,대구광역시 달성군 옥포면,경상사고,0,0,2,0,차대차 - 측면직각충돌,안전운전불이행,건조,맑음,단일로 - 기타,화물,남,50세,상해없음,승합,여,57세,경상
2012041400100344,2012년 4월 14일 13시,토요일,대구광역시 서구 비산동,부상신고사고,0,0,0,1,차대차 - 측면직각충돌,안전거리미확보,건조,맑음,단일로 - 기타,이륜,남,78세,부상신고,승용,여,28세,상해없음
2012041400100416,2012년 4월 14일 15시,토요일,대구광역시 북구 서변동,중상사고,0,4,14,0,차대차 - 추돌 - 주정차중,안전운전불이행,건조,맑음,단일로 - 기타,승합,남,51세,상해없음,승용,남,48세,중상
2012041400100417,2012년 4월 14일 15시,토요일,대구광역시 북구 조야동,중상사고,0,1,3,0,차대차 - 추돌 - 주정차중,안전거리미확보,건조,맑음,단일로 - 기타,승용,남,52세,중상,승용,남,24세,경상
2012041400100421,2012년 4월 14일 15시,토요일,대구광역시 서구 비산동,경상사고,0,0,2,0,차대차 - 측면직각충돌,안전거리미확보,건조,맑음,단일로 - 기타,승용,여,52세,상해없음,승용,남,34세,상해없음
2012041400100459,2012년 4월 14일 16시,토요일,대구광역시 북구 노곡동,중상사고,0,1,5,0,차대차 - 추돌 - 주정차중,안전거리미확보,건조,맑음,단일로 - 기타,승용,남,43세,경상,승용,남,56세,경상
2012041400100469,2012년 4월 14일 16시,토요일,대구광역시 서구 비산동,중상사고,0,1,0,0,차대사람 - 기타,안전운전불이행,건조,맑음,단일로 - 기타,승용,남,57세,상해없음,보행자,남,56세,중상
2012041400100501,2012년 4월 14일 17시,토요일,대구광역시 북구 산격동,경상사고,0,0,2,0,차대차 - 측면직각충돌,안전거리미확보,건조,맑음,교차로 - 교차로부근,승용,남,56세,상해없음,승용,남,43세,경상
2012041400100502,2012년 4월 14일 17시,토요일,대구광역시 달서구 이곡동,경상사고,0,0,1,0,차량단독 - 기타,안전운전불이행,건조,맑음,단일로 - 기타,승합,남,47세,상해없음,,,,
2012041400100590,2012년 4월 14일 19시,토요일,대구광역시 동구 지저동,경상사고,0,0,2,0,차대차 - 추돌 - 진행중,안전운전불이행,건조,맑음,단일로 - 기타,승용,남,26세,상해없음,승용,남,34세,경상
2012041400100591,2012년 4월 14일 19시,토요일,대구광역시 달서구 송현동,중상사고,0,2,2,2,차대차 - 측면직각충돌,교차로운행방법위반,건조,맑음,교차로 - 교차로안,승용,여,63세,상해없음,승합,남,48세,경상
2012041400100592,2012년 4월 14일 19시,토요일,대구광역시 달서구 감삼동,경상사고,0,0,1,0,차대차 - 추돌 - 주정차중,안전운전불이행,건조,맑음,단일로 - 기타,승용,여,28세,기타불명,승용,남,50세,경상
2012041400100669,2012년 4월 14일 21시,토요일,대구광역시 남구 대명동,중상사고,0,1,0,0,차대차 - 측면직각충돌,안전거리미확보,건조,맑음,단일로 - 기타,승용,남,24세,상해없음,승용,남,52세,중상
2012041400100670,2012년 4월 14일 21시,토요일,대구광역시 달성군 다사읍,경상사고,0,0,2,0,차대차 - 측면직각충돌,안전운전불이행,건조,맑음,단일로 - 기타,승용,여,29세,경상,승용,여,30세,경상
2012041400100687,2012년 4월 14일 22시,토요일,대구광역시 동구 서호동,경상사고,0,0,1,0,차대차 - 추돌 - 주정차중,안전운전불이행,건조,맑음,단일로 - 기타,승합,남,53세,상해없음,승용,남,25세,경상
2012041400100688,2012년 4월 14일 22시,토요일,대구광역시 달서구 상인동,경상사고,0,0,1,0,차대사람 - 횡단중,안전운전불이행,건조,맑음,단일로 - 기타,승용,남,46세,상해없음,보행자,남,50세,경상
2012041400100689,2012년 4월 14일 22시,토요일,대구광역시 북구 읍내동,경상사고,0,0,1,0,차대차 - 측면직각충돌,안전거리미확보,건조,맑음,단일로 - 기타,승용,여,46세,상해없음,이륜,남,18세,경상
2012041400100690,2012년 4월 14일 22시,토요일,대구광역시 서구 비산동,경상사고,0,0,2,0,차대차 - 측면직각충돌,안전거리미확보,건조,맑음,단일로 - 기타,승용,남,44세,상해없음,승용,남,41세,상해없음
2012041400100713,2012년 4월 14일 23시,토요일,대구광역시 동구 서호동,경상사고,0,0,1,1,차대차 - 기타,신호위반,건조,맑음,교차로 - 교차로안,원동기,남,14세,상해없음,승용,남,20세,경상
2012041500100024,2012년 4월 15일 00시,일요일,대구광역시 남구 봉덕동,중상사고,0,1,0,0,차대사람 - 기타,안전운전불이행,건조,맑음,단일로 - 기타,화물,남,35세,상해없음,보행자,남,46세,중상
2012041500100025,2012년 4월 15일 00시,일요일,대구광역시 수성구 지산동,경상사고,0,0,1,0,차대차 - 추돌 - 주정차중,안전운전불이행,습기,비,단일로 - 기타,승용,남,43세,상해없음,승용,남,53세,경상
2012041500100026,2012년 4월 15일 00시,일요일,대구광역시 남구 대명동,경상사고,0,0,1,0,차대사람 - 길가장자리구역통행중,안전운전불이행,건조,맑음,단일로 - 기타,이륜,남,17세,상해없음,보행자,남,22세,경상
2012041500100076,2012년 4월 15일 02시,일요일,대구광역시 달서구 도원동,사망사고,1,0,0,0,차대사람 - 차도통행중,안전운전불이행,건조,맑음,단일로 - 횡단보도상,승용,남,36세,상해없음,보행자,남,50세,사망
2012041500100077,2012년 4월 15일 02시,일요일,대구광역시 달성군 현풍면,경상사고,0,0,2,0,차대차 - 측면직각충돌,안전운전불이행,건조,맑음,교차로 - 교차로안,승용,남,41세,상해없음,승용,남,34세,경상
2012041500100078,2012년 4월 15일 02시,일요일,대구광역시 달성군 논공읍,경상사고,0,0,1,0,차대사람 - 기타,안전운전불이행,건조,맑음,단일로 - 교량,기타불명,기타불명,기타불명,기타불명,보행자,미분류,16세,경상
2012041500100095,2012년 4월 15일 03시,일요일,대구광역시 동구 방촌동,경상사고,0,0,2,0,차대차 - 측면직각충돌,신호위반,건조,맑음,단일로 - 횡단보도부근,이륜,남,18세,경상,승용,남,60세,상해없음
2012041500100096,2012년 4월 15일 03시,일요일,대구광역시 수성구 신매동,경상사고,0,0,2,0,차대차 - 측면직각충돌,차로위반,건조,맑음,단일로 - 기타,이륜,남,20세,상해없음,승용,남,28세,경상
2012041500100097,2012년 4월 15일 03시,일요일,대구광역시 달서구 본동,중상사고,0,1,0,0,차대사람 - 기타,안전운전불이행,건조,맑음,단일로 - 기타,승용,남,51세,상해없음,보행자,남,44세,중상
2012041500100106,2012년 4월 15일 04시,일요일,대구광역시 수성구 범어동,경상사고,0,0,1,0,차대차 - 기타,안전운전불이행,건조,맑음,단일로 - 기타,승용,남,22세,상해없음,승용,남,66세,경상
2012041500100107,2012년 4월 15일 04시,일요일,대구광역시 달서구 진천동,경상사고,0,0,2,0,차대차 - 측면직각충돌,차로위반,건조,맑음,단일로 - 기타,승용,남,28세,상해없음,승용,남,19세,경상
2012041500100121,2012년 4월 15일 05시,일요일,대구광역시 동구 효목동,경상사고,0,0,1,0,차대차 - 기타,기타,건조,맑음,교차로 - 교차로부근,승용,남,22세,상해없음,자전거,남,59세,경상
2012041500100144,2012년 4월 15일 07시,일요일,대구광역시 서구 비산동,부상신고사고,0,0,0,1,차량단독 - 전도전복,안전운전불이행,건조,맑음,단일로 - 기타,원동기,남,38세,부상신고,,,,
2012041500100155,2012년 4월 15일 08시,일요일,대구광역시 달서구 성당동,경상사고,0,0,1,0,차대차 - 추돌 - 주정차중,안전운전불이행,건조,맑음,단일로 - 횡단보도상,승용,남,72세,상해없음,승용,남,54세,경상
2012041500100196,2012년 4월 15일 10시,일요일,대구광역시 북구 대현동,경상사고,0,0,1,0,차대차 - 측면직각충돌,안전운전불이행,건조,맑음,단일로 - 기타,승용,여,40세,상해없음,자전거,여,47세,경상
2012041500100217,2012년 4월 15일 11시,일요일,대구광역시 동구 용계동,경상사고,0,0,1,0,차대차 - 기타,안전거리미확보,건조,맑음,단일로 - 기타,승용,남,38세,상해없음,승용,남,80세,상해없음
2012041500100218,2012년 4월 15일 11시,일요일,대구광역시 북구 산격동,중상사고,0,1,0,0,차대차 - 측면직각충돌,안전운전불이행,건조,맑음,교차로 - 교차로부근,승용,남,40세,상해없음,원동기,남,16세,중상
2012041500100219,2012년 4월 15일 11시,일요일,대구광역시 서구 비산동,경상사고,0,0,1,0,차대차 - 기타,신호위반,건조,맑음,교차로 - 교차로안,승용,남,72세,상해없음,승용,남,27세,경상
2012041500100246,2012년 4월 15일 12시,일요일,대구광역시 중구 태평로3가,경상사고,0,0,2,0,차대차 - 기타,안전거리미확보,건조,맑음,단일로 - 기타,화물,남,26세,상해없음,화물,남,36세,상해없음
2012041500100272,2012년 4월 15일 13시,일요일,대구광역시 북구 노원동2가,부상신고사고,0,0,0,1,차대차 - 추돌 - 주정차중,안전운전불이행,건조,맑음,단일로 - 기타,이륜,남,59세,부상신고,승용,남,31세,상해없음
2012041500100273,2012년 4월 15일 13시,일요일,대구광역시 중구 동성로2가,부상신고사고,0,0,0,1,차대사람 - 보도통행중,안전운전불이행,건조,맑음,단일로 - 기타,승용,기타불명,기타불명,기타불명,보행자,여,18세,부상신고
2012041500100298,2012년 4월 15일 14시,일요일,대구광역시 동구 율하동,경상사고,0,0,1,0,차대차 - 기타,안전운전불이행,건조,맑음,기타 - 기타,승용,남,31세,기타불명,승용,여,45세,경상
2012041500100299,2012년 4월 15일 14시,일요일,대구광역시 북구 산격동,경상사고,0,0,2,0,차대차 - 측면직각충돌,중앙선침범,건조,맑음,교차로 - 교차로부근,승용,남,24세,상해없음,승용,남,31세,경상
2012041500100334,2012년 4월 15일 15시,일요일,대구광역시 동구 용계동,경상사고,0,0,2,0,차대차 - 측면직각충돌,안전운전불이행,건조,맑음,교차로 - 교차로안,승용,여,52세,상해없음,승용,여,30세,경상
2012041500100335,2012년 4월 15일 15시,일요일,대구광역시 달서구 도원동,중상사고,0,1,0,0,차대차 - 추돌 - 진행중,안전운전불이행,건조,맑음,단일로 - 기타,이륜,남,58세,중상,승용,남,49세,상해없음
2012041500100336,2012년 4월 15일 15시,일요일,대구광역시 서구 중리동,중상사고,0,1,1,0,차대차 - 측면직각충돌,교차로운행방법위반,건조,맑음,교차로 - 교차로안,승용,남,58세,상해없음,승용,남,42세,중상
2012041500100337,2012년 4월 15일 15시,일요일,대구광역시 중구 공평동,중상사고,0,1,0,0,차대차 - 기타,안전거리미확보,건조,맑음,단일로 - 기타,승용,남,25세,상해없음,이륜,남,18세,중상
2012041500100361,2012년 4월 15일 16시,일요일,대구광역시 동구 효목동,중상사고,0,1,0,0,차대사람 - 기타,기타,건조,맑음,기타 - 기타,승용,남,50세,상해없음,보행자,남,23세,중상
2012041500100362,2012년 4월 15일 16시,일요일,대구광역시 수성구 범어동,중상사고,0,2,2,0,차대차 - 측면직각충돌,교차로운행방법위반,건조,맑음,교차로 - 교차로안,승용,여,28세,상해없음,승용,여,37세,중상
2012041500100363,2012년 4월 15일 16시,일요일,대구광역시 달서구 송현동,경상사고,0,0,1,0,차대차 - 추돌 - 주정차중,안전운전불이행,건조,맑음,교차로 - 교차로부근,원동기,남,17세,상해없음,승용,남,45세,경상
2012041500100364,2012년 4월 15일 16시,일요일,대구광역시 서구 비산동,경상사고,0,0,1,0,차대차 - 추돌 - 진행중,안전운전불이행,건조,맑음,단일로 - 기타,승용,남,52세,상해없음,승용,남,50세,경상
2012041500100397,2012년 4월 15일 17시,일요일,대구광역시 수성구 수성동1가,경상사고,0,0,1,0,차대차 - 기타,안전운전불이행,건조,맑음,단일로 - 기타,기타불명,기타불명,기타불명,기타불명,자전거,여,51세,경상
2012041500100398,2012년 4월 15일 17시,일요일,대구광역시 달서구 두류동,중상사고,0,1,0,0,차대차 - 측면직각충돌,안전운전불이행,건조,맑음,교차로 - 교차로안,승용,남,22세,상해없음,이륜,남,49세,중상
2012041500100421,2012년 4월 15일 18시,일요일,대구광역시 동구 효목동,경상사고,0,0,1,0,차대차 - 기타,안전운전불이행,건조,맑음,단일로 - 기타,승용,남,72세,상해없음,자전거,남,55세,경상
2012041500100422,2012년 4월 15일 18시,일요일,대구광역시 수성구 중동,중상사고,0,1,0,0,차대차 - 기타,교차로운행방법위반,건조,맑음,단일로 - 기타,승용,여,41세,상해없음,자전거,남,24세,중상
2012041500100423,2012년 4월 15일 18시,일요일,대구광역시 수성구 상동,경상사고,0,0,1,0,차대차 - 기타,안전운전불이행,건조,맑음,교차로 - 교차로부근,승용,남,65세,상해없음,승용,여,41세,경상
2012041500100424,2012년 4월 15일 18시,일요일,대구광역시 달성군 하빈면,경상사고,0,0,1,0,차대차 - 측면직각충돌,차로위반,건조,맑음,단일로 - 기타,승용,남,25세,상해없음,승용,남,31세,상해없음
2012041500100425,2012년 4월 15일 18시,일요일,대구광역시 달서구 호산동,부상신고사고,0,0,0,1,차대차 - 측면직각충돌,신호위반,건조,맑음,단일로 - 횡단보도상,자전거,남,10세,부상신고,승용,남,62세,상해없음
2012041500100454,2012년 4월 15일 19시,일요일,대구광역시 북구 검단동,중상사고,0,1,0,0,차량단독 - 기타,안전운전불이행,건조,맑음,단일로 - 기타,자전거,남,56세,중상,,,,
2012041500100479,2012년 4월 15일 20시,일요일,대구광역시 서구 내당동,경상사고,0,0,1,0,차대차 - 기타,차로위반,건조,맑음,단일로 - 기타,승용,여,33세,상해없음,승용,남,36세,경상
2012041500100503,2012년 4월 15일 21시,일요일,대구광역시 달성군 논공읍,중상사고,0,1,0,0,차대사람 - 횡단중,안전운전불이행,건조,맑음,단일로 - 기타,승용,남,46세,상해없음,보행자,남,64세,중상
2012041500100504,2012년 4월 15일 21시,일요일,대구광역시 북구 노원동1가,중상사고,0,1,0,0,차대차 - 측면직각충돌,신호위반,건조,맑음,교차로 - 교차로안,이륜,남,57세,중상,승용,남,54세,상해없음
2012041500100505,2012년 4월 15일 21시,일요일,대구광역시 서구 평리동,경상사고,0,0,1,0,차대차 - 추돌 - 주정차중,안전운전불이행,건조,맑음,단일로 - 기타,승용,남,29세,기타불명,승용,남,26세,경상
2012041500100555,2012년 4월 15일 23시,일요일,대구광역시 수성구 범물동,중상사고,0,1,3,0,차대차 - 측면직각충돌,중앙선침범,건조,맑음,단일로 - 기타,승용,여,39세,상해없음,승용,남,46세,경상
2012041600100023,2012년 4월 16일 02시,월요일,대구광역시 북구 동천동,사망사고,1,0,0,0,차대차 - 추돌 - 주정차중,중앙선침범,건조,맑음,단일로 - 기타,승용,남,33세,사망,건설기계,남,42세,기타불명
2012041600100024,2012년 4월 16일 02시,월요일,대구광역시 달서구 신당동,경상사고,0,0,1,0,차대사람 - 기타,안전운전불이행,건조,맑음,단일로 - 기타,이륜,기타불명,기타불명,기타불명,보행자,여,52세,경상
2012041600100030,2012년 4월 16일 03시,월요일,대구광역시 중구 동인동1가,경상사고,0,0,4,0,차대차 - 추돌 - 진행중,기타,건조,맑음,단일로 - 기타,승용,남,65세,경상,승용,남,29세,경상
2012041600100042,2012년 4월 16일 05시,월요일,대구광역시 북구 노원동1가,중상사고,0,1,0,0,차대차 - 기타,안전운전불이행,건조,맑음,교차로 - 교차로부근,승용,남,44세,상해없음,원동기,여,56세,중상
2012041600100082,2012년 4월 16일 07시,월요일,대구광역시 달서구 대천동,중상사고,0,1,0,0,차대차 - 측면직각충돌,교차로운행방법위반,건조,맑음,교차로 - 교차로안,승용,남,50세,상해없음,원동기,남,30세,중상
2012041600100083,2012년 4월 16일 07시,월요일,대구광역시 북구 태전동,경상사고,0,0,1,1,차대차 - 정면충돌,안전운전불이행,건조,맑음,단일로 - 기타,승용,남,23세,부상신고,승용,여,46세,경상
2012041600100084,2012년 4월 16일 07시,월요일,대구광역시 중구 태평로1가,중상사고,0,1,0,0,차대사람 - 기타,안전운전불이행,건조,맑음,교차로 - 교차로부근,승용,남,31세,상해없음,보행자,남,15세,중상
2012041600100118,2012년 4월 16일 08시,월요일,대구광역시 북구 동천동,경상사고,0,0,1,0,차대차 - 측면직각충돌,안전거리미확보,건조,맑음,단일로 - 기타,승용,남,55세,상해없음,이륜,남,31세,경상
2012041600100119,2012년 4월 16일 08시,월요일,대구광역시 달서구 신당동,경상사고,0,0,3,0,차대차 - 측면직각충돌,안전거리미확보,건조,맑음,단일로 - 기타,승용,여,56세,경상,승용,여,37세,경상
2012041600100176,2012년 4월 16일 10시,월요일,대구광역시 동구 방촌동,중상사고,0,1,0,0,차대차 - 측면직각충돌,안전운전불이행,건조,맑음,단일로 - 기타,승용,남,55세,상해없음,자전거,남,72세,중상
2012041600100177,2012년 4월 16일 10시,월요일,대구광역시 동구 방촌동,경상사고,0,0,1,0,차대차 - 측면직각충돌,안전운전불이행,건조,맑음,교차로 - 교차로부근,승용,여,41세,상해없음,자전거,여,67세,경상
2012041600100178,2012년 4월 16일 10시,월요일,대구광역시 수성구 범어동,중상사고,0,1,0,0,차대차 - 기타,안전운전불이행,건조,맑음,단일로 - 기타,승용,남,33세,상해없음,자전거,여,56세,중상
2012041600100238,2012년 4월 16일 12시,월요일,대구광역시 동구 신천동,경상사고,0,0,1,0,차대차 - 추돌 - 진행중,안전운전불이행,건조,맑음,단일로 - 기타,승용,여,47세,상해없음,승용,여,52세,경상
2012041600100239,2012년 4월 16일 12시,월요일,대구광역시 수성구 황금동,경상사고,0,0,1,0,차대사람 - 횡단중,안전운전불이행,건조,맑음,단일로 - 기타,승용,남,38세,상해없음,보행자,남,8세,경상
2012041600100240,2012년 4월 16일 12시,월요일,대구광역시 북구 읍내동,중상사고,0,1,0,0,차대사람 - 횡단중,보행자보호의무위반,건조,맑음,단일로 - 횡단보도상,승용,남,34세,상해없음,보행자,여,89세,중상
2012041600100241,2012년 4월 16일 12시,월요일,대구광역시 북구 칠성동2가,중상사고,0,1,0,0,차대사람 - 기타,안전운전불이행,건조,맑음,교차로 - 교차로안,화물,남,53세,상해없음,보행자,여,74세,중상
2012041600100268,2012년 4월 16일 13시,월요일,대구광역시 달서구 도원동,경상사고,0,0,1,0,차대차 - 추돌 - 주정차중,안전운전불이행,건조,맑음,단일로 - 기타,승용,여,42세,상해없음,화물,남,44세,경상
2012041600100269,2012년 4월 16일 13시,월요일,대구광역시 달성군 논공읍,중상사고,0,1,0,0,차대차 - 기타,중앙선침범,건조,맑음,단일로 - 기타,승용,여,37세,중상,승용,남,51세,상해없음
2012041600100295,2012년 4월 16일 14시,월요일,대구광역시 동구 용계동,중상사고,0,1,0,0,차대차 - 기타,안전운전불이행,건조,맑음,단일로 - 기타,이륜,남,71세,상해없음,자전거,여,49세,중상
2012041600100296,2012년 4월 16일 14시,월요일,대구광역시 달서구 상인동,경상사고,0,0,1,0,차량단독 - 기타,기타,건조,맑음,단일로 - 기타,승합,남,35세,상해없음,,,,
2012041600100297,2012년 4월 16일 14시,월요일,대구광역시 중구 북성로1가,중상사고,0,1,0,0,차대차 - 기타,중앙선침범,건조,맑음,단일로 - 기타,화물,남,64세,상해없음,자전거,남,73세,중상
2012041600100298,2012년 4월 16일 14시,월요일,대구광역시 중구 사일동,중상사고,0,1,0,0,차대차 - 기타,안전운전불이행,건조,맑음,단일로 - 기타,승용,남,69세,상해없음,승용,여,32세,중상
2012041600100336,2012년 4월 16일 15시,월요일,대구광역시 남구 봉덕동,경상사고,0,0,1,0,차대사람 - 기타,안전운전불이행,건조,맑음,단일로 - 교량,화물,남,59세,상해없음,보행자,여,69세,경상
2012041600100337,2012년 4월 16일 15시,월요일,대구광역시 동구 신천동,경상사고,0,0,1,0,차대차 - 추돌 - 진행중,안전운전불이행,건조,맑음,단일로 - 기타,승용,남,55세,상해없음,승용,남,24세,경상
2012041600100338,2012년 4월 16일 15시,월요일,대구광역시 달서구 도원동,경상사고,0,0,1,0,차대차 - 기타,안전운전불이행,건조,맑음,단일로 - 횡단보도상,승용,여,40세,상해없음,자전거,남,77세,경상
2012041600100372,2012년 4월 16일 16시,월요일,대구광역시 남구 봉덕동,중상사고,0,1,0,0,차대차 - 추돌 - 주정차중,안전운전불이행,건조,맑음,단일로 - 기타,승용,남,46세,기타불명,승용,남,56세,중상