사고번호,사고일시,요일,시군구,사고내용,사망자수,중상자수,경상자수,부상신고자수,사고유형,법규위반,노면상태,기상상태,도로형태,가해운전자 차종,가해운전자 성별,가해운전자 연령,가해운전자 상해정도,피해운전자 차종,피해운전자 성별,피해운전자 연령,피해운전자 상해정도
2012041600100373,2012년 4월 16일 16시,월요일,대구광역시 달서구 본동,중상사고,0,1,0,0,차대사람 - 기타,안전운전불이행,건조,맑음,기타 - 기타,승용,남,36세,상해없음,보행자,남,5세,중상
2012041600100374,2012년 4월 16일 16시,월요일,대구광역시 달서구 용산동,경상사고,0,0,1,0,차대사람 - 횡단중,안전운전불이행,건조,맑음,단일로 - 기타,승용,여,44세,상해없음,보행자,남,10세,경상
2012041600100399,2012년 4월 16일 17시,월요일,대구광역시 북구 태전동,중상사고,0,1,0,0,차대사람 - 기타,안전운전불이행,건조,맑음,단일로 - 기타,화물,남,52세,상해없음,보행자,남,19세,중상
2012041600100400,2012년 4월 16일 17시,월요일,대구광역시 중구 동인동1가,경상사고,0,0,1,0,차대차 - 기타,안전운전불이행,건조,맑음,기타 - 기타,화물,남,57세,상해없음,자전거,남,69세,경상
2012041600100436,2012년 4월 16일 18시,월요일,대구광역시 북구 서변동,경상사고,0,0,1,0,차량단독 - 공작물충돌,안전운전불이행,건조,맑음,단일로 - 기타,이륜,남,17세,경상,,,,
2012041600100437,2012년 4월 16일 18시,월요일,대구광역시 북구 침산동,경상사고,0,0,1,0,차대차 - 기타,안전거리미확보,건조,맑음,단일로 - 기타,화물,남,57세,상해없음,승용,남,42세,상해없음
2012041600100438,2012년 4월 16일 18시,월요일,대구광역시 서구 평리동,중상사고,0,1,0,0,차대차 - 기타,안전거리미확보,건조,맑음,단일로 - 기타,승용,남,29세,상해없음,원동기,남,29세,중상
2012041600100439,2012년 4월 16일 18시,월요일,대구광역시 중구 남산동,경상사고,0,0,1,0,차대차 - 측면직각충돌,안전거리미확보,건조,맑음,단일로 - 기타,이륜,남,22세,상해없음,승용,여,39세,상해없음
2012041600100473,2012년 4월 16일 19시,월요일,대구광역시 동구 효목동,경상사고,0,0,1,0,차대차 - 기타,안전운전불이행,건조,맑음,단일로 - 기타,승용,남,65세,상해없음,자전거,남,30세,경상
2012041600100474,2012년 4월 16일 19시,월요일,대구광역시 달성군 구지면,경상사고,0,0,1,0,차대차 - 추돌 - 진행중,안전운전불이행,건조,맑음,단일로 - 기타,화물,남,53세,상해없음,승용,남,37세,경상
2012041600100504,2012년 4월 16일 20시,월요일,대구광역시 동구 신암동,경상사고,0,0,1,0,차대사람 - 차도통행중,안전운전불이행,건조,맑음,단일로 - 기타,승용,여,40세,상해없음,보행자,남,68세,경상
2012041600100505,2012년 4월 16일 20시,월요일,대구광역시 수성구 연호동,중상사고,0,1,0,0,차대차 - 측면직각충돌,교차로운행방법위반,건조,맑음,교차로 - 교차로안,승용,여,53세,상해없음,승용,남,44세,중상
2012041600100506,2012년 4월 16일 20시,월요일,대구광역시 수성구 상동,경상사고,0,0,1,0,차대차 - 추돌 - 주정차중,안전운전불이행,건조,맑음,단일로 - 기타,승용,남,46세,기타불명,승용,여,34세,경상
2012041600100507,2012년 4월 16일 20시,월요일,대구광역시 북구 칠성동2가,경상사고,0,0,1,0,차대차 - 측면직각충돌,안전운전불이행,건조,맑음,교차로 - 교차로부근,화물,남,58세,상해없음,자전거,남,24세,경상
2012041600100508,2012년 4월 16일 20시,월요일,대구광역시 북구 서변동,경상사고,0,0,1,0,차대사람 - 횡단중,보행자보호의무위반,건조,맑음,교차로 - 교차로부근,승용,여,30세,상해없음,보행자,남,40세,경상
2012041600100565,2012년 4월 16일 22시,월요일,대구광역시 동구 신천동,중상사고,0,1,0,0,차대사람 - 횡단중,안전운전불이행,건조,맑음,교차로 - 교차로부근,승용,남,27세,상해없음,보행자,남,17세,중상
2012041600100566,2012년 4월 16일 22시,월요일,대구광역시 서구 원대동1가,중상사고,0,1,0,0,차대차 - 기타,안전운전불이행,건조,맑음,단일로 - 기타,승용,남,24세,상해없음,자전거,남,32세,중상
2012041600100567,2012년 4월 16일 22시,월요일,대구광역시 서구 비산동,경상사고,0,0,1,0,차대차 - 추돌 - 진행중,안전운전불이행,건조,맑음,단일로 - 기타,화물,남,35세,상해없음,승용,남,30세,경상
2012041600100568,2012년 4월 16일 22시,월요일,대구광역시 달서구 신당동,경상사고,0,0,3,0,차대차 - 추돌 - 진행중,안전거리미확보,건조,맑음,단일로 - 기타,승용,남,62세,경상,승용,남,27세,경상
2012041600100593,2012년 4월 16일 23시,월요일,대구광역시 남구 대명동,경상사고,0,0,2,0,차대차 - 추돌 - 주정차중,안전운전불이행,건조,맑음,단일로 - 기타,승용,여,49세,상해없음,승용,남,56세,경상
2012041600100594,2012년 4월 16일 23시,월요일,대구광역시 수성구 두산동,중상사고,0,1,0,0,차대차 - 측면직각충돌,안전운전불이행,건조,맑음,단일로 - 기타,승용,남,35세,상해없음,원동기,여,43세,중상
2012041600100595,2012년 4월 16일 23시,월요일,대구광역시 달서구 이곡동,경상사고,0,0,1,0,차대차 - 추돌 - 진행중,안전운전불이행,건조,맑음,교차로 - 교차로부근,승용,여,39세,상해없음,승용,남,37세,경상
2012041700100066,2012년 4월 17일 05시,화요일,대구광역시 달서구 본동,중상사고,0,1,0,0,차대사람 - 횡단중,안전운전불이행,건조,맑음,교차로 - 교차로부근,승용,남,27세,상해없음,보행자,남,45세,중상
2012041700100067,2012년 4월 17일 05시,화요일,대구광역시 달서구 송현동,경상사고,0,0,2,0,차대차 - 기타,중앙선침범,건조,맑음,단일로 - 기타,승용,남,27세,상해없음,승용,여,42세,경상
2012041700100081,2012년 4월 17일 06시,화요일,대구광역시 달성군 다사읍,경상사고,0,0,1,0,차대차 - 기타,신호위반,건조,맑음,교차로 - 교차로안,승용,남,38세,상해없음,승용,남,48세,경상
2012041700100114,2012년 4월 17일 07시,화요일,대구광역시 수성구 상동,경상사고,0,0,1,0,차대차 - 기타,안전운전불이행,건조,맑음,단일로 - 기타,승용,여,42세,상해없음,승용,여,44세,경상
2012041700100183,2012년 4월 17일 09시,화요일,대구광역시 북구 칠성동1가,경상사고,0,0,1,0,차대사람 - 길가장자리구역통행중,안전운전불이행,건조,맑음,단일로 - 기타,화물,여,47세,상해없음,보행자,남,51세,경상
2012041700100219,2012년 4월 17일 10시,화요일,대구광역시 달서구 본동,경상사고,0,0,1,0,차대사람 - 길가장자리구역통행중,안전운전불이행,건조,맑음,교차로 - 교차로부근,승용,여,49세,상해없음,보행자,여,30세,경상
2012041700100240,2012년 4월 17일 11시,화요일,대구광역시 달성군 다사읍,사망사고,1,0,0,0,차대차 - 기타,안전운전불이행,건조,맑음,교차로 - 교차로안,원동기,남,76세,상해없음,자전거,여,72세,사망
2012041700100286,2012년 4월 17일 13시,화요일,대구광역시 동구 신암동,경상사고,0,0,1,0,차대차 - 추돌 - 진행중,안전운전불이행,건조,맑음,단일로 - 기타,승용,남,48세,상해없음,이륜,여,59세,경상
2012041700100351,2012년 4월 17일 15시,화요일,대구광역시 달서구 송현동,경상사고,0,0,1,0,차대차 - 측면직각충돌,안전운전불이행,건조,맑음,단일로 - 기타,승용,여,53세,상해없음,자전거,남,79세,경상
2012041700100352,2012년 4월 17일 15시,화요일,대구광역시 달성군 현풍면,중상사고,0,1,0,0,차대사람 - 기타,안전운전불이행,건조,맑음,교차로 - 교차로안,승용,여,57세,상해없음,보행자,여,82세,중상
2012041700100353,2012년 4월 17일 15시,화요일,대구광역시 달서구 장기동,경상사고,0,0,3,0,차대차 - 기타,안전운전불이행,건조,맑음,단일로 - 기타,승용,남,49세,상해없음,승용,남,42세,경상
2012041700100417,2012년 4월 17일 17시,화요일,대구광역시 수성구 수성동1가,중상사고,0,1,0,0,차대사람 - 기타,안전운전불이행,건조,맑음,단일로 - 기타,화물,남,51세,상해없음,보행자,여,14세,중상
2012041700100418,2012년 4월 17일 17시,화요일,대구광역시 북구 학정동,경상사고,0,0,1,0,차대차 - 기타,기타,건조,맑음,단일로 - 기타,승용,여,42세,상해없음,자전거,여,45세,경상
2012041700100450,2012년 4월 17일 18시,화요일,대구광역시 수성구 지산동,경상사고,0,0,1,0,차대사람 - 횡단중,안전운전불이행,건조,맑음,단일로 - 기타,승용,여,26세,상해없음,보행자,남,11세,경상
2012041700100451,2012년 4월 17일 18시,화요일,대구광역시 북구 동천동,경상사고,0,0,2,0,차대차 - 측면직각충돌,안전운전불이행,건조,맑음,기타 - 기타,승용,여,39세,경상,승용,여,32세,경상
2012041700100482,2012년 4월 17일 19시,화요일,대구광역시 동구 신기동,중상사고,0,1,0,0,차대사람 - 횡단중,보행자보호의무위반,건조,맑음,단일로 - 횡단보도상,승용,여,37세,상해없음,보행자,남,62세,중상
2012041700100483,2012년 4월 17일 19시,화요일,대구광역시 북구 태전동,경상사고,0,0,1,0,차대사람 - 횡단중,신호위반,건조,맑음,단일로 - 횡단보도상,화물,남,35세,상해없음,보행자,남,32세,경상
2012041700100507,2012년 4월 17일 20시,화요일,대구광역시 북구 사수동,중상사고,0,1,0,0,차대차 - 기타,안전거리미확보,건조,맑음,교차로 - 교차로부근,화물,남,43세,상해없음,이륜,남,31세,중상
2012041700100536,2012년 4월 17일 21시,화요일,대구광역시 달서구 월성동,중상사고,0,1,0,0,차대사람 - 횡단중,안전운전불이행,건조,맑음,단일로 - 기타,승용,남,36세,상해없음,보행자,남,44세,중상
2012041700100537,2012년 4월 17일 21시,화요일,대구광역시 달서구 장동,경상사고,0,0,1,0,차대차 - 기타,안전운전불이행,건조,맑음,단일로 - 기타,자전거,남,57세,경상,승용,남,42세,상해없음
2012041700100538,2012년 4월 17일 21시,화요일,대구광역시 달서구 이곡동,경상사고,0,0,1,0,차대차 - 추돌 - 주정차중,안전운전불이행,건조,맑음,교차로 - 교차로안,승용,여,46세,상해없음,승용,여,53세,경상
2012041700100570,2012년 4월 17일 22시,화요일,대구광역시 동구 방촌동,경상사고,0,0,1,0,차대차 - 기타,신호위반,건조,맑음,교차로 - 교차로안,이륜,남,16세,상해없음,이륜,남,17세,경상
2012041700100571,2012년 4월 17일 22시,화요일,대구광역시 수성구 신매동,중상사고,0,1,0,0,차대차 - 기타,안전운전불이행,건조,맑음,단일로 - 기타,승용,남,56세,상해없음,자전거,남,14세,중상
2012041700100609,2012년 4월 17일 23시,화요일,대구광역시 북구 복현동,경상사고,0,0,1,0,차대사람 - 기타,안전운전불이행,건조,맑음,단일로 - 기타,이륜,남,17세,상해없음,보행자,여,50세,경상
2012041700100610,2012년 4월 17일 23시,화요일,대구광역시 북구 동호동,경상사고,0,0,1,0,차량단독 - 공작물충돌,안전운전불이행,건조,맑음,단일로 - 교량,승용,남,49세,경상,,,,
2012041800100021,2012년 4월 18일 00시,수요일,대구광역시 수성구 중동,중상사고,0,2,0,0,차대차 - 추돌 - 주정차중,안전운전불이행,건조,맑음,단일로 - 기타,승용,남,32세,상해없음,승용,남,40세,중상
2012041800100022,2012년 4월 18일 00시,수요일,대구광역시 달서구 송현동,중상사고,0,1,0,0,차대사람 - 길가장자리구역통행중,안전운전불이행,건조,맑음,단일로 - 기타,승용,남,29세,상해없음,보행자,남,40세,중상
2012041800100034,2012년 4월 18일 01시,수요일,대구광역시 서구 내당동,경상사고,0,0,1,0,차대차 - 측면직각충돌,안전거리미확보,건조,맑음,단일로 - 기타,승용,남,22세,상해없음,자전거,남,23세,경상
2012041800100056,2012년 4월 18일 03시,수요일,대구광역시 서구 상리동,경상사고,0,0,2,0,차대차 - 추돌 - 주정차중,안전운전불이행,건조,맑음,단일로 - 기타,승용,남,44세,상해없음,승용,남,30세,경상
2012041800100076,2012년 4월 18일 05시,수요일,대구광역시 달서구 성당동,중상사고,0,1,0,0,차대차 - 측면직각충돌,안전거리미확보,건조,맑음,단일로 - 기타,승용,남,44세,상해없음,승용,남,29세,중상
2012041800100107,2012년 4월 18일 07시,수요일,대구광역시 남구 대명동,중상사고,0,1,0,0,차대차 - 기타,안전운전불이행,건조,맑음,단일로 - 기타,승용,남,28세,상해없음,이륜,남,64세,중상
2012041800100108,2012년 4월 18일 07시,수요일,대구광역시 서구 내당동,중상사고,0,1,0,0,차대차 - 기타,안전운전불이행,건조,맑음,단일로 - 기타,승용,남,39세,상해없음,승용,남,57세,상해없음
2012041800100136,2012년 4월 18일 08시,수요일,대구광역시 달서구 송현동,경상사고,0,0,1,0,차대차 - 측면직각충돌,안전운전불이행,건조,맑음,교차로 - 교차로안,원동기,여,62세,경상,승용,남,31세,상해없음
2012041800100137,2012년 4월 18일 08시,수요일,대구광역시 달성군 현풍면,경상사고,0,0,1,0,차대차 - 기타,직진우회전진행방해,건조,맑음,교차로 - 교차로안,승용,여,49세,상해없음,이륜,남,57세,경상
2012041800100138,2012년 4월 18일 08시,수요일,대구광역시 북구 대현동,경상사고,0,0,1,0,차대차 - 측면직각충돌,불법유턴,건조,맑음,단일로 - 기타,화물,남,42세,상해없음,승용,남,44세,경상
2012041800100139,2012년 4월 18일 08시,수요일,대구광역시 북구 산격동,경상사고,0,0,1,0,차대사람 - 기타,안전운전불이행,건조,맑음,기타 - 기타,화물,남,44세,기타불명,보행자,남,8세,경상
2012041800100140,2012년 4월 18일 08시,수요일,대구광역시 서구 비산동,경상사고,0,0,1,0,차대차 - 측면직각충돌,안전거리미확보,건조,맑음,단일로 - 기타,화물,남,22세,상해없음,화물,남,29세,경상
2012041800100141,2012년 4월 18일 08시,수요일,대구광역시 중구 태평로1가,경상사고,0,0,3,0,차대차 - 추돌 - 진행중,안전거리미확보,건조,맑음,교차로 - 교차로부근,승용,남,49세,상해없음,승용,남,39세,경상
2012041800100170,2012년 4월 18일 09시,수요일,대구광역시 서구 비산동,부상신고사고,0,0,0,1,차대차 - 측면직각충돌,안전운전불이행,건조,맑음,단일로 - 기타,승용,여,32세,부상신고,승합,남,54세,상해없음
2012041800100192,2012년 4월 18일 10시,수요일,대구광역시 수성구 황금동,중상사고,0,1,0,0,차대차 - 측면직각충돌,중앙선침범,건조,맑음,단일로 - 기타,승용,여,36세,상해없음,승용,여,43세,중상
2012041800100193,2012년 4월 18일 10시,수요일,대구광역시 북구 산격동,경상사고,0,0,1,0,차대차 - 기타,안전운전불이행,건조,맑음,단일로 - 기타,승용,남,61세,상해없음,화물,남,64세,경상
2012041800100213,2012년 4월 18일 11시,수요일,대구광역시 동구 용계동,중상사고,0,1,0,0,차대사람 - 보도통행중,보행자보호의무위반,건조,맑음,단일로 - 횡단보도상,승용,남,63세,상해없음,보행자,여,65세,중상
2012041800100214,2012년 4월 18일 11시,수요일,대구광역시 북구 구암동,경상사고,0,0,1,0,차대차 - 측면직각충돌,신호위반,건조,맑음,교차로 - 교차로안,승용,남,71세,상해없음,승용,남,36세,경상
2012041800100249,2012년 4월 18일 12시,수요일,대구광역시 동구 방촌동,경상사고,0,0,1,0,차대차 - 기타,안전운전불이행,건조,맑음,단일로 - 기타,화물,남,53세,상해없음,자전거,여,52세,경상
2012041800100250,2012년 4월 18일 12시,수요일,대구광역시 수성구 두산동,경상사고,0,0,2,0,차대차 - 추돌 - 주정차중,교차로운행방법위반,건조,맑음,교차로 - 교차로안,승용,여,55세,상해없음,승용,여,43세,경상
2012041800100251,2012년 4월 18일 12시,수요일,대구광역시 북구 노원동3가,경상사고,0,0,1,0,차대차 - 측면직각충돌,안전운전불이행,건조,맑음,기타 - 기타,화물,남,45세,상해없음,승용,남,54세,경상
2012041800100252,2012년 4월 18일 12시,수요일,대구광역시 중구 남산동,경상사고,0,0,1,0,차대차 - 기타,기타,건조,맑음,단일로 - 기타,승용,남,59세,상해없음,이륜,남,41세,경상
2012041800100278,2012년 4월 18일 13시,수요일,대구광역시 달서구 월암동,경상사고,0,0,2,0,차대차 - 측면직각충돌,직진우회전진행방해,건조,맑음,교차로 - 교차로안,승용,남,18세,기타불명,승용,남,30세,경상
2012041800100314,2012년 4월 18일 14시,수요일,대구광역시 달서구 용산동,경상사고,0,0,3,0,차대차 - 추돌 - 주정차중,안전운전불이행,건조,맑음,단일로 - 횡단보도부근,화물,남,43세,상해없음,승용,남,59세,경상
2012041800100346,2012년 4월 18일 15시,수요일,대구광역시 수성구 범어동,경상사고,0,0,3,0,차대차 - 추돌 - 진행중,안전운전불이행,건조,맑음,단일로 - 기타,승용,남,43세,상해없음,화물,남,59세,경상
2012041800100347,2012년 4월 18일 15시,수요일,대구광역시 중구 동산동,중상사고,0,1,0,0,차대차 - 기타,안전운전불이행,건조,맑음,단일로 - 기타,화물,남,29세,상해없음,이륜,남,19세,중상
2012041800100348,2012년 4월 18일 15시,수요일,대구광역시 중구 서성로1가,경상사고,0,0,1,0,차대차 - 기타,안전거리미확보,건조,맑음,단일로 - 기타,승용,남,70세,상해없음,승용,남,48세,경상
2012041800100374,2012년 4월 18일 16시,수요일,대구광역시 수성구 지산동,경상사고,0,0,2,0,차대차 - 추돌 - 진행중,안전운전불이행,건조,흐림,단일로 - 기타,승용,남,28세,상해없음,승용,여,32세,경상
2012041800100400,2012년 4월 18일 17시,수요일,대구광역시 수성구 범어동,중상사고,0,1,0,0,차대사람 - 기타,안전운전불이행,건조,맑음,단일로 - 기타,승용,여,42세,상해없음,보행자,여,43세,중상
2012041800100401,2012년 4월 18일 17시,수요일,대구광역시 북구 산격동,중상사고,0,1,0,0,차대사람 - 기타,기타,건조,맑음,단일로 - 기타,승합,남,57세,상해없음,보행자,남,63세,중상
2012041800100402,2012년 4월 18일 17시,수요일,대구광역시 북구 조야동,경상사고,0,0,1,0,차대차 - 기타,안전거리미확보,건조,맑음,단일로 - 기타,승용,남,31세,상해없음,승용,남,47세,경상
2012041800100403,2012년 4월 18일 17시,수요일,대구광역시 북구 관음동,경상사고,0,0,1,0,차대사람 - 기타,안전운전불이행,건조,맑음,단일로 - 기타,승용,남,51세,상해없음,보행자,남,6세,경상
2012041800100439,2012년 4월 18일 18시,수요일,대구광역시 중구 달성동,중상사고,0,1,0,0,차대차 - 기타,직진우회전진행방해,건조,맑음,교차로 - 교차로안,승용,남,54세,상해없음,이륜,남,43세,중상
2012041800100440,2012년 4월 18일 18시,수요일,대구광역시 달서구 장기동,경상사고,0,0,1,0,차대차 - 측면직각충돌,안전운전불이행,건조,맑음,기타 - 기타,승용,남,60세,기타불명,자전거,남,22세,경상
2012041800100471,2012년 4월 18일 19시,수요일,대구광역시 서구 내당동,부상신고사고,0,0,0,1,차대차 - 측면직각충돌,안전거리미확보,건조,맑음,단일로 - 기타,이륜,남,47세,부상신고,화물,남,51세,상해없음
2012041800100472,2012년 4월 18일 19시,수요일,대구광역시 달서구 성당동,중상사고,0,1,0,0,차대사람 - 기타,기타,건조,맑음,단일로 - 기타,승용,여,23세,상해없음,보행자,여,53세,중상
2012041800100473,2012년 4월 18일 19시,수요일,대구광역시 달서구 두류동,경상사고,0,0,1,0,차대차 - 기타,기타,건조,맑음,교차로 - 교차로부근,승용,여,47세,상해없음,화물,남,31세,경상
2012041800100506,2012년 4월 18일 20시,수요일,대구광역시 북구 대현동,경상사고,0,0,1,0,차대차 - 기타,안전운전불이행,건조,맑음,단일로 - 기타,승용,남,60세,상해없음,자전거,남,56세,경상
2012041800100507,2012년 4월 18일 20시,수요일,대구광역시 동구 신암동,경상사고,0,0,1,0,차대차 - 기타,안전운전불이행,건조,맑음,단일로 - 기타,승합,남,64세,상해없음,원동기,남,20세,경상
2012041800100508,2012년 4월 18일 20시,수요일,대구광역시 수성구 범어동,중상사고,0,1,0,0,차대사람 - 기타,안전운전불이행,건조,맑음,단일로 - 기타,승용,여,49세,상해없음,보행자,여,69세,중상
2012041800100539,2012년 4월 18일 21시,수요일,대구광역시 남구 대명동,경상사고,0,0,1,0,차대사람 - 보도통행중,안전운전불이행,건조,맑음,단일로 - 기타,이륜,남,18세,상해없음,보행자,남,52세,경상
2012041800100540,2012년 4월 18일 21시,수요일,대구광역시 달서구 감삼동,경상사고,0,0,1,0,차대차 - 추돌 - 진행중,안전운전불이행,건조,맑음,단일로 - 횡단보도부근,승용,남,52세,기타불명,승용,남,35세,경상
2012041800100578,2012년 4월 18일 22시,수요일,대구광역시 동구 불로동,경상사고,0,0,4,0,차대차 - 측면직각충돌,신호위반,건조,맑음,교차로 - 교차로안,승합,남,57세,상해없음,승용,남,54세,경상
2012041800100579,2012년 4월 18일 22시,수요일,대구광역시 서구 상리동,경상사고,0,0,2,0,차대차 - 추돌 - 진행중,안전운전불이행,건조,맑음,교차로 - 교차로부근,승용,남,48세,상해없음,승용,여,49세,경상
2012041800100617,2012년 4월 18일 23시,수요일,대구광역시 동구 신천동,중상사고,0,1,0,0,차대차 - 기타,교차로운행방법위반,건조,맑음,교차로 - 교차로안,승용,여,45세,상해없음,승용,남,41세,중상
2012041900100022,2012년 4월 19일 00시,목요일,대구광역시 달성군 다사읍,경상사고,0,0,1,0,차대차 - 추돌 - 주정차중,안전거리미확보,건조,맑음,단일로 - 기타,승용,남,54세,상해없음,승용,남,53세,경상
2012041900100046,2012년 4월 19일 01시,목요일,대구광역시 달서구 두류동,경상사고,0,0,1,0,차대사람 - 기타,안전운전불이행,건조,맑음,단일로 - 기타,화물,남,69세,상해없음,보행자,남,23세,경상
2012041900100062,2012년 4월 19일 02시,목요일,대구광역시 서구 중리동,부상신고사고,0,0,0,1,차량단독 - 공작물충돌,안전운전불이행,건조,맑음,단일로 - 기타,자전거,남,37세,부상신고,,,,
2012041900100076,2012년 4월 19일 04시,목요일,대구광역시 달서구 용산동,사망사고,1,0,1,0,차대차 - 추돌 - 진행중,안전운전불이행,건조,맑음,단일로 - 기타,승용,남,41세,상해없음,화물,남,63세,사망
2012041900100100,2012년 4월 19일 06시,목요일,대구광역시 달서구 송현동,경상사고,0,0,1,0,차대차 - 기타,안전운전불이행,건조,맑음,단일로 - 기타,승용,남,38세,상해없음,승용,남,27세,경상
2012041900100119,2012년 4월 19일 07시,목요일,대구광역시 달서구 송현동,중상사고,0,1,0,0,차대차 - 측면직각충돌,안전운전불이행,건조,맑음,단일로 - 기타,승용,남,51세,상해없음,이륜,남,19세,중상
2012041900100120,2012년 4월 19일 07시,목요일,대구광역시 달성군 화원읍,경상사고,0,0,4,0,차대차 - 측면직각충돌,안전운전불이행,건조,맑음,교차로 - 교차로안,승용,여,46세,경상,승용,여,40세,경상
2012041900100121,2012년 4월 19일 07시,목요일,대구광역시 북구 동천동,경상사고,0,0,1,1,차대차 - 측면직각충돌,안전운전불이행,건조,맑음,교차로 - 교차로부근,승용,여,46세,부상신고,승용,남,40세,경상
2012041900100148,2012년 4월 19일 08시,목요일,대구광역시 동구 서호동,경상사고,0,0,1,0,차대차 - 측면직각충돌,안전거리미확보,건조,맑음,단일로 - 기타,승용,남,48세,상해없음,승용,남,41세,경상
2012041900100149,2012년 4월 19일 08시,목요일,대구광역시 수성구 상동,경상사고,0,0,1,0,차대차 - 기타,안전운전불이행,건조,맑음,단일로 - 기타,화물,남,51세,상해없음,승용,여,46세,경상
2012041900100150,2012년 4월 19일 08시,목요일,대구광역시 달성군 화원읍,경상사고,0,0,2,0,차대차 - 측면직각충돌,안전운전불이행,건조,맑음,교차로 - 교차로부근,건설기계,남,42세,경상,승용,여,47세,경상
2012041900100151,2012년 4월 19일 08시,목요일,대구광역시 서구 비산동,부상신고사고,0,0,0,1,차대사람 - 횡단중,안전운전불이행,건조,맑음,단일로 - 기타,자전거,남,42세,부상신고,보행자,남,62세,상해없음
2012041900100152,2012년 4월 19일 08시,목요일,대구광역시 중구 대신동,경상사고,0,0,1,0,차대차 - 추돌 - 주정차중,안전운전불이행,건조,맑음,단일로 - 기타,승용,남,52세,상해없음,승용,여,30세,경상
2012041900100172,2012년 4월 19일 09시,목요일,대구광역시 달서구 상인동,중상사고,0,2,1,0,차대차 - 기타,안전운전불이행,건조,맑음,단일로 - 기타,승용,남,31세,상해없음,승용,남,40세,중상
2012041900100173,2012년 4월 19일 09시,목요일,대구광역시 북구 칠성동2가,경상사고,0,0,2,0,차대사람 - 차도통행중,안전운전불이행,건조,맑음,단일로 - 기타,승용,여,48세,상해없음,보행자,남,60세,경상
2012041900100174,2012년 4월 19일 09시,목요일,대구광역시 서구 비산동,경상사고,0,0,1,0,차대차 - 추돌 - 진행중,안전거리미확보,건조,맑음,단일로 - 기타,승용,남,33세,상해없음,승용,여,42세,경상
2012041900100200,2012년 4월 19일 10시,목요일,대구광역시 달서구 갈산동,경상사고,0,0,1,0,차대차 - 추돌 - 진행중,교차로운행방법위반,건조,맑음,교차로 - 교차로안,승용,남,37세,상해없음,화물,남,25세,경상
2012041900100253,2012년 4월 19일 12시,목요일,대구광역시 동구 지저동,경상사고,0,0,1,0,차대차 - 추돌 - 진행중,안전거리미확보,건조,맑음,단일로 - 교량,승용,남,54세,상해없음,이륜,남,51세,경상
2012041900100254,2012년 4월 19일 12시,목요일,대구광역시 수성구 범어동,경상사고,0,0,1,0,차대차 - 측면직각충돌,교차로운행방법위반,건조,맑음,교차로 - 교차로안,화물,남,24세,상해없음,자전거,남,24세,경상
2012041900100255,2012년 4월 19일 12시,목요일,대구광역시 수성구 중동,중상사고,0,1,0,0,차대차 - 추돌 - 주정차중,중앙선침범,건조,맑음,단일로 - 기타,승용,여,65세,상해없음,승용,남,30세,중상
2012041900100281,2012년 4월 19일 13시,목요일,대구광역시 북구 산격동,중상사고,0,1,0,0,차대차 - 측면직각충돌,안전운전불이행,건조,맑음,교차로 - 교차로부근,승용,남,44세,상해없음,자전거,여,56세,중상
2012041900100282,2012년 4월 19일 13시,목요일,대구광역시 서구 이현동,경상사고,0,0,1,0,차대차 - 측면직각충돌,안전운전불이행,건조,맑음,단일로 - 기타,승용,남,54세,상해없음,자전거,남,64세,경상
2012041900100305,2012년 4월 19일 14시,목요일,대구광역시 남구 봉덕동,경상사고,0,0,2,0,차대차 - 추돌 - 진행중,안전거리미확보,건조,맑음,교차로 - 교차로부근,승합,남,45세,상해없음,승용,남,48세,경상
2012041900100306,2012년 4월 19일 14시,목요일,대구광역시 달성군 옥포면,사망사고,1,2,0,0,차량단독 - 전도전복,안전운전불이행,건조,맑음,단일로 - 기타,승용,남,59세,중상,,,,
2012041900100356,2012년 4월 19일 16시,목요일,대구광역시 북구 읍내동,부상신고사고,0,0,0,1,차대사람 - 횡단중,보행자보호의무위반,건조,맑음,단일로 - 횡단보도상,원동기,남,18세,상해없음,보행자,남,9세,부상신고
2012041900100357,2012년 4월 19일 16시,목요일,대구광역시 서구 평리동,경상사고,0,0,3,0,차대차 - 추돌 - 진행중,안전운전불이행,건조,맑음,단일로 - 기타,승용,여,29세,상해없음,승용,남,24세,경상
2012041900100391,2012년 4월 19일 17시,목요일,대구광역시 수성구 두산동,경상사고,0,0,1,0,차대차 - 추돌 - 진행중,안전운전불이행,건조,맑음,단일로 - 기타,화물,남,72세,기타불명,승용,남,37세,경상
2012041900100392,2012년 4월 19일 17시,목요일,대구광역시 북구 관음동,중상사고,0,1,0,0,차대사람 - 기타,안전운전불이행,건조,맑음,단일로 - 기타,승용,여,56세,상해없음,보행자,여,34세,중상
2012041900100393,2012년 4월 19일 17시,목요일,대구광역시 북구 노원동2가,경상사고,0,0,1,0,차량단독 - 기타,안전운전불이행,건조,맑음,단일로 - 기타,승합,남,38세,상해없음,,,,
2012041900100394,2012년 4월 19일 17시,목요일,대구광역시 서구 내당동,경상사고,0,0,1,0,차대사람 - 차도통행중,안전운전불이행,건조,맑음,단일로 - 기타,화물,남,71세,상해없음,보행자,여,56세,경상
2012041900100395,2012년 4월 19일 17시,목요일,대구광역시 중구 동성로1가,경상사고,0,0,1,0,차대차 - 기타,안전거리미확보,건조,맑음,단일로 - 기타,승용,남,40세,상해없음,승용,남,21세,상해없음