사고번호,사고일시,요일,시군구,사고내용,사망자수,중상자수,경상자수,부상신고자수,사고유형,법규위반,노면상태,기상상태,도로형태,가해운전자 차종,가해운전자 성별,가해운전자 연령,가해운전자 상해정도,피해운전자 차종,피해운전자 성별,피해운전자 연령,피해운전자 상해정도
2012041900100434,2012년 4월 19일 18시,목요일,대구광역시 달서구 본동,경상사고,0,0,1,0,차대차 - 추돌 - 진행중,안전운전불이행,건조,맑음,단일로 - 기타,승용,남,45세,상해없음,승용,여,57세,경상
2012041900100435,2012년 4월 19일 18시,목요일,대구광역시 북구 복현동,중상사고,0,1,0,0,차대사람 - 기타,보행자보호의무위반,건조,맑음,교차로 - 교차로부근,원동기,남,52세,상해없음,보행자,남,58세,중상
2012041900100468,2012년 4월 19일 19시,목요일,대구광역시 남구 대명동,경상사고,0,0,1,0,차대차 - 기타,차로위반,건조,맑음,단일로 - 기타,승용,남,54세,상해없음,이륜,남,49세,경상
2012041900100469,2012년 4월 19일 19시,목요일,대구광역시 달서구 장동,중상사고,0,1,0,0,차대차 - 기타,안전운전불이행,건조,맑음,교차로 - 교차로부근,승용,남,64세,상해없음,원동기,여,23세,중상
2012041900100499,2012년 4월 19일 20시,목요일,대구광역시 동구 신천동,경상사고,0,0,1,0,차대차 - 측면직각충돌,안전운전불이행,건조,맑음,교차로 - 교차로안,승용,여,31세,상해없음,승용,남,38세,경상
2012041900100500,2012년 4월 19일 20시,목요일,대구광역시 동구 용계동,중상사고,0,1,0,0,차대차 - 기타,안전운전불이행,건조,흐림,단일로 - 기타,기타불명,기타불명,기타불명,기타불명,원동기,남,29세,중상
2012041900100501,2012년 4월 19일 20시,목요일,대구광역시 동구 효목동,부상신고사고,0,0,0,1,차대사람 - 횡단중,보행자보호의무위반,건조,맑음,교차로 - 교차로부근,승용,여,42세,상해없음,보행자,남,44세,부상신고
2012041900100502,2012년 4월 19일 20시,목요일,대구광역시 서구 이현동,경상사고,0,0,3,0,차대차 - 추돌 - 주정차중,안전운전불이행,건조,맑음,단일로 - 기타,승용,남,30세,상해없음,승용,여,34세,경상
2012041900100537,2012년 4월 19일 21시,목요일,대구광역시 달서구 상인동,부상신고사고,0,0,0,1,차대사람 - 기타,안전운전불이행,건조,맑음,단일로 - 기타,승용,기타불명,기타불명,기타불명,보행자,남,36세,부상신고
2012041900100538,2012년 4월 19일 21시,목요일,대구광역시 달서구 송현동,경상사고,0,0,1,0,차대차 - 기타,안전거리미확보,건조,흐림,단일로 - 기타,화물,남,55세,상해없음,이륜,남,17세,경상
2012041900100539,2012년 4월 19일 21시,목요일,대구광역시 달성군 가창면,경상사고,0,0,1,0,차대차 - 측면직각충돌,안전거리미확보,습기,비,단일로 - 기타,승용,남,23세,상해없음,승용,여,52세,경상
2012041900100540,2012년 4월 19일 21시,목요일,대구광역시 달서구 두류동,중상사고,0,1,1,0,차대차 - 측면직각충돌,직진우회전진행방해,습기,비,교차로 - 교차로안,승용,남,25세,상해없음,원동기,여,44세,중상
2012041900100541,2012년 4월 19일 21시,목요일,대구광역시 달서구 죽전동,경상사고,0,0,4,0,차대차 - 추돌 - 주정차중,안전거리미확보,습기,비,단일로 - 기타,승용,남,47세,상해없음,승용,남,52세,상해없음
2012041900100618,2012년 4월 19일 23시,목요일,대구광역시 수성구 범물동,부상신고사고,0,0,0,1,차대사람 - 횡단중,신호위반,습기,비,교차로 - 교차로부근,원동기,남,37세,상해없음,보행자,남,54세,부상신고
2012041900100619,2012년 4월 19일 23시,목요일,대구광역시 달서구 진천동,중상사고,0,1,0,0,차대사람 - 횡단중,안전운전불이행,습기,비,교차로 - 교차로안,승합,여,39세,상해없음,보행자,남,18세,중상
2012041900100620,2012년 4월 19일 23시,목요일,대구광역시 서구 내당동,중상사고,0,3,0,0,차대차 - 추돌 - 주정차중,안전운전불이행,습기,비,단일로 - 횡단보도부근,승용,남,37세,상해없음,승용,남,37세,중상
2012042000100016,2012년 4월 20일 00시,금요일,대구광역시 북구 칠성동1가,경상사고,0,0,4,0,차대차 - 추돌 - 주정차중,안전운전불이행,습기,맑음,교차로 - 교차로부근,승용,남,39세,상해없음,승용,남,59세,경상
2012042000100017,2012년 4월 20일 00시,금요일,대구광역시 달서구 두류동,경상사고,0,0,1,0,차대차 - 측면직각충돌,신호위반,습기,비,교차로 - 교차로안,승용,남,24세,상해없음,승용,남,53세,경상
2012042000100018,2012년 4월 20일 00시,금요일,대구광역시 달서구 죽전동,중상사고,0,1,1,0,차대차 - 추돌 - 주정차중,안전운전불이행,습기,비,단일로 - 횡단보도부근,승용,남,35세,상해없음,승용,남,65세,경상
2012042000100039,2012년 4월 20일 01시,금요일,대구광역시 서구 내당동,경상사고,0,0,2,0,차대차 - 측면직각충돌,안전거리미확보,습기,맑음,교차로 - 교차로부근,승용,남,43세,상해없음,승용,남,38세,경상
2012042000100059,2012년 4월 20일 02시,금요일,대구광역시 서구 내당동,경상사고,0,0,1,0,차대사람 - 기타,안전운전불이행,건조,맑음,단일로 - 횡단보도상,승용,남,45세,상해없음,보행자,여,34세,경상
2012042000100060,2012년 4월 20일 02시,금요일,대구광역시 달서구 죽전동,중상사고,0,1,0,0,차대차 - 측면직각충돌,차로위반,습기,비,단일로 - 기타,승용,기타불명,기타불명,기타불명,승용,남,31세,중상
2012042000100096,2012년 4월 20일 05시,금요일,대구광역시 수성구 수성동1가,경상사고,0,0,1,0,차대차 - 추돌 - 주정차중,안전운전불이행,건조,맑음,단일로 - 기타,승용,남,18세,상해없음,승용,남,44세,경상
2012042000100097,2012년 4월 20일 05시,금요일,대구광역시 달서구 이곡동,중상사고,0,1,1,0,차대차 - 측면직각충돌,교차로운행방법위반,습기,비,교차로 - 교차로안,화물,남,44세,경상,승용,남,51세,중상
2012042000100110,2012년 4월 20일 06시,금요일,대구광역시 수성구 지산동,경상사고,0,0,1,0,차대차 - 추돌 - 주정차중,안전운전불이행,건조,흐림,단일로 - 기타,승용,남,25세,상해없음,화물,남,48세,상해없음
2012042000100143,2012년 4월 20일 07시,금요일,대구광역시 달서구 감삼동,경상사고,0,0,1,0,차대사람 - 기타,안전운전불이행,건조,맑음,교차로 - 교차로부근,승용,남,49세,기타불명,보행자,남,38세,경상
2012042000100187,2012년 4월 20일 08시,금요일,대구광역시 달서구 두류동,경상사고,0,0,1,0,차대차 - 측면직각충돌,안전운전불이행,건조,맑음,교차로 - 교차로안,승용,기타불명,기타불명,기타불명,자전거,남,13세,경상
2012042000100227,2012년 4월 20일 09시,금요일,대구광역시 북구 노원동3가,경상사고,0,0,1,0,차대차 - 측면직각충돌,신호위반,건조,맑음,교차로 - 교차로부근,원동기,남,34세,경상,화물,남,48세,상해없음
2012042000100261,2012년 4월 20일 10시,금요일,대구광역시 서구 비산동,경상사고,0,0,1,0,차대차 - 측면직각충돌,안전운전불이행,건조,맑음,단일로 - 기타,승용,남,56세,상해없음,화물,남,32세,경상
2012042000100292,2012년 4월 20일 11시,금요일,대구광역시 달서구 성당동,사망사고,1,0,0,0,차대사람 - 기타,안전운전불이행,건조,맑음,교차로 - 교차로안,화물,남,49세,상해없음,보행자,여,63세,사망
2012042000100334,2012년 4월 20일 13시,금요일,대구광역시 동구 신암동,경상사고,0,0,1,0,차대차 - 추돌 - 진행중,안전운전불이행,건조,맑음,교차로 - 교차로부근,승합,남,61세,상해없음,자전거,남,84세,경상
2012042000100335,2012년 4월 20일 13시,금요일,대구광역시 동구 신암동,경상사고,0,0,2,0,차대차 - 측면직각충돌,안전거리미확보,건조,맑음,단일로 - 기타,승용,여,35세,상해없음,승용,남,28세,경상
2012042000100336,2012년 4월 20일 13시,금요일,대구광역시 서구 내당동,경상사고,0,0,1,0,차대차 - 측면직각충돌,신호위반,건조,맑음,교차로 - 교차로안,이륜,남,17세,경상,승용,남,29세,상해없음
2012042000100363,2012년 4월 20일 14시,금요일,대구광역시 서구 평리동,경상사고,0,0,2,0,차대차 - 추돌 - 주정차중,안전거리미확보,건조,맑음,단일로 - 기타,승용,남,40세,상해없음,승용,남,44세,상해없음
2012042000100423,2012년 4월 20일 16시,금요일,대구광역시 동구 율하동,중상사고,0,1,0,0,차대차 - 기타,안전운전불이행,건조,맑음,교차로 - 교차로안,승용,남,50세,상해없음,자전거,남,14세,중상
2012042000100424,2012년 4월 20일 16시,금요일,대구광역시 서구 비산동,경상사고,0,0,1,0,차대사람 - 기타,안전운전불이행,건조,맑음,단일로 - 기타,승용,남,35세,상해없음,보행자,남,71세,경상
2012042000100463,2012년 4월 20일 17시,금요일,대구광역시 남구 이천동,경상사고,0,0,1,0,차대차 - 기타,안전운전불이행,건조,맑음,단일로 - 기타,승용,남,47세,상해없음,승용,남,73세,경상
2012042000100464,2012년 4월 20일 17시,금요일,대구광역시 달서구 상인동,중상사고,0,1,0,0,차대차 - 측면직각충돌,직진우회전진행방해,건조,맑음,교차로 - 교차로안,승용,여,38세,상해없음,이륜,남,32세,중상
2012042000100465,2012년 4월 20일 17시,금요일,대구광역시 달서구 상인동,경상사고,0,0,4,0,차대차 - 기타,안전거리미확보,건조,맑음,단일로 - 기타,승합,남,55세,상해없음,승용,남,69세,경상
2012042000100503,2012년 4월 20일 18시,금요일,대구광역시 동구 효목동,경상사고,0,0,1,0,차대차 - 추돌 - 주정차중,교차로운행방법위반,건조,맑음,교차로 - 교차로안,승용,남,47세,상해없음,승용,여,53세,경상
2012042000100504,2012년 4월 20일 18시,금요일,대구광역시 수성구 지산동,경상사고,0,0,1,0,차대차 - 측면직각충돌,교차로운행방법위반,건조,맑음,교차로 - 교차로부근,화물,남,69세,상해없음,이륜,남,18세,경상
2012042000100505,2012년 4월 20일 18시,금요일,대구광역시 수성구 지산동,중상사고,0,1,0,0,차대차 - 기타,신호위반,건조,맑음,교차로 - 교차로안,화물,남,65세,상해없음,승용,여,31세,중상
2012042000100506,2012년 4월 20일 18시,금요일,대구광역시 수성구 지산동,경상사고,0,0,1,0,차대차 - 기타,안전거리미확보,건조,맑음,단일로 - 기타,승용,남,61세,상해없음,승용,남,53세,상해없음
2012042000100507,2012년 4월 20일 18시,금요일,대구광역시 중구 동인동1가,경상사고,0,0,1,0,차대차 - 측면직각충돌,신호위반,건조,맑음,단일로 - 횡단보도상,화물,남,50세,상해없음,자전거,남,29세,경상
2012042000100544,2012년 4월 20일 19시,금요일,대구광역시 북구 읍내동,경상사고,0,0,2,0,차대차 - 추돌 - 진행중,안전운전불이행,건조,맑음,교차로 - 교차로안,화물,남,42세,경상,승용,남,29세,경상
2012042000100545,2012년 4월 20일 19시,금요일,대구광역시 북구 칠성동1가,경상사고,0,0,1,0,차대차 - 측면직각충돌,안전운전불이행,건조,맑음,교차로 - 교차로안,승용,남,43세,상해없음,원동기,남,28세,경상
2012042000100546,2012년 4월 20일 19시,금요일,대구광역시 북구 읍내동,중상사고,0,1,0,0,차대사람 - 횡단중,안전운전불이행,건조,맑음,교차로 - 교차로안,승용,남,39세,상해없음,보행자,여,10세,중상
2012042000100547,2012년 4월 20일 19시,금요일,대구광역시 서구 평리동,경상사고,0,0,1,0,차대차 - 측면직각충돌,안전운전불이행,건조,맑음,교차로 - 교차로안,승용,남,56세,상해없음,승용,남,50세,경상
2012042000100581,2012년 4월 20일 20시,금요일,대구광역시 북구 산격동,부상신고사고,0,0,0,1,차대차 - 측면직각충돌,안전운전불이행,건조,흐림,기타 - 기타,승용,남,32세,상해없음,승용,남,40세,부상신고
2012042000100582,2012년 4월 20일 20시,금요일,대구광역시 달서구 용산동,부상신고사고,0,0,0,1,차대차 - 추돌 - 진행중,안전거리미확보,건조,맑음,교차로 - 교차로부근,이륜,남,51세,부상신고,승용,남,54세,상해없음
2012042000100622,2012년 4월 20일 21시,금요일,대구광역시 북구 학정동,중상사고,0,3,1,0,차대차 - 측면직각충돌,신호위반,건조,맑음,교차로 - 교차로안,승용,여,31세,중상,승용,남,50세,중상
2012042000100666,2012년 4월 20일 22시,금요일,대구광역시 남구 대명동,중상사고,0,1,0,0,차대사람 - 기타,안전운전불이행,건조,맑음,단일로 - 기타,승용,남,21세,상해없음,보행자,여,61세,중상
2012042000100667,2012년 4월 20일 22시,금요일,대구광역시 동구 신암동,경상사고,0,0,1,0,차대차 - 추돌 - 진행중,안전운전불이행,건조,맑음,단일로 - 기타,승용,남,67세,상해없음,원동기,남,42세,경상
2012042000100713,2012년 4월 20일 23시,금요일,대구광역시 수성구 수성동2가,경상사고,0,0,2,0,차대차 - 추돌 - 진행중,안전운전불이행,건조,맑음,단일로 - 기타,승용,남,41세,상해없음,승용,남,42세,경상
2012042000100714,2012년 4월 20일 23시,금요일,대구광역시 달서구 월성동,경상사고,0,0,2,0,차대차 - 기타,안전운전불이행,건조,맑음,단일로 - 기타,승용,남,58세,상해없음,승용,여,54세,경상
2012042000100715,2012년 4월 20일 23시,금요일,대구광역시 서구 평리동,경상사고,0,0,1,0,차대차 - 추돌 - 주정차중,안전운전불이행,건조,맑음,단일로 - 기타,승용,남,48세,경상,화물,남,62세,기타불명
2012042100100018,2012년 4월 21일 00시,토요일,대구광역시 동구 신암동,중상사고,0,1,1,0,차대차 - 기타,안전운전불이행,건조,맑음,단일로 - 기타,승용,남,40세,상해없음,승용,남,23세,경상
2012042100100019,2012년 4월 21일 00시,토요일,대구광역시 달서구 유천동,중상사고,0,1,0,0,차대차 - 기타,신호위반,건조,흐림,교차로 - 교차로안,승용,남,28세,상해없음,승용,남,47세,중상
2012042100100020,2012년 4월 21일 00시,토요일,대구광역시 북구 침산동,부상신고사고,0,0,0,1,차대차 - 측면직각충돌,안전운전불이행,기타,맑음,교차로 - 교차로부근,원동기,여,20세,부상신고,화물,남,40세,상해없음
2012042100100021,2012년 4월 21일 00시,토요일,대구광역시 북구 칠성동1가,경상사고,0,0,2,0,차대차 - 측면직각충돌,안전거리미확보,건조,맑음,교차로 - 교차로안,승용,남,27세,상해없음,승용,남,55세,경상
2012042100100045,2012년 4월 21일 01시,토요일,대구광역시 북구 구암동,중상사고,0,1,0,0,차대차 - 측면직각충돌,안전운전불이행,건조,맑음,단일로 - 기타,기타불명,기타불명,기타불명,기타불명,승용,남,56세,중상
2012042100100046,2012년 4월 21일 01시,토요일,대구광역시 북구 태전동,경상사고,0,0,3,0,차대차 - 측면직각충돌,안전운전불이행,건조,맑음,단일로 - 횡단보도부근,승용,남,23세,경상,승용,남,39세,경상
2012042100100075,2012년 4월 21일 02시,토요일,대구광역시 남구 대명동,경상사고,0,0,2,0,차대차 - 기타,차로위반,건조,맑음,단일로 - 기타,원동기,남,16세,상해없음,원동기,남,17세,경상
2012042100100076,2012년 4월 21일 02시,토요일,대구광역시 달성군 화원읍,중상사고,0,1,1,0,차량단독 - 공작물충돌,안전운전불이행,건조,맑음,단일로 - 기타,승용,남,51세,경상,,,,
2012042100100077,2012년 4월 21일 02시,토요일,대구광역시 북구 노원동3가,중상사고,0,1,1,0,차대차 - 정면충돌,중앙선침범,건조,맑음,단일로 - 기타,승합,여,27세,상해없음,승용,남,45세,중상
2012042100100108,2012년 4월 21일 03시,토요일,대구광역시 달서구 본리동,경상사고,0,0,2,0,차대차 - 추돌 - 진행중,직진우회전진행방해,건조,맑음,교차로 - 교차로안,승용,남,30세,상해없음,승용,남,51세,경상
2012042100100139,2012년 4월 21일 05시,토요일,대구광역시 달서구 송현동,부상신고사고,0,0,0,1,차대차 - 추돌 - 주정차중,안전운전불이행,건조,맑음,교차로 - 교차로부근,이륜,남,17세,상해없음,승용,남,65세,부상신고
2012042100100140,2012년 4월 21일 05시,토요일,대구광역시 달성군 하빈면,경상사고,0,0,1,0,차대차 - 기타,중앙선침범,습기,비,단일로 - 기타,기타불명,기타불명,기타불명,기타불명,승용,남,71세,상해없음
2012042100100178,2012년 4월 21일 07시,토요일,대구광역시 북구 노곡동,부상신고사고,0,0,0,1,차대차 - 측면직각충돌,불법유턴,습기,맑음,교차로 - 교차로안,승용,여,42세,상해없음,이륜,남,17세,부상신고
2012042100100232,2012년 4월 21일 09시,토요일,대구광역시 남구 봉덕동,경상사고,0,0,1,0,차대차 - 측면직각충돌,교차로운행방법위반,습기,비,교차로 - 교차로안,승용,남,51세,상해없음,승용,남,69세,상해없음
2012042100100233,2012년 4월 21일 09시,토요일,대구광역시 달성군 현풍면,경상사고,0,0,1,0,차대사람 - 기타,안전운전불이행,습기,비,기타 - 기타,승용,남,40세,상해없음,보행자,여,27세,경상
2012042100100234,2012년 4월 21일 09시,토요일,대구광역시 달성군 다사읍,경상사고,0,0,1,0,차대차 - 측면직각충돌,신호위반,습기,비,단일로 - 기타,화물,남,58세,상해없음,승용,남,45세,경상
2012042100100235,2012년 4월 21일 09시,토요일,대구광역시 북구 침산동,경상사고,0,0,1,0,차대차 - 측면직각충돌,안전거리미확보,습기,비,단일로 - 기타,승용,남,36세,기타불명,승용,남,35세,경상
2012042100100260,2012년 4월 21일 10시,토요일,대구광역시 수성구 만촌동,경상사고,0,0,1,0,차대차 - 추돌 - 주정차중,안전운전불이행,습기,비,단일로 - 기타,승용,남,49세,상해없음,승용,남,35세,경상
2012042100100261,2012년 4월 21일 10시,토요일,대구광역시 북구 국우동,사망사고,2,3,0,0,차량단독 - 기타,안전운전불이행,습기,비,단일로 - 기타,승용,남,22세,사망,,,,
2012042100100262,2012년 4월 21일 10시,토요일,대구광역시 서구 평리동,경상사고,0,0,1,0,차대차 - 추돌 - 주정차중,안전거리미확보,습기,비,단일로 - 기타,승용,남,67세,상해없음,승용,남,61세,상해없음
2012042100100263,2012년 4월 21일 10시,토요일,대구광역시 달서구 파호동,중상사고,0,1,0,0,차대차 - 기타,안전운전불이행,습기,비,단일로 - 기타,화물,남,60세,상해없음,원동기,남,33세,중상
2012042100100297,2012년 4월 21일 11시,토요일,대구광역시 수성구 매호동,부상신고사고,0,0,0,1,차대차 - 측면직각충돌,안전운전불이행,건조,맑음,단일로 - 기타,화물,남,32세,상해없음,승용,여,47세,부상신고
2012042100100298,2012년 4월 21일 11시,토요일,대구광역시 북구 구암동,중상사고,0,1,0,0,차대사람 - 횡단중,보행자보호의무위반,습기,비,단일로 - 횡단보도상,승합,남,39세,상해없음,보행자,남,75세,중상
2012042100100338,2012년 4월 21일 12시,토요일,대구광역시 북구 태전동,경상사고,0,0,1,0,차대차 - 추돌 - 주정차중,안전운전불이행,습기,비,교차로 - 교차로부근,승용,남,37세,상해없음,승용,남,38세,경상
2012042100100369,2012년 4월 21일 13시,토요일,대구광역시 남구 대명동,경상사고,0,0,1,0,차대차 - 기타,교차로운행방법위반,습기,비,교차로 - 교차로안,승용,여,70세,상해없음,승용,남,58세,경상
2012042100100370,2012년 4월 21일 13시,토요일,대구광역시 수성구 범어동,경상사고,0,0,2,0,차대차 - 측면직각충돌,안전운전불이행,습기,흐림,교차로 - 교차로부근,승용,남,66세,상해없음,승용,남,53세,경상
2012042100100371,2012년 4월 21일 13시,토요일,대구광역시 수성구 범어동,중상사고,0,2,1,0,차대차 - 측면직각충돌,신호위반,습기,비,교차로 - 교차로안,승용,여,52세,중상,승용,남,40세,경상
2012042100100404,2012년 4월 21일 14시,토요일,대구광역시 수성구 만촌동,경상사고,0,0,1,0,차대차 - 측면직각충돌,직진우회전진행방해,습기,비,교차로 - 교차로안,승용,남,50세,상해없음,원동기,남,31세,경상
2012042100100405,2012년 4월 21일 14시,토요일,대구광역시 수성구 중동,경상사고,0,0,1,0,차대차 - 기타,안전거리미확보,습기,맑음,단일로 - 기타,승용,남,68세,상해없음,승용,남,55세,상해없음
2012042100100406,2012년 4월 21일 14시,토요일,대구광역시 서구 평리동,중상사고,0,1,0,0,차대사람 - 기타,안전운전불이행,습기,비,단일로 - 기타,화물,남,37세,상해없음,보행자,남,41세,중상
2012042100100450,2012년 4월 21일 15시,토요일,대구광역시 남구 대명동,중상사고,0,1,1,0,차대차 - 측면직각충돌,차로위반,습기,비,단일로 - 교량,승용,남,36세,경상,승용,남,59세,중상
2012042100100451,2012년 4월 21일 15시,토요일,대구광역시 동구 백안동,경상사고,0,0,1,0,차대차 - 측면직각충돌,안전거리미확보,습기,비,단일로 - 기타,승용,남,69세,상해없음,승용,여,38세,경상
2012042100100452,2012년 4월 21일 15시,토요일,대구광역시 중구 태평로1가,경상사고,0,0,1,0,차대사람 - 횡단중,보행자보호의무위반,건조,맑음,단일로 - 횡단보도상,승용,남,66세,상해없음,보행자,남,59세,경상
2012042100100453,2012년 4월 21일 15시,토요일,대구광역시 달서구 신당동,경상사고,0,0,1,0,차대차 - 측면직각충돌,신호위반,습기,비,교차로 - 교차로안,승용,남,34세,상해없음,원동기,남,16세,경상
2012042100100490,2012년 4월 21일 16시,토요일,대구광역시 달서구 이곡동,경상사고,0,0,1,0,차량단독 - 기타,기타,습기,비,단일로 - 기타,승합,남,47세,상해없음,,,,
2012042100100533,2012년 4월 21일 17시,토요일,대구광역시 수성구 지산동,중상사고,0,1,0,3,차대차 - 추돌 - 진행중,안전운전불이행,습기,비,단일로 - 기타,승용,남,53세,상해없음,승용,여,41세,중상
2012042100100534,2012년 4월 21일 17시,토요일,대구광역시 북구 노원동1가,경상사고,0,0,1,0,차대차 - 측면직각충돌,신호위반,습기,비,교차로 - 교차로안,승용,여,53세,상해없음,승용,남,75세,경상
2012042100100580,2012년 4월 21일 18시,토요일,대구광역시 수성구 수성동2가,경상사고,0,0,1,0,차대차 - 측면직각충돌,안전운전불이행,습기,비,단일로 - 기타,승용,남,62세,상해없음,승용,남,52세,경상
2012042100100581,2012년 4월 21일 18시,토요일,대구광역시 수성구 범어동,경상사고,0,0,1,0,차대차 - 추돌 - 진행중,안전운전불이행,습기,비,단일로 - 기타,승합,남,49세,상해없음,승용,남,46세,경상
2012042100100582,2012년 4월 21일 18시,토요일,대구광역시 수성구 지산동,부상신고사고,0,0,0,1,차대차 - 기타,안전운전불이행,습기,비,단일로 - 기타,화물,남,60세,상해없음,승용,여,38세,부상신고
2012042100100583,2012년 4월 21일 18시,토요일,대구광역시 북구 고성동1가,경상사고,0,0,1,0,차대차 - 측면직각충돌,교차로운행방법위반,건조,맑음,단일로 - 기타,승용,남,28세,상해없음,승용,남,42세,경상
2012042100100584,2012년 4월 21일 18시,토요일,대구광역시 서구 이현동,경상사고,0,0,1,0,차대차 - 추돌 - 주정차중,안전거리미확보,건조,맑음,단일로 - 기타,승용,남,52세,상해없음,승용,여,38세,경상
2012042100100585,2012년 4월 21일 18시,토요일,대구광역시 달서구 성당동,경상사고,0,0,1,0,차대차 - 기타,안전거리미확보,습기,비,단일로 - 기타,승용,남,54세,상해없음,승용,남,46세,경상
2012042100100638,2012년 4월 21일 19시,토요일,대구광역시 수성구 만촌동,경상사고,0,0,1,0,차대차 - 기타,신호위반,습기,비,교차로 - 교차로안,이륜,남,19세,상해없음,승용,남,36세,경상
2012042100100639,2012년 4월 21일 19시,토요일,대구광역시 수성구 두산동,경상사고,0,0,1,0,차대차 - 기타,안전운전불이행,건조,맑음,단일로 - 기타,승용,남,34세,상해없음,승용,미분류,기타불명,기타불명
2012042100100640,2012년 4월 21일 19시,토요일,대구광역시 달서구 도원동,중상사고,0,1,0,0,차대사람 - 횡단중,신호위반,습기,비,단일로 - 횡단보도상,승용,여,43세,상해없음,보행자,여,44세,중상
2012042100100641,2012년 4월 21일 19시,토요일,대구광역시 달성군 다사읍,경상사고,0,0,2,0,차대차 - 측면직각충돌,안전운전불이행,건조,맑음,교차로 - 교차로부근,승합,여,50세,상해없음,승용,여,33세,경상
2012042100100642,2012년 4월 21일 19시,토요일,대구광역시 북구 침산동,중상사고,0,1,0,0,차대사람 - 횡단중,안전운전불이행,습기,비,단일로 - 기타,승용,남,47세,상해없음,보행자,남,73세,중상
2012042100100643,2012년 4월 21일 19시,토요일,대구광역시 북구 구암동,중상사고,0,1,4,0,차대차 - 추돌 - 주정차중,안전운전불이행,습기,비,교차로 - 교차로부근,승용,남,55세,기타불명,승용,남,55세,경상
2012042100100644,2012년 4월 21일 19시,토요일,대구광역시 북구 칠성동1가,경상사고,0,0,1,0,차대차 - 측면직각충돌,기타,습기,비,교차로 - 교차로부근,승용,남,61세,상해없음,원동기,남,38세,경상
2012042100100645,2012년 4월 21일 19시,토요일,대구광역시 서구 원대동1가,경상사고,0,0,1,0,차대차 - 측면직각충돌,안전운전불이행,습기,비,단일로 - 기타,승용,남,29세,상해없음,이륜,남,35세,경상
2012042100100704,2012년 4월 21일 20시,토요일,대구광역시 동구 용계동,경상사고,0,0,2,0,차대차 - 기타,안전운전불이행,습기,비,교차로 - 교차로부근,화물,남,69세,상해없음,승용,남,30세,경상
2012042100100705,2012년 4월 21일 20시,토요일,대구광역시 동구 신기동,경상사고,0,0,1,0,차대사람 - 기타,안전운전불이행,건조,맑음,단일로 - 기타,화물,남,54세,상해없음,보행자,여,53세,경상
2012042100100706,2012년 4월 21일 20시,토요일,대구광역시 북구 읍내동,중상사고,0,1,0,0,차대사람 - 횡단중,신호위반,습기,비,교차로 - 교차로부근,승합,남,32세,상해없음,보행자,여,17세,중상
2012042100100707,2012년 4월 21일 20시,토요일,대구광역시 북구 복현동,경상사고,0,0,1,0,차대차 - 측면직각충돌,안전운전불이행,건조,맑음,단일로 - 기타,화물,남,50세,상해없음,승합,남,30세,경상
2012042100100708,2012년 4월 21일 20시,토요일,대구광역시 서구 비산동,경상사고,0,0,3,0,차대차 - 측면직각충돌,안전거리미확보,건조,맑음,교차로 - 교차로부근,승용,남,56세,상해없음,승용,남,38세,경상
2012042100100775,2012년 4월 21일 21시,토요일,대구광역시 남구 봉덕동,중상사고,0,1,1,1,차대차 - 측면직각충돌,교차로운행방법위반,습기,비,교차로 - 교차로부근,승용,남,72세,부상신고,승용,여,57세,중상
2012042100100776,2012년 4월 21일 21시,토요일,대구광역시 달서구 상인동,중상사고,0,1,2,0,차대차 - 기타,안전거리미확보,습기,비,단일로 - 기타,승용,남,54세,상해없음,승용,남,38세,중상
2012042100100777,2012년 4월 21일 21시,토요일,대구광역시 달성군 다사읍,중상사고,0,1,0,0,차대사람 - 기타,안전운전불이행,건조,맑음,기타 - 기타,승용,남,47세,상해없음,보행자,남,28세,중상
2012042100100778,2012년 4월 21일 21시,토요일,대구광역시 북구 검단동,중상사고,0,1,0,0,차대사람 - 기타,안전운전불이행,습기,비,단일로 - 기타,승합,남,43세,상해없음,보행자,남,62세,중상
2012042100100779,2012년 4월 21일 21시,토요일,대구광역시 북구 산격동,경상사고,0,0,1,0,차대차 - 추돌 - 주정차중,안전운전불이행,습기,비,단일로 - 횡단보도부근,승용,남,63세,상해없음,승용,남,35세,경상
2012042100100842,2012년 4월 21일 22시,토요일,대구광역시 수성구 욱수동,경상사고,0,0,1,0,차대사람 - 기타,안전운전불이행,습기,비,교차로 - 교차로안,승용,남,48세,상해없음,보행자,여,16세,경상
2012042100100843,2012년 4월 21일 22시,토요일,대구광역시 수성구 신매동,중상사고,0,1,0,0,차대사람 - 기타,안전운전불이행,습기,비,단일로 - 횡단보도상,승용,여,51세,상해없음,보행자,남,56세,중상
2012042100100844,2012년 4월 21일 22시,토요일,대구광역시 수성구 지산동,경상사고,0,0,1,0,차대사람 - 횡단중,보행자보호의무위반,습기,비,단일로 - 횡단보도상,승용,남,44세,상해없음,보행자,남,43세,경상
2012042100100845,2012년 4월 21일 22시,토요일,대구광역시 달성군 다사읍,경상사고,0,0,2,0,차대차 - 추돌 - 주정차중,안전운전불이행,습기,비,단일로 - 기타,승용,남,52세,상해없음,화물,남,41세,경상