사고번호,사고일시,요일,시군구,사고내용,사망자수,중상자수,경상자수,부상신고자수,사고유형,법규위반,노면상태,기상상태,도로형태,가해운전자 차종,가해운전자 성별,가해운전자 연령,가해운전자 상해정도,피해운전자 차종,피해운전자 성별,피해운전자 연령,피해운전자 상해정도
2012042100100846,2012년 4월 21일 22시,토요일,대구광역시 북구 산격동,경상사고,0,0,1,0,차대차 - 추돌 - 진행중,안전운전불이행,습기,비,단일로 - 기타,승용,남,29세,상해없음,승용,여,40세,경상
2012042100100847,2012년 4월 21일 22시,토요일,대구광역시 북구 서변동,중상사고,0,1,0,0,차대차 - 측면직각충돌,교차로운행방법위반,습기,비,교차로 - 교차로안,승합,남,45세,상해없음,원동기,남,44세,중상
2012042100100848,2012년 4월 21일 22시,토요일,대구광역시 달서구 본리동,경상사고,0,0,2,0,차대사람 - 횡단중,신호위반,습기,비,단일로 - 횡단보도상,이륜,남,18세,상해없음,보행자,남,36세,경상
2012042100100899,2012년 4월 21일 23시,토요일,대구광역시 남구 이천동,경상사고,0,0,1,0,차대차 - 추돌 - 주정차중,안전운전불이행,건조,맑음,교차로 - 교차로부근,승용,남,58세,상해없음,승용,남,51세,경상
2012042100100900,2012년 4월 21일 23시,토요일,대구광역시 동구 효목동,경상사고,0,0,1,0,차대사람 - 횡단중,신호위반,건조,맑음,단일로 - 기타,승용,남,30세,상해없음,보행자,남,32세,경상
2012042100100901,2012년 4월 21일 23시,토요일,대구광역시 북구 산격동,경상사고,0,0,1,0,차대사람 - 기타,안전운전불이행,습기,비,기타 - 기타,이륜,남,19세,상해없음,보행자,남,51세,경상
2012042200100043,2012년 4월 22일 00시,일요일,대구광역시 북구 읍내동,중상사고,0,2,7,0,차대차 - 기타,안전운전불이행,습기,비,기타 - 기타,승용,남,20세,상해없음,승용,남,64세,경상
2012042200100044,2012년 4월 22일 00시,일요일,대구광역시 북구 태전동,중상사고,0,1,1,0,차대차 - 추돌 - 주정차중,안전운전불이행,건조,맑음,단일로 - 기타,화물,남,47세,상해없음,승용,남,24세,경상
2012042200100045,2012년 4월 22일 00시,일요일,대구광역시 북구 구암동,경상사고,0,0,2,0,차대차 - 추돌 - 주정차중,안전운전불이행,습기,비,교차로 - 교차로부근,화물,남,31세,상해없음,승용,여,34세,경상
2012042200100084,2012년 4월 22일 01시,일요일,대구광역시 남구 봉덕동,경상사고,0,0,1,0,차대차 - 기타,안전운전불이행,습기,비,단일로 - 기타,승용,남,58세,상해없음,승용,남,46세,경상
2012042200100085,2012년 4월 22일 01시,일요일,대구광역시 북구 칠성동1가,부상신고사고,0,0,0,1,차대차 - 측면직각충돌,교차로운행방법위반,건조,맑음,교차로 - 교차로안,승용,여,31세,부상신고,승용,여,24세,상해없음
2012042200100119,2012년 4월 22일 02시,일요일,대구광역시 동구 효목동,경상사고,0,0,2,0,차대차 - 추돌 - 진행중,안전운전불이행,습기,비,교차로 - 교차로부근,승용,남,23세,상해없음,승용,남,36세,경상
2012042200100120,2012년 4월 22일 02시,일요일,대구광역시 서구 평리동,경상사고,0,0,2,0,차대차 - 추돌 - 주정차중,안전운전불이행,습기,비,교차로 - 교차로부근,승용,남,22세,상해없음,승용,남,51세,경상
2012042200100121,2012년 4월 22일 02시,일요일,대구광역시 서구 평리동,경상사고,0,0,1,0,차대차 - 추돌 - 주정차중,안전운전불이행,건조,맑음,교차로 - 교차로부근,승용,남,23세,상해없음,승용,남,45세,경상
2012042200100122,2012년 4월 22일 02시,일요일,대구광역시 중구 삼덕동1가,경상사고,0,0,2,0,차대차 - 추돌 - 주정차중,안전운전불이행,습기,맑음,단일로 - 기타,승용,여,30세,상해없음,승용,남,29세,경상
2012042200100123,2012년 4월 22일 02시,일요일,대구광역시 달서구 본리동,경상사고,0,0,1,0,차대사람 - 횡단중,보행자보호의무위반,습기,비,단일로 - 횡단보도상,승용,남,58세,기타불명,보행자,여,18세,경상
2012042200100148,2012년 4월 22일 03시,일요일,대구광역시 남구 대명동,중상사고,0,1,0,0,차대사람 - 보도통행중,신호위반,건조,맑음,단일로 - 횡단보도상,승용,남,59세,상해없음,보행자,남,62세,중상
2012042200100149,2012년 4월 22일 03시,일요일,대구광역시 동구 신암동,사망사고,1,2,0,0,차대차 - 정면충돌,중앙선침범,습기,비,단일로 - 기타,승용,남,27세,상해없음,화물,남,53세,중상
2012042200100205,2012년 4월 22일 05시,일요일,대구광역시 중구 대봉동,경상사고,0,0,7,0,차대차 - 추돌 - 주정차중,안전운전불이행,습기,맑음,교차로 - 교차로부근,승용,남,26세,상해없음,승용,남,62세,경상
2012042200100238,2012년 4월 22일 08시,일요일,대구광역시 수성구 지산동,경상사고,0,0,1,0,차대차 - 측면직각충돌,교차로운행방법위반,건조,맑음,교차로 - 교차로안,화물,남,51세,상해없음,승용,여,32세,경상
2012042200100258,2012년 4월 22일 09시,일요일,대구광역시 수성구 중동,중상사고,0,1,0,0,차대사람 - 기타,안전운전불이행,건조,맑음,단일로 - 기타,승용,남,39세,상해없음,보행자,남,54세,중상
2012042200100272,2012년 4월 22일 10시,일요일,대구광역시 북구 칠성동1가,경상사고,0,0,2,0,차대차 - 추돌 - 주정차중,안전운전불이행,건조,맑음,단일로 - 기타,승용,남,30세,상해없음,승용,여,63세,경상
2012042200100295,2012년 4월 22일 11시,일요일,대구광역시 북구 국우동,경상사고,0,0,1,2,차대차 - 기타,안전거리미확보,건조,맑음,단일로 - 기타,승용,남,45세,상해없음,승용,남,52세,경상
2012042200100317,2012년 4월 22일 12시,일요일,대구광역시 달서구 죽전동,경상사고,0,0,1,0,차대차 - 추돌 - 주정차중,안전거리미확보,건조,맑음,단일로 - 횡단보도부근,화물,남,52세,상해없음,승용,여,49세,경상
2012042200100335,2012년 4월 22일 13시,일요일,대구광역시 달서구 이곡동,경상사고,0,0,1,0,차대차 - 기타,안전운전불이행,건조,맑음,교차로 - 교차로부근,승용,남,43세,상해없음,승용,여,47세,경상
2012042200100366,2012년 4월 22일 14시,일요일,대구광역시 남구 봉덕동,부상신고사고,0,0,0,1,차대사람 - 기타,안전운전불이행,건조,맑음,단일로 - 기타,승용,여,40세,상해없음,보행자,남,49세,부상신고
2012042200100367,2012년 4월 22일 14시,일요일,대구광역시 서구 평리동,경상사고,0,0,3,0,차대차 - 정면충돌,신호위반,건조,맑음,교차로 - 교차로안,승용,남,27세,경상,승용,남,30세,경상
2012042200100368,2012년 4월 22일 14시,일요일,대구광역시 중구 남산동,경상사고,0,0,1,0,차대차 - 기타,안전운전불이행,건조,맑음,단일로 - 기타,승용,남,60세,상해없음,승용,남,30세,경상
2012042200100392,2012년 4월 22일 15시,일요일,대구광역시 남구 대명동,중상사고,0,3,1,0,차대차 - 정면충돌,안전운전불이행,건조,맑음,단일로 - 기타,승용,남,74세,중상,승용,여,24세,경상
2012042200100393,2012년 4월 22일 15시,일요일,대구광역시 동구 신무동,경상사고,0,0,2,0,차대차 - 추돌 - 주정차중,안전운전불이행,건조,맑음,기타 - 기타,승용,남,55세,상해없음,승용,남,34세,기타불명
2012042200100394,2012년 4월 22일 15시,일요일,대구광역시 달서구 본리동,경상사고,0,0,1,0,차대차 - 측면직각충돌,안전운전불이행,건조,맑음,교차로 - 교차로안,이륜,남,16세,경상,승용,여,56세,상해없음
2012042200100395,2012년 4월 22일 15시,일요일,대구광역시 북구 칠성동1가,부상신고사고,0,0,0,1,차대차 - 추돌 - 진행중,신호위반,건조,맑음,교차로 - 교차로부근,승용,남,60세,상해없음,승합,남,52세,부상신고
2012042200100416,2012년 4월 22일 16시,일요일,대구광역시 달서구 감삼동,경상사고,0,0,1,0,차대차 - 측면직각충돌,안전운전불이행,건조,맑음,단일로 - 횡단보도상,원동기,남,23세,상해없음,자전거,남,22세,경상
2012042200100447,2012년 4월 22일 17시,일요일,대구광역시 동구 신기동,경상사고,0,0,1,0,차대사람 - 차도통행중,안전운전불이행,건조,맑음,단일로 - 기타,승용,남,47세,상해없음,보행자,남,65세,경상
2012042200100448,2012년 4월 22일 17시,일요일,대구광역시 수성구 만촌동,경상사고,0,0,1,0,차대사람 - 횡단중,안전운전불이행,건조,맑음,단일로 - 기타,승용,기타불명,기타불명,기타불명,보행자,여,10세,경상
2012042200100476,2012년 4월 22일 18시,일요일,대구광역시 중구 남산동,경상사고,0,0,1,0,차대차 - 측면직각충돌,안전운전불이행,건조,맑음,교차로 - 교차로부근,승용,여,37세,상해없음,이륜,남,32세,경상
2012042200100477,2012년 4월 22일 18시,일요일,대구광역시 달서구 용산동,경상사고,0,0,1,0,차대차 - 기타,안전거리미확보,건조,맑음,단일로 - 기타,승용,남,69세,상해없음,승용,남,36세,경상
2012042200100525,2012년 4월 22일 19시,일요일,대구광역시 남구 대명동,경상사고,0,0,1,0,차대사람 - 횡단중,안전운전불이행,건조,맑음,단일로 - 기타,이륜,남,43세,상해없음,보행자,여,83세,경상
2012042200100526,2012년 4월 22일 19시,일요일,대구광역시 동구 지저동,중상사고,0,2,0,0,차대차 - 측면직각충돌,중앙선침범,건조,맑음,단일로 - 기타,승용,남,36세,상해없음,이륜,남,23세,중상
2012042200100527,2012년 4월 22일 19시,일요일,대구광역시 달서구 본동,경상사고,0,0,3,0,차대차 - 측면직각충돌,안전거리미확보,건조,맑음,단일로 - 기타,승용,남,57세,상해없음,승용,남,43세,경상
2012042200100528,2012년 4월 22일 19시,일요일,대구광역시 서구 비산동,경상사고,0,0,1,0,차대차 - 측면직각충돌,안전거리미확보,건조,맑음,단일로 - 기타,승용,여,44세,상해없음,승용,남,58세,상해없음
2012042200100578,2012년 4월 22일 20시,일요일,대구광역시 달서구 본동,중상사고,0,1,0,0,차대사람 - 횡단중,안전운전불이행,건조,맑음,단일로 - 기타,승용,기타불명,기타불명,기타불명,보행자,남,48세,중상
2012042200100579,2012년 4월 22일 20시,일요일,대구광역시 북구 대현동,중상사고,0,1,0,0,차대사람 - 횡단중,과속,건조,맑음,단일로 - 횡단보도상,승용,남,54세,상해없음,보행자,남,48세,중상
2012042200100580,2012년 4월 22일 20시,일요일,대구광역시 달서구 감삼동,중상사고,0,1,0,0,차대차 - 기타,안전운전불이행,건조,맑음,단일로 - 횡단보도상,승용,남,31세,상해없음,원동기,남,22세,중상
2012042200100611,2012년 4월 22일 21시,일요일,대구광역시 수성구 범어동,경상사고,0,0,2,0,차대차 - 추돌 - 주정차중,안전운전불이행,건조,맑음,교차로 - 교차로부근,화물,남,51세,상해없음,승용,남,42세,경상
2012042200100612,2012년 4월 22일 21시,일요일,대구광역시 북구 침산동,부상신고사고,0,0,0,1,차대차 - 기타,불법유턴,건조,맑음,단일로 - 횡단보도상,자전거,여,16세,부상신고,승용,남,47세,상해없음
2012042200100613,2012년 4월 22일 21시,일요일,대구광역시 달서구 두류동,경상사고,0,0,1,0,차대사람 - 기타,안전운전불이행,건조,맑음,단일로 - 기타,승용,남,41세,상해없음,보행자,남,18세,경상
2012042200100634,2012년 4월 22일 22시,일요일,대구광역시 수성구 상동,경상사고,0,0,1,0,차대차 - 측면직각충돌,안전거리미확보,건조,맑음,교차로 - 교차로부근,승용,여,20세,상해없음,승용,여,52세,경상
2012042300100021,2012년 4월 23일 01시,월요일,대구광역시 수성구 만촌동,중상사고,0,1,0,0,차대차 - 측면직각충돌,교차로운행방법위반,건조,맑음,교차로 - 교차로안,승용,남,33세,상해없음,승용,여,49세,중상
2012042300100035,2012년 4월 23일 02시,월요일,대구광역시 중구 덕산동,중상사고,0,1,1,0,차대차 - 측면직각충돌,안전운전불이행,건조,기타,단일로 - 기타,승용,남,26세,상해없음,승용,남,57세,경상
2012042300100092,2012년 4월 23일 07시,월요일,대구광역시 동구 방촌동,중상사고,0,1,0,0,차대사람 - 기타,안전운전불이행,건조,맑음,단일로 - 기타,승용,남,46세,상해없음,보행자,여,70세,중상
2012042300100093,2012년 4월 23일 07시,월요일,대구광역시 달서구 본동,중상사고,0,1,0,0,차대사람 - 횡단중,안전운전불이행,건조,맑음,단일로 - 기타,이륜,남,37세,상해없음,보행자,남,60세,중상
2012042300100094,2012년 4월 23일 07시,월요일,대구광역시 북구 고성동1가,중상사고,0,2,0,0,차대사람 - 횡단중,안전운전불이행,건조,맑음,단일로 - 기타,승용,남,34세,상해없음,보행자,여,16세,중상
2012042300100123,2012년 4월 23일 08시,월요일,대구광역시 남구 대명동,경상사고,0,0,1,0,차대차 - 측면직각충돌,안전운전불이행,건조,맑음,단일로 - 기타,승용,남,38세,상해없음,원동기,남,35세,경상
2012042300100124,2012년 4월 23일 08시,월요일,대구광역시 북구 팔달동,경상사고,0,0,2,1,차대차 - 추돌 - 주정차중,안전거리미확보,건조,맑음,단일로 - 교량,원동기,남,77세,부상신고,승용,남,27세,상해없음
2012042300100125,2012년 4월 23일 08시,월요일,대구광역시 북구 복현동,경상사고,0,0,1,0,차대차 - 기타,안전운전불이행,건조,맑음,단일로 - 기타,화물,남,54세,상해없음,승용,남,34세,경상
2012042300100126,2012년 4월 23일 08시,월요일,대구광역시 북구 노원동3가,중상사고,0,1,0,0,차대차 - 추돌 - 진행중,중앙선침범,건조,맑음,단일로 - 기타,화물,여,62세,기타불명,이륜,남,28세,중상
2012042300100127,2012년 4월 23일 08시,월요일,대구광역시 중구 포정동,경상사고,0,0,1,0,차대사람 - 기타,안전운전불이행,건조,맑음,단일로 - 기타,승용,여,35세,상해없음,보행자,남,59세,경상
2012042300100154,2012년 4월 23일 09시,월요일,대구광역시 수성구 수성동2가,중상사고,0,1,0,0,차대사람 - 횡단중,보행자보호의무위반,건조,맑음,단일로 - 횡단보도상,승용,여,40세,상해없음,보행자,여,28세,중상
2012042300100176,2012년 4월 23일 10시,월요일,대구광역시 동구 도동,중상사고,0,1,0,0,차대차 - 추돌 - 진행중,안전운전불이행,건조,맑음,단일로 - 기타,화물,남,46세,상해없음,승용,남,25세,상해없음
2012042300100199,2012년 4월 23일 11시,월요일,대구광역시 수성구 만촌동,경상사고,0,0,1,0,차대사람 - 기타,안전운전불이행,건조,맑음,단일로 - 기타,승용,남,29세,상해없음,보행자,남,19세,경상
2012042300100200,2012년 4월 23일 11시,월요일,대구광역시 북구 태전동,중상사고,0,1,0,0,차대사람 - 보도통행중,안전운전불이행,건조,맑음,단일로 - 기타,승합,남,50세,상해없음,보행자,남,69세,중상
2012042300100201,2012년 4월 23일 11시,월요일,대구광역시 중구 태평로3가,중상사고,0,1,0,0,차대차 - 추돌 - 진행중,안전운전불이행,건조,맑음,교차로 - 교차로부근,승용,여,33세,상해없음,이륜,남,21세,중상
2012042300100217,2012년 4월 23일 12시,월요일,대구광역시 달서구 송현동,중상사고,0,1,0,0,차대차 - 기타,신호위반,건조,맑음,교차로 - 교차로안,화물,남,52세,상해없음,이륜,남,63세,중상
2012042300100218,2012년 4월 23일 12시,월요일,대구광역시 북구 칠성동1가,경상사고,0,0,1,0,차대차 - 추돌 - 주정차중,직진우회전진행방해,건조,맑음,교차로 - 교차로안,화물,남,43세,상해없음,원동기,남,69세,상해없음
2012042300100219,2012년 4월 23일 12시,월요일,대구광역시 달서구 감삼동,사망사고,1,0,0,0,차대사람 - 기타,기타,건조,맑음,단일로 - 기타,승용,남,35세,상해없음,보행자,남,51세,사망
2012042300100220,2012년 4월 23일 12시,월요일,대구광역시 달서구 이곡동,중상사고,0,2,2,0,차대차 - 측면직각충돌,신호위반,건조,맑음,교차로 - 교차로안,승용,남,61세,상해없음,승용,남,21세,중상
2012042300100252,2012년 4월 23일 13시,월요일,대구광역시 달서구 월암동,경상사고,0,0,2,0,차대차 - 추돌 - 주정차중,안전운전불이행,건조,맑음,단일로 - 기타,승용,여,45세,상해없음,승용,남,57세,경상
2012042300100286,2012년 4월 23일 14시,월요일,대구광역시 동구 신천동,경상사고,0,0,1,0,차대사람 - 기타,안전운전불이행,건조,맑음,단일로 - 횡단보도상,승용,남,67세,상해없음,보행자,남,64세,경상
2012042300100287,2012년 4월 23일 14시,월요일,대구광역시 동구 검사동,사망사고,1,0,0,0,차대차 - 기타,안전운전불이행,건조,맑음,단일로 - 기타,승합,남,22세,상해없음,자전거,남,77세,사망
2012042300100288,2012년 4월 23일 14시,월요일,대구광역시 북구 칠성동1가,경상사고,0,0,1,0,차대차 - 기타,안전운전불이행,건조,맑음,교차로 - 교차로부근,승용,남,42세,상해없음,자전거,남,76세,경상
2012042300100289,2012년 4월 23일 14시,월요일,대구광역시 북구 구암동,중상사고,0,1,0,0,차대사람 - 횡단중,보행자보호의무위반,건조,맑음,단일로 - 횡단보도상,화물,남,46세,상해없음,보행자,남,61세,중상
2012042300100290,2012년 4월 23일 14시,월요일,대구광역시 서구 평리동,중상사고,0,1,0,0,차대사람 - 기타,안전운전불이행,건조,맑음,단일로 - 기타,자전거,남,9세,상해없음,보행자,여,77세,중상
2012042300100323,2012년 4월 23일 15시,월요일,대구광역시 수성구 범어동,경상사고,0,0,3,0,차대차 - 기타,안전운전불이행,건조,맑음,단일로 - 기타,이륜,남,30세,상해없음,승용,남,59세,경상
2012042300100324,2012년 4월 23일 15시,월요일,대구광역시 북구 칠성동2가,경상사고,0,0,1,0,차대차 - 측면직각충돌,안전운전불이행,건조,맑음,교차로 - 교차로부근,승용,남,53세,상해없음,자전거,여,54세,경상
2012042300100325,2012년 4월 23일 15시,월요일,대구광역시 북구 노원동2가,중상사고,0,1,0,0,차대차 - 측면직각충돌,안전운전불이행,건조,맑음,단일로 - 횡단보도부근,승용,남,62세,상해없음,자전거,남,80세,중상
2012042300100393,2012년 4월 23일 17시,월요일,대구광역시 동구 각산동,중상사고,0,1,0,0,차대차 - 측면직각충돌,신호위반,건조,맑음,교차로 - 교차로안,승용,남,47세,상해없음,승용,남,32세,중상
2012042300100394,2012년 4월 23일 17시,월요일,대구광역시 북구 침산동,부상신고사고,0,0,0,1,차대사람 - 기타,안전운전불이행,건조,맑음,단일로 - 기타,자전거,여,67세,부상신고,보행자,남,37세,상해없음
2012042300100395,2012년 4월 23일 17시,월요일,대구광역시 북구 동천동,경상사고,0,0,1,0,차대차 - 추돌 - 주정차중,안전운전불이행,건조,맑음,기타 - 기타,승용,남,31세,상해없음,승용,여,44세,경상
2012042300100432,2012년 4월 23일 18시,월요일,대구광역시 북구 동천동,중상사고,0,1,1,0,차대사람 - 횡단중,보행자보호의무위반,건조,맑음,단일로 - 횡단보도상,승용,남,40세,상해없음,보행자,여,41세,중상
2012042300100433,2012년 4월 23일 18시,월요일,대구광역시 서구 평리동,경상사고,0,0,6,0,차대차 - 추돌 - 진행중,안전운전불이행,건조,맑음,단일로 - 기타,승용,남,47세,상해없음,승용,여,37세,경상
2012042300100464,2012년 4월 23일 19시,월요일,대구광역시 북구 노원동3가,중상사고,0,1,0,0,차대차 - 기타,안전운전불이행,건조,맑음,단일로 - 기타,승용,여,59세,상해없음,자전거,남,31세,중상
2012042300100497,2012년 4월 23일 20시,월요일,대구광역시 남구 봉덕동,경상사고,0,0,4,0,차대차 - 추돌 - 진행중,안전거리미확보,건조,맑음,단일로 - 기타,승용,남,25세,상해없음,승용,남,37세,경상
2012042300100498,2012년 4월 23일 20시,월요일,대구광역시 달성군 다사읍,중상사고,0,1,0,0,차대차 - 기타,직진우회전진행방해,건조,맑음,교차로 - 교차로안,승용,남,41세,상해없음,이륜,남,59세,중상
2012042300100542,2012년 4월 23일 21시,월요일,대구광역시 동구 율하동,경상사고,0,0,1,0,차대차 - 기타,안전운전불이행,건조,맑음,단일로 - 기타,승용,남,39세,상해없음,승용,남,32세,경상
2012042300100543,2012년 4월 23일 21시,월요일,대구광역시 서구 내당동,부상신고사고,0,0,0,1,차대차 - 측면직각충돌,교차로운행방법위반,건조,맑음,교차로 - 교차로안,승용,여,44세,상해없음,자전거,남,20세,부상신고
2012042300100568,2012년 4월 23일 22시,월요일,대구광역시 남구 봉덕동,부상신고사고,0,0,0,1,차대차 - 정면충돌,안전운전불이행,건조,맑음,단일로 - 기타,이륜,남,60세,부상신고,기타불명,미분류,기타불명,기타불명
2012042300100569,2012년 4월 23일 22시,월요일,대구광역시 동구 각산동,중상사고,0,1,0,0,차대차 - 추돌 - 주정차중,안전운전불이행,건조,맑음,교차로 - 교차로안,승용,남,29세,상해없음,이륜,남,46세,중상
2012042300100570,2012년 4월 23일 22시,월요일,대구광역시 북구 서변동,부상신고사고,0,0,0,1,차량단독 - 공작물충돌,안전운전불이행,건조,맑음,단일로 - 기타,승용,남,37세,부상신고,,,,
2012042300100571,2012년 4월 23일 22시,월요일,대구광역시 서구 내당동,중상사고,0,1,0,0,차대차 - 측면직각충돌,안전운전불이행,건조,맑음,단일로 - 기타,승용,여,54세,상해없음,승용,남,47세,상해없음
2012042300100605,2012년 4월 23일 23시,월요일,대구광역시 북구 구암동,경상사고,0,0,1,0,차대차 - 정면충돌,중앙선침범,건조,맑음,교차로 - 교차로부근,화물,남,57세,상해없음,승용,남,54세,경상
2012042300100606,2012년 4월 23일 23시,월요일,대구광역시 북구 노원동1가,경상사고,0,0,1,0,차대사람 - 기타,안전운전불이행,건조,맑음,교차로 - 교차로안,승용,여,38세,상해없음,보행자,남,38세,경상
2012042400100065,2012년 4월 24일 05시,화요일,대구광역시 수성구 만촌동,중상사고,0,1,0,0,차대차 - 측면직각충돌,안전운전불이행,건조,맑음,단일로 - 횡단보도상,원동기,여,52세,중상,화물,남,58세,상해없음
2012042400100105,2012년 4월 24일 07시,화요일,대구광역시 동구 신천동,경상사고,0,0,1,0,차대차 - 기타,안전운전불이행,건조,맑음,단일로 - 기타,승용,남,44세,상해없음,자전거,남,36세,경상
2012042400100106,2012년 4월 24일 07시,화요일,대구광역시 달성군 다사읍,중상사고,0,1,0,0,차대사람 - 기타,안전운전불이행,건조,맑음,단일로 - 기타,승용,여,36세,상해없음,보행자,남,44세,중상
2012042400100107,2012년 4월 24일 07시,화요일,대구광역시 달서구 용산동,경상사고,0,0,3,0,차대차 - 추돌 - 주정차중,안전거리미확보,건조,맑음,단일로 - 기타,승용,남,30세,상해없음,승용,남,53세,경상
2012042400100172,2012년 4월 24일 09시,화요일,대구광역시 달성군 옥포면,경상사고,0,0,2,0,차대차 - 정면충돌,중앙선침범,건조,맑음,단일로 - 기타,승합,남,40세,상해없음,승용,남,70세,경상
2012042400100194,2012년 4월 24일 10시,화요일,대구광역시 수성구 범어동,중상사고,0,1,0,0,차대차 - 기타,안전운전불이행,건조,맑음,교차로 - 교차로안,승용,여,51세,상해없음,자전거,여,22세,중상
2012042400100195,2012년 4월 24일 10시,화요일,대구광역시 서구 비산동,경상사고,0,0,1,0,차대차 - 추돌 - 주정차중,안전운전불이행,건조,맑음,단일로 - 기타,화물,남,35세,상해없음,승용,남,64세,경상
2012042400100218,2012년 4월 24일 11시,화요일,대구광역시 수성구 욱수동,중상사고,0,1,0,0,차대차 - 기타,안전거리미확보,건조,맑음,단일로 - 기타,건설기계,남,56세,상해없음,승용,남,75세,중상
2012042400100219,2012년 4월 24일 11시,화요일,대구광역시 수성구 두산동,경상사고,0,0,1,0,차대차 - 기타,교차로운행방법위반,건조,맑음,교차로 - 교차로부근,승용,남,56세,상해없음,자전거,여,55세,경상
2012042400100220,2012년 4월 24일 11시,화요일,대구광역시 중구 삼덕동2가,경상사고,0,0,2,0,차대차 - 추돌 - 진행중,안전운전불이행,건조,맑음,단일로 - 기타,화물,남,53세,경상,승용,남,38세,상해없음
2012042400100275,2012년 4월 24일 13시,화요일,대구광역시 북구 노원동2가,경상사고,0,0,1,0,차대차 - 측면직각충돌,안전운전불이행,건조,맑음,단일로 - 기타,이륜,남,68세,경상,승용,남,33세,상해없음
2012042400100304,2012년 4월 24일 14시,화요일,대구광역시 동구 효목동,부상신고사고,0,0,0,1,차량단독 - 기타,안전운전불이행,건조,맑음,단일로 - 기타,승용,여,47세,부상신고,,,,
2012042400100305,2012년 4월 24일 14시,화요일,대구광역시 달성군 다사읍,경상사고,0,0,1,0,차대차 - 기타,안전운전불이행,건조,맑음,단일로 - 기타,화물,남,69세,상해없음,화물,남,60세,경상
2012042400100306,2012년 4월 24일 14시,화요일,대구광역시 서구 비산동,경상사고,0,0,1,0,차대사람 - 횡단중,안전운전불이행,건조,맑음,단일로 - 기타,화물,남,52세,상해없음,보행자,남,7세,경상
2012042400100347,2012년 4월 24일 15시,화요일,대구광역시 달서구 송현동,중상사고,0,1,0,0,차대차 - 기타,안전운전불이행,건조,맑음,단일로 - 횡단보도상,승용,남,69세,상해없음,자전거,여,42세,중상
2012042400100348,2012년 4월 24일 15시,화요일,대구광역시 달성군 옥포면,경상사고,0,0,1,0,차대차 - 측면직각충돌,안전운전불이행,건조,맑음,단일로 - 기타,승용,여,39세,경상,승용,남,56세,상해없음
2012042400100383,2012년 4월 24일 16시,화요일,대구광역시 달서구 진천동,경상사고,0,0,1,0,차대차 - 측면직각충돌,차로위반,건조,맑음,단일로 - 기타,승용,여,45세,상해없음,원동기,남,19세,경상
2012042400100384,2012년 4월 24일 16시,화요일,대구광역시 달서구 감삼동,중상사고,0,1,0,0,차대차 - 측면직각충돌,안전거리미확보,건조,맑음,단일로 - 기타,승용,남,53세,상해없음,이륜,남,20세,중상
2012042400100421,2012년 4월 24일 17시,화요일,대구광역시 동구 효목동,중상사고,0,1,0,0,차대사람 - 기타,안전운전불이행,건조,맑음,교차로 - 교차로안,화물,남,46세,상해없음,보행자,남,63세,중상
2012042400100422,2012년 4월 24일 17시,화요일,대구광역시 수성구 매호동,중상사고,0,1,0,0,차대사람 - 횡단중,안전운전불이행,건조,맑음,단일로 - 횡단보도부근,승용,남,21세,상해없음,보행자,남,9세,중상
2012042400100423,2012년 4월 24일 17시,화요일,대구광역시 달서구 진천동,경상사고,0,0,1,0,차대차 - 측면직각충돌,직진우회전진행방해,건조,맑음,교차로 - 교차로안,이륜,남,16세,기타불명,자전거,남,6세,경상
2012042400100424,2012년 4월 24일 17시,화요일,대구광역시 달서구 진천동,경상사고,0,0,1,0,차대차 - 측면직각충돌,직진우회전진행방해,건조,맑음,교차로 - 교차로안,승용,남,42세,상해없음,승용,남,20세,경상
2012042400100425,2012년 4월 24일 17시,화요일,대구광역시 북구 대현동,경상사고,0,0,1,0,차대사람 - 기타,안전운전불이행,건조,맑음,교차로 - 교차로안,승용,여,33세,상해없음,보행자,여,6세,경상
2012042400100426,2012년 4월 24일 17시,화요일,대구광역시 중구 남일동,중상사고,0,1,0,0,차대사람 - 기타,안전운전불이행,건조,맑음,단일로 - 기타,승용,남,35세,상해없음,보행자,남,73세,중상
2012042400100427,2012년 4월 24일 17시,화요일,대구광역시 중구 남산동,중상사고,0,1,0,0,차대차 - 기타,안전거리미확보,건조,맑음,단일로 - 기타,이륜,남,54세,중상,승용,여,62세,상해없음
2012042400100428,2012년 4월 24일 17시,화요일,대구광역시 중구 동인동1가,경상사고,0,0,1,0,차대차 - 기타,안전거리미확보,건조,맑음,단일로 - 기타,승용,남,56세,상해없음,승용,여,43세,경상
2012042400100473,2012년 4월 24일 18시,화요일,대구광역시 북구 태전동,경상사고,0,0,2,0,차대차 - 추돌 - 진행중,안전거리미확보,건조,맑음,단일로 - 기타,승합,남,43세,상해없음,승용,남,48세,경상
2012042400100474,2012년 4월 24일 18시,화요일,대구광역시 서구 평리동,경상사고,0,0,1,0,차대차 - 측면직각충돌,안전거리미확보,건조,맑음,단일로 - 기타,승합,남,57세,상해없음,이륜,남,59세,경상
2012042400100509,2012년 4월 24일 19시,화요일,대구광역시 북구 매천동,중상사고,0,1,0,0,차대차 - 측면직각충돌,직진우회전진행방해,건조,맑음,교차로 - 교차로안,승용,남,30세,상해없음,이륜,남,51세,중상
2012042400100510,2012년 4월 24일 19시,화요일,대구광역시 서구 이현동,중상사고,0,1,1,0,차대차 - 기타,신호위반,건조,맑음,교차로 - 교차로안,이륜,남,45세,중상,승용,남,35세,경상