사고번호,사고일시,요일,시군구,사고내용,사망자수,중상자수,경상자수,부상신고자수,사고유형,법규위반,노면상태,기상상태,도로형태,가해운전자 차종,가해운전자 성별,가해운전자 연령,가해운전자 상해정도,피해운전자 차종,피해운전자 성별,피해운전자 연령,피해운전자 상해정도
2012042400100511,2012년 4월 24일 19시,화요일,대구광역시 중구 서성로1가,경상사고,0,0,4,0,차대차 - 추돌 - 주정차중,안전거리미확보,건조,맑음,단일로 - 기타,승용,남,64세,상해없음,승용,남,28세,상해없음
2012042400100537,2012년 4월 24일 20시,화요일,대구광역시 중구 남일동,중상사고,0,1,1,0,차대사람 - 횡단중,보행자보호의무위반,건조,맑음,단일로 - 횡단보도상,이륜,남,44세,상해없음,보행자,남,17세,경상
2012042400100538,2012년 4월 24일 20시,화요일,대구광역시 중구 삼덕동1가,경상사고,0,0,1,0,차대사람 - 횡단중,안전운전불이행,건조,맑음,단일로 - 횡단보도상,승용,남,22세,상해없음,보행자,여,49세,경상
2012042400100578,2012년 4월 24일 21시,화요일,대구광역시 달서구 이곡동,경상사고,0,0,4,0,차대차 - 측면직각충돌,신호위반,건조,맑음,교차로 - 교차로안,승용,남,44세,상해없음,승용,여,45세,경상
2012042400100617,2012년 4월 24일 22시,화요일,대구광역시 중구 교동,경상사고,0,0,1,0,차대차 - 기타,안전운전불이행,건조,맑음,단일로 - 기타,승용,남,61세,상해없음,이륜,남,38세,경상
2012042400100618,2012년 4월 24일 22시,화요일,대구광역시 중구 종로1가,경상사고,0,0,1,0,차대사람 - 기타,안전운전불이행,건조,맑음,교차로 - 교차로안,승용,남,29세,상해없음,보행자,여,29세,경상
2012042400100653,2012년 4월 24일 23시,화요일,대구광역시 동구 신암동,경상사고,0,0,2,0,차대차 - 기타,불법유턴,건조,맑음,단일로 - 기타,승용,남,45세,상해없음,승합,남,46세,경상
2012042400100654,2012년 4월 24일 23시,화요일,대구광역시 동구 율하동,경상사고,0,0,1,0,차대차 - 추돌 - 진행중,안전운전불이행,건조,흐림,단일로 - 교량,승용,남,31세,상해없음,승합,남,50세,경상
2012042400100655,2012년 4월 24일 23시,화요일,대구광역시 수성구 황금동,경상사고,0,0,1,0,차대차 - 기타,안전운전불이행,건조,맑음,단일로 - 기타,승용,남,26세,상해없음,자전거,남,30세,경상
2012042500100029,2012년 4월 25일 00시,수요일,대구광역시 동구 신암동,경상사고,0,0,3,0,차대차 - 추돌 - 진행중,안전운전불이행,건조,맑음,단일로 - 기타,승용,남,72세,상해없음,승용,남,49세,경상
2012042500100030,2012년 4월 25일 00시,수요일,대구광역시 수성구 중동,중상사고,0,1,0,0,차대사람 - 횡단중,신호위반,건조,맑음,단일로 - 기타,승용,남,52세,상해없음,보행자,남,33세,중상
2012042500100080,2012년 4월 25일 05시,수요일,대구광역시 북구 매천동,부상신고사고,0,0,0,1,차량단독 - 공작물충돌,안전운전불이행,건조,맑음,단일로 - 기타,승용,남,45세,부상신고,,,,
2012042500100081,2012년 4월 25일 05시,수요일,대구광역시 서구 비산동,경상사고,0,0,1,0,차대차 - 측면직각충돌,안전거리미확보,건조,맑음,단일로 - 기타,승용,남,19세,상해없음,승용,남,44세,경상
2012042500100089,2012년 4월 25일 06시,수요일,대구광역시 달서구 두류동,경상사고,0,0,3,0,차대차 - 측면직각충돌,안전운전불이행,건조,맑음,교차로 - 교차로안,승용,남,51세,상해없음,승용,남,24세,경상
2012042500100109,2012년 4월 25일 07시,수요일,대구광역시 서구 비산동,경상사고,0,0,1,0,차대사람 - 기타,안전운전불이행,건조,맑음,단일로 - 기타,원동기,남,39세,상해없음,보행자,여,63세,경상
2012042500100153,2012년 4월 25일 08시,수요일,대구광역시 북구 노원동3가,경상사고,0,0,1,0,차대차 - 측면직각충돌,안전운전불이행,습기,비,단일로 - 기타,승용,남,32세,상해없음,자전거,여,39세,경상
2012042500100154,2012년 4월 25일 08시,수요일,대구광역시 중구 대신동,중상사고,0,1,1,0,차대차 - 측면직각충돌,신호위반,습기,비,교차로 - 교차로안,원동기,남,67세,중상,승용,여,49세,경상
2012042500100182,2012년 4월 25일 09시,수요일,대구광역시 중구 태평로1가,경상사고,0,0,1,0,차량단독 - 기타,안전운전불이행,건조,맑음,단일로 - 기타,승용,남,69세,상해없음,,,,
2012042500100205,2012년 4월 25일 10시,수요일,대구광역시 남구 대명동,경상사고,0,0,1,0,차대차 - 추돌 - 진행중,안전거리미확보,습기,비,단일로 - 기타,승용,남,51세,상해없음,건설기계,남,36세,상해없음
2012042500100234,2012년 4월 25일 11시,수요일,대구광역시 북구 고성동1가,경상사고,0,0,1,0,차대차 - 측면직각충돌,신호위반,습기,비,교차로 - 교차로안,승용,남,49세,상해없음,화물,남,75세,상해없음
2012042500100249,2012년 4월 25일 12시,수요일,대구광역시 달서구 진천동,중상사고,0,1,0,0,차대차 - 기타,안전거리미확보,습기,비,단일로 - 기타,승용,남,51세,상해없음,이륜,남,31세,중상
2012042500100250,2012년 4월 25일 12시,수요일,대구광역시 북구 태전동,경상사고,0,0,2,0,차대차 - 추돌 - 주정차중,안전운전불이행,습기,비,교차로 - 교차로부근,화물,남,31세,상해없음,승용,남,43세,경상
2012042500100251,2012년 4월 25일 12시,수요일,대구광역시 서구 비산동,중상사고,0,2,0,0,차대차 - 추돌 - 진행중,안전운전불이행,습기,비,단일로 - 기타,화물,남,45세,상해없음,승용,남,67세,중상
2012042500100276,2012년 4월 25일 13시,수요일,대구광역시 동구 불로동,경상사고,0,0,2,0,차대차 - 추돌 - 진행중,안전운전불이행,건조,맑음,단일로 - 기타,화물,남,61세,상해없음,승용,남,60세,경상
2012042500100277,2012년 4월 25일 13시,수요일,대구광역시 수성구 범물동,중상사고,0,1,2,0,차대차 - 추돌 - 진행중,안전거리미확보,습기,비,교차로 - 교차로부근,승용,남,58세,상해없음,화물,남,21세,경상
2012042500100307,2012년 4월 25일 14시,수요일,대구광역시 달서구 신당동,경상사고,0,0,1,0,차대차 - 기타,안전운전불이행,습기,맑음,교차로 - 교차로안,이륜,남,38세,경상,승용,남,52세,상해없음
2012042500100340,2012년 4월 25일 15시,수요일,대구광역시 수성구 수성동4가,중상사고,0,1,0,0,차대차 - 측면직각충돌,안전거리미확보,습기,비,교차로 - 교차로부근,승용,남,54세,상해없음,승용,남,54세,상해없음
2012042500100341,2012년 4월 25일 15시,수요일,대구광역시 수성구 범어동,경상사고,0,0,1,0,차대차 - 측면직각충돌,신호위반,습기,비,교차로 - 교차로안,승용,여,37세,상해없음,승용,여,48세,경상
2012042500100342,2012년 4월 25일 15시,수요일,대구광역시 수성구 만촌동,중상사고,0,2,4,0,차대차 - 기타,안전운전불이행,습기,비,단일로 - 기타,승용,남,42세,기타불명,승용,여,27세,경상
2012042500100343,2012년 4월 25일 15시,수요일,대구광역시 달성군 화원읍,경상사고,0,0,1,0,차대사람 - 보도통행중,안전운전불이행,건조,맑음,단일로 - 기타,승용,남,48세,상해없음,보행자,여,17세,경상
2012042500100344,2012년 4월 25일 15시,수요일,대구광역시 북구 태전동,경상사고,0,0,1,1,차대차 - 기타,안전운전불이행,습기,비,단일로 - 기타,승용,남,21세,부상신고,승용,여,34세,경상
2012042500100376,2012년 4월 25일 16시,수요일,대구광역시 동구 신천동,경상사고,0,0,1,0,차대차 - 기타,안전거리미확보,습기,비,단일로 - 기타,승용,여,51세,상해없음,원동기,남,51세,경상
2012042500100377,2012년 4월 25일 16시,수요일,대구광역시 중구 대봉동,경상사고,0,0,1,0,차대차 - 추돌 - 주정차중,안전운전불이행,습기,비,기타 - 기타,승용,남,39세,상해없음,승용,남,46세,경상
2012042500100404,2012년 4월 25일 17시,수요일,대구광역시 북구 서변동,경상사고,0,0,1,0,차대차 - 추돌 - 주정차중,안전운전불이행,습기,비,단일로 - 기타,화물,남,41세,상해없음,승용,남,36세,경상
2012042500100406,2012년 4월 25일 17시,수요일,대구광역시 동구 율하동,중상사고,0,2,0,0,차대차 - 기타,안전거리미확보,습기,비,단일로 - 기타,화물,남,23세,상해없음,승용,남,29세,중상
2012042500100407,2012년 4월 25일 17시,수요일,대구광역시 북구 복현동,부상신고사고,0,0,0,1,차대사람 - 보도통행중,기타,습기,비,단일로 - 기타,승용,기타불명,기타불명,기타불명,보행자,여,41세,부상신고
2012042500100408,2012년 4월 25일 17시,수요일,대구광역시 중구 봉산동,경상사고,0,0,1,0,차대차 - 기타,안전운전불이행,습기,비,단일로 - 기타,승용,남,59세,상해없음,승용,여,39세,상해없음
2012042500100447,2012년 4월 25일 18시,수요일,대구광역시 북구 서변동,중상사고,0,2,1,0,차대차 - 측면직각충돌,안전거리미확보,습기,비,단일로 - 기타,승용,남,52세,중상,승용,남,59세,경상
2012042500100448,2012년 4월 25일 18시,수요일,대구광역시 동구 지저동,경상사고,0,0,1,0,차대차 - 기타,안전거리미확보,건조,맑음,단일로 - 교량,승용,여,58세,상해없음,이륜,남,52세,경상
2012042500100449,2012년 4월 25일 18시,수요일,대구광역시 수성구 범어동,경상사고,0,0,1,0,차대차 - 측면직각충돌,안전운전불이행,습기,비,교차로 - 교차로안,승합,남,51세,상해없음,원동기,남,40세,경상
2012042500100450,2012년 4월 25일 18시,수요일,대구광역시 북구 구암동,중상사고,0,1,0,0,차대사람 - 기타,안전운전불이행,습기,비,단일로 - 기타,승용,여,22세,상해없음,보행자,남,17세,중상
2012042500100451,2012년 4월 25일 18시,수요일,대구광역시 중구 삼덕동1가,중상사고,0,1,0,0,차대차 - 측면직각충돌,안전거리미확보,습기,비,단일로 - 기타,승용,남,47세,상해없음,이륜,남,45세,중상
2012042500100452,2012년 4월 25일 18시,수요일,대구광역시 중구 서성로1가,경상사고,0,0,3,0,차대차 - 기타,안전운전불이행,건조,맑음,교차로 - 교차로안,승용,남,31세,상해없음,승용,남,27세,경상
2012042500100492,2012년 4월 25일 19시,수요일,대구광역시 남구 대명동,경상사고,0,0,1,0,차대차 - 추돌 - 진행중,안전거리미확보,습기,맑음,단일로 - 기타,승용,남,71세,상해없음,승용,남,40세,경상
2012042500100493,2012년 4월 25일 19시,수요일,대구광역시 서구 평리동,경상사고,0,0,1,0,차대차 - 측면직각충돌,안전운전불이행,습기,비,교차로 - 교차로부근,승용,남,50세,상해없음,승용,남,49세,경상
2012042500100494,2012년 4월 25일 19시,수요일,대구광역시 서구 비산동,경상사고,0,0,1,0,차대사람 - 횡단중,보행자보호의무위반,건조,맑음,단일로 - 횡단보도상,화물,남,24세,상해없음,보행자,남,59세,경상
2012042500100534,2012년 4월 25일 20시,수요일,대구광역시 달서구 두류동,경상사고,0,0,1,0,차대차 - 측면직각충돌,안전운전불이행,습기,비,교차로 - 교차로부근,승용,남,16세,상해없음,승용,여,40세,경상
2012042500100535,2012년 4월 25일 20시,수요일,대구광역시 중구 동인동4가,경상사고,0,0,1,0,차대사람 - 기타,안전운전불이행,건조,기타,단일로 - 기타,승용,남,78세,상해없음,보행자,여,47세,경상
2012042500100638,2012년 4월 25일 22시,수요일,대구광역시 동구 율하동,경상사고,0,0,1,0,차대차 - 기타,안전운전불이행,건조,맑음,단일로 - 기타,승용,여,35세,상해없음,승용,여,38세,경상
2012042500100639,2012년 4월 25일 22시,수요일,대구광역시 수성구 황금동,중상사고,0,1,1,0,차대차 - 측면직각충돌,신호위반,건조,맑음,교차로 - 교차로안,승용,남,44세,경상,승용,남,26세,중상
2012042500100640,2012년 4월 25일 22시,수요일,대구광역시 북구 산격동,경상사고,0,0,1,0,차대차 - 측면직각충돌,안전운전불이행,습기,비,단일로 - 기타,승용,남,52세,상해없음,이륜,남,33세,경상
2012042500100641,2012년 4월 25일 22시,수요일,대구광역시 북구 태전동,경상사고,0,0,2,0,차대차 - 측면직각충돌,안전운전불이행,습기,비,단일로 - 기타,화물,남,39세,상해없음,승용,남,41세,경상
2012042500100642,2012년 4월 25일 22시,수요일,대구광역시 달서구 용산동,경상사고,0,0,1,0,차대차 - 기타,교차로운행방법위반,건조,맑음,교차로 - 교차로안,승용,남,27세,상해없음,원동기,남,17세,경상
2012042500100696,2012년 4월 25일 23시,수요일,대구광역시 동구 불로동,부상신고사고,0,0,0,1,차대사람 - 기타,기타,건조,맑음,기타 - 기타,자전거,남,47세,상해없음,보행자,남,48세,부상신고
2012042500100697,2012년 4월 25일 23시,수요일,대구광역시 북구 동천동,중상사고,0,1,0,0,차대차 - 추돌 - 주정차중,불법유턴,습기,비,단일로 - 기타,승용,남,17세,상해없음,승용,남,33세,중상
2012042500100698,2012년 4월 25일 23시,수요일,대구광역시 달서구 두류동,경상사고,0,0,1,0,차대차 - 추돌 - 주정차중,안전운전불이행,건조,맑음,단일로 - 기타,승용,남,58세,상해없음,승용,남,50세,경상
2012042600100033,2012년 4월 26일 00시,목요일,대구광역시 북구 칠성동2가,경상사고,0,0,1,0,차대차 - 측면직각충돌,안전운전불이행,건조,맑음,단일로 - 기타,화물,남,25세,상해없음,승용,남,42세,경상
2012042600100092,2012년 4월 26일 02시,목요일,대구광역시 동구 검사동,중상사고,0,1,2,1,차대차 - 기타,교차로운행방법위반,건조,맑음,교차로 - 교차로안,승용,남,30세,상해없음,승용,남,45세,경상
2012042600100093,2012년 4월 26일 02시,목요일,대구광역시 달성군 가창면,중상사고,0,1,0,0,차량단독 - 공작물충돌,안전운전불이행,건조,맑음,단일로 - 기타,승용,남,27세,중상,,,,
2012042600100107,2012년 4월 26일 03시,목요일,대구광역시 달서구 송현동,중상사고,0,1,0,0,차대차 - 측면직각충돌,안전운전불이행,건조,맑음,교차로 - 교차로안,승용,남,42세,상해없음,원동기,남,44세,중상
2012042600100108,2012년 4월 26일 03시,목요일,대구광역시 북구 노원동3가,경상사고,0,0,2,0,차대차 - 기타,신호위반,건조,맑음,교차로 - 교차로안,승용,남,51세,상해없음,승용,여,45세,경상
2012042600100141,2012년 4월 26일 06시,목요일,대구광역시 서구 이현동,중상사고,0,1,0,0,차대차 - 측면직각충돌,교차로운행방법위반,건조,맑음,교차로 - 교차로안,특수,남,70세,상해없음,승용,여,54세,중상
2012042600100175,2012년 4월 26일 07시,목요일,대구광역시 동구 효목동,부상신고사고,0,0,0,1,차대차 - 기타,교차로운행방법위반,건조,맑음,교차로 - 교차로부근,승용,여,34세,상해없음,자전거,남,17세,부상신고
2012042600100176,2012년 4월 26일 07시,목요일,대구광역시 달서구 월성동,경상사고,0,0,1,0,차량단독 - 기타,기타,건조,맑음,단일로 - 기타,승합,남,56세,상해없음,,,,
2012042600100177,2012년 4월 26일 07시,목요일,대구광역시 북구 팔달동,경상사고,0,0,1,0,차대차 - 기타,안전거리미확보,건조,맑음,기타 - 기타,승용,남,55세,상해없음,승용,남,47세,경상
2012042600100178,2012년 4월 26일 07시,목요일,대구광역시 중구 대봉동,중상사고,0,1,0,0,차대차 - 기타,신호위반,건조,맑음,교차로 - 교차로안,승용,여,49세,상해없음,승용,남,26세,중상
2012042600100214,2012년 4월 26일 08시,목요일,대구광역시 동구 각산동,사망사고,1,0,0,0,차대차 - 측면직각충돌,과속,건조,맑음,교차로 - 교차로안,화물,남,43세,상해없음,자전거,남,14세,사망
2012042600100215,2012년 4월 26일 08시,목요일,대구광역시 달서구 송현동,경상사고,0,0,3,0,차대차 - 기타,교차로운행방법위반,건조,맑음,단일로 - 기타,승용,남,31세,상해없음,승용,여,44세,경상
2012042600100216,2012년 4월 26일 08시,목요일,대구광역시 달서구 송현동,경상사고,0,0,1,0,차대차 - 추돌 - 진행중,안전거리미확보,건조,맑음,단일로 - 기타,승용,여,48세,상해없음,승용,여,24세,경상
2012042600100217,2012년 4월 26일 08시,목요일,대구광역시 북구 노원동3가,중상사고,0,1,0,0,차대차 - 측면직각충돌,신호위반,건조,맑음,교차로 - 교차로안,화물,남,47세,상해없음,원동기,여,43세,중상
2012042600100218,2012년 4월 26일 08시,목요일,대구광역시 달서구 신당동,경상사고,0,0,2,0,차대차 - 추돌 - 주정차중,안전운전불이행,건조,맑음,교차로 - 교차로부근,승용,남,75세,상해없음,승용,여,52세,경상
2012042600100257,2012년 4월 26일 09시,목요일,대구광역시 달서구 신당동,경상사고,0,0,1,0,차대차 - 측면직각충돌,신호위반,건조,맑음,교차로 - 교차로안,자전거,남,18세,경상,승용,남,57세,상해없음
2012042600100292,2012년 4월 26일 10시,목요일,대구광역시 남구 봉덕동,중상사고,0,4,4,0,차대차 - 추돌 - 주정차중,안전거리미확보,건조,맑음,단일로 - 기타,승용,남,65세,상해없음,승용,여,42세,상해없음
2012042600100293,2012년 4월 26일 10시,목요일,대구광역시 북구 침산동,부상신고사고,0,0,0,1,차대차 - 기타,안전운전불이행,건조,맑음,단일로 - 기타,원동기,여,55세,부상신고,승용,여,48세,상해없음
2012042600100321,2012년 4월 26일 11시,목요일,대구광역시 남구 대명동,중상사고,0,1,0,0,차대사람 - 차도통행중,안전운전불이행,건조,맑음,단일로 - 기타,승용,여,45세,상해없음,보행자,여,64세,중상
2012042600100322,2012년 4월 26일 11시,목요일,대구광역시 수성구 범어동,중상사고,0,1,0,0,차대차 - 기타,안전운전불이행,건조,맑음,단일로 - 기타,승용,남,53세,상해없음,원동기,남,34세,중상
2012042600100376,2012년 4월 26일 13시,목요일,대구광역시 동구 효목동,경상사고,0,0,1,0,차대사람 - 기타,안전운전불이행,건조,맑음,단일로 - 기타,승용,여,50세,상해없음,보행자,남,15세,경상
2012042600100377,2012년 4월 26일 13시,목요일,대구광역시 수성구 범어동,경상사고,0,0,1,0,차대차 - 측면직각충돌,안전운전불이행,건조,맑음,교차로 - 교차로부근,화물,남,48세,상해없음,승용,남,59세,경상
2012042600100378,2012년 4월 26일 13시,목요일,대구광역시 북구 읍내동,중상사고,0,1,0,0,차대사람 - 기타,안전운전불이행,건조,맑음,단일로 - 기타,화물,남,40세,상해없음,보행자,여,71세,중상
2012042600100415,2012년 4월 26일 14시,목요일,대구광역시 수성구 시지동,중상사고,0,1,0,0,차대차 - 측면직각충돌,안전거리미확보,건조,맑음,단일로 - 기타,이륜,남,19세,중상,승용,남,52세,상해없음
2012042600100459,2012년 4월 26일 15시,목요일,대구광역시 동구 동호동,중상사고,0,3,3,0,차대차 - 추돌 - 진행중,안전거리미확보,건조,맑음,교차로 - 교차로부근,화물,남,42세,상해없음,승용,남,51세,중상
2012042600100461,2012년 4월 26일 15시,목요일,대구광역시 중구 대봉동,경상사고,0,0,1,0,차대차 - 기타,안전운전불이행,건조,맑음,단일로 - 기타,승용,여,42세,상해없음,승용,여,29세,경상
2012042600100508,2012년 4월 26일 16시,목요일,대구광역시 동구 용계동,경상사고,0,0,1,0,차대사람 - 보도통행중,기타,건조,맑음,단일로 - 기타,기타불명,기타불명,기타불명,기타불명,보행자,남,6세,경상
2012042600100509,2012년 4월 26일 16시,목요일,대구광역시 수성구 만촌동,경상사고,0,0,2,0,차대차 - 기타,안전운전불이행,건조,기타,단일로 - 기타,화물,남,29세,상해없음,승용,여,41세,경상
2012042600100510,2012년 4월 26일 16시,목요일,대구광역시 달서구 상인동,중상사고,0,1,0,0,차대사람 - 횡단중,안전운전불이행,건조,맑음,단일로 - 기타,승용,여,44세,상해없음,보행자,남,3세,중상
2012042600100511,2012년 4월 26일 16시,목요일,대구광역시 중구 남산동,경상사고,0,0,1,0,차대차 - 기타,중앙선침범,건조,맑음,단일로 - 기타,승용,남,51세,상해없음,승용,남,40세,경상
2012042600100542,2012년 4월 26일 17시,목요일,대구광역시 남구 이천동,경상사고,0,0,1,0,차대차 - 측면직각충돌,안전거리미확보,건조,맑음,단일로 - 기타,자전거,남,73세,경상,승용,남,51세,상해없음
2012042600100543,2012년 4월 26일 17시,목요일,대구광역시 달서구 상인동,중상사고,0,1,0,0,차대차 - 측면직각충돌,교차로운행방법위반,건조,맑음,교차로 - 교차로안,승용,남,49세,상해없음,자전거,남,14세,중상
2012042600100544,2012년 4월 26일 17시,목요일,대구광역시 달성군 다사읍,경상사고,0,0,1,0,차대사람 - 기타,안전운전불이행,건조,맑음,기타 - 기타,이륜,남,52세,상해없음,보행자,남,39세,경상
2012042600100545,2012년 4월 26일 17시,목요일,대구광역시 달서구 죽전동,경상사고,0,0,1,0,차대차 - 기타,안전운전불이행,건조,맑음,기타 - 기타,자전거,여,7세,경상,화물,남,56세,기타불명
2012042600100591,2012년 4월 26일 18시,목요일,대구광역시 동구 신암동,경상사고,0,0,1,0,차대차 - 측면직각충돌,교차로운행방법위반,건조,맑음,교차로 - 교차로안,승용,남,60세,상해없음,자전거,남,59세,경상
2012042600100592,2012년 4월 26일 18시,목요일,대구광역시 북구 칠성동1가,중상사고,0,1,0,0,차대차 - 기타,교차로운행방법위반,건조,맑음,교차로 - 교차로안,화물,남,41세,상해없음,승용,여,56세,중상
2012042600100593,2012년 4월 26일 18시,목요일,대구광역시 북구 대현동,경상사고,0,0,1,0,차대차 - 측면직각충돌,안전운전불이행,건조,맑음,교차로 - 교차로부근,자전거,남,30세,상해없음,이륜,남,22세,경상
2012042600100594,2012년 4월 26일 18시,목요일,대구광역시 서구 평리동,부상신고사고,0,0,0,2,차대차 - 측면직각충돌,안전운전불이행,건조,맑음,단일로 - 기타,승용,남,44세,상해없음,원동기,남,16세,부상신고
2012042600100638,2012년 4월 26일 19시,목요일,대구광역시 달서구 도원동,중상사고,0,1,0,0,차대차 - 기타,교차로운행방법위반,건조,맑음,교차로 - 교차로안,이륜,남,19세,중상,승용,남,51세,상해없음
2012042600100669,2012년 4월 26일 20시,목요일,대구광역시 서구 내당동,중상사고,0,1,0,0,차대차 - 측면직각충돌,불법유턴,건조,맑음,교차로 - 교차로부근,자전거,남,75세,중상,승용,남,47세,상해없음
2012042600100700,2012년 4월 26일 21시,목요일,대구광역시 동구 신천동,경상사고,0,0,1,0,차대차 - 추돌 - 주정차중,안전운전불이행,건조,맑음,기타 - 기타,승용,남,49세,상해없음,승용,여,36세,경상
2012042600100701,2012년 4월 26일 21시,목요일,대구광역시 북구 동천동,중상사고,0,1,0,0,차대사람 - 기타,안전운전불이행,건조,맑음,교차로 - 교차로부근,승용,남,29세,상해없음,보행자,여,14세,중상
2012042600100702,2012년 4월 26일 21시,목요일,대구광역시 서구 평리동,경상사고,0,0,1,0,차대사람 - 기타,안전운전불이행,건조,맑음,교차로 - 교차로부근,승용,여,45세,상해없음,보행자,남,52세,경상
2012042600100703,2012년 4월 26일 21시,목요일,대구광역시 중구 삼덕동1가,부상신고사고,0,0,0,1,차대사람 - 기타,안전운전불이행,건조,맑음,단일로 - 기타,승용,남,20세,기타불명,보행자,여,21세,부상신고
2012042600100743,2012년 4월 26일 22시,목요일,대구광역시 북구 산격동,중상사고,0,1,1,0,차대차 - 정면충돌,신호위반,건조,맑음,교차로 - 교차로안,승용,남,41세,상해없음,승용,남,41세,경상
2012042600100744,2012년 4월 26일 22시,목요일,대구광역시 북구 동천동,경상사고,0,0,1,0,차대차 - 기타,안전운전불이행,건조,맑음,교차로 - 교차로안,승합,여,39세,상해없음,자전거,남,17세,경상
2012042700100023,2012년 4월 27일 00시,금요일,대구광역시 북구 산격동,사망사고,1,0,0,0,차량단독 - 공작물충돌,안전운전불이행,건조,맑음,단일로 - 기타,이륜,남,22세,사망,,,,
2012042700100024,2012년 4월 27일 00시,금요일,대구광역시 서구 내당동,경상사고,0,0,1,0,차대사람 - 차도통행중,안전운전불이행,건조,맑음,교차로 - 교차로부근,승용,남,51세,상해없음,보행자,남,48세,경상
2012042700100050,2012년 4월 27일 01시,금요일,대구광역시 북구 산격동,중상사고,0,2,0,0,차대차 - 측면직각충돌,안전운전불이행,건조,맑음,단일로 - 기타,승용,남,49세,상해없음,승용,남,40세,중상
2012042700100051,2012년 4월 27일 01시,금요일,대구광역시 서구 내당동,중상사고,0,2,0,0,차대차 - 추돌 - 주정차중,안전거리미확보,건조,맑음,단일로 - 기타,승용,여,54세,상해없음,승용,남,26세,중상
2012042700100067,2012년 4월 27일 02시,금요일,대구광역시 중구 삼덕동1가,경상사고,0,0,1,0,차대차 - 기타,안전거리미확보,건조,맑음,단일로 - 기타,승용,남,26세,상해없음,이륜,남,22세,경상
2012042700100089,2012년 4월 27일 04시,금요일,대구광역시 중구 동인동1가,중상사고,0,1,0,0,차대차 - 기타,신호위반,건조,맑음,교차로 - 교차로안,승용,남,52세,상해없음,이륜,남,63세,중상
2012042700100098,2012년 4월 27일 05시,금요일,대구광역시 북구 태전동,경상사고,0,0,1,0,차대차 - 추돌 - 진행중,안전운전불이행,건조,맑음,단일로 - 기타,승용,남,38세,상해없음,승용,여,51세,경상
2012042700100138,2012년 4월 27일 07시,금요일,대구광역시 수성구 지산동,경상사고,0,0,1,0,차대차 - 측면직각충돌,안전거리미확보,건조,맑음,단일로 - 기타,승용,여,45세,상해없음,승용,남,50세,경상
2012042700100139,2012년 4월 27일 07시,금요일,대구광역시 달서구 상인동,중상사고,0,1,0,0,차대사람 - 횡단중,보행자보호의무위반,건조,맑음,단일로 - 횡단보도상,승용,여,40세,상해없음,보행자,여,16세,중상
2012042700100140,2012년 4월 27일 07시,금요일,대구광역시 북구 산격동,부상신고사고,0,0,0,1,차대차 - 측면직각충돌,교차로운행방법위반,건조,맑음,교차로 - 교차로안,자전거,남,17세,부상신고,승용,남,56세,상해없음
2012042700100141,2012년 4월 27일 07시,금요일,대구광역시 서구 내당동,중상사고,0,1,2,0,차대차 - 측면직각충돌,안전운전불이행,건조,맑음,단일로 - 기타,승용,남,62세,상해없음,승용,여,25세,중상
2012042700100177,2012년 4월 27일 08시,금요일,대구광역시 동구 효목동,경상사고,0,0,2,0,차대차 - 기타,안전운전불이행,건조,맑음,교차로 - 교차로부근,승용,남,29세,상해없음,승용,남,60세,경상
2012042700100178,2012년 4월 27일 08시,금요일,대구광역시 중구 삼덕동1가,경상사고,0,0,1,0,차대차 - 기타,안전거리미확보,건조,맑음,단일로 - 기타,기타불명,기타불명,기타불명,기타불명,승용,여,29세,경상
2012042700100212,2012년 4월 27일 09시,금요일,대구광역시 북구 관음동,중상사고,0,1,0,0,차량단독 - 기타,안전운전불이행,건조,맑음,교차로 - 교차로부근,승합,남,55세,상해없음,,,,
2012042700100237,2012년 4월 27일 10시,금요일,대구광역시 중구 수동,경상사고,0,0,4,1,차대차 - 추돌 - 진행중,안전운전불이행,건조,맑음,단일로 - 기타,승용,남,58세,부상신고,승용,남,56세,경상
2012042700100238,2012년 4월 27일 10시,금요일,대구광역시 달서구 성당동,중상사고,0,1,0,0,차대사람 - 차도통행중,안전운전불이행,건조,맑음,단일로 - 기타,승용,남,34세,상해없음,보행자,여,57세,중상
2012042700100316,2012년 4월 27일 13시,금요일,대구광역시 수성구 범어동,경상사고,0,0,1,0,차대차 - 기타,안전운전불이행,건조,맑음,단일로 - 기타,승용,남,56세,상해없음,이륜,남,47세,경상
2012042700100317,2012년 4월 27일 13시,금요일,대구광역시 수성구 범물동,경상사고,0,0,1,0,차대차 - 기타,안전운전불이행,건조,맑음,단일로 - 횡단보도상,승용,여,44세,상해없음,자전거,남,17세,경상
2012042700100318,2012년 4월 27일 13시,금요일,대구광역시 서구 비산동,경상사고,0,0,1,0,차대차 - 추돌 - 주정차중,안전운전불이행,건조,맑음,단일로 - 횡단보도부근,이륜,남,72세,상해없음,이륜,남,61세,경상
2012042700100319,2012년 4월 27일 13시,금요일,대구광역시 중구 남산동,경상사고,0,0,1,0,차대차 - 추돌 - 진행중,안전거리미확보,건조,맑음,단일로 - 기타,승용,남,44세,상해없음,승용,여,23세,경상
2012042700100320,2012년 4월 27일 13시,금요일,대구광역시 중구 서문로1가,경상사고,0,0,1,0,차대사람 - 길가장자리구역통행중,안전운전불이행,건조,기타,단일로 - 기타,승용,여,20세,상해없음,보행자,남,37세,경상