사고번호,사고일시,요일,시군구,사고내용,사망자수,중상자수,경상자수,부상신고자수,사고유형,법규위반,노면상태,기상상태,도로형태,가해운전자 차종,가해운전자 성별,가해운전자 연령,가해운전자 상해정도,피해운전자 차종,피해운전자 성별,피해운전자 연령,피해운전자 상해정도
2012043000100390,2012년 4월 30일 15시,월요일,대구광역시 북구 노원동1가,중상사고,0,1,0,0,차대차 - 측면직각충돌,안전운전불이행,건조,맑음,단일로 - 기타,승용,남,37세,상해없음,승합,남,48세,상해없음
2012043000100434,2012년 4월 30일 16시,월요일,대구광역시 동구 방촌동,경상사고,0,0,1,0,차대차 - 추돌 - 진행중,안전운전불이행,건조,맑음,단일로 - 기타,기타불명,기타불명,기타불명,기타불명,승용,여,52세,경상
2012043000100438,2012년 4월 30일 16시,월요일,대구광역시 수성구 범어동,경상사고,0,0,1,0,차대차 - 측면직각충돌,안전거리미확보,건조,맑음,단일로 - 기타,승합,남,39세,상해없음,승용,남,47세,경상
2012043000100439,2012년 4월 30일 16시,월요일,대구광역시 수성구 지산동,부상신고사고,0,0,0,1,차대사람 - 기타,안전운전불이행,건조,맑음,단일로 - 기타,승합,기타불명,기타불명,기타불명,보행자,남,62세,부상신고
2012043000100440,2012년 4월 30일 16시,월요일,대구광역시 북구 노원동2가,경상사고,0,0,1,0,차대차 - 기타,교차로운행방법위반,건조,맑음,교차로 - 교차로안,원동기,남,73세,경상,승용,남,37세,상해없음
2012043000100441,2012년 4월 30일 16시,월요일,대구광역시 북구 대현동,중상사고,0,1,0,0,차대사람 - 기타,안전운전불이행,건조,맑음,단일로 - 기타,승용,여,34세,상해없음,보행자,여,8세,중상
2012043000100442,2012년 4월 30일 16시,월요일,대구광역시 북구 동변동,경상사고,0,0,1,0,차대차 - 기타,안전운전불이행,건조,맑음,단일로 - 기타,승용,남,42세,상해없음,자전거,남,9세,경상
2012043000100443,2012년 4월 30일 16시,월요일,대구광역시 북구 대현동,경상사고,0,0,1,0,차대사람 - 차도통행중,안전운전불이행,건조,맑음,단일로 - 기타,승용,여,51세,상해없음,보행자,남,52세,경상
2012043000100479,2012년 4월 30일 17시,월요일,대구광역시 수성구 황금동,경상사고,0,0,1,0,차대차 - 기타,안전운전불이행,건조,맑음,단일로 - 기타,승용,남,22세,상해없음,자전거,여,10세,경상
2012043000100480,2012년 4월 30일 17시,월요일,대구광역시 수성구 황금동,중상사고,0,1,0,0,차대사람 - 횡단중,안전운전불이행,건조,맑음,단일로 - 기타,승합,남,38세,상해없음,보행자,여,19세,중상
2012043000100481,2012년 4월 30일 17시,월요일,대구광역시 수성구 매호동,경상사고,0,0,1,0,차대차 - 측면직각충돌,직진우회전진행방해,건조,맑음,교차로 - 교차로안,승용,남,32세,상해없음,자전거,남,12세,경상
2012043000100482,2012년 4월 30일 17시,월요일,대구광역시 서구 내당동,중상사고,0,1,1,0,차대차 - 측면직각충돌,직진우회전진행방해,건조,맑음,교차로 - 교차로안,승용,남,38세,상해없음,승합,여,43세,중상
2012043000100483,2012년 4월 30일 17시,월요일,대구광역시 달서구 호림동,중상사고,0,1,0,0,차대차 - 기타,안전운전불이행,건조,맑음,교차로 - 교차로부근,승용,여,53세,상해없음,화물,남,53세,중상
2012043000100542,2012년 4월 30일 18시,월요일,대구광역시 달서구 대천동,경상사고,0,0,1,0,차대차 - 추돌 - 진행중,안전운전불이행,건조,맑음,단일로 - 기타,승용,남,57세,상해없음,승용,남,43세,경상
2012043000100543,2012년 4월 30일 18시,월요일,대구광역시 달성군 화원읍,경상사고,0,0,1,0,차대차 - 측면직각충돌,안전운전불이행,건조,맑음,단일로 - 기타,이륜,남,18세,경상,승용,여,53세,상해없음
2012043000100544,2012년 4월 30일 18시,월요일,대구광역시 서구 평리동,경상사고,0,0,1,0,차대사람 - 보도통행중,안전운전불이행,건조,맑음,단일로 - 기타,승용,남,60세,상해없음,보행자,여,18세,경상
2012043000100545,2012년 4월 30일 18시,월요일,대구광역시 달서구 장기동,중상사고,0,1,0,0,차대사람 - 횡단중,보행자보호의무위반,건조,맑음,단일로 - 횡단보도상,이륜,여,25세,상해없음,보행자,여,21세,중상
2012043000100588,2012년 4월 30일 19시,월요일,대구광역시 북구 태전동,경상사고,0,0,1,0,차대차 - 측면직각충돌,교차로운행방법위반,건조,맑음,교차로 - 교차로안,승용,여,50세,상해없음,이륜,남,16세,경상
2012043000100636,2012년 4월 30일 20시,월요일,대구광역시 남구 대명동,중상사고,0,1,1,0,차대차 - 측면직각충돌,안전운전불이행,건조,맑음,교차로 - 교차로부근,이륜,남,17세,상해없음,승용,남,37세,경상
2012043000100637,2012년 4월 30일 20시,월요일,대구광역시 남구 봉덕동,경상사고,0,0,1,0,차대차 - 기타,교차로운행방법위반,건조,맑음,교차로 - 교차로안,승합,여,43세,상해없음,승용,남,41세,경상
2012043000100683,2012년 4월 30일 21시,월요일,대구광역시 수성구 지산동,경상사고,0,0,1,0,차대사람 - 기타,안전운전불이행,건조,맑음,단일로 - 기타,승용,남,52세,상해없음,보행자,남,54세,경상
2012043000100684,2012년 4월 30일 21시,월요일,대구광역시 북구 고성동1가,경상사고,0,0,1,0,차대차 - 기타,안전운전불이행,건조,맑음,교차로 - 교차로부근,승용,남,71세,상해없음,원동기,남,39세,경상
2012043000100685,2012년 4월 30일 21시,월요일,대구광역시 북구 팔달동,중상사고,0,1,1,0,차대사람 - 길가장자리구역통행중,안전운전불이행,건조,맑음,교차로 - 교차로부근,승용,남,38세,상해없음,보행자,남,65세,경상
2012043000100686,2012년 4월 30일 21시,월요일,대구광역시 달서구 신당동,경상사고,0,0,1,0,차대차 - 측면직각충돌,안전운전불이행,건조,맑음,단일로 - 기타,승용,남,20세,상해없음,승용,남,36세,경상
2012043000100710,2012년 4월 30일 22시,월요일,대구광역시 동구 신천동,경상사고,0,0,1,0,차대차 - 기타,안전운전불이행,건조,맑음,교차로 - 교차로부근,승용,남,32세,상해없음,자전거,남,30세,경상
2012043000100711,2012년 4월 30일 22시,월요일,대구광역시 달서구 두류동,경상사고,0,0,2,0,차대차 - 추돌 - 주정차중,안전운전불이행,건조,맑음,교차로 - 교차로부근,승용,남,41세,상해없음,승용,남,52세,경상
2012043000100712,2012년 4월 30일 22시,월요일,대구광역시 달서구 본리동,중상사고,0,1,0,0,차대차 - 측면직각충돌,안전거리미확보,건조,맑음,교차로 - 교차로부근,원동기,남,17세,중상,승용,남,36세,상해없음
2012043000100748,2012년 4월 30일 23시,월요일,대구광역시 동구 신기동,경상사고,0,0,2,1,차대차 - 측면직각충돌,교차로운행방법위반,건조,맑음,교차로 - 교차로부근,승용,여,32세,경상,승용,남,44세,상해없음
2012043000100749,2012년 4월 30일 23시,월요일,대구광역시 북구 태전동,경상사고,0,0,1,0,차대차 - 추돌 - 주정차중,안전운전불이행,건조,맑음,단일로 - 기타,승용,남,51세,상해없음,승용,남,40세,경상
2012043000100750,2012년 4월 30일 23시,월요일,대구광역시 서구 비산동,사망사고,1,0,0,0,차대사람 - 기타,안전운전불이행,건조,맑음,단일로 - 기타,승합,남,50세,상해없음,보행자,여,48세,사망
2012043000100751,2012년 4월 30일 23시,월요일,대구광역시 서구 내당동,중상사고,0,2,1,0,차대차 - 추돌 - 주정차중,안전운전불이행,건조,맑음,단일로 - 기타,승용,남,45세,상해없음,승용,남,46세,경상
2012043000100752,2012년 4월 30일 23시,월요일,대구광역시 중구 남산동,중상사고,0,1,0,0,차대사람 - 횡단중,신호위반,건조,맑음,교차로 - 교차로부근,이륜,남,22세,상해없음,보행자,여,46세,중상
2012050100100024,2012년 5월 1일 00시,화요일,대구광역시 수성구 황금동,경상사고,0,0,2,0,차대차 - 추돌 - 주정차중,안전운전불이행,건조,맑음,교차로 - 교차로부근,승용,남,50세,상해없음,승용,남,61세,경상
2012050100100025,2012년 5월 1일 00시,화요일,대구광역시 달성군 화원읍,경상사고,0,0,2,0,차대차 - 추돌 - 주정차중,안전운전불이행,건조,맑음,교차로 - 교차로부근,승용,남,47세,상해없음,승용,남,46세,경상
2012050100100026,2012년 5월 1일 00시,화요일,대구광역시 서구 내당동,경상사고,0,0,1,0,차대차 - 측면직각충돌,신호위반,건조,흐림,교차로 - 교차로안,승용,남,20세,상해없음,승용,남,27세,경상
2012050100100048,2012년 5월 1일 01시,화요일,대구광역시 서구 평리동,경상사고,0,0,1,0,차대차 - 추돌 - 주정차중,안전거리미확보,건조,맑음,교차로 - 교차로부근,승용,남,57세,상해없음,화물,여,39세,경상
2012050100100049,2012년 5월 1일 01시,화요일,대구광역시 달서구 장기동,중상사고,0,1,0,0,차대차 - 추돌 - 주정차중,안전운전불이행,건조,맑음,교차로 - 교차로안,승용,여,37세,상해없음,승용,남,57세,중상
2012050100100073,2012년 5월 1일 02시,화요일,대구광역시 수성구 신매동,중상사고,0,1,0,0,차대차 - 추돌 - 주정차중,안전운전불이행,건조,맑음,단일로 - 기타,승합,여,43세,상해없음,승용,남,52세,중상
2012050100100086,2012년 5월 1일 03시,화요일,대구광역시 동구 동호동,중상사고,0,1,0,0,차대사람 - 기타,안전운전불이행,건조,맑음,단일로 - 기타,승용,남,34세,상해없음,보행자,여,54세,중상
2012050100100120,2012년 5월 1일 06시,화요일,대구광역시 북구 침산동,경상사고,0,0,1,0,차대사람 - 횡단중,신호위반,건조,맑음,단일로 - 횡단보도상,승합,남,63세,상해없음,보행자,여,79세,경상
2012050100100121,2012년 5월 1일 06시,화요일,대구광역시 중구 삼덕동3가,중상사고,0,2,0,0,차대차 - 측면직각충돌,신호위반,건조,맑음,교차로 - 교차로안,승용,남,30세,중상,승용,남,57세,중상
2012050100100122,2012년 5월 1일 06시,화요일,대구광역시 달서구 용산동,경상사고,0,0,2,0,차대차 - 기타,안전거리미확보,건조,맑음,단일로 - 기타,승용,남,49세,상해없음,승합,남,55세,경상
2012050100100149,2012년 5월 1일 07시,화요일,대구광역시 달서구 본동,경상사고,0,0,1,0,차대차 - 추돌 - 주정차중,안전운전불이행,건조,흐림,단일로 - 기타,화물,남,41세,상해없음,승용,남,31세,경상
2012050100100177,2012년 5월 1일 08시,화요일,대구광역시 수성구 만촌동,경상사고,0,0,1,0,차대사람 - 횡단중,안전운전불이행,건조,맑음,단일로 - 기타,승용,남,54세,상해없음,보행자,여,13세,경상
2012050100100178,2012년 5월 1일 08시,화요일,대구광역시 수성구 범어동,경상사고,0,0,1,0,차대사람 - 횡단중,신호위반,건조,맑음,단일로 - 기타,기타불명,기타불명,기타불명,기타불명,보행자,남,7세,경상
2012050100100179,2012년 5월 1일 08시,화요일,대구광역시 북구 대현동,경상사고,0,0,1,0,차대사람 - 기타,안전운전불이행,건조,맑음,단일로 - 기타,자전거,남,23세,기타불명,보행자,여,25세,경상
2012050100100211,2012년 5월 1일 09시,화요일,대구광역시 북구 칠성동1가,부상신고사고,0,0,0,1,차대차 - 기타,안전운전불이행,건조,맑음,교차로 - 교차로부근,자전거,남,28세,부상신고,승용,남,65세,상해없음
2012050100100299,2012년 5월 1일 12시,화요일,대구광역시 북구 태전동,중상사고,0,1,0,0,차대차 - 측면직각충돌,안전운전불이행,건조,맑음,단일로 - 기타,승용,여,44세,상해없음,승용,남,44세,중상
2012050100100329,2012년 5월 1일 13시,화요일,대구광역시 수성구 시지동,경상사고,0,0,3,0,차대차 - 기타,안전운전불이행,건조,맑음,단일로 - 기타,승용,여,44세,상해없음,승용,여,26세,경상
2012050100100330,2012년 5월 1일 13시,화요일,대구광역시 달서구 상인동,경상사고,0,0,1,0,차대차 - 기타,안전운전불이행,건조,맑음,단일로 - 기타,원동기,남,18세,경상,승용,남,32세,상해없음
2012050100100331,2012년 5월 1일 13시,화요일,대구광역시 북구 대현동,부상신고사고,0,0,0,1,차대사람 - 기타,안전운전불이행,건조,맑음,단일로 - 기타,승용,남,60세,상해없음,보행자,남,55세,부상신고
2012050100100332,2012년 5월 1일 13시,화요일,대구광역시 달서구 두류동,경상사고,0,0,1,0,차대차 - 기타,안전운전불이행,건조,맑음,단일로 - 기타,승용,남,77세,상해없음,자전거,남,13세,경상
2012050100100360,2012년 5월 1일 14시,화요일,대구광역시 수성구 신매동,경상사고,0,0,1,0,차대사람 - 기타,안전운전불이행,건조,맑음,기타 - 기타,승용,남,28세,상해없음,보행자,남,52세,경상
2012050100100361,2012년 5월 1일 14시,화요일,대구광역시 달서구 월암동,경상사고,0,0,3,0,차대차 - 추돌 - 진행중,안전운전불이행,건조,맑음,단일로 - 기타,승용,남,21세,상해없음,승용,남,42세,경상
2012050100100363,2012년 5월 1일 14시,화요일,대구광역시 북구 노원동1가,경상사고,0,0,3,0,차대차 - 측면직각충돌,신호위반,건조,맑음,교차로 - 교차로안,승용,남,52세,상해없음,승용,남,68세,경상
2012050100100364,2012년 5월 1일 14시,화요일,대구광역시 중구 대봉동,경상사고,0,0,1,0,차대차 - 기타,안전운전불이행,건조,맑음,단일로 - 기타,화물,남,53세,상해없음,자전거,남,54세,경상
2012050100100406,2012년 5월 1일 15시,화요일,대구광역시 서구 중리동,경상사고,0,0,1,0,차대사람 - 길가장자리구역통행중,안전운전불이행,건조,맑음,단일로 - 기타,승용,남,32세,상해없음,보행자,남,10세,경상
2012050100100407,2012년 5월 1일 15시,화요일,대구광역시 중구 남산동,중상사고,0,1,0,0,차량단독 - 기타,안전운전불이행,건조,맑음,단일로 - 기타,승합,남,59세,상해없음,,,,
2012050100100408,2012년 5월 1일 15시,화요일,대구광역시 달서구 이곡동,경상사고,0,0,1,0,차대사람 - 횡단중,안전운전불이행,건조,맑음,교차로 - 교차로안,화물,남,34세,상해없음,보행자,남,57세,경상
2012050100100448,2012년 5월 1일 16시,화요일,대구광역시 동구 신암동,경상사고,0,0,4,0,차대차 - 추돌 - 주정차중,안전운전불이행,건조,맑음,단일로 - 기타,승용,여,47세,상해없음,승용,여,46세,경상
2012050100100449,2012년 5월 1일 16시,화요일,대구광역시 북구 복현동,경상사고,0,0,1,0,차대차 - 측면직각충돌,안전운전불이행,건조,맑음,기타 - 기타,승용,남,32세,상해없음,자전거,여,9세,경상
2012050100100496,2012년 5월 1일 17시,화요일,대구광역시 남구 대명동,중상사고,0,2,0,0,차대차 - 기타,안전운전불이행,건조,맑음,교차로 - 교차로안,승용,여,43세,중상,승용,여,29세,중상
2012050100100497,2012년 5월 1일 17시,화요일,대구광역시 동구 방촌동,경상사고,0,0,1,0,차대차 - 기타,안전운전불이행,습기,비,기타 - 기타,승용,남,37세,상해없음,자전거,남,50세,경상
2012050100100498,2012년 5월 1일 17시,화요일,대구광역시 수성구 황금동,중상사고,0,1,0,0,차대사람 - 횡단중,신호위반,건조,맑음,단일로 - 횡단보도상,승용,여,37세,상해없음,보행자,여,63세,중상
2012050100100499,2012년 5월 1일 17시,화요일,대구광역시 북구 산격동,중상사고,0,1,0,1,차대차 - 측면직각충돌,신호위반,건조,맑음,교차로 - 교차로안,화물,남,49세,부상신고,승용,남,54세,중상
2012050100100500,2012년 5월 1일 17시,화요일,대구광역시 북구 산격동,부상신고사고,0,0,0,1,차대차 - 측면직각충돌,안전운전불이행,건조,흐림,교차로 - 교차로안,이륜,남,46세,부상신고,화물,남,51세,상해없음
2012050100100501,2012년 5월 1일 17시,화요일,대구광역시 서구 비산동,경상사고,0,0,1,0,차대사람 - 차도통행중,안전운전불이행,건조,맑음,단일로 - 기타,승용,남,31세,상해없음,보행자,여,61세,경상
2012050100100534,2012년 5월 1일 18시,화요일,대구광역시 남구 대명동,경상사고,0,0,1,0,차대차 - 기타,안전운전불이행,습기,비,단일로 - 기타,화물,여,39세,상해없음,원동기,남,38세,경상
2012050100100535,2012년 5월 1일 18시,화요일,대구광역시 남구 봉덕동,경상사고,0,0,1,0,차대차 - 추돌 - 진행중,안전운전불이행,습기,비,단일로 - 기타,승용,남,68세,상해없음,승용,남,55세,경상
2012050100100536,2012년 5월 1일 18시,화요일,대구광역시 달서구 본동,경상사고,0,0,1,0,차대차 - 기타,교차로운행방법위반,건조,맑음,교차로 - 교차로안,승용,남,37세,상해없음,이륜,남,29세,경상
2012050100100537,2012년 5월 1일 18시,화요일,대구광역시 달서구 월성동,부상신고사고,0,0,0,1,차대차 - 기타,안전운전불이행,습기,비,교차로 - 교차로안,승용,남,58세,상해없음,자전거,남,53세,부상신고
2012050100100587,2012년 5월 1일 19시,화요일,대구광역시 북구 서변동,경상사고,0,0,1,0,차대차 - 추돌 - 진행중,안전운전불이행,습기,비,단일로 - 기타,승용,남,47세,상해없음,화물,남,43세,경상
2012050100100588,2012년 5월 1일 19시,화요일,대구광역시 중구 상서동,경상사고,0,0,1,0,차대차 - 기타,교차로운행방법위반,습기,비,교차로 - 교차로안,화물,남,49세,상해없음,승용,남,23세,경상
2012050100100589,2012년 5월 1일 19시,화요일,대구광역시 달서구 죽전동,중상사고,0,4,1,0,차대차 - 정면충돌,중앙선침범,습기,비,단일로 - 기타,승합,남,55세,중상,승용,남,28세,중상
2012050100100632,2012년 5월 1일 20시,화요일,대구광역시 남구 대명동,경상사고,0,0,2,0,차대차 - 추돌 - 진행중,안전운전불이행,습기,비,단일로 - 기타,승용,남,45세,상해없음,승용,남,34세,경상
2012050100100633,2012년 5월 1일 20시,화요일,대구광역시 수성구 신매동,중상사고,0,1,0,0,차대차 - 측면직각충돌,직진우회전진행방해,습기,비,교차로 - 교차로안,승용,남,56세,상해없음,원동기,남,54세,중상
2012050100100634,2012년 5월 1일 20시,화요일,대구광역시 북구 산격동,경상사고,0,0,1,0,차대차 - 기타,중앙선침범,습기,비,교차로 - 교차로부근,승용,남,42세,상해없음,승용,남,36세,경상
2012050100100685,2012년 5월 1일 21시,화요일,대구광역시 중구 대신동,경상사고,0,0,1,0,차대사람 - 기타,안전운전불이행,습기,비,단일로 - 기타,승용,기타불명,기타불명,기타불명,보행자,남,44세,경상
2012050100100686,2012년 5월 1일 21시,화요일,대구광역시 달서구 용산동,경상사고,0,0,1,0,차대사람 - 기타,보행자보호의무위반,습기,비,단일로 - 기타,승용,남,42세,상해없음,보행자,남,17세,경상
2012050100100725,2012년 5월 1일 22시,화요일,대구광역시 동구 입석동,경상사고,0,0,3,0,차대차 - 추돌 - 진행중,안전운전불이행,습기,비,단일로 - 기타,승용,남,29세,상해없음,승용,남,33세,경상
2012050100100726,2012년 5월 1일 22시,화요일,대구광역시 달서구 상인동,경상사고,0,0,3,0,차대사람 - 횡단중,안전운전불이행,습기,비,단일로 - 기타,승용,남,44세,상해없음,보행자,남,29세,경상
2012050100100727,2012년 5월 1일 22시,화요일,대구광역시 북구 대현동,경상사고,0,0,1,0,차대차 - 추돌 - 주정차중,안전운전불이행,습기,비,단일로 - 기타,승용,남,41세,상해없음,승용,여,29세,경상
2012050100100728,2012년 5월 1일 22시,화요일,대구광역시 중구 태평로2가,중상사고,0,1,1,0,차대차 - 측면직각충돌,안전운전불이행,건조,기타,단일로 - 기타,승용,남,49세,기타불명,승용,남,44세,중상
2012050100100729,2012년 5월 1일 22시,화요일,대구광역시 중구 대봉동,경상사고,0,0,1,0,차대차 - 측면직각충돌,불법유턴,건조,맑음,단일로 - 횡단보도상,승용,남,44세,상해없음,자전거,남,25세,경상
2012050100100759,2012년 5월 1일 23시,화요일,대구광역시 서구 내당동,중상사고,0,1,1,0,차대차 - 측면직각충돌,신호위반,습기,비,교차로 - 교차로안,승용,남,27세,상해없음,승용,남,40세,경상
2012050100100760,2012년 5월 1일 23시,화요일,대구광역시 달서구 죽전동,경상사고,0,0,2,0,차대차 - 측면직각충돌,신호위반,습기,비,교차로 - 교차로안,승용,기타불명,기타불명,기타불명,승용,남,54세,경상
2012050200100024,2012년 5월 2일 00시,수요일,대구광역시 수성구 두산동,경상사고,0,0,1,0,차대차 - 정면충돌,안전운전불이행,습기,비,단일로 - 기타,승용,남,35세,상해없음,이륜,남,36세,경상
2012050200100025,2012년 5월 2일 00시,수요일,대구광역시 북구 침산동,중상사고,0,1,0,0,차대사람 - 기타,안전운전불이행,건조,맑음,단일로 - 기타,승용,남,45세,상해없음,보행자,남,43세,중상
2012050200100042,2012년 5월 2일 01시,수요일,대구광역시 달성군 현풍면,경상사고,0,0,2,0,차대차 - 측면직각충돌,안전거리미확보,습기,흐림,단일로 - 기타,승합,남,37세,상해없음,승용,남,20세,상해없음
2012050200100043,2012년 5월 2일 01시,수요일,대구광역시 서구 중리동,중상사고,0,1,0,0,차대사람 - 횡단중,안전운전불이행,습기,흐림,교차로 - 교차로부근,승용,남,58세,상해없음,보행자,남,56세,중상
2012050200100044,2012년 5월 2일 01시,수요일,대구광역시 달서구 감삼동,중상사고,0,1,0,0,차대차 - 추돌 - 진행중,안전운전불이행,습기,비,단일로 - 기타,승용,기타불명,기타불명,기타불명,이륜,남,29세,중상
2012050200100060,2012년 5월 2일 03시,수요일,대구광역시 달서구 두류동,중상사고,0,1,0,0,차대사람 - 기타,안전운전불이행,건조,맑음,단일로 - 기타,승용,남,60세,상해없음,보행자,남,40세,중상
2012050200100074,2012년 5월 2일 04시,수요일,대구광역시 남구 봉덕동,중상사고,0,1,1,0,차대차 - 추돌 - 진행중,안전거리미확보,습기,비,교차로 - 교차로부근,승용,남,27세,상해없음,승용,남,36세,중상
2012050200100100,2012년 5월 2일 06시,수요일,대구광역시 북구 태전동,경상사고,0,0,1,0,차대차 - 기타,안전운전불이행,건조,맑음,단일로 - 기타,승용,남,51세,상해없음,승용,남,47세,경상
2012050200100101,2012년 5월 2일 06시,수요일,대구광역시 서구 내당동,중상사고,0,1,0,0,차대차 - 기타,신호위반,습기,비,단일로 - 횡단보도상,화물,남,48세,상해없음,자전거,여,63세,중상
2012050200100136,2012년 5월 2일 07시,수요일,대구광역시 서구 평리동,경상사고,0,0,1,0,차대사람 - 기타,안전운전불이행,건조,흐림,교차로 - 교차로안,승합,남,33세,상해없음,보행자,여,74세,경상
2012050200100185,2012년 5월 2일 08시,수요일,대구광역시 수성구 두산동,부상신고사고,0,0,0,1,차대차 - 기타,안전거리미확보,건조,맑음,단일로 - 기타,승용,남,61세,상해없음,승용,남,50세,부상신고
2012050200100186,2012년 5월 2일 08시,수요일,대구광역시 수성구 중동,중상사고,0,1,0,0,차대차 - 기타,안전운전불이행,건조,맑음,단일로 - 기타,승용,남,31세,상해없음,자전거,여,39세,중상
2012050200100187,2012년 5월 2일 08시,수요일,대구광역시 북구 구암동,경상사고,0,0,1,0,차대차 - 기타,안전운전불이행,습기,비,단일로 - 기타,승용,여,28세,상해없음,이륜,남,21세,경상
2012050200100188,2012년 5월 2일 08시,수요일,대구광역시 북구 노원동2가,경상사고,0,0,1,0,차대사람 - 기타,기타,건조,맑음,단일로 - 기타,승용,기타불명,기타불명,기타불명,보행자,여,47세,경상
2012050200100226,2012년 5월 2일 09시,수요일,대구광역시 중구 태평로3가,경상사고,0,0,2,0,차대차 - 측면직각충돌,안전거리미확보,건조,맑음,단일로 - 기타,화물,남,59세,상해없음,승용,남,46세,경상
2012050200100258,2012년 5월 2일 10시,수요일,대구광역시 달서구 본동,중상사고,0,1,0,0,차량단독 - 기타,안전운전불이행,건조,맑음,단일로 - 횡단보도상,승합,남,53세,상해없음,,,,
2012050200100259,2012년 5월 2일 10시,수요일,대구광역시 달성군 구지면,중상사고,0,1,1,0,차대차 - 측면직각충돌,안전운전불이행,건조,맑음,교차로 - 교차로안,승용,남,54세,상해없음,승용,남,33세,중상
2012050200100260,2012년 5월 2일 10시,수요일,대구광역시 북구 구암동,경상사고,0,0,2,0,차대차 - 추돌 - 주정차중,안전거리미확보,건조,맑음,교차로 - 교차로부근,화물,남,22세,상해없음,화물,남,32세,경상
2012050200100395,2012년 5월 2일 14시,수요일,대구광역시 달서구 본리동,경상사고,0,0,1,0,차대사람 - 차도통행중,안전운전불이행,건조,맑음,단일로 - 기타,화물,남,41세,상해없음,보행자,남,65세,경상
2012050200100439,2012년 5월 2일 15시,수요일,대구광역시 달서구 송현동,경상사고,0,0,1,0,차량단독 - 기타,기타,건조,흐림,단일로 - 기타,승합,남,51세,상해없음,,,,
2012050200100440,2012년 5월 2일 15시,수요일,대구광역시 북구 침산동,경상사고,0,0,1,0,차대차 - 추돌 - 진행중,안전운전불이행,건조,맑음,단일로 - 기타,승용,남,77세,상해없음,화물,남,55세,경상
2012050200100441,2012년 5월 2일 15시,수요일,대구광역시 북구 산격동,중상사고,0,1,0,0,차대사람 - 길가장자리구역통행중,안전운전불이행,건조,맑음,단일로 - 횡단보도부근,승합,남,44세,상해없음,보행자,여,69세,중상
2012050200100471,2012년 5월 2일 16시,수요일,대구광역시 남구 봉덕동,경상사고,0,0,4,0,차대차 - 측면직각충돌,교차로운행방법위반,건조,맑음,교차로 - 교차로안,승용,여,36세,상해없음,승용,남,35세,경상
2012050200100472,2012년 5월 2일 16시,수요일,대구광역시 달서구 월성동,경상사고,0,0,1,0,차대차 - 측면직각충돌,안전운전불이행,건조,맑음,교차로 - 교차로부근,승용,여,43세,상해없음,자전거,여,12세,경상
2012050200100474,2012년 5월 2일 16시,수요일,대구광역시 중구 남산동,중상사고,0,1,0,0,차대차 - 기타,안전운전불이행,습기,비,단일로 - 기타,승용,기타불명,기타불명,기타불명,이륜,남,30세,중상
2012050200100501,2012년 5월 2일 17시,수요일,대구광역시 동구 율하동,경상사고,0,0,2,0,차대차 - 측면직각충돌,안전운전불이행,건조,맑음,교차로 - 교차로부근,승용,남,70세,상해없음,승용,여,29세,경상
2012050200100502,2012년 5월 2일 17시,수요일,대구광역시 수성구 지산동,경상사고,0,0,1,0,차대차 - 기타,안전운전불이행,습기,비,단일로 - 기타,승용,남,73세,상해없음,이륜,남,49세,경상
2012050200100503,2012년 5월 2일 17시,수요일,대구광역시 수성구 대흥동,경상사고,0,0,1,0,차대차 - 기타,교차로운행방법위반,습기,비,교차로 - 교차로안,승용,남,41세,기타불명,승용,남,55세,경상
2012050200100505,2012년 5월 2일 17시,수요일,대구광역시 중구 대신동,경상사고,0,0,1,0,차대차 - 추돌 - 주정차중,안전거리미확보,건조,맑음,단일로 - 기타,승합,남,41세,상해없음,승용,남,57세,경상
2012050200100506,2012년 5월 2일 17시,수요일,대구광역시 달서구 이곡동,경상사고,0,0,1,0,차대사람 - 기타,기타,건조,맑음,기타 - 기타,승용,남,52세,상해없음,보행자,남,53세,경상
2012050200100546,2012년 5월 2일 18시,수요일,대구광역시 동구 신천동,중상사고,0,1,1,0,차대차 - 추돌 - 진행중,안전운전불이행,건조,맑음,단일로 - 기타,승용,남,57세,상해없음,승용,남,52세,경상
2012050200100547,2012년 5월 2일 18시,수요일,대구광역시 수성구 지산동,경상사고,0,0,1,0,차대차 - 기타,중앙선침범,건조,맑음,단일로 - 기타,승용,여,43세,상해없음,화물,남,48세,상해없음
2012050200100548,2012년 5월 2일 18시,수요일,대구광역시 수성구 만촌동,중상사고,0,1,0,0,차대차 - 기타,교차로운행방법위반,습기,비,교차로 - 교차로안,승용,여,37세,상해없음,원동기,남,71세,중상
2012050200100549,2012년 5월 2일 18시,수요일,대구광역시 북구 태전동,경상사고,0,0,1,0,차대차 - 측면직각충돌,안전거리미확보,건조,맑음,단일로 - 기타,승용,남,21세,상해없음,승용,남,38세,경상
2012050200100550,2012년 5월 2일 18시,수요일,대구광역시 북구 태전동,경상사고,0,0,1,0,차대차 - 추돌 - 진행중,안전거리미확보,건조,맑음,교차로 - 교차로부근,승용,남,25세,경상,승용,남,64세,상해없음
2012050200100551,2012년 5월 2일 18시,수요일,대구광역시 서구 평리동,경상사고,0,0,1,0,차대차 - 추돌 - 진행중,안전운전불이행,건조,맑음,단일로 - 기타,승용,남,46세,상해없음,승용,남,54세,경상
2012050200100552,2012년 5월 2일 18시,수요일,대구광역시 달서구 호산동,중상사고,0,1,0,0,차대차 - 측면직각충돌,교차로운행방법위반,건조,맑음,교차로 - 교차로안,승용,남,39세,상해없음,이륜,남,26세,중상