사고번호,사고일시,요일,시군구,사고내용,사망자수,중상자수,경상자수,부상신고자수,사고유형,법규위반,노면상태,기상상태,도로형태,가해운전자 차종,가해운전자 성별,가해운전자 연령,가해운전자 상해정도,피해운전자 차종,피해운전자 성별,피해운전자 연령,피해운전자 상해정도
2012051100100444,2012년 5월 11일 17시,금요일,대구광역시 북구 노원동2가,경상사고,0,0,2,0,차대차 - 측면직각충돌,교차로운행방법위반,건조,맑음,교차로 - 교차로안,승용,남,47세,경상,화물,남,48세,경상
2012051100100445,2012년 5월 11일 17시,금요일,대구광역시 서구 평리동,중상사고,0,1,0,0,차대차 - 기타,안전운전불이행,건조,맑음,단일로 - 기타,승용,남,52세,상해없음,자전거,남,49세,중상
2012051100100481,2012년 5월 11일 18시,금요일,대구광역시 수성구 연호동,경상사고,0,0,1,0,차대사람 - 보도통행중,기타,건조,맑음,기타 - 기타,자전거,남,16세,상해없음,보행자,남,3세,경상
2012051100100482,2012년 5월 11일 18시,금요일,대구광역시 중구 동인동4가,경상사고,0,0,1,0,차량단독 - 기타,과속,건조,맑음,단일로 - 기타,승용,남,36세,상해없음,,,,
2012051100100483,2012년 5월 11일 18시,금요일,대구광역시 달서구 호산동,중상사고,0,1,0,0,차대차 - 기타,신호위반,건조,맑음,교차로 - 교차로안,승용,남,54세,상해없음,자전거,남,44세,중상
2012051100100527,2012년 5월 11일 19시,금요일,대구광역시 북구 침산동,경상사고,0,0,1,0,차대차 - 측면직각충돌,교차로운행방법위반,건조,흐림,교차로 - 교차로안,승용,여,52세,상해없음,이륜,남,16세,경상
2012051100100528,2012년 5월 11일 19시,금요일,대구광역시 달서구 죽전동,경상사고,0,0,1,0,차대차 - 측면직각충돌,신호위반,건조,맑음,단일로 - 횡단보도상,승용,여,49세,상해없음,이륜,남,29세,경상
2012051100100562,2012년 5월 11일 20시,금요일,대구광역시 남구 대명동,경상사고,0,0,3,0,차대차 - 측면직각충돌,안전거리미확보,건조,맑음,단일로 - 기타,승용,여,50세,상해없음,승용,여,53세,경상
2012051100100563,2012년 5월 11일 20시,금요일,대구광역시 북구 구암동,경상사고,0,0,2,0,차대차 - 기타,안전거리미확보,건조,맑음,단일로 - 기타,승용,남,51세,상해없음,이륜,남,25세,경상
2012051100100595,2012년 5월 11일 21시,금요일,대구광역시 동구 용계동,경상사고,0,0,2,0,차대차 - 추돌 - 진행중,안전거리미확보,건조,맑음,단일로 - 기타,승용,남,51세,상해없음,승용,남,56세,경상
2012051100100596,2012년 5월 11일 21시,금요일,대구광역시 달서구 진천동,경상사고,0,0,1,0,차대차 - 기타,직진우회전진행방해,건조,흐림,교차로 - 교차로부근,승용,남,52세,상해없음,원동기,남,16세,경상
2012051100100597,2012년 5월 11일 21시,금요일,대구광역시 북구 태전동,경상사고,0,0,2,0,차대차 - 추돌 - 진행중,안전운전불이행,건조,맑음,단일로 - 기타,승용,남,17세,상해없음,승용,남,70세,상해없음
2012051100100639,2012년 5월 11일 22시,금요일,대구광역시 수성구 범물동,경상사고,0,0,1,0,차대차 - 측면직각충돌,안전운전불이행,건조,맑음,단일로 - 기타,화물,남,44세,상해없음,승용,여,29세,경상
2012051100100640,2012년 5월 11일 22시,금요일,대구광역시 달서구 본동,중상사고,0,1,1,0,차대차 - 기타,안전운전불이행,건조,맑음,단일로 - 기타,승용,남,48세,상해없음,승용,남,52세,중상
2012051100100672,2012년 5월 11일 23시,금요일,대구광역시 동구 방촌동,경상사고,0,0,2,0,차대차 - 측면직각충돌,신호위반,건조,맑음,단일로 - 횡단보도상,이륜,남,29세,상해없음,원동기,여,18세,경상
2012051100100673,2012년 5월 11일 23시,금요일,대구광역시 동구 신암동,경상사고,0,0,1,0,차대차 - 측면직각충돌,안전거리미확보,건조,맑음,교차로 - 교차로안,승용,여,28세,기타불명,승용,남,42세,경상
2012051100100674,2012년 5월 11일 23시,금요일,대구광역시 수성구 황금동,경상사고,0,0,4,0,차대차 - 기타,안전운전불이행,건조,맑음,단일로 - 기타,승용,남,51세,상해없음,승용,남,24세,경상
2012051200100021,2012년 5월 12일 00시,토요일,대구광역시 남구 대명동,부상신고사고,0,0,0,1,차대사람 - 기타,안전운전불이행,건조,맑음,단일로 - 기타,기타불명,기타불명,기타불명,기타불명,보행자,남,48세,부상신고
2012051200100045,2012년 5월 12일 01시,토요일,대구광역시 동구 신암동,경상사고,0,0,1,0,차대차 - 기타,신호위반,건조,맑음,교차로 - 교차로안,승용,남,35세,상해없음,승용,남,62세,경상
2012051200100046,2012년 5월 12일 01시,토요일,대구광역시 중구 삼덕동1가,중상사고,0,1,0,0,차대사람 - 기타,안전운전불이행,건조,맑음,단일로 - 기타,승용,여,27세,상해없음,보행자,남,19세,중상
2012051200100047,2012년 5월 12일 01시,토요일,대구광역시 달서구 호산동,경상사고,0,0,1,0,차대차 - 기타,안전운전불이행,건조,맑음,단일로 - 기타,승용,남,57세,상해없음,승용,남,24세,경상
2012051200100067,2012년 5월 12일 02시,토요일,대구광역시 북구 산격동,경상사고,0,0,1,0,차대차 - 추돌 - 진행중,신호위반,건조,맑음,교차로 - 교차로안,승용,남,24세,상해없음,승용,남,49세,상해없음
2012051200100068,2012년 5월 12일 02시,토요일,대구광역시 중구 공평동,중상사고,0,1,0,0,차대차 - 기타,중앙선침범,건조,맑음,교차로 - 교차로부근,승용,남,20세,상해없음,이륜,남,25세,중상
2012051200100106,2012년 5월 12일 04시,토요일,대구광역시 북구 칠성동2가,경상사고,0,0,1,0,차량단독 - 공작물충돌,안전운전불이행,건조,맑음,단일로 - 횡단보도부근,승용,남,60세,상해없음,,,,
2012051200100145,2012년 5월 12일 06시,토요일,대구광역시 달서구 송현동,경상사고,0,0,1,0,차대사람 - 길가장자리구역통행중,안전운전불이행,건조,맑음,단일로 - 기타,승용,남,58세,상해없음,보행자,남,54세,경상
2012051200100146,2012년 5월 12일 06시,토요일,대구광역시 달성군 화원읍,경상사고,0,0,1,0,차량단독 - 공작물충돌,안전운전불이행,건조,맑음,교차로 - 교차로안,승용,남,50세,상해없음,,,,
2012051200100163,2012년 5월 12일 07시,토요일,대구광역시 달서구 유천동,중상사고,0,1,0,0,차대차 - 기타,안전운전불이행,건조,맑음,교차로 - 교차로부근,승용,남,53세,상해없음,자전거,남,63세,중상
2012051200100164,2012년 5월 12일 07시,토요일,대구광역시 서구 비산동,경상사고,0,0,1,0,차대차 - 기타,중앙선침범,건조,맑음,단일로 - 횡단보도상,자전거,남,62세,경상,화물,남,43세,상해없음
2012051200100165,2012년 5월 12일 07시,토요일,대구광역시 서구 평리동,경상사고,0,0,1,0,차대차 - 기타,안전거리미확보,건조,맑음,단일로 - 기타,승용,남,61세,상해없음,이륜,남,22세,경상
2012051200100185,2012년 5월 12일 08시,토요일,대구광역시 달성군 화원읍,중상사고,0,1,0,0,차대차 - 기타,안전운전불이행,건조,맑음,단일로 - 기타,승용,여,42세,상해없음,화물,남,29세,중상
2012051200100317,2012년 5월 12일 12시,토요일,대구광역시 동구 신암동,경상사고,0,0,1,0,차대사람 - 차도통행중,불법유턴,건조,맑음,교차로 - 교차로안,화물,남,44세,상해없음,보행자,여,68세,경상
2012051200100318,2012년 5월 12일 12시,토요일,대구광역시 달서구 두류동,부상신고사고,0,0,0,1,차대차 - 기타,안전운전불이행,건조,맑음,교차로 - 교차로부근,원동기,남,55세,부상신고,승용,남,54세,상해없음
2012051200100351,2012년 5월 12일 13시,토요일,대구광역시 동구 신천동,경상사고,0,0,1,0,차대차 - 추돌 - 진행중,안전운전불이행,건조,맑음,교차로 - 교차로안,승용,남,52세,상해없음,승용,남,59세,경상
2012051200100352,2012년 5월 12일 13시,토요일,대구광역시 북구 산격동,경상사고,0,0,1,0,차대차 - 측면직각충돌,교차로운행방법위반,건조,맑음,교차로 - 교차로안,승용,남,38세,상해없음,원동기,남,43세,경상
2012051200100353,2012년 5월 12일 13시,토요일,대구광역시 북구 산격동,부상신고사고,0,0,0,1,차대차 - 측면직각충돌,안전운전불이행,건조,맑음,교차로 - 교차로안,승용,기타불명,기타불명,기타불명,승용,여,36세,부상신고
2012051200100384,2012년 5월 12일 14시,토요일,대구광역시 수성구 욱수동,중상사고,0,1,0,0,차대차 - 측면직각충돌,직진우회전진행방해,건조,맑음,교차로 - 교차로안,승용,여,42세,상해없음,원동기,남,87세,중상
2012051200100385,2012년 5월 12일 14시,토요일,대구광역시 북구 산격동,중상사고,0,1,1,0,차대차 - 측면직각충돌,차로위반,건조,맑음,교차로 - 교차로안,승용,남,58세,상해없음,승용,남,33세,경상
2012051200100413,2012년 5월 12일 15시,토요일,대구광역시 달서구 유천동,중상사고,0,1,0,0,차대차 - 추돌 - 주정차중,안전운전불이행,건조,맑음,단일로 - 기타,승용,여,45세,중상,특수,남,63세,기타불명
2012051200100414,2012년 5월 12일 15시,토요일,대구광역시 중구 동인동1가,부상신고사고,0,0,0,1,차대차 - 기타,안전거리미확보,건조,맑음,단일로 - 기타,승용,남,34세,상해없음,승용,남,28세,상해없음
2012051200100491,2012년 5월 12일 17시,토요일,대구광역시 남구 대명동,경상사고,0,0,1,0,차대차 - 기타,교차로운행방법위반,건조,맑음,교차로 - 교차로안,승용,남,28세,상해없음,승용,남,22세,경상
2012051200100492,2012년 5월 12일 17시,토요일,대구광역시 동구 효목동,중상사고,0,1,0,0,차대사람 - 횡단중,안전운전불이행,건조,맑음,교차로 - 교차로안,승용,남,25세,상해없음,보행자,여,9세,중상
2012051200100493,2012년 5월 12일 17시,토요일,대구광역시 북구 태전동,경상사고,0,0,1,0,차대사람 - 기타,안전운전불이행,건조,맑음,단일로 - 기타,승용,남,25세,기타불명,보행자,여,30세,경상
2012051200100494,2012년 5월 12일 17시,토요일,대구광역시 북구 산격동,경상사고,0,0,2,0,차대차 - 측면직각충돌,안전거리미확보,건조,맑음,단일로 - 기타,승용,남,40세,상해없음,승용,남,28세,경상
2012051200100521,2012년 5월 12일 18시,토요일,대구광역시 북구 동천동,경상사고,0,0,1,0,차대차 - 기타,안전거리미확보,건조,맑음,교차로 - 교차로안,승용,남,33세,상해없음,승용,여,51세,경상
2012051200100522,2012년 5월 12일 18시,토요일,대구광역시 북구 산격동,중상사고,0,1,0,0,차대차 - 기타,안전운전불이행,건조,맑음,교차로 - 교차로안,승용,남,29세,상해없음,원동기,남,66세,중상
2012051200100523,2012년 5월 12일 18시,토요일,대구광역시 북구 침산동,중상사고,0,1,0,0,차대차 - 기타,신호위반,건조,맑음,교차로 - 교차로안,승용,여,41세,기타불명,자전거,여,51세,중상
2012051200100557,2012년 5월 12일 19시,토요일,대구광역시 동구 신천동,중상사고,0,2,0,0,차대차 - 추돌 - 진행중,안전운전불이행,건조,맑음,단일로 - 기타,승용,남,43세,상해없음,승용,남,25세,중상
2012051200100558,2012년 5월 12일 19시,토요일,대구광역시 달서구 송현동,중상사고,0,1,0,0,차량단독 - 기타,기타,건조,맑음,단일로 - 기타,승합,남,47세,상해없음,,,,
2012051200100559,2012년 5월 12일 19시,토요일,대구광역시 북구 국우동,경상사고,0,0,1,0,차대사람 - 보도통행중,기타,건조,맑음,단일로 - 기타,자전거,남,13세,상해없음,보행자,여,16세,경상
2012051200100560,2012년 5월 12일 19시,토요일,대구광역시 서구 내당동,중상사고,0,1,0,0,차대차 - 측면직각충돌,안전거리미확보,건조,맑음,단일로 - 기타,승용,남,36세,상해없음,원동기,남,16세,중상
2012051200100561,2012년 5월 12일 19시,토요일,대구광역시 서구 내당동,경상사고,0,0,1,0,차대사람 - 기타,안전운전불이행,건조,맑음,단일로 - 기타,원동기,남,42세,상해없음,보행자,여,16세,경상
2012051200100597,2012년 5월 12일 20시,토요일,대구광역시 동구 효목동,경상사고,0,0,2,0,차대차 - 추돌 - 진행중,안전운전불이행,건조,맑음,단일로 - 기타,승용,남,46세,상해없음,승용,남,28세,경상
2012051200100598,2012년 5월 12일 20시,토요일,대구광역시 달서구 본리동,경상사고,0,0,1,0,차대사람 - 길가장자리구역통행중,안전운전불이행,건조,맑음,단일로 - 기타,승용,남,46세,상해없음,보행자,남,51세,경상
2012051200100599,2012년 5월 12일 20시,토요일,대구광역시 달서구 유천동,경상사고,0,0,6,0,차대차 - 측면직각충돌,직진우회전진행방해,건조,맑음,교차로 - 교차로안,승용,남,44세,경상,승용,여,34세,경상
2012051200100600,2012년 5월 12일 20시,토요일,대구광역시 달서구 상인동,중상사고,0,1,0,0,차대차 - 추돌 - 진행중,안전운전불이행,건조,맑음,단일로 - 기타,승용,여,52세,상해없음,자전거,남,22세,중상
2012051200100601,2012년 5월 12일 20시,토요일,대구광역시 달성군 현풍면,경상사고,0,0,1,0,차대차 - 추돌 - 진행중,안전거리미확보,건조,맑음,단일로 - 기타,이륜,남,55세,상해없음,승용,여,27세,경상
2012051200100602,2012년 5월 12일 20시,토요일,대구광역시 북구 구암동,경상사고,0,0,1,0,차대차 - 측면직각충돌,안전거리미확보,건조,맑음,교차로 - 교차로부근,승용,남,57세,상해없음,이륜,남,27세,경상
2012051200100603,2012년 5월 12일 20시,토요일,대구광역시 서구 비산동,부상신고사고,0,0,0,1,차대차 - 추돌 - 진행중,안전운전불이행,건조,맑음,단일로 - 기타,승용,여,58세,상해없음,자전거,남,59세,부상신고
2012051200100604,2012년 5월 12일 20시,토요일,대구광역시 서구 평리동,중상사고,0,1,0,0,차대사람 - 기타,기타,건조,맑음,단일로 - 기타,승용,남,40세,상해없음,보행자,여,44세,중상
2012051200100635,2012년 5월 12일 21시,토요일,대구광역시 달서구 송현동,중상사고,0,1,0,0,차대사람 - 기타,안전운전불이행,건조,맑음,단일로 - 기타,승합,남,44세,상해없음,보행자,여,22세,중상
2012051200100636,2012년 5월 12일 21시,토요일,대구광역시 북구 산격동,경상사고,0,0,3,0,차대차 - 추돌 - 주정차중,안전운전불이행,건조,맑음,단일로 - 횡단보도부근,승용,남,54세,상해없음,승용,남,55세,경상
2012051200100669,2012년 5월 12일 22시,토요일,대구광역시 달성군 화원읍,경상사고,0,0,2,0,차대차 - 측면직각충돌,안전거리미확보,건조,맑음,단일로 - 기타,승용,여,46세,상해없음,화물,남,32세,경상
2012051200100700,2012년 5월 12일 23시,토요일,대구광역시 남구 대명동,경상사고,0,0,1,0,차대차 - 기타,안전운전불이행,건조,맑음,교차로 - 교차로안,승용,남,43세,상해없음,이륜,남,26세,경상
2012051200100701,2012년 5월 12일 23시,토요일,대구광역시 수성구 황금동,중상사고,0,1,0,0,차대차 - 측면직각충돌,안전운전불이행,건조,맑음,단일로 - 기타,승용,남,52세,상해없음,자전거,남,45세,중상
2012051200100702,2012년 5월 12일 23시,토요일,대구광역시 북구 대현동,경상사고,0,0,1,0,차대차 - 기타,안전운전불이행,건조,맑음,단일로 - 기타,승용,남,30세,상해없음,이륜,남,27세,경상
2012051300100021,2012년 5월 13일 00시,일요일,대구광역시 북구 매천동,중상사고,0,1,1,0,차대차 - 측면직각충돌,안전운전불이행,건조,맑음,교차로 - 교차로안,승용,남,60세,상해없음,승용,남,51세,경상
2012051300100022,2012년 5월 13일 00시,일요일,대구광역시 달서구 이곡동,경상사고,0,0,1,0,차대차 - 측면직각충돌,안전운전불이행,건조,맑음,단일로 - 기타,승용,남,30세,상해없음,승용,남,51세,경상
2012051300100044,2012년 5월 13일 01시,일요일,대구광역시 동구 신천동,부상신고사고,0,0,0,2,차대차 - 추돌 - 주정차중,안전운전불이행,건조,맑음,단일로 - 기타,화물,여,39세,상해없음,승용,남,34세,부상신고
2012051300100045,2012년 5월 13일 01시,일요일,대구광역시 서구 내당동,사망사고,1,0,0,0,차대사람 - 횡단중,안전운전불이행,건조,맑음,단일로 - 횡단보도상,승용,남,42세,상해없음,보행자,여,75세,사망
2012051300100046,2012년 5월 13일 01시,일요일,대구광역시 중구 남산동,경상사고,0,0,1,0,차대차 - 기타,안전운전불이행,건조,맑음,단일로 - 기타,승용,기타불명,기타불명,기타불명,승용,남,37세,경상
2012051300100108,2012년 5월 13일 06시,일요일,대구광역시 수성구 만촌동,경상사고,0,0,1,0,차대차 - 추돌 - 주정차중,안전운전불이행,건조,맑음,단일로 - 기타,화물,남,20세,기타불명,승용,남,49세,경상
2012051300100122,2012년 5월 13일 07시,일요일,대구광역시 수성구 상동,중상사고,0,1,0,0,차대차 - 정면충돌,중앙선침범,건조,맑음,단일로 - 기타,승용,남,25세,상해없음,화물,남,50세,중상
2012051300100169,2012년 5월 13일 10시,일요일,대구광역시 남구 대명동,경상사고,0,0,2,0,차대차 - 추돌 - 주정차중,안전운전불이행,건조,흐림,교차로 - 교차로부근,승용,남,60세,상해없음,승용,남,35세,경상
2012051300100170,2012년 5월 13일 10시,일요일,대구광역시 동구 율하동,중상사고,0,1,0,0,차대사람 - 보도통행중,신호위반,건조,맑음,교차로 - 교차로안,승용,남,44세,상해없음,보행자,여,55세,중상
2012051300100171,2012년 5월 13일 10시,일요일,대구광역시 북구 읍내동,중상사고,0,1,0,0,차대사람 - 횡단중,보행자보호의무위반,건조,맑음,교차로 - 교차로부근,승용,남,49세,상해없음,보행자,여,78세,중상
2012051300100203,2012년 5월 13일 12시,일요일,대구광역시 남구 대명동,경상사고,0,0,1,0,차대차 - 기타,안전운전불이행,건조,맑음,단일로 - 기타,승용,남,69세,상해없음,자전거,남,51세,경상
2012051300100204,2012년 5월 13일 12시,일요일,대구광역시 남구 대명동,경상사고,0,0,1,0,차대차 - 기타,교차로운행방법위반,건조,흐림,교차로 - 교차로안,승용,여,51세,상해없음,이륜,남,44세,경상
2012051300100205,2012년 5월 13일 12시,일요일,대구광역시 달서구 대곡동,중상사고,0,1,3,0,차대차 - 측면직각충돌,차로위반,건조,맑음,교차로 - 교차로부근,승용,남,38세,상해없음,승용,여,56세,중상
2012051300100237,2012년 5월 13일 13시,일요일,대구광역시 동구 불로동,경상사고,0,0,1,0,차대차 - 기타,안전운전불이행,건조,맑음,단일로 - 기타,승용,남,64세,상해없음,자전거,남,56세,경상
2012051300100268,2012년 5월 13일 14시,일요일,대구광역시 서구 평리동,중상사고,0,1,0,0,차대사람 - 횡단중,보행자보호의무위반,건조,맑음,교차로 - 교차로안,화물,남,51세,상해없음,보행자,여,27세,중상
2012051300100334,2012년 5월 13일 16시,일요일,대구광역시 서구 비산동,중상사고,0,1,0,0,차대차 - 기타,안전거리미확보,건조,맑음,단일로 - 기타,기타불명,기타불명,기타불명,기타불명,이륜,남,49세,중상
2012051300100335,2012년 5월 13일 16시,일요일,대구광역시 달서구 신당동,중상사고,0,2,3,0,차대차 - 측면직각충돌,신호위반,건조,맑음,교차로 - 교차로안,승용,남,38세,상해없음,승용,남,28세,중상
2012051300100372,2012년 5월 13일 17시,일요일,대구광역시 남구 봉덕동,중상사고,0,1,0,0,차대차 - 측면직각충돌,기타,건조,맑음,단일로 - 기타,화물,남,45세,상해없음,자전거,남,23세,중상
2012051300100373,2012년 5월 13일 17시,일요일,대구광역시 수성구 신매동,중상사고,0,1,1,0,차대차 - 기타,안전운전불이행,건조,맑음,단일로 - 기타,이륜,남,19세,상해없음,승용,남,46세,중상
2012051300100374,2012년 5월 13일 17시,일요일,대구광역시 중구 동산동,중상사고,0,1,0,0,차대차 - 기타,안전운전불이행,건조,맑음,교차로 - 교차로부근,승용,남,57세,상해없음,자전거,남,66세,중상
2012051300100375,2012년 5월 13일 17시,일요일,대구광역시 달서구 이곡동,중상사고,0,1,0,0,차대차 - 측면직각충돌,안전운전불이행,건조,맑음,단일로 - 기타,승용,남,44세,상해없음,이륜,남,17세,중상
2012051300100403,2012년 5월 13일 18시,일요일,대구광역시 달서구 감삼동,경상사고,0,0,1,0,차대사람 - 길가장자리구역통행중,안전운전불이행,건조,맑음,단일로 - 기타,승용,남,45세,상해없음,보행자,남,55세,경상
2012051300100428,2012년 5월 13일 19시,일요일,대구광역시 동구 신암동,경상사고,0,0,3,0,차대차 - 추돌 - 주정차중,안전운전불이행,건조,맑음,교차로 - 교차로부근,승용,남,47세,상해없음,승용,여,40세,경상
2012051300100429,2012년 5월 13일 19시,일요일,대구광역시 서구 비산동,경상사고,0,0,1,0,차대사람 - 횡단중,보행자보호의무위반,건조,맑음,교차로 - 교차로안,승용,남,36세,상해없음,보행자,남,52세,경상
2012051300100462,2012년 5월 13일 20시,일요일,대구광역시 달서구 진천동,중상사고,0,1,0,0,차대차 - 기타,교차로운행방법위반,건조,맑음,교차로 - 교차로안,승용,남,71세,상해없음,이륜,남,19세,중상
2012051300100463,2012년 5월 13일 20시,일요일,대구광역시 달성군 화원읍,부상신고사고,0,0,0,1,차량단독 - 기타,중앙선침범,건조,맑음,단일로 - 기타,승용,남,54세,부상신고,,,,
2012051300100464,2012년 5월 13일 20시,일요일,대구광역시 달서구 본리동,경상사고,0,0,1,0,차대차 - 기타,교차로운행방법위반,건조,맑음,교차로 - 교차로안,승용,남,49세,상해없음,이륜,남,19세,경상
2012051300100494,2012년 5월 13일 21시,일요일,대구광역시 동구 불로동,중상사고,0,1,0,0,차대차 - 측면직각충돌,교차로운행방법위반,건조,맑음,단일로 - 기타,승용,여,53세,상해없음,원동기,남,38세,중상
2012051300100495,2012년 5월 13일 21시,일요일,대구광역시 북구 서변동,경상사고,0,0,1,0,차대사람 - 횡단중,기타,건조,맑음,단일로 - 기타,승용,남,40세,상해없음,보행자,남,36세,경상
2012051300100496,2012년 5월 13일 21시,일요일,대구광역시 서구 내당동,중상사고,0,1,0,0,차대사람 - 기타,기타,건조,맑음,단일로 - 기타,승합,남,53세,상해없음,보행자,여,52세,중상
2012051300100497,2012년 5월 13일 21시,일요일,대구광역시 달서구 죽전동,부상신고사고,0,0,0,1,차대사람 - 기타,안전운전불이행,건조,맑음,기타 - 기타,승용,남,25세,상해없음,보행자,남,56세,부상신고
2012051300100525,2012년 5월 13일 22시,일요일,대구광역시 동구 신천동,사망사고,1,0,0,0,차대사람 - 기타,안전운전불이행,건조,맑음,단일로 - 기타,승용,남,54세,상해없음,보행자,남,65세,사망
2012051300100526,2012년 5월 13일 22시,일요일,대구광역시 북구 구암동,중상사고,0,2,0,0,차대차 - 기타,교차로운행방법위반,건조,맑음,교차로 - 교차로안,승용,남,69세,상해없음,이륜,남,17세,중상
2012051300100527,2012년 5월 13일 22시,일요일,대구광역시 북구 관음동,중상사고,0,1,0,0,차대차 - 기타,교차로운행방법위반,건조,맑음,교차로 - 교차로안,승용,남,26세,상해없음,승용,남,27세,중상
2012051300100540,2012년 5월 13일 23시,일요일,대구광역시 달성군 다사읍,경상사고,0,0,3,0,차대차 - 측면직각충돌,중앙선침범,건조,맑음,단일로 - 기타,승용,남,51세,상해없음,승용,남,46세,경상
2012051300100541,2012년 5월 13일 23시,일요일,대구광역시 북구 칠성동2가,경상사고,0,0,5,1,차대차 - 추돌 - 진행중,안전거리미확보,건조,맑음,미분류 - 미분류,화물,남,22세,부상신고,화물,남,41세,경상
2012051400100008,2012년 5월 14일 00시,월요일,대구광역시 남구 봉덕동,중상사고,0,1,0,0,차대사람 - 차도통행중,과속,건조,맑음,단일로 - 기타,승용,남,51세,상해없음,보행자,남,56세,중상
2012051400100016,2012년 5월 14일 01시,월요일,대구광역시 동구 신천동,경상사고,0,0,2,0,차대차 - 추돌 - 주정차중,안전운전불이행,건조,맑음,교차로 - 교차로부근,승용,여,47세,상해없음,승용,남,35세,경상
2012051400100025,2012년 5월 14일 02시,월요일,대구광역시 북구 침산동,경상사고,0,0,1,0,차량단독 - 공작물충돌,안전운전불이행,건조,맑음,단일로 - 기타,승용,남,18세,경상,,,,
2012051400100037,2012년 5월 14일 04시,월요일,대구광역시 동구 신암동,중상사고,0,1,0,0,차대차 - 추돌 - 진행중,안전운전불이행,건조,맑음,단일로 - 기타,승용,남,42세,상해없음,승용,남,32세,중상
2012051400100050,2012년 5월 14일 05시,월요일,대구광역시 달서구 월성동,경상사고,0,0,2,0,차대차 - 정면충돌,신호위반,건조,맑음,교차로 - 교차로안,승용,여,42세,상해없음,승용,남,65세,경상
2012051400100063,2012년 5월 14일 06시,월요일,대구광역시 남구 이천동,경상사고,0,0,1,0,차대차 - 정면충돌,중앙선침범,건조,흐림,교차로 - 교차로부근,승용,여,58세,상해없음,화물,남,40세,경상
2012051400100064,2012년 5월 14일 06시,월요일,대구광역시 달서구 송현동,경상사고,0,0,1,0,차대차 - 기타,교차로운행방법위반,건조,맑음,교차로 - 교차로안,승용,남,55세,상해없음,이륜,남,45세,경상
2012051400100083,2012년 5월 14일 07시,월요일,대구광역시 동구 율하동,경상사고,0,0,2,0,차대차 - 기타,안전운전불이행,건조,맑음,교차로 - 교차로부근,승용,남,59세,상해없음,승용,여,44세,경상
2012051400100084,2012년 5월 14일 07시,월요일,대구광역시 북구 산격동,중상사고,0,2,0,0,차대사람 - 길가장자리구역통행중,안전운전불이행,습기,비,교차로 - 교차로부근,승용,여,26세,상해없음,보행자,여,21세,중상
2012051400100085,2012년 5월 14일 07시,월요일,대구광역시 서구 원대동1가,중상사고,0,1,0,0,차대차 - 기타,안전운전불이행,건조,맑음,단일로 - 기타,승용,남,43세,상해없음,이륜,남,59세,중상
2012051400100086,2012년 5월 14일 07시,월요일,대구광역시 중구 대봉동,경상사고,0,0,2,0,차대차 - 추돌 - 주정차중,안전운전불이행,건조,맑음,단일로 - 기타,승용,여,42세,경상,승용,남,29세,경상
2012051400100122,2012년 5월 14일 08시,월요일,대구광역시 수성구 삼덕동,경상사고,0,0,1,0,차대차 - 기타,안전거리미확보,건조,맑음,단일로 - 기타,승용,여,44세,상해없음,승용,남,59세,상해없음
2012051400100123,2012년 5월 14일 08시,월요일,대구광역시 달서구 본리동,경상사고,0,0,1,0,차대차 - 측면직각충돌,안전운전불이행,건조,흐림,기타 - 기타,승용,남,50세,상해없음,자전거,남,49세,경상
2012051400100153,2012년 5월 14일 09시,월요일,대구광역시 북구 칠성동2가,경상사고,0,0,3,0,차대차 - 측면직각충돌,안전운전불이행,습기,비,교차로 - 교차로안,승용,남,23세,상해없음,승용,남,49세,경상
2012051400100154,2012년 5월 14일 09시,월요일,대구광역시 북구 노원동3가,경상사고,0,0,1,0,차대차 - 정면충돌,교차로운행방법위반,습기,비,교차로 - 교차로안,승합,남,59세,상해없음,원동기,여,42세,경상
2012051400100155,2012년 5월 14일 09시,월요일,대구광역시 달서구 신당동,중상사고,0,1,0,0,차량단독 - 기타,안전운전불이행,습기,비,단일로 - 기타,승합,남,49세,상해없음,,,,
2012051400100192,2012년 5월 14일 10시,월요일,대구광역시 북구 동천동,중상사고,0,1,0,0,차대사람 - 기타,안전운전불이행,건조,맑음,단일로 - 기타,승용,여,42세,상해없음,보행자,남,70세,중상
2012051400100228,2012년 5월 14일 11시,월요일,대구광역시 북구 대현동,경상사고,0,0,1,0,차대차 - 측면직각충돌,안전운전불이행,습기,비,단일로 - 기타,원동기,남,69세,상해없음,승합,남,37세,상해없음
2012051400100229,2012년 5월 14일 11시,월요일,대구광역시 북구 노원동1가,중상사고,0,1,0,0,차대차 - 측면직각충돌,안전운전불이행,습기,비,교차로 - 교차로안,화물,남,46세,상해없음,자전거,여,58세,중상
2012051400100310,2012년 5월 14일 13시,월요일,대구광역시 북구 복현동,경상사고,0,0,2,0,차대차 - 측면직각충돌,기타,건조,맑음,단일로 - 기타,승용,남,71세,상해없음,이륜,남,32세,경상
2012051400100311,2012년 5월 14일 13시,월요일,대구광역시 달서구 두류동,경상사고,0,0,1,0,차대차 - 측면직각충돌,불법유턴,습기,비,단일로 - 기타,승용,여,55세,상해없음,이륜,남,49세,경상
2012051400100348,2012년 5월 14일 14시,월요일,대구광역시 남구 대명동,경상사고,0,0,1,0,차대차 - 기타,신호위반,습기,비,교차로 - 교차로안,승용,남,74세,상해없음,원동기,남,62세,경상