사고번호,사고일시,요일,시군구,사고내용,사망자수,중상자수,경상자수,부상신고자수,사고유형,법규위반,노면상태,기상상태,도로형태,가해운전자 차종,가해운전자 성별,가해운전자 연령,가해운전자 상해정도,피해운전자 차종,피해운전자 성별,피해운전자 연령,피해운전자 상해정도
2012052000100128,2012년 5월 20일 08시,일요일,대구광역시 동구 신암동,중상사고,0,1,0,0,차대사람 - 기타,안전운전불이행,건조,맑음,단일로 - 기타,승합,남,31세,기타불명,보행자,남,29세,중상
2012052000100147,2012년 5월 20일 09시,일요일,대구광역시 중구 동산동,경상사고,0,0,1,0,차량단독 - 기타,안전운전불이행,건조,맑음,단일로 - 기타,승합,남,39세,상해없음,,,,
2012052000100181,2012년 5월 20일 11시,일요일,대구광역시 남구 대명동,경상사고,0,0,1,0,차대차 - 기타,신호위반,건조,맑음,교차로 - 교차로안,이륜,기타불명,기타불명,기타불명,승용,여,54세,경상
2012052000100182,2012년 5월 20일 11시,일요일,대구광역시 동구 율하동,경상사고,0,0,2,1,차대차 - 기타,안전운전불이행,건조,맑음,교차로 - 교차로안,승용,남,57세,상해없음,원동기,남,51세,경상
2012052000100183,2012년 5월 20일 11시,일요일,대구광역시 달서구 송현동,중상사고,0,1,0,0,차량단독 - 기타,안전운전불이행,건조,맑음,단일로 - 기타,승합,남,54세,상해없음,,,,
2012052000100184,2012년 5월 20일 11시,일요일,대구광역시 달서구 감삼동,중상사고,0,1,0,0,차대사람 - 기타,안전운전불이행,건조,맑음,단일로 - 기타,승용,남,30세,상해없음,보행자,여,65세,중상
2012052000100219,2012년 5월 20일 13시,일요일,대구광역시 달서구 본동,경상사고,0,0,4,0,차대차 - 측면직각충돌,직진우회전진행방해,건조,맑음,교차로 - 교차로안,승용,여,47세,경상,승용,남,30세,경상
2012052000100220,2012년 5월 20일 13시,일요일,대구광역시 달서구 갈산동,부상신고사고,0,0,0,1,차량단독 - 기타,안전운전불이행,건조,맑음,단일로 - 기타,원동기,남,38세,부상신고,,,,
2012052000100246,2012년 5월 20일 14시,일요일,대구광역시 남구 대명동,경상사고,0,0,1,0,차대사람 - 차도통행중,안전운전불이행,건조,맑음,교차로 - 교차로부근,승용,여,55세,상해없음,보행자,여,67세,경상
2012052000100247,2012년 5월 20일 14시,일요일,대구광역시 달서구 성당동,경상사고,0,0,1,0,차대사람 - 기타,안전운전불이행,건조,맑음,기타 - 기타,승용,남,49세,상해없음,보행자,남,7세,경상
2012052000100278,2012년 5월 20일 15시,일요일,대구광역시 수성구 두산동,중상사고,0,1,0,0,차대차 - 기타,신호위반,건조,맑음,교차로 - 교차로안,승용,여,33세,상해없음,화물,남,50세,중상
2012052000100279,2012년 5월 20일 15시,일요일,대구광역시 북구 팔달동,중상사고,0,1,1,0,차대차 - 측면직각충돌,안전운전불이행,건조,맑음,교차로 - 교차로안,승용,남,57세,경상,승용,남,52세,중상
2012052000100313,2012년 5월 20일 16시,일요일,대구광역시 동구 동호동,경상사고,0,0,1,0,차대차 - 기타,안전운전불이행,건조,맑음,교차로 - 교차로안,건설기계,남,59세,상해없음,원동기,남,16세,경상
2012052000100314,2012년 5월 20일 16시,일요일,대구광역시 북구 침산동,경상사고,0,0,1,0,차대차 - 추돌 - 주정차중,안전거리미확보,건조,맑음,단일로 - 기타,승용,남,57세,상해없음,승용,남,52세,경상
2012052000100315,2012년 5월 20일 16시,일요일,대구광역시 북구 동천동,중상사고,0,1,0,0,차대차 - 측면직각충돌,안전운전불이행,건조,맑음,교차로 - 교차로부근,원동기,남,17세,중상,원동기,남,19세,상해없음
2012052000100316,2012년 5월 20일 16시,일요일,대구광역시 서구 중리동,경상사고,0,0,1,0,차대차 - 기타,안전운전불이행,건조,맑음,교차로 - 교차로안,승용,남,46세,상해없음,자전거,남,12세,경상
2012052000100351,2012년 5월 20일 17시,일요일,대구광역시 수성구 만촌동,중상사고,0,1,0,0,차대사람 - 기타,안전운전불이행,건조,맑음,단일로 - 기타,승용,남,22세,상해없음,보행자,여,59세,중상
2012052000100352,2012년 5월 20일 17시,일요일,대구광역시 북구 산격동,경상사고,0,0,3,0,차대차 - 측면직각충돌,신호위반,건조,맑음,교차로 - 교차로안,승용,여,58세,상해없음,승용,남,29세,경상
2012052000100353,2012년 5월 20일 17시,일요일,대구광역시 북구 매천동,중상사고,0,1,3,0,차대차 - 기타,안전운전불이행,건조,맑음,교차로 - 교차로부근,승용,남,39세,상해없음,승용,남,29세,경상
2012052000100354,2012년 5월 20일 17시,일요일,대구광역시 달서구 두류동,중상사고,0,1,0,0,차대차 - 측면직각충돌,신호위반,건조,맑음,교차로 - 교차로안,승용,남,29세,상해없음,원동기,남,17세,중상
2012052000100355,2012년 5월 20일 17시,일요일,대구광역시 달서구 신당동,경상사고,0,0,1,0,차대차 - 기타,안전거리미확보,건조,맑음,단일로 - 횡단보도부근,승용,여,23세,상해없음,이륜,남,17세,경상
2012052000100386,2012년 5월 20일 18시,일요일,대구광역시 달서구 본동,경상사고,0,0,1,0,차대차 - 추돌 - 주정차중,안전운전불이행,건조,맑음,교차로 - 교차로안,승용,남,18세,상해없음,승용,남,54세,경상
2012052000100412,2012년 5월 20일 19시,일요일,대구광역시 남구 대명동,경상사고,0,0,3,0,차대차 - 추돌 - 진행중,안전거리미확보,건조,맑음,교차로 - 교차로부근,승용,남,27세,상해없음,승용,남,49세,경상
2012052000100413,2012년 5월 20일 19시,일요일,대구광역시 수성구 중동,경상사고,0,0,1,0,차대차 - 측면직각충돌,안전운전불이행,건조,맑음,단일로 - 기타,승용,남,33세,상해없음,자전거,여,62세,경상
2012052000100414,2012년 5월 20일 19시,일요일,대구광역시 달성군 구지면,중상사고,0,2,0,0,차량단독 - 공작물충돌,안전운전불이행,건조,맑음,교차로 - 교차로안,승용,남,28세,중상,,,,
2012052000100415,2012년 5월 20일 19시,일요일,대구광역시 북구 복현동,경상사고,0,0,2,0,차대차 - 기타,안전운전불이행,건조,맑음,단일로 - 기타,화물,남,50세,상해없음,승용,남,36세,경상
2012052000100451,2012년 5월 20일 20시,일요일,대구광역시 북구 동천동,중상사고,0,1,0,0,차대사람 - 기타,안전운전불이행,건조,맑음,단일로 - 기타,이륜,남,16세,상해없음,보행자,여,72세,중상
2012052000100452,2012년 5월 20일 20시,일요일,대구광역시 달서구 본리동,경상사고,0,0,1,1,차대차 - 측면직각충돌,안전거리미확보,건조,맑음,단일로 - 기타,원동기,남,19세,부상신고,승용,남,54세,경상
2012052000100484,2012년 5월 20일 21시,일요일,대구광역시 동구 신암동,중상사고,0,1,0,0,차대사람 - 횡단중,보행자보호의무위반,건조,맑음,교차로 - 교차로안,승용,남,53세,상해없음,보행자,남,57세,중상
2012052000100485,2012년 5월 20일 21시,일요일,대구광역시 수성구 대흥동,경상사고,0,0,5,0,차대차 - 추돌 - 주정차중,안전운전불이행,건조,맑음,교차로 - 교차로부근,승용,여,42세,상해없음,승용,남,47세,경상
2012052000100529,2012년 5월 20일 23시,일요일,대구광역시 서구 이현동,중상사고,0,1,1,0,차대차 - 추돌 - 주정차중,안전운전불이행,건조,맑음,단일로 - 횡단보도부근,승용,남,47세,상해없음,승용,남,55세,경상
2012052100100010,2012년 5월 21일 00시,월요일,대구광역시 북구 산격동,부상신고사고,0,0,0,1,차대차 - 추돌 - 주정차중,안전거리미확보,건조,맑음,단일로 - 기타,이륜,남,24세,부상신고,승용,남,52세,상해없음
2012052100100011,2012년 5월 21일 00시,월요일,대구광역시 달서구 감삼동,경상사고,0,0,1,0,차대사람 - 기타,안전운전불이행,건조,맑음,단일로 - 기타,승용,남,29세,상해없음,보행자,남,17세,경상
2012052100100035,2012년 5월 21일 03시,월요일,대구광역시 달서구 두류동,중상사고,0,1,0,0,차대사람 - 차도통행중,안전운전불이행,건조,맑음,단일로 - 기타,승용,남,19세,상해없음,보행자,남,32세,중상
2012052100100046,2012년 5월 21일 05시,월요일,대구광역시 동구 신암동,경상사고,0,0,1,0,차대차 - 기타,안전거리미확보,건조,맑음,교차로 - 교차로부근,승용,남,51세,상해없음,승용,여,31세,경상
2012052100100086,2012년 5월 21일 07시,월요일,대구광역시 수성구 대흥동,중상사고,0,2,1,0,차대차 - 추돌 - 진행중,안전운전불이행,건조,맑음,단일로 - 기타,건설기계,남,49세,상해없음,승용,남,21세,상해없음
2012052100100133,2012년 5월 21일 08시,월요일,대구광역시 수성구 황금동,경상사고,0,0,1,0,차대차 - 측면직각충돌,안전거리미확보,건조,맑음,교차로 - 교차로부근,승용,여,50세,상해없음,승용,남,43세,경상
2012052100100134,2012년 5월 21일 08시,월요일,대구광역시 북구 복현동,경상사고,0,0,1,0,차대차 - 기타,안전운전불이행,건조,맑음,기타 - 기타,자전거,남,41세,경상,승용,남,29세,상해없음
2012052100100136,2012년 5월 21일 08시,월요일,대구광역시 서구 비산동,경상사고,0,0,1,0,차대차 - 측면직각충돌,안전운전불이행,건조,맑음,교차로 - 교차로안,승합,남,45세,상해없음,원동기,남,44세,경상
2012052100100137,2012년 5월 21일 08시,월요일,대구광역시 중구 서문로2가,중상사고,0,1,0,0,차대차 - 기타,기타,건조,맑음,단일로 - 기타,승용,남,55세,상해없음,이륜,남,18세,중상
2012052100100156,2012년 5월 21일 09시,월요일,대구광역시 북구 노원동1가,경상사고,0,0,1,0,차대차 - 측면직각충돌,직진우회전진행방해,건조,맑음,교차로 - 교차로안,승용,남,39세,상해없음,자전거,여,46세,경상
2012052100100157,2012년 5월 21일 09시,월요일,대구광역시 서구 내당동,경상사고,0,0,1,0,차대사람 - 기타,신호위반,건조,맑음,단일로 - 횡단보도상,승용,여,57세,상해없음,보행자,여,24세,경상
2012052100100243,2012년 5월 21일 12시,월요일,대구광역시 달서구 도원동,중상사고,0,1,0,0,차량단독 - 기타,기타,건조,맑음,단일로 - 기타,승합,남,50세,상해없음,,,,
2012052100100267,2012년 5월 21일 13시,월요일,대구광역시 남구 대명동,경상사고,0,0,1,0,차대사람 - 보도통행중,기타,건조,맑음,단일로 - 기타,화물,여,61세,상해없음,보행자,남,39세,경상
2012052100100268,2012년 5월 21일 13시,월요일,대구광역시 서구 평리동,부상신고사고,0,0,0,1,차대차 - 측면직각충돌,안전운전불이행,건조,맑음,단일로 - 기타,승용,남,65세,부상신고,승용,남,35세,상해없음
2012052100100269,2012년 5월 21일 13시,월요일,대구광역시 중구 태평로2가,경상사고,0,0,2,0,차대차 - 측면직각충돌,안전거리미확보,건조,맑음,단일로 - 기타,승용,남,61세,경상,승용,남,39세,경상
2012052100100302,2012년 5월 21일 14시,월요일,대구광역시 달성군 논공읍,사망사고,1,0,0,0,차대차 - 추돌 - 진행중,안전운전불이행,건조,맑음,단일로 - 터널,승용,남,45세,사망,건설기계,남,59세,상해없음
2012052100100341,2012년 5월 21일 15시,월요일,대구광역시 북구 매천동,경상사고,0,0,2,0,차대차 - 추돌 - 진행중,안전거리미확보,건조,맑음,단일로 - 기타,화물,남,63세,상해없음,화물,남,33세,경상
2012052100100342,2012년 5월 21일 15시,월요일,대구광역시 중구 남일동,중상사고,0,1,0,0,차대사람 - 보도통행중,보행자보호의무위반,건조,맑음,단일로 - 횡단보도상,원동기,남,33세,상해없음,보행자,여,29세,중상
2012052100100385,2012년 5월 21일 16시,월요일,대구광역시 남구 대명동,중상사고,0,1,0,0,차대사람 - 기타,안전운전불이행,건조,맑음,단일로 - 기타,승용,남,29세,상해없음,보행자,남,8세,중상
2012052100100386,2012년 5월 21일 16시,월요일,대구광역시 남구 대명동,경상사고,0,0,2,0,차대차 - 기타,안전운전불이행,건조,맑음,교차로 - 교차로부근,승용,남,86세,상해없음,승용,남,29세,경상
2012052100100387,2012년 5월 21일 16시,월요일,대구광역시 달서구 송현동,경상사고,0,0,1,0,차대차 - 기타,직진우회전진행방해,건조,맑음,교차로 - 교차로안,원동기,남,64세,경상,승용,남,54세,상해없음
2012052100100388,2012년 5월 21일 16시,월요일,대구광역시 달서구 상인동,경상사고,0,0,1,0,차대사람 - 횡단중,신호위반,건조,맑음,교차로 - 교차로부근,원동기,남,51세,상해없음,보행자,여,27세,경상
2012052100100389,2012년 5월 21일 16시,월요일,대구광역시 북구 태전동,중상사고,0,1,0,0,차대차 - 측면직각충돌,안전운전불이행,건조,맑음,교차로 - 교차로안,승용,여,45세,상해없음,자전거,남,21세,중상
2012052100100390,2012년 5월 21일 16시,월요일,대구광역시 달서구 성당동,중상사고,0,1,0,0,차대차 - 측면직각충돌,안전운전불이행,건조,맑음,단일로 - 기타,승용,남,60세,상해없음,승용,여,39세,중상
2012052100100432,2012년 5월 21일 17시,월요일,대구광역시 동구 미대동,중상사고,0,2,1,0,차대차 - 추돌 - 진행중,안전운전불이행,건조,맑음,단일로 - 기타,승용,남,42세,상해없음,승용,여,45세,중상
2012052100100433,2012년 5월 21일 17시,월요일,대구광역시 동구 신천동,경상사고,0,0,1,0,차대차 - 기타,안전운전불이행,건조,맑음,단일로 - 기타,승용,남,40세,상해없음,승용,남,68세,경상
2012052100100434,2012년 5월 21일 17시,월요일,대구광역시 수성구 범어동,경상사고,0,0,1,0,차대차 - 추돌 - 진행중,안전거리미확보,건조,맑음,단일로 - 기타,승합,남,23세,상해없음,승용,남,53세,경상
2012052100100435,2012년 5월 21일 17시,월요일,대구광역시 수성구 지산동,경상사고,0,0,1,0,차대차 - 기타,안전운전불이행,건조,맑음,단일로 - 기타,화물,남,35세,상해없음,승용,남,61세,상해없음
2012052100100436,2012년 5월 21일 17시,월요일,대구광역시 수성구 수성동1가,경상사고,0,0,1,0,차대사람 - 횡단중,보행자보호의무위반,건조,맑음,교차로 - 교차로부근,승용,여,38세,상해없음,보행자,여,18세,경상
2012052100100437,2012년 5월 21일 17시,월요일,대구광역시 달서구 상인동,경상사고,0,0,1,0,차대차 - 기타,안전운전불이행,건조,맑음,단일로 - 기타,승용,남,52세,상해없음,자전거,남,21세,경상
2012052100100438,2012년 5월 21일 17시,월요일,대구광역시 북구 노원동1가,부상신고사고,0,0,0,1,차대차 - 측면직각충돌,안전운전불이행,건조,맑음,교차로 - 교차로부근,승용,여,46세,상해없음,자전거,남,14세,부상신고
2012052100100439,2012년 5월 21일 17시,월요일,대구광역시 중구 전동,경상사고,0,0,1,0,차대사람 - 보도통행중,기타,건조,맑음,단일로 - 기타,자전거,여,56세,상해없음,보행자,남,49세,경상
2012052100100518,2012년 5월 21일 19시,월요일,대구광역시 동구 효목동,경상사고,0,0,1,0,차대차 - 추돌 - 진행중,안전거리미확보,건조,맑음,단일로 - 기타,승용,남,22세,상해없음,승용,남,62세,경상
2012052100100519,2012년 5월 21일 19시,월요일,대구광역시 달서구 송현동,중상사고,0,1,0,0,차대차 - 기타,교차로운행방법위반,건조,맑음,교차로 - 교차로안,화물,남,49세,상해없음,이륜,남,20세,중상
2012052100100520,2012년 5월 21일 19시,월요일,대구광역시 달성군 화원읍,경상사고,0,0,1,0,차대차 - 기타,안전운전불이행,건조,맑음,교차로 - 교차로부근,화물,남,40세,상해없음,자전거,여,71세,경상
2012052100100521,2012년 5월 21일 19시,월요일,대구광역시 북구 구암동,중상사고,0,1,0,0,차대사람 - 기타,안전운전불이행,건조,맑음,단일로 - 기타,승용,남,55세,상해없음,보행자,남,5세,중상
2012052100100522,2012년 5월 21일 19시,월요일,대구광역시 중구 남산동,중상사고,0,1,0,0,차대차 - 추돌 - 진행중,안전운전불이행,건조,맑음,단일로 - 기타,승용,남,55세,상해없음,승용,여,39세,상해없음
2012052100100523,2012년 5월 21일 19시,월요일,대구광역시 달서구 두류동,중상사고,0,1,0,0,차대차 - 추돌 - 진행중,안전운전불이행,건조,맑음,교차로 - 교차로안,승용,남,30세,상해없음,승용,남,56세,중상
2012052100100561,2012년 5월 21일 20시,월요일,대구광역시 달서구 상인동,경상사고,0,0,2,0,차대차 - 측면직각충돌,직진우회전진행방해,건조,맑음,교차로 - 교차로안,승용,여,43세,상해없음,승용,남,55세,경상
2012052100100562,2012년 5월 21일 20시,월요일,대구광역시 북구 구암동,경상사고,0,0,1,0,차대차 - 측면직각충돌,직진우회전진행방해,건조,맑음,단일로 - 기타,승용,여,54세,상해없음,화물,남,55세,경상
2012052100100563,2012년 5월 21일 20시,월요일,대구광역시 북구 대현동,경상사고,0,0,1,0,차대차 - 추돌 - 진행중,안전운전불이행,건조,맑음,교차로 - 교차로부근,승용,여,29세,경상,승용,남,19세,상해없음
2012052100100595,2012년 5월 21일 21시,월요일,대구광역시 서구 평리동,경상사고,0,0,1,0,차대차 - 측면직각충돌,교차로운행방법위반,건조,맑음,교차로 - 교차로안,이륜,남,49세,경상,승용,남,19세,기타불명
2012052100100596,2012년 5월 21일 21시,월요일,대구광역시 중구 대신동,경상사고,0,0,1,0,차대차 - 측면직각충돌,안전거리미확보,건조,맑음,단일로 - 기타,승용,남,47세,상해없음,승용,남,75세,경상
2012052100100597,2012년 5월 21일 21시,월요일,대구광역시 달서구 이곡동,경상사고,0,0,1,1,차대사람 - 기타,기타,건조,맑음,교차로 - 교차로부근,승합,남,35세,상해없음,보행자,여,24세,경상
2012052100100628,2012년 5월 21일 22시,월요일,대구광역시 달서구 월성동,경상사고,0,0,1,0,차대차 - 측면직각충돌,차로위반,건조,맑음,단일로 - 기타,승용,여,43세,상해없음,승용,남,34세,경상
2012052100100629,2012년 5월 21일 22시,월요일,대구광역시 북구 복현동,중상사고,0,1,0,0,차대차 - 기타,신호위반,건조,맑음,단일로 - 기타,승용,여,47세,상해없음,이륜,남,16세,중상
2012052200100034,2012년 5월 22일 01시,화요일,대구광역시 동구 방촌동,중상사고,0,1,0,0,차대사람 - 기타,안전운전불이행,건조,맑음,단일로 - 횡단보도상,승용,남,28세,상해없음,보행자,남,49세,중상
2012052200100122,2012년 5월 22일 07시,화요일,대구광역시 동구 율하동,경상사고,0,0,1,0,차대차 - 기타,안전운전불이행,건조,맑음,단일로 - 기타,화물,남,42세,상해없음,자전거,남,59세,경상
2012052200100123,2012년 5월 22일 07시,화요일,대구광역시 수성구 상동,부상신고사고,0,0,0,1,차대사람 - 기타,안전운전불이행,건조,맑음,단일로 - 기타,승용,남,90세 이상,상해없음,보행자,여,85세,부상신고
2012052200100124,2012년 5월 22일 07시,화요일,대구광역시 북구 복현동,중상사고,0,1,1,0,차대차 - 측면직각충돌,신호위반,건조,맑음,교차로 - 교차로안,승용,남,51세,상해없음,승용,남,56세,중상
2012052200100156,2012년 5월 22일 08시,화요일,대구광역시 수성구 지산동,경상사고,0,0,1,0,차대차 - 측면직각충돌,안전운전불이행,건조,맑음,단일로 - 기타,승용,여,32세,상해없음,자전거,남,30세,경상
2012052200100157,2012년 5월 22일 08시,화요일,대구광역시 북구 칠성동2가,경상사고,0,0,1,0,차대사람 - 횡단중,보행자보호의무위반,건조,맑음,단일로 - 기타,승용,여,48세,상해없음,보행자,남,6세,경상
2012052200100158,2012년 5월 22일 08시,화요일,대구광역시 서구 비산동,경상사고,0,0,1,0,차대사람 - 기타,안전운전불이행,건조,맑음,단일로 - 기타,승용,기타불명,기타불명,기타불명,보행자,여,33세,경상
2012052200100159,2012년 5월 22일 08시,화요일,대구광역시 중구 동인동2가,중상사고,0,1,0,0,차대차 - 기타,기타,건조,맑음,단일로 - 기타,승용,남,42세,상해없음,이륜,남,25세,중상
2012052200100160,2012년 5월 22일 08시,화요일,대구광역시 달서구 감삼동,경상사고,0,0,1,0,차대사람 - 차도통행중,안전운전불이행,건조,맑음,단일로 - 기타,화물,남,49세,상해없음,보행자,남,10세,경상
2012052200100201,2012년 5월 22일 09시,화요일,대구광역시 서구 평리동,경상사고,0,0,1,0,차대차 - 측면직각충돌,안전운전불이행,건조,맑음,단일로 - 기타,승용,남,52세,상해없음,이륜,남,29세,경상
2012052200100236,2012년 5월 22일 10시,화요일,대구광역시 북구 침산동,경상사고,0,0,1,0,차대차 - 측면직각충돌,직진우회전진행방해,건조,맑음,교차로 - 교차로안,이륜,남,83세,경상,승용,여,52세,상해없음
2012052200100265,2012년 5월 22일 11시,화요일,대구광역시 달성군 구지면,중상사고,0,1,0,0,차대사람 - 기타,안전운전불이행,건조,맑음,단일로 - 기타,승용,여,46세,상해없음,보행자,여,75세,중상
2012052200100266,2012년 5월 22일 11시,화요일,대구광역시 달서구 두류동,경상사고,0,0,1,0,차대차 - 기타,중앙선침범,건조,맑음,단일로 - 기타,승용,남,65세,상해없음,이륜,남,32세,경상
2012052200100288,2012년 5월 22일 12시,화요일,대구광역시 남구 대명동,중상사고,0,1,1,0,차대차 - 기타,안전운전불이행,건조,맑음,단일로 - 기타,자전거,남,24세,경상,승용,남,63세,상해없음
2012052200100320,2012년 5월 22일 13시,화요일,대구광역시 서구 내당동,경상사고,0,0,1,0,차대차 - 측면직각충돌,교차로운행방법위반,건조,맑음,교차로 - 교차로안,승용,기타불명,기타불명,기타불명,승용,미분류,기타불명,기타불명
2012052200100321,2012년 5월 22일 13시,화요일,대구광역시 중구 태평로3가,부상신고사고,0,0,0,2,차대차 - 측면직각충돌,교차로운행방법위반,건조,맑음,교차로 - 교차로안,원동기,남,70세,부상신고,승용,남,41세,상해없음
2012052200100349,2012년 5월 22일 14시,화요일,대구광역시 동구 신암동,경상사고,0,0,1,0,차대사람 - 보도통행중,기타,건조,맑음,단일로 - 기타,자전거,남,69세,상해없음,보행자,여,61세,경상
2012052200100350,2012년 5월 22일 14시,화요일,대구광역시 중구 서문로1가,부상신고사고,0,0,0,1,차대사람 - 기타,안전운전불이행,건조,맑음,단일로 - 기타,승용,남,52세,상해없음,보행자,미분류,12세,부상신고
2012052200100351,2012년 5월 22일 14시,화요일,대구광역시 달서구 본리동,중상사고,0,1,0,0,차대차 - 추돌 - 주정차중,안전운전불이행,건조,맑음,단일로 - 기타,승용,남,66세,상해없음,화물,미분류,기타불명,기타불명
2012052200100352,2012년 5월 22일 14시,화요일,대구광역시 달서구 용산동,경상사고,0,0,1,0,차대차 - 측면직각충돌,신호위반,건조,맑음,교차로 - 교차로안,승용,여,46세,상해없음,승용,여,36세,경상
2012052200100383,2012년 5월 22일 15시,화요일,대구광역시 달서구 대천동,중상사고,0,1,0,0,차대사람 - 횡단중,보행자보호의무위반,건조,맑음,단일로 - 기타,승용,남,43세,상해없음,보행자,여,65세,중상
2012052200100460,2012년 5월 22일 17시,화요일,대구광역시 동구 도동,경상사고,0,0,1,0,차대차 - 측면직각충돌,교차로운행방법위반,건조,맑음,교차로 - 교차로안,승용,여,46세,상해없음,승합,남,36세,경상
2012052200100461,2012년 5월 22일 17시,화요일,대구광역시 북구 침산동,중상사고,0,1,3,0,차대차 - 기타,안전운전불이행,건조,맑음,단일로 - 기타,화물,남,32세,상해없음,승용,여,44세,경상
2012052200100462,2012년 5월 22일 17시,화요일,대구광역시 달서구 호산동,중상사고,0,1,0,0,차대차 - 기타,신호위반,건조,맑음,교차로 - 교차로부근,승용,남,55세,상해없음,승용,여,30세,중상
2012052200100497,2012년 5월 22일 18시,화요일,대구광역시 수성구 범물동,경상사고,0,0,1,0,차대차 - 기타,중앙선침범,건조,맑음,단일로 - 기타,승용,남,45세,상해없음,승용,여,46세,경상
2012052200100498,2012년 5월 22일 18시,화요일,대구광역시 달서구 송현동,경상사고,0,0,1,0,차대차 - 기타,차로위반,건조,흐림,단일로 - 기타,화물,남,45세,상해없음,승용,남,58세,경상
2012052200100499,2012년 5월 22일 18시,화요일,대구광역시 달성군 하빈면,중상사고,0,3,0,0,차대차 - 측면직각충돌,중앙선침범,건조,맑음,단일로 - 기타,화물,남,46세,중상,승용,남,33세,중상
2012052200100539,2012년 5월 22일 19시,화요일,대구광역시 북구 매천동,중상사고,0,1,0,0,차대차 - 정면충돌,안전운전불이행,건조,맑음,단일로 - 기타,원동기,남,19세,중상,승합,여,37세,상해없음
2012052200100540,2012년 5월 22일 19시,화요일,대구광역시 중구 대신동,부상신고사고,0,0,0,1,차대차 - 측면직각충돌,신호위반,건조,맑음,교차로 - 교차로안,원동기,남,47세,부상신고,승용,남,68세,상해없음
2012052200100541,2012년 5월 22일 19시,화요일,대구광역시 달서구 성당동,중상사고,0,1,0,0,차대차 - 기타,기타,건조,맑음,교차로 - 교차로부근,승용,남,37세,상해없음,이륜,남,49세,중상
2012052200100574,2012년 5월 22일 20시,화요일,대구광역시 수성구 수성동4가,경상사고,0,0,1,0,차대차 - 측면직각충돌,신호위반,건조,맑음,교차로 - 교차로안,승용,남,59세,상해없음,승용,남,56세,상해없음
2012052200100575,2012년 5월 22일 20시,화요일,대구광역시 수성구 지산동,중상사고,0,1,0,0,차대사람 - 횡단중,보행자보호의무위반,건조,맑음,단일로 - 횡단보도상,승용,남,63세,상해없음,보행자,여,65세,중상
2012052200100576,2012년 5월 22일 20시,화요일,대구광역시 달서구 월성동,경상사고,0,0,2,0,차대차 - 기타,신호위반,건조,맑음,교차로 - 교차로안,승용,여,51세,상해없음,승용,남,44세,상해없음
2012052200100609,2012년 5월 22일 21시,화요일,대구광역시 수성구 지산동,경상사고,0,0,3,0,차대차 - 추돌 - 주정차중,안전운전불이행,건조,맑음,단일로 - 기타,승용,남,55세,상해없음,승용,남,25세,경상
2012052200100610,2012년 5월 22일 21시,화요일,대구광역시 북구 대현동,중상사고,0,3,2,0,차대사람 - 횡단중,신호위반,건조,맑음,단일로 - 횡단보도상,화물,남,54세,상해없음,보행자,여,37세,중상
2012052200100611,2012년 5월 22일 21시,화요일,대구광역시 달서구 신당동,중상사고,0,2,0,0,차대차 - 측면직각충돌,신호위반,건조,맑음,교차로 - 교차로안,승용,남,59세,상해없음,이륜,남,17세,중상
2012052200100651,2012년 5월 22일 22시,화요일,대구광역시 달서구 장기동,경상사고,0,0,1,0,차대차 - 측면직각충돌,안전운전불이행,건조,맑음,교차로 - 교차로안,승용,남,73세,상해없음,화물,남,33세,경상
2012052200100676,2012년 5월 22일 23시,화요일,대구광역시 달성군 화원읍,경상사고,0,0,1,0,차대차 - 추돌 - 주정차중,안전운전불이행,건조,맑음,교차로 - 교차로부근,승용,남,32세,상해없음,승용,남,55세,경상
2012052200100677,2012년 5월 22일 23시,화요일,대구광역시 달서구 호산동,경상사고,0,0,1,0,차대차 - 측면직각충돌,안전거리미확보,건조,맑음,단일로 - 기타,승용,남,29세,상해없음,승용,남,41세,경상
2012052300100014,2012년 5월 23일 00시,수요일,대구광역시 달서구 유천동,중상사고,0,1,1,0,차대차 - 측면직각충돌,안전거리미확보,건조,맑음,단일로 - 기타,승용,남,39세,상해없음,승용,여,37세,중상
2012052300100029,2012년 5월 23일 01시,수요일,대구광역시 동구 신천동,중상사고,0,1,0,0,차대사람 - 횡단중,보행자보호의무위반,건조,맑음,단일로 - 횡단보도상,승용,남,29세,상해없음,보행자,남,79세,중상
2012052300100030,2012년 5월 23일 01시,수요일,대구광역시 서구 내당동,중상사고,0,1,1,0,차대차 - 추돌 - 주정차중,안전거리미확보,건조,맑음,교차로 - 교차로부근,승용,남,33세,상해없음,승용,남,61세,경상
2012052300100039,2012년 5월 23일 02시,수요일,대구광역시 동구 신암동,부상신고사고,0,0,0,1,차대차 - 기타,안전운전불이행,건조,맑음,단일로 - 기타,승용,여,25세,상해없음,승용,남,58세,상해없음
2012052300100040,2012년 5월 23일 02시,수요일,대구광역시 서구 내당동,중상사고,0,2,0,0,차대차 - 측면직각충돌,신호위반,건조,맑음,교차로 - 교차로안,승용,남,47세,상해없음,승용,여,53세,중상
2012052300100084,2012년 5월 23일 06시,수요일,대구광역시 동구 용계동,중상사고,0,1,1,0,차대차 - 추돌 - 진행중,신호위반,건조,맑음,단일로 - 기타,승용,남,42세,상해없음,승용,여,43세,중상