사고번호,사고일시,요일,시군구,사고내용,사망자수,중상자수,경상자수,부상신고자수,사고유형,법규위반,노면상태,기상상태,도로형태,가해운전자 차종,가해운전자 성별,가해운전자 연령,가해운전자 상해정도,피해운전자 차종,피해운전자 성별,피해운전자 연령,피해운전자 상해정도
2012052300100085,2012년 5월 23일 06시,수요일,대구광역시 수성구 매호동,경상사고,0,0,1,0,차대차 - 기타,안전운전불이행,건조,맑음,단일로 - 기타,승합,남,46세,상해없음,승용,남,52세,경상
2012052300100086,2012년 5월 23일 06시,수요일,대구광역시 중구 봉산동,경상사고,0,0,2,0,차대차 - 추돌 - 주정차중,안전운전불이행,건조,맑음,단일로 - 기타,승용,남,41세,상해없음,승용,남,55세,경상
2012052300100108,2012년 5월 23일 07시,수요일,대구광역시 서구 원대동2가,경상사고,0,0,2,0,차대차 - 기타,안전운전불이행,건조,맑음,교차로 - 교차로부근,승용,남,57세,상해없음,이륜,남,19세,경상
2012052300100138,2012년 5월 23일 08시,수요일,대구광역시 남구 대명동,경상사고,0,0,1,0,차대차 - 기타,안전운전불이행,건조,맑음,교차로 - 교차로부근,화물,남,25세,상해없음,자전거,남,15세,경상
2012052300100139,2012년 5월 23일 08시,수요일,대구광역시 수성구 두산동,중상사고,0,1,0,0,차대사람 - 기타,보행자보호의무위반,건조,맑음,단일로 - 횡단보도상,기타불명,기타불명,기타불명,기타불명,보행자,여,52세,중상
2012052300100140,2012년 5월 23일 08시,수요일,대구광역시 달서구 진천동,경상사고,0,0,1,0,차량단독 - 전도전복,안전운전불이행,건조,맑음,단일로 - 기타,이륜,남,19세,경상,,,,
2012052300100141,2012년 5월 23일 08시,수요일,대구광역시 서구 비산동,경상사고,0,0,1,0,차대사람 - 횡단중,안전운전불이행,건조,맑음,단일로 - 기타,승용,남,53세,상해없음,보행자,남,29세,경상
2012052300100142,2012년 5월 23일 08시,수요일,대구광역시 달서구 이곡동,부상신고사고,0,0,0,1,차대차 - 측면직각충돌,안전운전불이행,건조,맑음,교차로 - 교차로부근,승용,남,51세,부상신고,승용,남,54세,상해없음
2012052300100175,2012년 5월 23일 09시,수요일,대구광역시 달서구 월성동,중상사고,0,1,0,0,차대차 - 측면직각충돌,안전운전불이행,건조,맑음,단일로 - 횡단보도상,승용,여,37세,상해없음,자전거,남,77세,중상
2012052300100209,2012년 5월 23일 11시,수요일,대구광역시 중구 남산동,중상사고,0,1,0,0,차대차 - 기타,신호위반,건조,맑음,교차로 - 교차로안,승용,남,61세,상해없음,이륜,남,39세,중상
2012052300100241,2012년 5월 23일 12시,수요일,대구광역시 남구 대명동,경상사고,0,0,2,0,차대차 - 측면직각충돌,교차로운행방법위반,건조,맑음,교차로 - 교차로안,승용,남,27세,경상,승용,여,51세,경상
2012052300100242,2012년 5월 23일 12시,수요일,대구광역시 수성구 수성동2가,중상사고,0,1,0,0,차대사람 - 횡단중,중앙선침범,건조,맑음,단일로 - 기타,승용,여,38세,상해없음,보행자,남,6세,중상
2012052300100243,2012년 5월 23일 12시,수요일,대구광역시 중구 대봉동,경상사고,0,0,1,0,차대차 - 기타,안전운전불이행,건조,맑음,교차로 - 교차로부근,이륜,남,46세,경상,승용,남,37세,상해없음
2012052300100269,2012년 5월 23일 13시,수요일,대구광역시 동구 신암동,중상사고,0,1,1,0,차대사람 - 기타,안전운전불이행,건조,맑음,단일로 - 기타,승용,여,63세,상해없음,보행자,남,54세,중상
2012052300100270,2012년 5월 23일 13시,수요일,대구광역시 중구 대신동,경상사고,0,0,1,0,차대사람 - 기타,안전운전불이행,건조,맑음,교차로 - 교차로안,승용,여,46세,상해없음,보행자,여,69세,경상
2012052300100309,2012년 5월 23일 14시,수요일,대구광역시 달성군 다사읍,중상사고,0,1,0,0,차대사람 - 횡단중,안전운전불이행,건조,맑음,단일로 - 기타,승용,남,30세,상해없음,보행자,남,9세,중상
2012052300100343,2012년 5월 23일 15시,수요일,대구광역시 동구 신암동,경상사고,0,0,1,0,차대차 - 기타,안전운전불이행,건조,맑음,교차로 - 교차로안,승용,여,55세,상해없음,자전거,남,8세,경상
2012052300100344,2012년 5월 23일 15시,수요일,대구광역시 동구 신천동,중상사고,0,1,0,0,차대차 - 측면직각충돌,기타,건조,맑음,단일로 - 기타,승용,남,74세,상해없음,이륜,남,54세,중상
2012052300100345,2012년 5월 23일 15시,수요일,대구광역시 달성군 논공읍,경상사고,0,0,3,0,차대차 - 측면직각충돌,안전운전불이행,건조,맑음,단일로 - 기타,승용,남,60세,경상,승용,남,21세,경상
2012052300100379,2012년 5월 23일 16시,수요일,대구광역시 달서구 이곡동,중상사고,0,1,0,0,차대차 - 추돌 - 진행중,안전거리미확보,건조,맑음,단일로 - 기타,화물,남,32세,상해없음,이륜,남,82세,중상
2012052300100426,2012년 5월 23일 17시,수요일,대구광역시 동구 신암동,경상사고,0,0,1,0,차대사람 - 기타,안전운전불이행,건조,맑음,단일로 - 기타,승용,여,36세,상해없음,보행자,남,8세,경상
2012052300100427,2012년 5월 23일 17시,수요일,대구광역시 수성구 파동,경상사고,0,0,1,0,차대차 - 측면직각충돌,신호위반,건조,맑음,단일로 - 횡단보도부근,승용,여,33세,경상,화물,남,46세,상해없음
2012052300100428,2012년 5월 23일 17시,수요일,대구광역시 북구 고성동2가,경상사고,0,0,1,0,차대차 - 기타,직진우회전진행방해,건조,맑음,교차로 - 교차로부근,승용,남,35세,상해없음,이륜,남,17세,경상
2012052300100429,2012년 5월 23일 17시,수요일,대구광역시 북구 구암동,중상사고,0,1,0,0,차대사람 - 보도통행중,기타,건조,맑음,기타 - 기타,원동기,남,49세,상해없음,보행자,남,9세,중상
2012052300100430,2012년 5월 23일 17시,수요일,대구광역시 북구 칠성동2가,중상사고,0,1,0,0,차대차 - 측면직각충돌,교차로운행방법위반,건조,맑음,교차로 - 교차로안,승용,남,68세,상해없음,자전거,여,18세,중상
2012052300100431,2012년 5월 23일 17시,수요일,대구광역시 달서구 성당동,부상신고사고,0,0,0,1,차대차 - 기타,안전운전불이행,건조,맑음,단일로 - 횡단보도상,자전거,여,39세,부상신고,승용,남,52세,상해없음
2012052300100432,2012년 5월 23일 17시,수요일,대구광역시 달서구 파호동,중상사고,0,1,1,0,차대차 - 측면직각충돌,신호위반,건조,맑음,단일로 - 기타,화물,남,50세,경상,승용,여,41세,중상
2012052300100470,2012년 5월 23일 18시,수요일,대구광역시 동구 도동,경상사고,0,0,2,0,차대차 - 추돌 - 진행중,안전운전불이행,건조,맑음,단일로 - 기타,승합,남,57세,상해없음,승용,여,47세,경상
2012052300100473,2012년 5월 23일 18시,수요일,대구광역시 동구 방촌동,경상사고,0,0,2,0,차대차 - 측면직각충돌,안전거리미확보,건조,맑음,단일로 - 기타,승합,남,55세,상해없음,승용,남,55세,경상
2012052300100474,2012년 5월 23일 18시,수요일,대구광역시 동구 효목동,경상사고,0,0,1,0,차대차 - 기타,안전운전불이행,건조,맑음,단일로 - 기타,승용,남,71세,상해없음,자전거,남,12세,경상
2012052300100476,2012년 5월 23일 18시,수요일,대구광역시 달서구 월성동,경상사고,0,0,1,0,차대사람 - 기타,안전운전불이행,건조,맑음,단일로 - 기타,승용,여,50세,상해없음,보행자,남,11세,경상
2012052300100477,2012년 5월 23일 18시,수요일,대구광역시 달성군 다사읍,경상사고,0,0,1,0,차대차 - 추돌 - 주정차중,안전운전불이행,건조,맑음,단일로 - 기타,이륜,남,19세,상해없음,이륜,남,18세,경상
2012052300100478,2012년 5월 23일 18시,수요일,대구광역시 서구 평리동,중상사고,0,1,0,0,차대차 - 추돌 - 진행중,교차로운행방법위반,건조,맑음,교차로 - 교차로안,이륜,남,41세,중상,화물,남,47세,상해없음
2012052300100479,2012년 5월 23일 18시,수요일,대구광역시 달서구 감삼동,경상사고,0,0,1,0,차대차 - 측면직각충돌,안전운전불이행,건조,맑음,단일로 - 기타,승용,남,49세,상해없음,자전거,남,25세,경상
2012052300100514,2012년 5월 23일 19시,수요일,대구광역시 수성구 지산동,경상사고,0,0,1,0,차대차 - 기타,안전운전불이행,건조,맑음,기타 - 기타,승용,여,40세,상해없음,자전거,남,65세,경상
2012052300100515,2012년 5월 23일 19시,수요일,대구광역시 중구 태평로1가,경상사고,0,0,1,0,차대차 - 측면직각충돌,안전운전불이행,건조,맑음,미분류 - 미분류,승합,남,45세,상해없음,승용,여,41세,상해없음
2012052300100580,2012년 5월 23일 21시,수요일,대구광역시 달성군 논공읍,경상사고,0,0,1,0,차대사람 - 길가장자리구역통행중,안전운전불이행,건조,맑음,단일로 - 기타,승용,남,24세,상해없음,보행자,남,21세,경상
2012052300100581,2012년 5월 23일 21시,수요일,대구광역시 달서구 이곡동,경상사고,0,0,2,0,차대차 - 측면직각충돌,안전운전불이행,건조,맑음,교차로 - 교차로안,화물,남,50세,상해없음,승용,남,32세,경상
2012052300100619,2012년 5월 23일 22시,수요일,대구광역시 수성구 두산동,중상사고,0,1,0,0,차대사람 - 횡단중,보행자보호의무위반,건조,맑음,단일로 - 횡단보도상,화물,남,38세,상해없음,보행자,여,23세,중상
2012052300100620,2012년 5월 23일 22시,수요일,대구광역시 북구 관음동,부상신고사고,0,0,0,2,차량단독 - 공작물충돌,안전운전불이행,건조,맑음,단일로 - 기타,승용,여,41세,부상신고,,,,
2012052300100650,2012년 5월 23일 23시,수요일,대구광역시 동구 대림동,경상사고,0,0,2,0,차대차 - 추돌 - 주정차중,안전운전불이행,건조,맑음,교차로 - 교차로부근,승용,남,37세,상해없음,승용,남,39세,경상
2012052400100023,2012년 5월 24일 00시,목요일,대구광역시 수성구 사월동,경상사고,0,0,1,0,차대사람 - 길가장자리구역통행중,안전운전불이행,건조,맑음,단일로 - 기타,승용,남,39세,상해없음,보행자,남,59세,경상
2012052400100032,2012년 5월 24일 01시,목요일,대구광역시 북구 대현동,중상사고,0,1,2,0,차대차 - 측면직각충돌,직진우회전진행방해,건조,맑음,교차로 - 교차로안,승용,남,42세,경상,승용,남,57세,경상
2012052400100040,2012년 5월 24일 02시,목요일,대구광역시 달서구 송현동,경상사고,0,0,4,1,차대차 - 기타,안전운전불이행,건조,흐림,교차로 - 교차로안,승용,남,58세,상해없음,승용,여,26세,상해없음
2012052400100062,2012년 5월 24일 04시,목요일,대구광역시 동구 신암동,경상사고,0,0,1,0,차대사람 - 기타,안전운전불이행,건조,맑음,단일로 - 기타,승용,기타불명,기타불명,기타불명,보행자,여,70세,경상
2012052400100063,2012년 5월 24일 04시,목요일,대구광역시 달서구 상인동,경상사고,0,0,5,0,차대차 - 추돌 - 진행중,안전운전불이행,건조,맑음,교차로 - 교차로부근,승용,남,17세,상해없음,승용,남,40세,경상
2012052400100082,2012년 5월 24일 06시,목요일,대구광역시 달서구 죽전동,중상사고,0,1,0,0,차대차 - 측면직각충돌,안전거리미확보,건조,맑음,단일로 - 기타,승합,남,34세,상해없음,이륜,남,77세,중상
2012052400100121,2012년 5월 24일 07시,목요일,대구광역시 동구 신암동,경상사고,0,0,1,0,차대차 - 측면직각충돌,안전운전불이행,건조,맑음,단일로 - 기타,승용,남,48세,상해없음,원동기,남,30세,경상
2012052400100122,2012년 5월 24일 07시,목요일,대구광역시 수성구 고모동,중상사고,0,1,0,0,차대차 - 측면직각충돌,신호위반,건조,맑음,교차로 - 교차로안,승용,남,37세,상해없음,자전거,남,73세,중상
2012052400100123,2012년 5월 24일 07시,목요일,대구광역시 수성구 황금동,경상사고,0,0,1,0,차대차 - 추돌 - 진행중,안전거리미확보,건조,맑음,단일로 - 기타,승용,여,48세,상해없음,승용,여,46세,경상
2012052400100124,2012년 5월 24일 07시,목요일,대구광역시 달서구 대곡동,중상사고,0,1,0,0,차대차 - 기타,기타,건조,맑음,단일로 - 기타,승용,남,61세,상해없음,자전거,남,60세,중상
2012052400100161,2012년 5월 24일 08시,목요일,대구광역시 남구 대명동,중상사고,0,1,0,0,차대차 - 기타,안전거리미확보,건조,맑음,단일로 - 기타,승용,여,47세,기타불명,승합,남,50세,상해없음
2012052400100162,2012년 5월 24일 08시,목요일,대구광역시 남구 봉덕동,중상사고,0,4,5,0,차대차 - 추돌 - 진행중,안전거리미확보,건조,맑음,단일로 - 기타,승용,남,52세,경상,화물,남,44세,중상
2012052400100163,2012년 5월 24일 08시,목요일,대구광역시 수성구 지산동,중상사고,0,1,0,0,차대차 - 기타,안전운전불이행,건조,맑음,단일로 - 기타,승합,남,40세,상해없음,승용,남,58세,상해없음
2012052400100164,2012년 5월 24일 08시,목요일,대구광역시 북구 노원동1가,경상사고,0,0,1,0,차대차 - 기타,안전거리미확보,건조,맑음,단일로 - 기타,건설기계,남,37세,상해없음,승용,남,52세,경상
2012052400100165,2012년 5월 24일 08시,목요일,대구광역시 북구 산격동,경상사고,0,0,1,0,차대사람 - 기타,안전운전불이행,건조,맑음,교차로 - 교차로안,기타불명,기타불명,기타불명,기타불명,보행자,남,51세,경상
2012052400100166,2012년 5월 24일 08시,목요일,대구광역시 북구 복현동,경상사고,0,0,1,0,차대차 - 측면직각충돌,안전운전불이행,건조,맑음,단일로 - 기타,승용,남,31세,상해없음,자전거,여,24세,경상
2012052400100167,2012년 5월 24일 08시,목요일,대구광역시 북구 노원동3가,경상사고,0,0,1,0,차대차 - 기타,교차로운행방법위반,건조,맑음,교차로 - 교차로안,승용,남,57세,상해없음,승용,남,36세,경상
2012052400100168,2012년 5월 24일 08시,목요일,대구광역시 달서구 파호동,경상사고,0,0,1,0,차대사람 - 기타,안전운전불이행,건조,맑음,교차로 - 교차로부근,승합,남,59세,상해없음,보행자,여,46세,경상
2012052400100192,2012년 5월 24일 09시,목요일,대구광역시 북구 서변동,경상사고,0,0,1,0,차대차 - 정면충돌,안전운전불이행,건조,맑음,교차로 - 교차로부근,승용,여,35세,상해없음,이륜,여,50세,경상
2012052400100193,2012년 5월 24일 09시,목요일,대구광역시 달서구 두류동,부상신고사고,0,0,0,1,차대차 - 기타,안전거리미확보,건조,맑음,단일로 - 기타,원동기,남,71세,부상신고,승용,남,53세,상해없음
2012052400100216,2012년 5월 24일 10시,목요일,대구광역시 수성구 지산동,중상사고,0,1,1,0,차대차 - 기타,교차로운행방법위반,건조,맑음,교차로 - 교차로안,승용,남,36세,상해없음,승용,여,37세,경상
2012052400100217,2012년 5월 24일 10시,목요일,대구광역시 북구 구암동,경상사고,0,0,1,0,차대차 - 측면직각충돌,안전거리미확보,건조,맑음,교차로 - 교차로안,승용,남,51세,상해없음,이륜,남,25세,경상
2012052400100218,2012년 5월 24일 10시,목요일,대구광역시 북구 복현동,경상사고,0,0,1,0,차대차 - 기타,안전운전불이행,건조,맑음,기타 - 기타,승용,남,75세,상해없음,자전거,남,24세,경상
2012052400100241,2012년 5월 24일 11시,목요일,대구광역시 동구 신천동,중상사고,0,1,0,0,차대차 - 추돌 - 진행중,안전운전불이행,건조,맑음,교차로 - 교차로부근,승용,여,23세,상해없음,이륜,남,47세,중상
2012052400100260,2012년 5월 24일 12시,목요일,대구광역시 남구 대명동,경상사고,0,0,1,0,차대차 - 추돌 - 진행중,안전운전불이행,건조,맑음,단일로 - 기타,승용,남,47세,상해없음,이륜,남,50세,경상
2012052400100261,2012년 5월 24일 12시,목요일,대구광역시 달성군 화원읍,중상사고,0,1,0,0,차대차 - 기타,신호위반,건조,맑음,교차로 - 교차로안,화물,남,47세,상해없음,화물,남,29세,중상
2012052400100302,2012년 5월 24일 14시,목요일,대구광역시 북구 고성동1가,중상사고,0,1,0,0,차대차 - 기타,신호위반,건조,맑음,교차로 - 교차로안,이륜,남,71세,상해없음,이륜,남,76세,중상
2012052400100303,2012년 5월 24일 14시,목요일,대구광역시 서구 내당동,중상사고,0,1,0,0,차대차 - 측면직각충돌,교차로운행방법위반,건조,맑음,교차로 - 교차로안,승용,여,45세,상해없음,이륜,남,52세,중상
2012052400100333,2012년 5월 24일 15시,목요일,대구광역시 수성구 성동,중상사고,0,1,0,0,차대차 - 추돌 - 진행중,안전운전불이행,습기,비,단일로 - 기타,승용,여,41세,상해없음,자전거,남,61세,중상
2012052400100334,2012년 5월 24일 15시,목요일,대구광역시 북구 산격동,부상신고사고,0,0,0,1,차대차 - 측면직각충돌,안전운전불이행,건조,흐림,단일로 - 기타,승용,남,63세,상해없음,이륜,남,17세,부상신고
2012052400100361,2012년 5월 24일 16시,목요일,대구광역시 남구 대명동,부상신고사고,0,0,0,1,차대사람 - 기타,안전운전불이행,습기,비,교차로 - 교차로부근,기타불명,기타불명,기타불명,기타불명,보행자,남,44세,부상신고
2012052400100362,2012년 5월 24일 16시,목요일,대구광역시 남구 대명동,중상사고,0,1,0,0,차대사람 - 기타,안전운전불이행,건조,맑음,단일로 - 기타,승용,기타불명,기타불명,기타불명,보행자,여,68세,중상
2012052400100363,2012년 5월 24일 16시,목요일,대구광역시 동구 신천동,경상사고,0,0,1,0,차대차 - 추돌 - 주정차중,안전운전불이행,습기,비,단일로 - 기타,승용,남,36세,상해없음,승용,여,29세,경상
2012052400100364,2012년 5월 24일 16시,목요일,대구광역시 서구 중리동,중상사고,0,1,0,0,차대사람 - 기타,안전운전불이행,건조,맑음,교차로 - 교차로부근,승용,여,45세,상해없음,보행자,여,61세,중상
2012052400100365,2012년 5월 24일 16시,목요일,대구광역시 서구 비산동,중상사고,0,1,0,0,차대차 - 기타,안전운전불이행,습기,비,교차로 - 교차로안,승용,남,49세,상해없음,승용,여,51세,중상
2012052400100366,2012년 5월 24일 16시,목요일,대구광역시 달서구 죽전동,경상사고,0,0,1,0,차대차 - 추돌 - 주정차중,안전운전불이행,습기,맑음,단일로 - 기타,승용,남,41세,상해없음,승용,남,28세,경상
2012052400100408,2012년 5월 24일 17시,목요일,대구광역시 수성구 수성동3가,중상사고,0,1,1,0,차대사람 - 횡단중,안전운전불이행,습기,비,단일로 - 기타,자전거,여,55세,중상,보행자,여,55세,경상
2012052400100409,2012년 5월 24일 17시,목요일,대구광역시 북구 태전동,경상사고,0,0,1,0,차대차 - 기타,교차로운행방법위반,습기,흐림,교차로 - 교차로안,승합,남,63세,상해없음,승용,남,55세,상해없음
2012052400100410,2012년 5월 24일 17시,목요일,대구광역시 북구 침산동,경상사고,0,0,1,0,차대사람 - 기타,안전운전불이행,건조,맑음,단일로 - 기타,승용,남,57세,상해없음,보행자,남,45세,경상
2012052400100411,2012년 5월 24일 17시,목요일,대구광역시 중구 계산동2가,중상사고,0,1,0,0,차대차 - 측면직각충돌,신호위반,건조,맑음,단일로 - 횡단보도상,승용,남,60세,상해없음,이륜,남,22세,중상
2012052400100412,2012년 5월 24일 17시,목요일,대구광역시 달서구 죽전동,경상사고,0,0,1,0,차대차 - 기타,불법유턴,습기,비,단일로 - 기타,화물,남,27세,상해없음,원동기,남,40세,경상
2012052400100449,2012년 5월 24일 18시,목요일,대구광역시 수성구 지산동,경상사고,0,0,1,0,차대차 - 추돌 - 진행중,안전운전불이행,건조,흐림,단일로 - 기타,승용,남,63세,상해없음,승용,남,52세,경상
2012052400100450,2012년 5월 24일 18시,목요일,대구광역시 북구 태전동,중상사고,0,1,0,0,차대차 - 측면직각충돌,기타,습기,비,교차로 - 교차로부근,승용,남,34세,상해없음,이륜,남,24세,중상
2012052400100451,2012년 5월 24일 18시,목요일,대구광역시 중구 태평로1가,중상사고,0,1,0,0,차대차 - 기타,안전운전불이행,습기,흐림,교차로 - 교차로부근,승합,남,56세,상해없음,자전거,남,51세,중상
2012052400100477,2012년 5월 24일 19시,목요일,대구광역시 북구 노원동1가,중상사고,0,1,0,0,차대사람 - 횡단중,안전운전불이행,건조,맑음,교차로 - 교차로안,승용,여,69세,상해없음,보행자,여,53세,중상
2012052400100478,2012년 5월 24일 19시,목요일,대구광역시 서구 평리동,중상사고,0,1,0,0,차대차 - 측면직각충돌,중앙선침범,건조,맑음,단일로 - 기타,화물,남,48세,상해없음,이륜,남,48세,중상
2012052400100545,2012년 5월 24일 21시,목요일,대구광역시 수성구 범어동,중상사고,0,1,1,0,차대차 - 측면직각충돌,안전운전불이행,건조,맑음,단일로 - 기타,승용,남,42세,상해없음,원동기,남,37세,중상
2012052400100546,2012년 5월 24일 21시,목요일,대구광역시 북구 태전동,경상사고,0,0,1,0,차대차 - 추돌 - 진행중,안전운전불이행,건조,맑음,단일로 - 기타,승용,남,52세,상해없음,승용,남,28세,경상
2012052400100586,2012년 5월 24일 22시,목요일,대구광역시 달서구 성당동,중상사고,0,1,0,0,차대사람 - 보도통행중,중앙선침범,건조,맑음,단일로 - 기타,자전거,남,18세,상해없음,보행자,남,5세,중상
2012052400100616,2012년 5월 24일 23시,목요일,대구광역시 동구 신평동,경상사고,0,0,1,0,차대차 - 추돌 - 진행중,안전운전불이행,건조,맑음,단일로 - 기타,승용,남,49세,상해없음,화물,남,29세,경상
2012052400100620,2012년 5월 24일 23시,목요일,대구광역시 달서구 죽전동,경상사고,0,0,2,0,차대차 - 측면직각충돌,교차로운행방법위반,건조,맑음,교차로 - 교차로안,원동기,남,16세,경상,승용,남,44세,경상
2012052500100016,2012년 5월 25일 00시,금요일,대구광역시 동구 신천동,경상사고,0,0,2,0,차대차 - 기타,차로위반,건조,맑음,단일로 - 기타,승용,남,63세,상해없음,승용,남,31세,경상
2012052500100017,2012년 5월 25일 00시,금요일,대구광역시 수성구 만촌동,경상사고,0,0,2,0,차대차 - 측면직각충돌,교차로운행방법위반,건조,맑음,교차로 - 교차로안,승용,여,51세,경상,승용,남,57세,경상
2012052500100036,2012년 5월 25일 01시,금요일,대구광역시 달서구 본동,경상사고,0,0,1,0,차대차 - 추돌 - 주정차중,안전운전불이행,건조,맑음,교차로 - 교차로부근,승용,여,31세,상해없음,승용,남,20세,경상
2012052500100037,2012년 5월 25일 01시,금요일,대구광역시 북구 국우동,경상사고,0,0,2,0,차대차 - 측면직각충돌,안전거리미확보,건조,맑음,단일로 - 기타,승용,남,52세,경상,승용,남,20세,경상
2012052500100050,2012년 5월 25일 02시,금요일,대구광역시 수성구 수성동3가,경상사고,0,0,1,0,차대차 - 측면직각충돌,안전운전불이행,건조,맑음,단일로 - 기타,승용,남,44세,상해없음,승용,남,48세,경상
2012052500100051,2012년 5월 25일 02시,금요일,대구광역시 중구 북성로1가,경상사고,0,0,1,0,차대차 - 기타,신호위반,건조,맑음,교차로 - 교차로안,원동기,남,15세,상해없음,승용,남,45세,상해없음
2012052500100065,2012년 5월 25일 03시,금요일,대구광역시 동구 신암동,중상사고,0,1,0,0,차대차 - 측면직각충돌,교차로운행방법위반,건조,맑음,교차로 - 교차로안,원동기,남,24세,중상,승용,여,25세,상해없음
2012052500100109,2012년 5월 25일 07시,금요일,대구광역시 달성군 가창면,중상사고,0,1,0,0,차대차 - 측면직각충돌,신호위반,건조,맑음,교차로 - 교차로안,승합,남,58세,상해없음,승용,남,52세,중상
2012052500100158,2012년 5월 25일 08시,금요일,대구광역시 북구 침산동,경상사고,0,0,1,0,차대사람 - 횡단중,안전운전불이행,건조,흐림,단일로 - 횡단보도상,승용,남,34세,상해없음,보행자,여,13세,경상
2012052500100159,2012년 5월 25일 08시,금요일,대구광역시 중구 동인동2가,경상사고,0,0,1,0,차대차 - 추돌 - 주정차중,안전운전불이행,기타,기타,단일로 - 기타,승용,남,28세,상해없음,승용,여,32세,경상
2012052500100198,2012년 5월 25일 09시,금요일,대구광역시 달서구 죽전동,중상사고,0,1,0,0,차대차 - 측면직각충돌,안전운전불이행,건조,맑음,단일로 - 기타,화물,남,64세,상해없음,이륜,남,57세,중상
2012052500100230,2012년 5월 25일 10시,금요일,대구광역시 수성구 범어동,사망사고,1,0,0,0,차대사람 - 차도통행중,안전운전불이행,건조,맑음,단일로 - 기타,승합,남,41세,상해없음,보행자,여,89세,사망
2012052500100231,2012년 5월 25일 10시,금요일,대구광역시 수성구 범어동,경상사고,0,0,1,0,차대차 - 기타,안전운전불이행,건조,맑음,단일로 - 기타,승용,여,36세,상해없음,승용,남,49세,경상
2012052500100232,2012년 5월 25일 10시,금요일,대구광역시 달서구 송현동,중상사고,0,1,0,0,차대차 - 측면직각충돌,안전거리미확보,건조,맑음,단일로 - 기타,승용,여,40세,상해없음,이륜,남,55세,중상
2012052500100233,2012년 5월 25일 10시,금요일,대구광역시 북구 관음동,경상사고,0,0,1,0,차대차 - 측면직각충돌,안전운전불이행,건조,맑음,단일로 - 기타,승용,여,41세,상해없음,자전거,여,47세,경상
2012052500100234,2012년 5월 25일 10시,금요일,대구광역시 서구 이현동,중상사고,0,1,0,0,차대사람 - 기타,안전운전불이행,건조,맑음,단일로 - 기타,화물,남,30세,상해없음,보행자,여,60세,중상
2012052500100259,2012년 5월 25일 11시,금요일,대구광역시 북구 읍내동,경상사고,0,0,4,0,차대차 - 추돌 - 진행중,안전거리미확보,건조,맑음,교차로 - 교차로부근,건설기계,남,52세,상해없음,승용,여,58세,경상
2012052500100286,2012년 5월 25일 12시,금요일,대구광역시 수성구 수성동2가,중상사고,0,1,0,0,차대사람 - 기타,안전운전불이행,건조,맑음,단일로 - 기타,승합,남,55세,상해없음,보행자,여,67세,중상
2012052500100316,2012년 5월 25일 13시,금요일,대구광역시 달서구 상인동,중상사고,0,1,0,0,차대차 - 추돌 - 주정차중,안전운전불이행,건조,맑음,단일로 - 기타,승용,남,60세,상해없음,승용,남,55세,중상
2012052500100317,2012년 5월 25일 13시,금요일,대구광역시 달서구 신당동,경상사고,0,0,1,0,차대차 - 기타,안전거리미확보,건조,맑음,교차로 - 교차로안,승용,여,32세,상해없음,승용,여,41세,경상
2012052500100357,2012년 5월 25일 14시,금요일,대구광역시 남구 대명동,경상사고,0,0,1,0,차대차 - 추돌 - 주정차중,안전운전불이행,건조,맑음,단일로 - 기타,승용,여,40세,상해없음,승용,남,34세,경상
2012052500100358,2012년 5월 25일 14시,금요일,대구광역시 동구 신천동,중상사고,0,1,0,2,차대차 - 기타,안전운전불이행,건조,맑음,교차로 - 교차로안,이륜,남,51세,부상신고,승용,남,30세,상해없음
2012052500100359,2012년 5월 25일 14시,금요일,대구광역시 달성군 논공읍,중상사고,0,1,0,0,차대차 - 추돌 - 진행중,안전운전불이행,건조,맑음,교차로 - 교차로안,승용,남,33세,상해없음,화물,남,53세,중상
2012052500100360,2012년 5월 25일 14시,금요일,대구광역시 달서구 이곡동,경상사고,0,0,2,0,차대차 - 추돌 - 진행중,안전운전불이행,건조,맑음,교차로 - 교차로부근,승용,남,40세,상해없음,화물,남,51세,경상
2012052500100399,2012년 5월 25일 15시,금요일,대구광역시 동구 신암동,중상사고,0,1,0,0,차대사람 - 횡단중,신호위반,건조,맑음,단일로 - 횡단보도상,승용,남,32세,상해없음,보행자,남,12세,중상
2012052500100400,2012년 5월 25일 15시,금요일,대구광역시 중구 태평로1가,중상사고,0,1,0,0,차대차 - 기타,안전거리미확보,건조,맑음,교차로 - 교차로부근,기타불명,기타불명,기타불명,기타불명,이륜,남,61세,중상
2012052500100401,2012년 5월 25일 15시,금요일,대구광역시 중구 삼덕동1가,경상사고,0,0,1,0,차대사람 - 기타,안전운전불이행,건조,맑음,단일로 - 기타,승용,남,44세,기타불명,보행자,여,39세,경상
2012052500100402,2012년 5월 25일 15시,금요일,대구광역시 중구 봉산동,경상사고,0,0,3,0,차대차 - 측면직각충돌,안전거리미확보,건조,맑음,교차로 - 교차로부근,승용,남,63세,상해없음,화물,남,44세,경상
2012052500100431,2012년 5월 25일 16시,금요일,대구광역시 남구 이천동,경상사고,0,0,1,0,차대차 - 추돌 - 진행중,안전거리미확보,건조,맑음,단일로 - 기타,승용,남,61세,상해없음,승합,남,52세,경상
2012052500100432,2012년 5월 25일 16시,금요일,대구광역시 동구 부동,중상사고,0,1,0,0,차대차 - 측면직각충돌,안전운전불이행,건조,맑음,교차로 - 교차로안,승합,남,33세,상해없음,자전거,남,11세,중상