사고번호,사고일시,요일,시군구,사고내용,사망자수,중상자수,경상자수,부상신고자수,사고유형,법규위반,노면상태,기상상태,도로형태,가해운전자 차종,가해운전자 성별,가해운전자 연령,가해운전자 상해정도,피해운전자 차종,피해운전자 성별,피해운전자 연령,피해운전자 상해정도
2012052500100433,2012년 5월 25일 16시,금요일,대구광역시 북구 태전동,중상사고,0,3,5,0,차대차 - 추돌 - 진행중,안전거리미확보,건조,맑음,단일로 - 기타,화물,남,48세,상해없음,승합,남,40세,중상
2012052500100473,2012년 5월 25일 17시,금요일,대구광역시 서구 비산동,중상사고,0,1,0,0,차대사람 - 길가장자리구역통행중,안전운전불이행,건조,맑음,교차로 - 교차로부근,건설기계,남,46세,상해없음,보행자,여,84세,중상
2012052500100474,2012년 5월 25일 17시,금요일,대구광역시 서구 중리동,중상사고,0,1,0,0,차대차 - 측면직각충돌,불법유턴,건조,맑음,단일로 - 횡단보도상,원동기,남,57세,중상,승용,남,27세,상해없음
2012052500100511,2012년 5월 25일 18시,금요일,대구광역시 서구 평리동,중상사고,0,1,0,0,차대사람 - 기타,안전운전불이행,건조,맑음,단일로 - 기타,승용,남,44세,상해없음,보행자,여,3세,중상
2012052500100632,2012년 5월 25일 21시,금요일,대구광역시 남구 봉덕동,중상사고,0,1,0,0,차대사람 - 차도통행중,안전운전불이행,건조,맑음,단일로 - 기타,승용,여,31세,상해없음,보행자,남,47세,중상
2012052500100633,2012년 5월 25일 21시,금요일,대구광역시 동구 신천동,중상사고,0,1,0,0,차대사람 - 횡단중,안전운전불이행,건조,맑음,교차로 - 교차로안,승용,남,57세,상해없음,보행자,남,58세,중상
2012052500100634,2012년 5월 25일 21시,금요일,대구광역시 동구 신암동,경상사고,0,0,2,0,차대차 - 기타,안전운전불이행,건조,맑음,단일로 - 기타,승합,남,48세,상해없음,승용,남,52세,경상
2012052500100635,2012년 5월 25일 21시,금요일,대구광역시 달서구 월암동,경상사고,0,0,1,0,차대차 - 기타,교차로운행방법위반,건조,맑음,교차로 - 교차로안,화물,남,16세,상해없음,승용,여,27세,경상
2012052500100636,2012년 5월 25일 21시,금요일,대구광역시 북구 노원동1가,경상사고,0,0,2,0,차대차 - 측면직각충돌,안전운전불이행,건조,맑음,단일로 - 기타,승용,남,23세,상해없음,이륜,남,19세,경상
2012052500100637,2012년 5월 25일 21시,금요일,대구광역시 중구 삼덕동2가,중상사고,0,1,0,0,차대사람 - 기타,안전운전불이행,건조,맑음,단일로 - 기타,승용,남,35세,상해없음,보행자,여,23세,중상
2012052500100673,2012년 5월 25일 22시,금요일,대구광역시 달서구 감삼동,경상사고,0,0,1,0,차대사람 - 횡단중,신호위반,건조,맑음,단일로 - 횡단보도상,원동기,남,16세,상해없음,보행자,남,23세,경상
2012052500100696,2012년 5월 25일 23시,금요일,대구광역시 동구 신암동,경상사고,0,0,1,0,차대차 - 기타,기타,건조,맑음,단일로 - 기타,승용,남,50세,상해없음,자전거,남,17세,경상
2012052500100697,2012년 5월 25일 23시,금요일,대구광역시 서구 평리동,경상사고,0,0,4,0,차대차 - 추돌 - 진행중,안전거리미확보,건조,맑음,단일로 - 기타,승용,남,19세,상해없음,승용,남,20세,상해없음
2012052600100024,2012년 5월 26일 00시,토요일,대구광역시 수성구 지산동,경상사고,0,0,1,0,차대차 - 추돌 - 주정차중,안전운전불이행,건조,맑음,단일로 - 기타,승용,여,40세,상해없음,승용,여,42세,경상
2012052600100025,2012년 5월 26일 00시,토요일,대구광역시 수성구 지산동,중상사고,0,1,0,0,차대사람 - 기타,안전운전불이행,건조,맑음,단일로 - 기타,승용,여,48세,상해없음,보행자,남,43세,중상
2012052600100026,2012년 5월 26일 00시,토요일,대구광역시 달서구 상인동,중상사고,0,1,0,0,차대사람 - 횡단중,안전운전불이행,건조,맑음,단일로 - 기타,승용,남,31세,상해없음,보행자,남,50세,중상
2012052600100027,2012년 5월 26일 00시,토요일,대구광역시 달서구 본리동,경상사고,0,0,1,0,차대사람 - 횡단중,보행자보호의무위반,건조,맑음,단일로 - 횡단보도상,승용,남,20세,상해없음,보행자,남,19세,경상
2012052600100053,2012년 5월 26일 01시,토요일,대구광역시 수성구 두산동,경상사고,0,0,1,0,차대사람 - 길가장자리구역통행중,안전운전불이행,건조,맑음,단일로 - 기타,승용,남,48세,상해없음,보행자,남,24세,경상
2012052600100054,2012년 5월 26일 01시,토요일,대구광역시 중구 대봉동,중상사고,0,2,0,0,차대차 - 기타,신호위반,건조,맑음,교차로 - 교차로안,승용,남,30세,상해없음,승용,남,19세,중상
2012052600100069,2012년 5월 26일 02시,토요일,대구광역시 북구 산격동,사망사고,2,0,0,0,차량단독 - 전도전복,안전운전불이행,건조,맑음,교차로 - 교차로부근,이륜,남,18세,사망,,,,
2012052600100070,2012년 5월 26일 02시,토요일,대구광역시 서구 평리동,경상사고,0,0,1,0,차대차 - 측면직각충돌,안전거리미확보,건조,맑음,단일로 - 기타,승용,남,51세,상해없음,승용,남,21세,경상
2012052600100088,2012년 5월 26일 03시,토요일,대구광역시 수성구 두산동,중상사고,0,1,0,0,차대차 - 측면직각충돌,교차로운행방법위반,건조,맑음,교차로 - 교차로안,승용,남,50세,상해없음,원동기,남,35세,중상
2012052600100089,2012년 5월 26일 03시,토요일,대구광역시 달성군 옥포면,경상사고,0,0,1,0,차량단독 - 기타,안전운전불이행,건조,맑음,단일로 - 기타,승용,남,47세,상해없음,,,,
2012052600100090,2012년 5월 26일 03시,토요일,대구광역시 북구 태전동,경상사고,0,0,2,1,차대차 - 추돌 - 진행중,안전운전불이행,건조,맑음,단일로 - 기타,승용,남,25세,상해없음,승합,남,41세,부상신고
2012052600100106,2012년 5월 26일 04시,토요일,대구광역시 서구 비산동,중상사고,0,1,1,0,차대차 - 추돌 - 주정차중,안전운전불이행,건조,맑음,단일로 - 기타,승용,남,26세,경상,화물,남,51세,상해없음
2012052600100107,2012년 5월 26일 04시,토요일,대구광역시 중구 동인동1가,중상사고,0,1,4,0,차대차 - 측면직각충돌,안전운전불이행,건조,맑음,교차로 - 교차로부근,승용,남,57세,상해없음,승용,남,44세,경상
2012052600100122,2012년 5월 26일 05시,토요일,대구광역시 동구 신천동,경상사고,0,0,1,0,차대차 - 기타,신호위반,건조,맑음,교차로 - 교차로안,승용,남,43세,상해없음,승용,남,49세,경상
2012052600100138,2012년 5월 26일 06시,토요일,대구광역시 북구 노원동1가,경상사고,0,0,1,0,차대차 - 정면충돌,신호위반,건조,맑음,교차로 - 교차로안,승용,남,58세,상해없음,승용,남,52세,상해없음
2012052600100159,2012년 5월 26일 07시,토요일,대구광역시 북구 노원동3가,경상사고,0,0,1,0,차대차 - 추돌 - 진행중,안전운전불이행,건조,맑음,단일로 - 기타,승용,남,51세,상해없음,자전거,남,86세,경상
2012052600100190,2012년 5월 26일 08시,토요일,대구광역시 달서구 상인동,중상사고,0,1,0,0,차대차 - 측면직각충돌,신호위반,건조,맑음,단일로 - 횡단보도상,승용,남,40세,상해없음,자전거,남,26세,중상
2012052600100191,2012년 5월 26일 08시,토요일,대구광역시 북구 동천동,중상사고,0,1,0,0,차대차 - 기타,중앙선침범,건조,맑음,단일로 - 기타,승용,남,24세,상해없음,승용,남,42세,중상
2012052600100192,2012년 5월 26일 08시,토요일,대구광역시 북구 대현동,중상사고,0,1,0,0,차대사람 - 횡단중,안전운전불이행,건조,맑음,단일로 - 기타,승용,남,62세,상해없음,보행자,여,46세,중상
2012052600100239,2012년 5월 26일 10시,토요일,대구광역시 달성군 다사읍,중상사고,0,1,0,0,차대차 - 기타,안전운전불이행,건조,맑음,단일로 - 기타,승용,여,55세,상해없음,자전거,남,14세,중상
2012052600100240,2012년 5월 26일 10시,토요일,대구광역시 서구 원대동1가,중상사고,0,1,2,0,차대차 - 측면직각충돌,신호위반,건조,맑음,교차로 - 교차로안,승용,남,55세,상해없음,승용,여,35세,중상
2012052600100274,2012년 5월 26일 11시,토요일,대구광역시 북구 구암동,중상사고,0,1,0,0,차대차 - 기타,기타,건조,맑음,단일로 - 기타,승용,남,67세,상해없음,원동기,남,78세,중상
2012052600100275,2012년 5월 26일 11시,토요일,대구광역시 달서구 죽전동,경상사고,0,0,2,0,차대차 - 추돌 - 주정차중,안전운전불이행,건조,맑음,단일로 - 기타,화물,남,52세,상해없음,화물,남,30세,경상
2012052600100309,2012년 5월 26일 12시,토요일,대구광역시 동구 미대동,중상사고,0,2,3,0,차대차 - 추돌 - 진행중,안전거리미확보,건조,맑음,단일로 - 기타,승용,남,68세,상해없음,승용,남,36세,상해없음
2012052600100310,2012년 5월 26일 12시,토요일,대구광역시 동구 신암동,중상사고,0,1,0,0,차대차 - 정면충돌,중앙선침범,건조,맑음,단일로 - 기타,승합,남,51세,상해없음,승용,남,51세,중상
2012052600100311,2012년 5월 26일 12시,토요일,대구광역시 달서구 송현동,경상사고,0,0,1,0,차대차 - 측면직각충돌,직진우회전진행방해,건조,맑음,교차로 - 교차로안,승용,남,64세,상해없음,이륜,남,49세,경상
2012052600100312,2012년 5월 26일 12시,토요일,대구광역시 달성군 화원읍,중상사고,0,1,0,0,차대차 - 기타,안전운전불이행,건조,맑음,교차로 - 교차로안,화물,남,35세,상해없음,이륜,남,28세,중상
2012052600100313,2012년 5월 26일 12시,토요일,대구광역시 북구 복현동,경상사고,0,0,1,0,차대차 - 측면직각충돌,안전운전불이행,건조,맑음,교차로 - 교차로안,승용,남,31세,상해없음,이륜,남,25세,경상
2012052600100314,2012년 5월 26일 12시,토요일,대구광역시 남구 대명동,경상사고,0,0,2,0,차대차 - 추돌 - 주정차중,안전거리미확보,건조,맑음,단일로 - 기타,승용,남,51세,상해없음,승용,남,59세,경상
2012052600100340,2012년 5월 26일 13시,토요일,대구광역시 수성구 만촌동,중상사고,0,1,0,0,차대차 - 측면직각충돌,안전거리미확보,건조,맑음,단일로 - 기타,승용,남,51세,상해없음,이륜,남,27세,중상
2012052600100341,2012년 5월 26일 13시,토요일,대구광역시 수성구 만촌동,중상사고,0,1,0,0,차대사람 - 횡단중,안전운전불이행,건조,맑음,교차로 - 교차로안,자전거,기타불명,기타불명,기타불명,보행자,여,76세,중상
2012052600100342,2012년 5월 26일 13시,토요일,대구광역시 달서구 대곡동,경상사고,0,0,3,0,차대차 - 추돌 - 진행중,안전운전불이행,건조,맑음,단일로 - 기타,승용,남,57세,상해없음,화물,남,40세,경상
2012052600100343,2012년 5월 26일 13시,토요일,대구광역시 중구 태평로1가,중상사고,0,1,0,0,차대차 - 기타,차로위반,건조,맑음,단일로 - 기타,화물,남,43세,상해없음,이륜,남,34세,중상
2012052600100413,2012년 5월 26일 15시,토요일,대구광역시 북구 산격동,중상사고,0,1,0,0,차대차 - 측면직각충돌,안전거리미확보,건조,맑음,단일로 - 기타,이륜,남,50세,중상,화물,남,59세,상해없음
2012052600100414,2012년 5월 26일 15시,토요일,대구광역시 북구 칠성동1가,경상사고,0,0,2,0,차대차 - 측면직각충돌,안전운전불이행,건조,맑음,단일로 - 기타,이륜,남,23세,경상,승용,남,30세,경상
2012052600100415,2012년 5월 26일 15시,토요일,대구광역시 달서구 이곡동,경상사고,0,0,1,0,차대차 - 기타,기타,건조,맑음,교차로 - 교차로부근,승합,남,56세,상해없음,자전거,남,25세,상해없음
2012052600100416,2012년 5월 26일 15시,토요일,대구광역시 달서구 이곡동,경상사고,0,0,1,0,차대차 - 기타,안전거리미확보,건조,맑음,단일로 - 기타,원동기,남,17세,경상,승용,남,36세,상해없음
2012052600100452,2012년 5월 26일 16시,토요일,대구광역시 달서구 진천동,경상사고,0,0,1,0,차대차 - 기타,교차로운행방법위반,건조,맑음,교차로 - 교차로안,승용,여,43세,상해없음,원동기,남,22세,경상
2012052600100481,2012년 5월 26일 17시,토요일,대구광역시 수성구 지산동,경상사고,0,0,1,0,차대차 - 측면직각충돌,교차로운행방법위반,건조,맑음,교차로 - 교차로안,승용,여,63세,상해없음,화물,남,34세,경상
2012052600100482,2012년 5월 26일 17시,토요일,대구광역시 북구 칠성동1가,중상사고,0,1,0,0,차대차 - 측면직각충돌,직진우회전진행방해,건조,맑음,교차로 - 교차로안,이륜,남,57세,중상,승용,남,39세,상해없음
2012052600100483,2012년 5월 26일 17시,토요일,대구광역시 달서구 갈산동,경상사고,0,0,1,0,차대차 - 기타,안전운전불이행,건조,맑음,단일로 - 기타,승용,남,60세,상해없음,승합,여,47세,경상
2012052600100527,2012년 5월 26일 18시,토요일,대구광역시 동구 신암동,경상사고,0,0,1,0,차대차 - 측면직각충돌,안전운전불이행,건조,맑음,단일로 - 기타,승용,남,56세,상해없음,이륜,남,44세,경상
2012052600100528,2012년 5월 26일 18시,토요일,대구광역시 동구 효목동,경상사고,0,0,2,0,차대차 - 측면직각충돌,안전거리미확보,건조,맑음,단일로 - 기타,승용,여,47세,상해없음,승용,남,31세,경상
2012052600100553,2012년 5월 26일 19시,토요일,대구광역시 수성구 상동,경상사고,0,0,1,0,차대차 - 기타,안전운전불이행,건조,맑음,교차로 - 교차로안,승용,남,64세,상해없음,자전거,남,45세,경상
2012052600100554,2012년 5월 26일 19시,토요일,대구광역시 달서구 진천동,중상사고,0,1,0,0,차대차 - 추돌 - 진행중,안전운전불이행,건조,맑음,교차로 - 교차로안,승용,남,43세,상해없음,이륜,남,33세,중상
2012052600100596,2012년 5월 26일 20시,토요일,대구광역시 서구 평리동,부상신고사고,0,0,0,1,차대차 - 추돌 - 진행중,안전운전불이행,건조,맑음,단일로 - 기타,이륜,남,17세,부상신고,이륜,남,43세,상해없음
2012052600100597,2012년 5월 26일 20시,토요일,대구광역시 달서구 감삼동,경상사고,0,0,1,0,차대차 - 측면직각충돌,안전운전불이행,건조,맑음,단일로 - 기타,승용,남,51세,상해없음,원동기,남,23세,경상
2012052600100628,2012년 5월 26일 21시,토요일,대구광역시 달서구 진천동,중상사고,0,1,0,0,차대차 - 측면직각충돌,신호위반,건조,맑음,단일로 - 횡단보도상,자전거,남,13세,중상,승용,남,54세,상해없음
2012052600100629,2012년 5월 26일 21시,토요일,대구광역시 달서구 송현동,경상사고,0,0,2,0,차대차 - 추돌 - 진행중,안전운전불이행,건조,맑음,교차로 - 교차로부근,승용,남,55세,경상,승용,여,47세,상해없음
2012052600100630,2012년 5월 26일 21시,토요일,대구광역시 북구 고성동1가,경상사고,0,0,1,0,차대차 - 추돌 - 진행중,안전거리미확보,건조,맑음,단일로 - 기타,승용,남,33세,상해없음,승용,남,34세,경상
2012052600100660,2012년 5월 26일 22시,토요일,대구광역시 수성구 노변동,중상사고,0,1,0,0,차대차 - 측면직각충돌,중앙선침범,건조,맑음,교차로 - 교차로안,승용,여,64세,상해없음,이륜,남,17세,중상
2012052600100661,2012년 5월 26일 22시,토요일,대구광역시 수성구 매호동,경상사고,0,0,1,0,차대차 - 추돌 - 진행중,안전운전불이행,건조,맑음,단일로 - 기타,승용,남,53세,기타불명,승용,남,27세,경상
2012052600100662,2012년 5월 26일 22시,토요일,대구광역시 북구 산격동,경상사고,0,0,3,0,차대차 - 추돌 - 주정차중,안전운전불이행,건조,맑음,단일로 - 기타,승용,남,36세,상해없음,승용,남,54세,경상
2012052600100685,2012년 5월 26일 23시,토요일,대구광역시 수성구 범어동,경상사고,0,0,3,0,차대차 - 측면직각충돌,신호위반,건조,맑음,교차로 - 교차로안,승용,여,42세,상해없음,승용,남,57세,경상
2012052600100686,2012년 5월 26일 23시,토요일,대구광역시 달서구 도원동,경상사고,0,0,3,0,차대차 - 측면직각충돌,안전운전불이행,건조,맑음,단일로 - 기타,화물,남,49세,상해없음,승용,여,46세,경상
2012052600100687,2012년 5월 26일 23시,토요일,대구광역시 달서구 이곡동,경상사고,0,0,1,0,차대차 - 측면직각충돌,안전운전불이행,건조,맑음,단일로 - 기타,승용,남,22세,상해없음,승용,남,55세,경상
2012052700100023,2012년 5월 27일 00시,일요일,대구광역시 북구 동변동,경상사고,0,0,2,0,차대차 - 추돌 - 진행중,안전운전불이행,건조,맑음,단일로 - 기타,승용,남,42세,상해없음,승용,남,59세,경상
2012052700100025,2012년 5월 27일 00시,일요일,대구광역시 달서구 이곡동,경상사고,0,0,1,0,차대사람 - 횡단중,안전운전불이행,건조,맑음,단일로 - 횡단보도부근,승용,남,45세,상해없음,보행자,남,35세,경상
2012052700100053,2012년 5월 27일 01시,일요일,대구광역시 수성구 만촌동,중상사고,0,1,0,0,차대사람 - 기타,안전운전불이행,건조,맑음,단일로 - 기타,승용,남,45세,상해없음,보행자,남,46세,중상
2012052700100067,2012년 5월 27일 02시,일요일,대구광역시 달서구 송현동,중상사고,0,2,0,0,차대사람 - 횡단중,안전운전불이행,건조,맑음,단일로 - 기타,승용,남,48세,상해없음,보행자,여,25세,중상
2012052700100068,2012년 5월 27일 02시,일요일,대구광역시 서구 비산동,경상사고,0,0,1,0,차대차 - 측면직각충돌,차로위반,건조,맑음,단일로 - 기타,화물,남,27세,기타불명,승용,남,56세,경상
2012052700100087,2012년 5월 27일 03시,일요일,대구광역시 달서구 본동,경상사고,0,0,1,0,차량단독 - 공작물충돌,안전운전불이행,건조,맑음,단일로 - 기타,원동기,여,43세,경상,,,,
2012052700100100,2012년 5월 27일 04시,일요일,대구광역시 중구 공평동,경상사고,0,0,2,0,차대차 - 기타,안전운전불이행,건조,맑음,단일로 - 기타,승용,남,27세,상해없음,승용,남,28세,경상
2012052700100120,2012년 5월 27일 05시,일요일,대구광역시 달성군 하빈면,경상사고,0,0,1,0,차대차 - 측면직각충돌,안전운전불이행,건조,맑음,교차로 - 교차로부근,승용,기타불명,기타불명,기타불명,승용,남,51세,경상
2012052700100121,2012년 5월 27일 05시,일요일,대구광역시 북구 팔달동,사망사고,1,1,2,0,차대차 - 추돌 - 주정차중,안전운전불이행,건조,맑음,단일로 - 기타,승용,남,18세,상해없음,특수,남,54세,기타불명
2012052700100130,2012년 5월 27일 06시,일요일,대구광역시 동구 신천동,경상사고,0,0,3,1,차대차 - 측면직각충돌,신호위반,건조,맑음,교차로 - 교차로안,화물,여,38세,상해없음,화물,남,48세,부상신고
2012052700100145,2012년 5월 27일 07시,일요일,대구광역시 달성군 논공읍,경상사고,0,0,3,0,차대차 - 기타,안전운전불이행,건조,맑음,단일로 - 기타,승용,남,38세,경상,승용,남,29세,경상
2012052700100146,2012년 5월 27일 07시,일요일,대구광역시 달서구 두류동,경상사고,0,0,1,0,차대차 - 추돌 - 진행중,안전운전불이행,건조,맑음,단일로 - 기타,승용,남,61세,상해없음,승용,남,45세,경상
2012052700100147,2012년 5월 27일 07시,일요일,대구광역시 달서구 장기동,중상사고,0,1,1,0,차대차 - 측면직각충돌,안전운전불이행,건조,맑음,기타 - 기타,화물,남,36세,경상,화물,남,54세,중상
2012052700100189,2012년 5월 27일 10시,일요일,대구광역시 동구 효목동,경상사고,0,0,2,0,차대차 - 측면직각충돌,안전운전불이행,건조,맑음,단일로 - 기타,승용,남,53세,상해없음,승용,남,65세,경상
2012052700100190,2012년 5월 27일 10시,일요일,대구광역시 달서구 본리동,경상사고,0,0,1,0,차대차 - 기타,교차로운행방법위반,건조,맑음,단일로 - 기타,승용,여,58세,상해없음,자전거,남,16세,경상
2012052700100222,2012년 5월 27일 11시,일요일,대구광역시 남구 대명동,중상사고,0,1,0,0,차대사람 - 횡단중,안전운전불이행,건조,맑음,단일로 - 기타,승용,여,38세,상해없음,보행자,여,51세,중상
2012052700100249,2012년 5월 27일 12시,일요일,대구광역시 수성구 상동,중상사고,0,1,0,0,차대차 - 측면직각충돌,안전운전불이행,건조,맑음,기타 - 기타,승용,남,52세,상해없음,이륜,남,19세,중상
2012052700100307,2012년 5월 27일 14시,일요일,대구광역시 동구 신암동,경상사고,0,0,1,0,차대사람 - 기타,안전운전불이행,건조,맑음,단일로 - 기타,승용,기타불명,기타불명,기타불명,보행자,여,59세,경상
2012052700100331,2012년 5월 27일 15시,일요일,대구광역시 수성구 범어동,중상사고,0,1,0,0,차대차 - 측면직각충돌,안전거리미확보,건조,맑음,교차로 - 교차로부근,승용,남,61세,상해없음,이륜,남,23세,중상
2012052700100368,2012년 5월 27일 16시,일요일,대구광역시 달서구 송현동,경상사고,0,0,1,0,차대차 - 측면직각충돌,안전운전불이행,건조,맑음,교차로 - 교차로부근,승용,남,46세,상해없음,승용,미분류,기타불명,기타불명
2012052700100369,2012년 5월 27일 16시,일요일,대구광역시 중구 동인동1가,경상사고,0,0,5,0,차대차 - 추돌 - 주정차중,안전거리미확보,건조,맑음,단일로 - 기타,승용,여,42세,상해없음,승용,남,27세,경상
2012052700100398,2012년 5월 27일 17시,일요일,대구광역시 동구 율하동,중상사고,0,1,0,0,차대차 - 추돌 - 주정차중,안전운전불이행,건조,맑음,단일로 - 기타,승합,남,53세,상해없음,승용,남,23세,중상
2012052700100431,2012년 5월 27일 18시,일요일,대구광역시 남구 이천동,중상사고,0,1,0,0,차대사람 - 차도통행중,안전운전불이행,건조,맑음,단일로 - 기타,승용,여,43세,상해없음,보행자,여,80세,중상
2012052700100432,2012년 5월 27일 18시,일요일,대구광역시 북구 노원동3가,중상사고,0,1,0,0,차대차 - 기타,교차로운행방법위반,건조,맑음,교차로 - 교차로안,승용,여,41세,상해없음,원동기,남,53세,중상
2012052700100464,2012년 5월 27일 19시,일요일,대구광역시 동구 동호동,중상사고,0,1,5,0,차대차 - 추돌 - 주정차중,안전운전불이행,건조,맑음,단일로 - 기타,화물,남,48세,상해없음,승용,남,34세,중상
2012052700100465,2012년 5월 27일 19시,일요일,대구광역시 북구 동변동,경상사고,0,0,1,0,차대차 - 측면직각충돌,직진우회전진행방해,건조,맑음,교차로 - 교차로안,승용,남,30세,상해없음,이륜,남,32세,경상
2012052700100466,2012년 5월 27일 19시,일요일,대구광역시 달서구 이곡동,경상사고,0,0,1,0,차대차 - 정면충돌,안전운전불이행,건조,맑음,교차로 - 교차로부근,승용,남,48세,상해없음,승용,여,52세,경상
2012052700100494,2012년 5월 27일 20시,일요일,대구광역시 수성구 범어동,경상사고,0,0,1,0,차대차 - 기타,안전운전불이행,건조,맑음,단일로 - 기타,승용,남,51세,상해없음,승용,여,44세,경상
2012052700100495,2012년 5월 27일 20시,일요일,대구광역시 중구 남산동,경상사고,0,0,1,0,차대차 - 기타,교차로운행방법위반,건조,맑음,교차로 - 교차로안,승용,남,36세,경상,승용,남,29세,상해없음
2012052700100524,2012년 5월 27일 21시,일요일,대구광역시 서구 평리동,중상사고,0,1,0,0,차대사람 - 횡단중,안전운전불이행,건조,맑음,단일로 - 기타,승용,남,75세,상해없음,보행자,남,55세,중상
2012052700100525,2012년 5월 27일 21시,일요일,대구광역시 달서구 이곡동,경상사고,0,0,1,0,차대차 - 측면직각충돌,차로위반,건조,맑음,단일로 - 기타,승용,남,53세,상해없음,승용,남,59세,경상
2012052700100546,2012년 5월 27일 22시,일요일,대구광역시 북구 침산동,경상사고,0,0,1,0,차대차 - 측면직각충돌,신호위반,건조,맑음,교차로 - 교차로안,승용,남,30세,상해없음,승용,남,41세,경상
2012052800100014,2012년 5월 28일 00시,월요일,대구광역시 동구 중대동,경상사고,0,0,4,0,차량단독 - 공작물충돌,안전운전불이행,건조,맑음,단일로 - 기타,승용,남,22세,상해없음,,,,
2012052800100015,2012년 5월 28일 00시,월요일,대구광역시 북구 동천동,경상사고,0,0,2,0,차대사람 - 기타,안전운전불이행,건조,맑음,단일로 - 기타,승용,남,20세,상해없음,보행자,남,22세,경상
2012052800100026,2012년 5월 28일 01시,월요일,대구광역시 남구 대명동,경상사고,0,0,2,0,차대차 - 기타,안전운전불이행,건조,맑음,단일로 - 기타,승용,남,51세,상해없음,승용,남,33세,경상
2012052800100027,2012년 5월 28일 01시,월요일,대구광역시 수성구 범어동,경상사고,0,0,2,0,차대차 - 측면직각충돌,안전거리미확보,건조,맑음,단일로 - 기타,승용,남,19세,상해없음,승용,여,66세,경상
2012052800100050,2012년 5월 28일 03시,월요일,대구광역시 수성구 지산동,중상사고,0,1,0,0,차대차 - 측면직각충돌,교차로운행방법위반,건조,맑음,교차로 - 교차로안,승용,남,41세,상해없음,승용,남,24세,상해없음
2012052800100070,2012년 5월 28일 05시,월요일,대구광역시 북구 산격동,경상사고,0,0,2,0,차대차 - 기타,안전운전불이행,건조,맑음,단일로 - 기타,승용,남,43세,상해없음,승용,남,54세,경상
2012052800100088,2012년 5월 28일 06시,월요일,대구광역시 북구 대현동,경상사고,0,0,1,0,차대차 - 측면직각충돌,안전거리미확보,건조,맑음,단일로 - 기타,이륜,남,21세,경상,승용,여,22세,상해없음
2012052800100106,2012년 5월 28일 07시,월요일,대구광역시 동구 진인동,사망사고,1,1,0,0,차량단독 - 공작물충돌,안전운전불이행,건조,맑음,교차로 - 교차로안,화물,여,65세,중상,,,,
2012052800100190,2012년 5월 28일 11시,월요일,대구광역시 수성구 시지동,경상사고,0,0,1,0,차대사람 - 횡단중,안전운전불이행,건조,맑음,단일로 - 기타,승용,남,55세,상해없음,보행자,남,3세,경상
2012052800100191,2012년 5월 28일 11시,월요일,대구광역시 달서구 상인동,경상사고,0,0,1,0,차대차 - 기타,안전운전불이행,건조,맑음,교차로 - 교차로부근,기타불명,기타불명,기타불명,기타불명,승용,여,29세,경상
2012052800100293,2012년 5월 28일 14시,월요일,대구광역시 달서구 상인동,중상사고,0,1,0,0,차대차 - 측면직각충돌,안전운전불이행,건조,맑음,단일로 - 기타,승용,여,34세,상해없음,이륜,남,56세,중상
2012052800100294,2012년 5월 28일 14시,월요일,대구광역시 북구 산격동,경상사고,0,0,1,0,차대차 - 추돌 - 주정차중,안전운전불이행,건조,맑음,교차로 - 교차로안,승용,남,26세,상해없음,승용,남,29세,기타불명
2012052800100329,2012년 5월 28일 15시,월요일,대구광역시 남구 대명동,경상사고,0,0,2,0,차대차 - 측면직각충돌,교차로운행방법위반,습기,비,교차로 - 교차로안,승용,남,60세,상해없음,화물,여,46세,경상
2012052800100367,2012년 5월 28일 16시,월요일,대구광역시 동구 봉무동,경상사고,0,0,2,0,차대차 - 측면직각충돌,안전거리미확보,건조,맑음,단일로 - 기타,승용,남,64세,상해없음,승용,남,55세,경상
2012052800100368,2012년 5월 28일 16시,월요일,대구광역시 달성군 화원읍,경상사고,0,0,1,0,차대차 - 추돌 - 주정차중,안전운전불이행,습기,비,단일로 - 기타,화물,남,60세,상해없음,이륜,남,18세,경상
2012052800100369,2012년 5월 28일 16시,월요일,대구광역시 북구 복현동,경상사고,0,0,1,0,차대차 - 추돌 - 진행중,안전운전불이행,건조,흐림,교차로 - 교차로부근,승용,남,54세,상해없음,승용,남,62세,경상
2012052800100399,2012년 5월 28일 17시,월요일,대구광역시 수성구 두산동,중상사고,0,1,0,0,차대사람 - 횡단중,안전운전불이행,건조,맑음,단일로 - 기타,승용,남,35세,상해없음,보행자,여,48세,중상
2012052800100428,2012년 5월 28일 18시,월요일,대구광역시 남구 대명동,경상사고,0,0,1,0,차대사람 - 기타,안전운전불이행,건조,맑음,단일로 - 기타,기타불명,기타불명,기타불명,기타불명,보행자,여,81세,경상
2012052800100429,2012년 5월 28일 18시,월요일,대구광역시 달서구 진천동,경상사고,0,0,1,0,차대차 - 기타,안전운전불이행,건조,맑음,교차로 - 교차로부근,이륜,남,18세,경상,승용,남,51세,상해없음
2012052800100430,2012년 5월 28일 18시,월요일,대구광역시 달서구 송현동,경상사고,0,0,2,0,차대차 - 기타,차로위반,건조,흐림,교차로 - 교차로부근,승용,남,43세,경상,승용,여,42세,경상
2012052800100431,2012년 5월 28일 18시,월요일,대구광역시 달성군 현풍면,경상사고,0,0,1,0,차대차 - 기타,교차로운행방법위반,건조,맑음,교차로 - 교차로안,승용,남,20세,경상,승합,남,55세,상해없음