사고번호,사고일시,요일,시군구,사고내용,사망자수,중상자수,경상자수,부상신고자수,사고유형,법규위반,노면상태,기상상태,도로형태,가해운전자 차종,가해운전자 성별,가해운전자 연령,가해운전자 상해정도,피해운전자 차종,피해운전자 성별,피해운전자 연령,피해운전자 상해정도
2012060300100246,2012년 6월 3일 13시,일요일,대구광역시 북구 고성동1가,중상사고,0,1,1,0,차량단독 - 공작물충돌,안전운전불이행,건조,맑음,단일로 - 기타,승용,남,14세,상해없음,,,,
2012060300100247,2012년 6월 3일 13시,일요일,대구광역시 서구 비산동,중상사고,0,1,0,0,차대차 - 측면직각충돌,안전운전불이행,건조,맑음,교차로 - 교차로안,원동기,남,27세,상해없음,원동기,남,46세,중상
2012060300100248,2012년 6월 3일 13시,일요일,대구광역시 중구 삼덕동1가,경상사고,0,0,1,0,차대사람 - 차도통행중,안전운전불이행,건조,맑음,교차로 - 교차로안,승용,남,31세,상해없음,보행자,여,14세,경상
2012060300100281,2012년 6월 3일 14시,일요일,대구광역시 동구 불로동,경상사고,0,0,1,0,차대차 - 측면직각충돌,안전운전불이행,건조,맑음,교차로 - 교차로안,승용,남,47세,상해없음,자전거,남,46세,경상
2012060300100282,2012년 6월 3일 14시,일요일,대구광역시 수성구 범어동,중상사고,0,1,0,0,차대사람 - 기타,안전운전불이행,건조,맑음,단일로 - 기타,승용,여,45세,상해없음,보행자,남,6세,중상
2012060300100306,2012년 6월 3일 15시,일요일,대구광역시 수성구 범어동,중상사고,0,1,0,0,차대차 - 기타,안전운전불이행,건조,맑음,단일로 - 기타,승용,남,53세,상해없음,자전거,남,11세,중상
2012060300100307,2012년 6월 3일 15시,일요일,대구광역시 달서구 신당동,경상사고,0,0,1,0,차대사람 - 기타,안전운전불이행,건조,맑음,단일로 - 기타,승용,남,60세,상해없음,보행자,남,51세,경상
2012060300100334,2012년 6월 3일 16시,일요일,대구광역시 북구 산격동,경상사고,0,0,1,0,차대차 - 기타,안전운전불이행,건조,맑음,교차로 - 교차로부근,승용,여,41세,상해없음,승용,남,30세,경상
2012060300100371,2012년 6월 3일 17시,일요일,대구광역시 달성군 논공읍,중상사고,0,1,0,0,차대차 - 추돌 - 진행중,안전운전불이행,건조,맑음,단일로 - 기타,승용,남,50세,상해없음,화물,남,45세,중상
2012060300100372,2012년 6월 3일 17시,일요일,대구광역시 북구 읍내동,경상사고,0,0,3,0,차대차 - 추돌 - 진행중,안전운전불이행,건조,맑음,단일로 - 기타,승용,남,49세,상해없음,승용,남,37세,경상
2012060300100373,2012년 6월 3일 17시,일요일,대구광역시 달서구 감삼동,중상사고,0,1,0,0,차대사람 - 기타,안전운전불이행,건조,맑음,단일로 - 기타,화물,남,44세,상해없음,보행자,남,11세,중상
2012060300100403,2012년 6월 3일 18시,일요일,대구광역시 달성군 현풍면,경상사고,0,0,1,0,차대차 - 기타,안전운전불이행,건조,맑음,교차로 - 교차로안,농기계,남,70세,상해없음,자전거,남,5세,경상
2012060300100436,2012년 6월 3일 19시,일요일,대구광역시 수성구 지산동,경상사고,0,0,1,0,차대사람 - 횡단중,안전운전불이행,건조,맑음,단일로 - 기타,승용,여,39세,상해없음,보행자,여,12세,경상
2012060300100437,2012년 6월 3일 19시,일요일,대구광역시 달서구 도원동,경상사고,0,0,1,0,차대차 - 측면직각충돌,직진우회전진행방해,건조,맑음,교차로 - 교차로안,이륜,남,16세,상해없음,원동기,남,19세,경상
2012060300100438,2012년 6월 3일 19시,일요일,대구광역시 달성군 가창면,경상사고,0,0,4,0,차대차 - 추돌 - 주정차중,안전운전불이행,건조,맑음,단일로 - 기타,승용,남,46세,상해없음,승용,남,58세,경상
2012060300100439,2012년 6월 3일 19시,일요일,대구광역시 달성군 가창면,경상사고,0,0,1,0,차대차 - 측면직각충돌,중앙선침범,건조,맑음,단일로 - 기타,승용,남,55세,상해없음,승용,여,53세,경상
2012060300100473,2012년 6월 3일 20시,일요일,대구광역시 동구 숙천동,중상사고,0,1,1,0,차대차 - 추돌 - 진행중,안전운전불이행,건조,맑음,단일로 - 횡단보도부근,승용,여,47세,상해없음,승용,남,58세,중상
2012060300100474,2012년 6월 3일 20시,일요일,대구광역시 서구 내당동,중상사고,0,1,2,0,차대차 - 추돌 - 주정차중,안전운전불이행,건조,맑음,단일로 - 기타,승용,남,34세,상해없음,승용,남,30세,경상
2012060300100475,2012년 6월 3일 20시,일요일,대구광역시 서구 비산동,경상사고,0,0,1,0,차대차 - 추돌 - 주정차중,안전운전불이행,건조,맑음,단일로 - 기타,승용,남,60세,상해없음,승용,남,52세,경상
2012060300100507,2012년 6월 3일 21시,일요일,대구광역시 중구 덕산동,중상사고,0,1,1,0,차대차 - 추돌 - 주정차중,안전운전불이행,건조,기타,단일로 - 기타,승용,남,49세,상해없음,승용,남,61세,중상
2012060400100052,2012년 6월 4일 06시,월요일,대구광역시 동구 신천동,경상사고,0,0,1,0,차대차 - 측면직각충돌,안전운전불이행,건조,맑음,단일로 - 횡단보도상,승용,남,46세,상해없음,자전거,남,53세,경상
2012060400100053,2012년 6월 4일 06시,월요일,대구광역시 북구 산격동,경상사고,0,0,1,0,차대차 - 측면직각충돌,안전운전불이행,건조,맑음,교차로 - 교차로안,승용,남,53세,상해없음,원동기,여,51세,경상
2012060400100076,2012년 6월 4일 07시,월요일,대구광역시 동구 효목동,경상사고,0,0,1,0,차대차 - 기타,안전운전불이행,건조,맑음,교차로 - 교차로안,승용,여,48세,상해없음,승용,남,54세,경상
2012060400100077,2012년 6월 4일 07시,월요일,대구광역시 북구 산격동,중상사고,0,1,0,0,차대사람 - 횡단중,신호위반,건조,맑음,교차로 - 교차로안,승합,남,39세,상해없음,보행자,남,84세,중상
2012060400100113,2012년 6월 4일 08시,월요일,대구광역시 남구 봉덕동,중상사고,0,1,0,0,차대차 - 기타,안전운전불이행,건조,맑음,교차로 - 교차로부근,승용,남,61세,상해없음,승용,남,39세,중상
2012060400100114,2012년 6월 4일 08시,월요일,대구광역시 동구 신천동,경상사고,0,0,1,0,차대사람 - 기타,안전거리미확보,건조,맑음,단일로 - 기타,승용,남,36세,상해없음,보행자,남,58세,경상
2012060400100115,2012년 6월 4일 08시,월요일,대구광역시 동구 신천동,부상신고사고,0,0,0,1,차대차 - 기타,신호위반,건조,맑음,교차로 - 교차로안,승용,남,75세,상해없음,이륜,남,50세,부상신고
2012060400100116,2012년 6월 4일 08시,월요일,대구광역시 수성구 범어동,경상사고,0,0,2,0,차대차 - 기타,안전운전불이행,건조,맑음,단일로 - 기타,승합,남,40세,상해없음,승용,남,25세,경상
2012060400100117,2012년 6월 4일 08시,월요일,대구광역시 북구 침산동,경상사고,0,0,3,0,차대차 - 측면직각충돌,안전운전불이행,건조,맑음,교차로 - 교차로안,승용,남,28세,경상,승용,여,27세,경상
2012060400100118,2012년 6월 4일 08시,월요일,대구광역시 달서구 장기동,중상사고,0,1,0,0,차대차 - 측면직각충돌,안전운전불이행,건조,맑음,교차로 - 교차로안,승용,여,34세,상해없음,자전거,남,67세,중상
2012060400100200,2012년 6월 4일 11시,월요일,대구광역시 수성구 수성동4가,중상사고,0,1,0,0,차대차 - 측면직각충돌,안전운전불이행,건조,맑음,단일로 - 횡단보도부근,이륜,남,52세,중상,승용,여,44세,상해없음
2012060400100226,2012년 6월 4일 12시,월요일,대구광역시 동구 율하동,경상사고,0,0,1,0,차대사람 - 기타,안전운전불이행,건조,맑음,교차로 - 교차로안,화물,남,58세,상해없음,보행자,남,75세,경상
2012060400100227,2012년 6월 4일 12시,월요일,대구광역시 수성구 두산동,중상사고,0,1,0,0,차량단독 - 공작물충돌,안전운전불이행,건조,맑음,교차로 - 교차로안,승용,남,80세,중상,,,,
2012060400100228,2012년 6월 4일 12시,월요일,대구광역시 북구 노원동3가,중상사고,0,1,0,0,차대차 - 기타,교차로운행방법위반,건조,맑음,교차로 - 교차로안,승용,여,31세,상해없음,원동기,남,49세,중상
2012060400100229,2012년 6월 4일 12시,월요일,대구광역시 북구 산격동,중상사고,0,1,0,0,차대차 - 기타,안전거리미확보,건조,맑음,교차로 - 교차로부근,승용,남,26세,상해없음,승용,남,24세,중상
2012060400100264,2012년 6월 4일 13시,월요일,대구광역시 달서구 신당동,경상사고,0,0,1,0,차대사람 - 기타,안전운전불이행,건조,맑음,단일로 - 기타,원동기,남,33세,상해없음,보행자,여,81세,경상
2012060400100335,2012년 6월 4일 15시,월요일,대구광역시 남구 봉덕동,경상사고,0,0,1,0,차대차 - 측면직각충돌,안전운전불이행,건조,맑음,단일로 - 기타,건설기계,남,46세,상해없음,승용,여,53세,경상
2012060400100336,2012년 6월 4일 15시,월요일,대구광역시 동구 백안동,중상사고,0,2,1,0,차대차 - 기타,안전운전불이행,건조,맑음,교차로 - 교차로부근,화물,남,58세,상해없음,승용,남,53세,경상
2012060400100337,2012년 6월 4일 15시,월요일,대구광역시 달서구 상인동,경상사고,0,0,1,0,차대차 - 측면직각충돌,교차로운행방법위반,건조,맑음,교차로 - 교차로안,화물,남,38세,상해없음,승용,여,49세,경상
2012060400100338,2012년 6월 4일 15시,월요일,대구광역시 북구 노원동3가,중상사고,0,1,0,0,차대차 - 기타,안전운전불이행,건조,맑음,교차로 - 교차로부근,건설기계,남,45세,상해없음,이륜,남,53세,중상
2012060400100339,2012년 6월 4일 15시,월요일,대구광역시 달서구 신당동,경상사고,0,0,1,0,차대차 - 측면직각충돌,안전운전불이행,건조,맑음,단일로 - 기타,화물,남,54세,기타불명,승용,여,41세,경상
2012060400100371,2012년 6월 4일 16시,월요일,대구광역시 수성구 상동,사망사고,1,0,0,0,차대차 - 측면직각충돌,안전운전불이행,건조,맑음,교차로 - 교차로안,승용,남,61세,상해없음,자전거,남,79세,사망
2012060400100372,2012년 6월 4일 16시,월요일,대구광역시 북구 침산동,부상신고사고,0,0,0,1,차량단독 - 공작물충돌,안전운전불이행,건조,맑음,단일로 - 기타,승용,남,49세,부상신고,,,,
2012060400100408,2012년 6월 4일 17시,월요일,대구광역시 남구 대명동,경상사고,0,0,1,0,차대사람 - 기타,신호위반,건조,맑음,단일로 - 기타,승용,남,22세,상해없음,보행자,남,32세,경상
2012060400100409,2012년 6월 4일 17시,월요일,대구광역시 북구 대현동,경상사고,0,0,1,0,차대차 - 추돌 - 주정차중,안전운전불이행,건조,맑음,단일로 - 기타,승용,남,72세,상해없음,승용,남,22세,경상
2012060400100410,2012년 6월 4일 17시,월요일,대구광역시 동구 신암동,중상사고,0,1,0,0,차대차 - 기타,안전운전불이행,건조,맑음,교차로 - 교차로부근,승용,남,45세,상해없음,원동기,남,15세,중상
2012060400100444,2012년 6월 4일 18시,월요일,대구광역시 남구 이천동,경상사고,0,0,1,0,차대차 - 기타,안전거리미확보,건조,맑음,단일로 - 기타,승용,여,54세,상해없음,이륜,남,36세,경상
2012060400100445,2012년 6월 4일 18시,월요일,대구광역시 달서구 본동,경상사고,0,0,1,0,차대차 - 추돌 - 진행중,신호위반,건조,맑음,교차로 - 교차로안,승합,남,37세,상해없음,승용,여,38세,경상
2012060400100446,2012년 6월 4일 18시,월요일,대구광역시 북구 산격동,경상사고,0,0,2,0,차대차 - 측면직각충돌,안전거리미확보,건조,맑음,단일로 - 기타,승용,남,43세,기타불명,승용,남,63세,경상
2012060400100447,2012년 6월 4일 18시,월요일,대구광역시 북구 칠성동1가,경상사고,0,0,1,0,차대차 - 기타,신호위반,건조,맑음,교차로 - 교차로안,승용,남,71세,상해없음,원동기,남,25세,경상
2012060400100448,2012년 6월 4일 18시,월요일,대구광역시 중구 남산동,경상사고,0,0,1,0,차대차 - 기타,안전운전불이행,건조,맑음,기타 - 기타,화물,남,59세,상해없음,자전거,여,45세,경상
2012060400100449,2012년 6월 4일 18시,월요일,대구광역시 달서구 신당동,경상사고,0,0,1,0,차대사람 - 기타,보행자보호의무위반,건조,맑음,단일로 - 횡단보도상,화물,남,53세,상해없음,보행자,여,32세,경상
2012060400100478,2012년 6월 4일 19시,월요일,대구광역시 수성구 지산동,경상사고,0,0,1,0,차대사람 - 기타,안전운전불이행,건조,맑음,교차로 - 교차로안,화물,남,35세,상해없음,보행자,남,60세,경상
2012060400100479,2012년 6월 4일 19시,월요일,대구광역시 수성구 노변동,부상신고사고,0,0,0,1,차대사람 - 보도통행중,안전운전불이행,건조,맑음,기타 - 기타,자전거,남,38세,상해없음,보행자,여,25세,부상신고
2012060400100480,2012년 6월 4일 19시,월요일,대구광역시 서구 비산동,중상사고,0,1,0,0,차대차 - 기타,직진우회전진행방해,건조,맑음,교차로 - 교차로안,화물,남,46세,상해없음,자전거,남,16세,중상
2012060400100499,2012년 6월 4일 20시,월요일,대구광역시 수성구 황금동,경상사고,0,0,1,0,차대사람 - 기타,보행자보호의무위반,건조,맑음,단일로 - 횡단보도상,승용,남,52세,상해없음,보행자,여,43세,경상
2012060400100500,2012년 6월 4일 20시,월요일,대구광역시 달서구 송현동,경상사고,0,0,1,0,차대차 - 기타,안전운전불이행,건조,흐림,기타 - 기타,승용,남,44세,상해없음,승용,남,43세,경상
2012060400100501,2012년 6월 4일 20시,월요일,대구광역시 서구 내당동,경상사고,0,0,3,0,차대차 - 측면직각충돌,신호위반,건조,맑음,교차로 - 교차로안,승용,남,63세,상해없음,승용,남,64세,경상
2012060400100502,2012년 6월 4일 20시,월요일,대구광역시 달서구 이곡동,경상사고,0,0,2,0,차대차 - 기타,안전운전불이행,건조,맑음,단일로 - 기타,승용,남,51세,상해없음,승용,남,21세,경상
2012060400100534,2012년 6월 4일 21시,월요일,대구광역시 수성구 지산동,중상사고,0,1,2,0,차대차 - 추돌 - 주정차중,안전거리미확보,건조,맑음,단일로 - 기타,승용,남,68세,상해없음,승용,남,31세,상해없음
2012060400100535,2012년 6월 4일 21시,월요일,대구광역시 달성군 구지면,경상사고,0,0,1,0,차대사람 - 기타,신호위반,건조,맑음,단일로 - 횡단보도상,승용,여,51세,상해없음,보행자,남,34세,경상
2012060400100570,2012년 6월 4일 22시,월요일,대구광역시 수성구 범어동,경상사고,0,0,1,0,차대차 - 기타,신호위반,건조,맑음,교차로 - 교차로안,승용,여,25세,상해없음,승용,남,65세,경상
2012060400100593,2012년 6월 4일 23시,월요일,대구광역시 남구 대명동,경상사고,0,0,1,0,차대차 - 기타,신호위반,건조,맑음,교차로 - 교차로안,승합,남,48세,상해없음,승용,여,24세,경상
2012060400100594,2012년 6월 4일 23시,월요일,대구광역시 서구 평리동,중상사고,0,1,1,0,차대차 - 측면직각충돌,안전거리미확보,건조,맑음,단일로 - 기타,승용,남,69세,상해없음,이륜,남,17세,중상
2012060400100595,2012년 6월 4일 23시,월요일,대구광역시 달서구 두류동,경상사고,0,0,4,0,차대차 - 추돌 - 진행중,안전운전불이행,건조,맑음,교차로 - 교차로부근,승용,남,57세,상해없음,승용,남,52세,경상
2012060400100596,2012년 6월 4일 23시,월요일,대구광역시 달서구 두류동,경상사고,0,0,1,0,차대차 - 측면직각충돌,차로위반,건조,맑음,단일로 - 기타,승용,남,23세,상해없음,승용,남,45세,경상
2012060500100031,2012년 6월 5일 01시,화요일,대구광역시 북구 침산동,경상사고,0,0,2,0,차대차 - 기타,중앙선침범,건조,맑음,교차로 - 교차로부근,승용,남,24세,상해없음,승용,남,30세,상해없음
2012060500100032,2012년 6월 5일 01시,화요일,대구광역시 서구 중리동,경상사고,0,0,3,0,차대차 - 기타,신호위반,건조,맑음,교차로 - 교차로안,승합,남,23세,상해없음,승용,남,36세,경상
2012060500100080,2012년 6월 5일 06시,화요일,대구광역시 북구 태전동,경상사고,0,0,1,0,차대차 - 측면직각충돌,신호위반,건조,맑음,교차로 - 교차로안,원동기,남,33세,경상,승용,여,54세,상해없음
2012060500100099,2012년 6월 5일 07시,화요일,대구광역시 달서구 본리동,경상사고,0,0,1,0,차대차 - 측면직각충돌,안전거리미확보,건조,맑음,단일로 - 기타,승합,남,61세,상해없음,승용,남,33세,경상
2012060500100100,2012년 6월 5일 07시,화요일,대구광역시 달서구 두류동,경상사고,0,0,2,0,차대차 - 측면직각충돌,중앙선침범,건조,맑음,단일로 - 기타,승용,남,52세,상해없음,승용,여,51세,경상
2012060500100132,2012년 6월 5일 08시,화요일,대구광역시 남구 대명동,경상사고,0,0,1,0,차대차 - 기타,안전운전불이행,건조,맑음,단일로 - 기타,승용,남,31세,상해없음,승용,남,55세,경상
2012060500100133,2012년 6월 5일 08시,화요일,대구광역시 북구 노원동3가,경상사고,0,0,1,0,차대차 - 추돌 - 진행중,안전운전불이행,건조,맑음,단일로 - 기타,승용,기타불명,기타불명,기타불명,원동기,여,51세,경상
2012060500100175,2012년 6월 5일 09시,화요일,대구광역시 수성구 수성동1가,경상사고,0,0,1,0,차대차 - 측면직각충돌,안전운전불이행,건조,맑음,단일로 - 기타,승용,남,38세,상해없음,자전거,남,26세,경상
2012060500100258,2012년 6월 5일 12시,화요일,대구광역시 서구 내당동,중상사고,0,1,0,0,차대차 - 측면직각충돌,교차로운행방법위반,건조,맑음,교차로 - 교차로안,승용,남,53세,상해없음,이륜,남,27세,중상
2012060500100282,2012년 6월 5일 13시,화요일,대구광역시 서구 이현동,경상사고,0,0,1,0,차대차 - 추돌 - 주정차중,안전운전불이행,건조,맑음,단일로 - 기타,승용,남,30세,상해없음,승용,여,36세,경상
2012060500100283,2012년 6월 5일 13시,화요일,대구광역시 중구 공평동,경상사고,0,0,1,0,차대차 - 측면직각충돌,교차로운행방법위반,건조,맑음,교차로 - 교차로안,승용,여,44세,상해없음,이륜,남,22세,경상
2012060500100307,2012년 6월 5일 14시,화요일,대구광역시 달서구 호림동,경상사고,0,0,2,0,차대차 - 측면직각충돌,교차로운행방법위반,건조,맑음,교차로 - 교차로안,승용,남,34세,경상,승용,남,61세,경상
2012060500100341,2012년 6월 5일 15시,화요일,대구광역시 동구 신암동,중상사고,0,1,0,0,차대사람 - 기타,안전운전불이행,건조,맑음,교차로 - 교차로안,승합,남,40세,상해없음,보행자,여,56세,중상
2012060500100342,2012년 6월 5일 15시,화요일,대구광역시 달성군 현풍면,경상사고,0,0,1,0,차대차 - 측면직각충돌,신호위반,건조,맑음,교차로 - 교차로안,화물,남,50세,상해없음,승용,남,59세,경상
2012060500100343,2012년 6월 5일 15시,화요일,대구광역시 북구 구암동,중상사고,0,1,0,0,차대차 - 측면직각충돌,안전운전불이행,건조,맑음,단일로 - 기타,이륜,남,71세,중상,화물,남,54세,상해없음
2012060500100344,2012년 6월 5일 15시,화요일,대구광역시 북구 칠성동1가,경상사고,0,0,1,0,차대사람 - 기타,안전운전불이행,건조,맑음,단일로 - 기타,화물,남,25세,상해없음,보행자,남,74세,경상
2012060500100345,2012년 6월 5일 15시,화요일,대구광역시 중구 대봉동,경상사고,0,0,1,0,차대차 - 기타,안전운전불이행,건조,맑음,단일로 - 기타,승용,여,62세,상해없음,이륜,남,37세,경상
2012060500100346,2012년 6월 5일 15시,화요일,대구광역시 달서구 용산동,경상사고,0,0,3,0,차대차 - 측면직각충돌,안전거리미확보,건조,맑음,단일로 - 기타,승합,남,53세,상해없음,승용,남,46세,경상
2012060500100372,2012년 6월 5일 16시,화요일,대구광역시 동구 용계동,중상사고,0,1,0,0,차대사람 - 보도통행중,기타,건조,맑음,단일로 - 기타,승용,남,40세,상해없음,보행자,여,12세,중상
2012060500100373,2012년 6월 5일 16시,화요일,대구광역시 달서구 송현동,경상사고,0,0,1,0,차대차 - 측면직각충돌,안전운전불이행,건조,맑음,단일로 - 횡단보도상,승용,남,41세,상해없음,자전거,남,22세,경상
2012060500100374,2012년 6월 5일 16시,화요일,대구광역시 달서구 죽전동,중상사고,0,1,0,0,차대차 - 추돌 - 주정차중,안전운전불이행,건조,맑음,단일로 - 기타,화물,남,58세,상해없음,승용,남,28세,중상
2012060500100416,2012년 6월 5일 17시,화요일,대구광역시 수성구 지산동,경상사고,0,0,1,0,차대사람 - 차도통행중,안전운전불이행,건조,맑음,단일로 - 기타,승용,남,53세,상해없음,보행자,남,51세,경상
2012060500100417,2012년 6월 5일 17시,화요일,대구광역시 서구 평리동,부상신고사고,0,0,0,1,차대차 - 측면직각충돌,안전운전불이행,건조,맑음,단일로 - 횡단보도상,이륜,남,72세,부상신고,화물,남,47세,상해없음
2012060500100418,2012년 6월 5일 17시,화요일,대구광역시 서구 비산동,경상사고,0,0,1,0,차대차 - 기타,교차로운행방법위반,건조,맑음,교차로 - 교차로안,승합,남,41세,상해없음,승합,남,45세,경상
2012060500100419,2012년 6월 5일 17시,화요일,대구광역시 서구 내당동,경상사고,0,0,1,0,차대차 - 측면직각충돌,안전거리미확보,건조,맑음,단일로 - 기타,승용,남,68세,상해없음,화물,남,49세,경상
2012060500100457,2012년 6월 5일 18시,화요일,대구광역시 동구 검사동,경상사고,0,0,2,0,차대차 - 추돌 - 진행중,안전거리미확보,건조,맑음,단일로 - 기타,승용,남,55세,상해없음,승용,남,38세,상해없음
2012060500100458,2012년 6월 5일 18시,화요일,대구광역시 동구 신암동,경상사고,0,0,1,0,차대사람 - 기타,안전운전불이행,건조,맑음,교차로 - 교차로부근,승용,남,79세,상해없음,보행자,남,44세,경상
2012060500100459,2012년 6월 5일 18시,화요일,대구광역시 수성구 만촌동,사망사고,1,0,0,0,차대차 - 측면직각충돌,안전운전불이행,건조,맑음,교차로 - 교차로안,건설기계,남,52세,상해없음,이륜,남,61세,사망
2012060500100460,2012년 6월 5일 18시,화요일,대구광역시 수성구 만촌동,중상사고,0,1,1,0,차대차 - 추돌 - 진행중,안전운전불이행,건조,맑음,단일로 - 기타,승용,남,27세,상해없음,승용,남,33세,중상
2012060500100461,2012년 6월 5일 18시,화요일,대구광역시 수성구 매호동,중상사고,0,1,0,0,차대차 - 측면직각충돌,교차로운행방법위반,건조,맑음,교차로 - 교차로안,승용,남,39세,상해없음,이륜,남,22세,중상
2012060500100535,2012년 6월 5일 20시,화요일,대구광역시 동구 방촌동,경상사고,0,0,1,0,차대차 - 추돌 - 진행중,안전거리미확보,건조,맑음,단일로 - 기타,승용,남,37세,상해없음,승용,남,65세,경상
2012060500100622,2012년 6월 5일 22시,화요일,대구광역시 달서구 감삼동,경상사고,0,0,1,0,차대사람 - 기타,안전운전불이행,건조,맑음,단일로 - 기타,이륜,기타불명,기타불명,기타불명,보행자,남,35세,경상
2012060500100661,2012년 6월 5일 23시,화요일,대구광역시 동구 검사동,경상사고,0,0,1,0,차대차 - 기타,안전운전불이행,건조,맑음,단일로 - 기타,승용,남,29세,상해없음,자전거,남,53세,경상
2012060500100662,2012년 6월 5일 23시,화요일,대구광역시 중구 공평동,경상사고,0,0,1,0,차대차 - 기타,안전운전불이행,건조,맑음,교차로 - 교차로부근,승용,기타불명,기타불명,기타불명,승용,남,53세,경상
2012060600100025,2012년 6월 6일 00시,수요일,대구광역시 북구 검단동,경상사고,0,0,3,0,차대차 - 기타,안전운전불이행,건조,맑음,단일로 - 기타,화물,남,40세,상해없음,승용,남,48세,상해없음
2012060600100027,2012년 6월 6일 00시,수요일,대구광역시 수성구 수성동3가,경상사고,0,0,1,0,차대차 - 추돌 - 주정차중,안전운전불이행,건조,맑음,단일로 - 기타,승용,남,24세,상해없음,화물,남,31세,기타불명
2012060600100028,2012년 6월 6일 00시,수요일,대구광역시 달성군 다사읍,경상사고,0,0,1,0,차대사람 - 기타,안전운전불이행,건조,맑음,기타 - 기타,승용,남,26세,상해없음,보행자,남,25세,경상
2012060600100054,2012년 6월 6일 01시,수요일,대구광역시 북구 서변동,중상사고,0,1,0,0,차대사람 - 횡단중,안전운전불이행,건조,맑음,단일로 - 기타,승용,남,53세,상해없음,보행자,남,59세,중상
2012060600100055,2012년 6월 6일 01시,수요일,대구광역시 중구 동인동3가,경상사고,0,0,2,0,차대차 - 기타,안전거리미확보,건조,맑음,단일로 - 기타,승용,여,21세,상해없음,승용,여,28세,경상
2012060600100069,2012년 6월 6일 02시,수요일,대구광역시 북구 복현동,경상사고,0,0,1,0,차대사람 - 횡단중,안전운전불이행,건조,맑음,단일로 - 기타,승용,남,18세,상해없음,보행자,여,16세,경상
2012060600100082,2012년 6월 6일 03시,수요일,대구광역시 중구 달성동,경상사고,0,0,1,0,차량단독 - 기타,기타,건조,맑음,단일로 - 기타,승용,남,58세,상해없음,,,,
2012060600100096,2012년 6월 6일 04시,수요일,대구광역시 달서구 상인동,경상사고,0,0,2,0,차대차 - 기타,차로위반,건조,맑음,단일로 - 기타,승용,여,44세,상해없음,이륜,남,17세,경상
2012060600100114,2012년 6월 6일 05시,수요일,대구광역시 수성구 범어동,중상사고,0,1,0,0,차대사람 - 횡단중,안전운전불이행,건조,맑음,단일로 - 횡단보도상,승용,남,47세,상해없음,보행자,여,43세,중상
2012060600100126,2012년 6월 6일 06시,수요일,대구광역시 달성군 옥포면,경상사고,0,0,1,0,차대차 - 기타,안전운전불이행,건조,맑음,교차로 - 교차로부근,이륜,남,53세,경상,화물,남,54세,상해없음
2012060600100137,2012년 6월 6일 07시,수요일,대구광역시 달서구 대곡동,경상사고,0,0,2,0,차대차 - 추돌 - 진행중,안전운전불이행,건조,맑음,단일로 - 기타,승합,남,47세,상해없음,화물,남,55세,경상
2012060600100157,2012년 6월 6일 08시,수요일,대구광역시 남구 봉덕동,중상사고,0,1,1,0,차대차 - 측면직각충돌,신호위반,건조,맑음,교차로 - 교차로안,승용,남,39세,경상,승용,남,32세,중상
2012060600100158,2012년 6월 6일 08시,수요일,대구광역시 달성군 구지면,중상사고,0,1,0,0,차대차 - 측면직각충돌,안전운전불이행,건조,맑음,단일로 - 기타,승용,여,55세,상해없음,원동기,여,68세,중상
2012060600100181,2012년 6월 6일 09시,수요일,대구광역시 북구 복현동,중상사고,0,2,1,0,차대차 - 측면직각충돌,안전거리미확보,건조,맑음,단일로 - 기타,승합,남,59세,경상,승용,여,46세,중상
2012060600100182,2012년 6월 6일 09시,수요일,대구광역시 북구 대현동,경상사고,0,0,1,0,차대차 - 추돌 - 주정차중,안전운전불이행,건조,맑음,교차로 - 교차로부근,승용,남,21세,상해없음,화물,남,49세,경상
2012060600100212,2012년 6월 6일 10시,수요일,대구광역시 북구 구암동,부상신고사고,0,0,0,1,차대차 - 추돌 - 주정차중,안전운전불이행,건조,맑음,단일로 - 기타,화물,남,37세,부상신고,승용,남,29세,상해없음
2012060600100257,2012년 6월 6일 12시,수요일,대구광역시 달서구 대천동,중상사고,0,1,0,0,차대차 - 측면직각충돌,안전거리미확보,건조,맑음,단일로 - 기타,승용,남,50세,상해없음,승용,남,26세,중상
2012060600100279,2012년 6월 6일 13시,수요일,대구광역시 남구 대명동,경상사고,0,0,2,0,차대차 - 측면직각충돌,안전거리미확보,건조,맑음,교차로 - 교차로부근,승용,남,50세,상해없음,승용,남,34세,경상
2012060600100280,2012년 6월 6일 13시,수요일,대구광역시 북구 구암동,경상사고,0,0,1,0,차대차 - 추돌 - 주정차중,안전운전불이행,건조,맑음,단일로 - 기타,승용,남,72세,상해없음,승용,남,29세,경상
2012060600100281,2012년 6월 6일 13시,수요일,대구광역시 북구 칠성동1가,경상사고,0,0,1,0,차대차 - 기타,안전운전불이행,건조,맑음,기타 - 기타,이륜,남,22세,경상,승용,남,45세,상해없음
2012060600100282,2012년 6월 6일 13시,수요일,대구광역시 서구 내당동,부상신고사고,0,0,0,1,차대차 - 기타,안전운전불이행,건조,맑음,단일로 - 기타,승합,남,43세,상해없음,자전거,남,26세,부상신고
2012060600100283,2012년 6월 6일 13시,수요일,대구광역시 달서구 감삼동,중상사고,0,1,0,1,차대차 - 측면직각충돌,안전운전불이행,건조,맑음,기타 - 기타,이륜,남,37세,부상신고,승용,남,53세,중상
2012060600100309,2012년 6월 6일 14시,수요일,대구광역시 북구 동천동,부상신고사고,0,0,0,3,차대차 - 기타,안전운전불이행,건조,맑음,교차로 - 교차로부근,이륜,남,16세,부상신고,자전거,남,14세,부상신고