사고번호,사고일시,요일,시군구,사고내용,사망자수,중상자수,경상자수,부상신고자수,사고유형,법규위반,노면상태,기상상태,도로형태,가해운전자 차종,가해운전자 성별,가해운전자 연령,가해운전자 상해정도,피해운전자 차종,피해운전자 성별,피해운전자 연령,피해운전자 상해정도
2012061500100748,2012년 6월 15일 23시,금요일,대구광역시 북구 칠성동1가,중상사고,0,1,0,0,차대차 - 기타,안전운전불이행,습기,비,교차로 - 교차로부근,승용,남,37세,상해없음,승용,남,59세,중상
2012061500100749,2012년 6월 15일 23시,금요일,대구광역시 북구 침산동,중상사고,0,1,1,0,차대차 - 추돌 - 주정차중,안전운전불이행,건조,맑음,단일로 - 기타,승용,남,32세,상해없음,승용,남,41세,경상
2012061600100035,2012년 6월 16일 00시,토요일,대구광역시 달서구 상인동,경상사고,0,0,2,0,차대차 - 기타,중앙선침범,건조,맑음,단일로 - 기타,승용,남,33세,상해없음,승용,여,54세,경상
2012061600100036,2012년 6월 16일 00시,토요일,대구광역시 북구 산격동,중상사고,0,2,1,0,차대차 - 측면직각충돌,안전운전불이행,습기,비,단일로 - 기타,승용,남,38세,중상,승용,남,41세,중상
2012061600100037,2012년 6월 16일 00시,토요일,대구광역시 서구 평리동,중상사고,0,1,0,0,차대차 - 기타,안전운전불이행,건조,맑음,단일로 - 기타,승용,남,48세,상해없음,승용,남,26세,상해없음
2012061600100038,2012년 6월 16일 00시,토요일,대구광역시 중구 동인동1가,중상사고,0,1,1,0,차대차 - 측면직각충돌,신호위반,습기,비,교차로 - 교차로안,승용,남,28세,상해없음,승용,남,54세,중상
2012061600100039,2012년 6월 16일 00시,토요일,대구광역시 달서구 죽전동,경상사고,0,0,2,0,차대차 - 측면직각충돌,안전거리미확보,습기,비,단일로 - 기타,이륜,남,37세,경상,승용,남,58세,경상
2012061600100040,2012년 6월 16일 00시,토요일,대구광역시 달서구 감삼동,경상사고,0,0,1,0,차대차 - 측면직각충돌,안전운전불이행,습기,비,교차로 - 교차로부근,승용,남,54세,상해없음,승용,남,48세,경상
2012061600100076,2012년 6월 16일 01시,토요일,대구광역시 수성구 두산동,중상사고,0,1,0,0,차대차 - 추돌 - 진행중,안전거리미확보,습기,비,단일로 - 기타,승용,남,58세,상해없음,승용,여,50세,중상
2012061600100077,2012년 6월 16일 01시,토요일,대구광역시 수성구 황금동,경상사고,0,0,1,0,차대사람 - 기타,안전운전불이행,습기,비,단일로 - 기타,승용,남,32세,상해없음,보행자,여,33세,경상
2012061600100078,2012년 6월 16일 01시,토요일,대구광역시 북구 동천동,중상사고,0,1,0,0,차대사람 - 기타,안전운전불이행,습기,비,교차로 - 교차로안,승용,남,30세,상해없음,보행자,남,45세,중상
2012061600100079,2012년 6월 16일 01시,토요일,대구광역시 서구 이현동,경상사고,0,0,1,0,차대차 - 측면직각충돌,안전운전불이행,습기,비,교차로 - 교차로안,승용,남,51세,상해없음,승용,남,60세,경상
2012061600100080,2012년 6월 16일 01시,토요일,대구광역시 중구 태평로3가,중상사고,0,2,2,0,차대차 - 추돌 - 주정차중,안전운전불이행,습기,기타,단일로 - 기타,화물,남,31세,상해없음,승용,남,36세,중상
2012061600100081,2012년 6월 16일 01시,토요일,대구광역시 중구 문화동,경상사고,0,0,3,0,차대차 - 기타,안전운전불이행,습기,비,단일로 - 기타,승용,남,60세,상해없음,승용,남,34세,경상
2012061600100118,2012년 6월 16일 03시,토요일,대구광역시 달서구 상인동,경상사고,0,0,1,0,차대차 - 기타,신호위반,건조,맑음,교차로 - 교차로안,화물,여,50세,상해없음,승용,남,35세,경상
2012061600100119,2012년 6월 16일 03시,토요일,대구광역시 달서구 성당동,중상사고,0,1,0,0,차대차 - 추돌 - 주정차중,안전운전불이행,습기,비,단일로 - 기타,승용,남,35세,상해없음,승용,남,53세,중상
2012061600100129,2012년 6월 16일 04시,토요일,대구광역시 달서구 용산동,경상사고,0,0,2,0,차대사람 - 기타,안전운전불이행,습기,흐림,단일로 - 기타,승용,남,57세,경상,보행자,남,41세,경상
2012061600100156,2012년 6월 16일 06시,토요일,대구광역시 남구 대명동,부상신고사고,0,0,0,1,차량단독 - 공작물충돌,안전운전불이행,건조,맑음,단일로 - 기타,승용,남,23세,부상신고,,,,
2012061600100157,2012년 6월 16일 06시,토요일,대구광역시 동구 신암동,경상사고,0,0,2,0,차대차 - 측면직각충돌,안전거리미확보,건조,맑음,단일로 - 기타,승용,남,52세,상해없음,이륜,남,17세,경상
2012061600100158,2012년 6월 16일 06시,토요일,대구광역시 달서구 상인동,중상사고,0,1,0,0,차대사람 - 횡단중,안전운전불이행,습기,비,단일로 - 기타,승용,여,56세,상해없음,보행자,여,73세,중상
2012061600100177,2012년 6월 16일 07시,토요일,대구광역시 달서구 상인동,경상사고,0,0,1,0,차대차 - 추돌 - 진행중,안전운전불이행,건조,맑음,단일로 - 기타,승용,여,43세,상해없음,승용,남,50세,경상
2012061600100201,2012년 6월 16일 08시,토요일,대구광역시 북구 침산동,경상사고,0,0,6,0,차대차 - 추돌 - 진행중,안전거리미확보,건조,맑음,미분류 - 미분류,승용,여,43세,상해없음,화물,남,30세,상해없음
2012061600100251,2012년 6월 16일 10시,토요일,대구광역시 남구 대명동,경상사고,0,0,1,0,차대차 - 측면직각충돌,교차로운행방법위반,건조,맑음,교차로 - 교차로안,기타불명,기타불명,기타불명,기타불명,자전거,남,76세,경상
2012061600100252,2012년 6월 16일 10시,토요일,대구광역시 동구 신기동,경상사고,0,0,1,0,차대차 - 추돌 - 진행중,안전운전불이행,건조,흐림,단일로 - 기타,승용,남,44세,상해없음,승용,남,67세,상해없음
2012061600100253,2012년 6월 16일 10시,토요일,대구광역시 수성구 범어동,경상사고,0,0,1,0,차대차 - 추돌 - 진행중,안전운전불이행,건조,맑음,교차로 - 교차로안,승용,남,72세,상해없음,승용,남,43세,경상
2012061600100283,2012년 6월 16일 11시,토요일,대구광역시 동구 효목동,중상사고,0,1,0,0,차대사람 - 차도통행중,안전운전불이행,건조,맑음,단일로 - 기타,화물,남,62세,상해없음,보행자,여,68세,중상
2012061600100284,2012년 6월 16일 11시,토요일,대구광역시 북구 동변동,경상사고,0,0,1,0,차대차 - 기타,안전운전불이행,건조,맑음,교차로 - 교차로안,자전거,남,9세,경상,승용,여,48세,상해없음
2012061600100319,2012년 6월 16일 12시,토요일,대구광역시 달서구 상인동,경상사고,0,0,1,0,차대차 - 기타,안전운전불이행,건조,맑음,교차로 - 교차로부근,승용,남,34세,상해없음,원동기,남,25세,경상
2012061600100320,2012년 6월 16일 12시,토요일,대구광역시 북구 산격동,부상신고사고,0,0,0,1,차대차 - 기타,중앙선침범,건조,맑음,교차로 - 교차로부근,자전거,남,36세,부상신고,승용,여,41세,상해없음
2012061600100357,2012년 6월 16일 13시,토요일,대구광역시 수성구 수성동3가,경상사고,0,0,2,0,차대차 - 추돌 - 진행중,안전운전불이행,건조,맑음,단일로 - 기타,승용,여,20세,상해없음,승용,여,44세,경상
2012061600100358,2012년 6월 16일 13시,토요일,대구광역시 달성군 화원읍,경상사고,0,0,2,0,차대차 - 기타,안전운전불이행,건조,맑음,단일로 - 기타,승용,남,49세,상해없음,승용,남,32세,상해없음
2012061600100428,2012년 6월 16일 15시,토요일,대구광역시 수성구 만촌동,경상사고,0,0,1,0,차대차 - 측면직각충돌,안전거리미확보,건조,맑음,단일로 - 기타,승용,여,28세,상해없음,승용,남,63세,상해없음
2012061600100429,2012년 6월 16일 15시,토요일,대구광역시 달성군 가창면,중상사고,0,2,1,0,차대차 - 측면직각충돌,중앙선침범,건조,맑음,단일로 - 기타,승용,남,59세,상해없음,승용,여,27세,경상
2012061600100430,2012년 6월 16일 15시,토요일,대구광역시 달성군 화원읍,중상사고,0,1,0,0,차대차 - 측면직각충돌,안전거리미확보,건조,맑음,교차로 - 교차로부근,승합,남,61세,상해없음,승용,여,60세,중상
2012061600100451,2012년 6월 16일 16시,토요일,대구광역시 동구 신서동,중상사고,0,1,0,0,차대사람 - 기타,안전운전불이행,건조,맑음,교차로 - 교차로부근,화물,남,32세,상해없음,보행자,여,23세,중상
2012061600100452,2012년 6월 16일 16시,토요일,대구광역시 달성군 다사읍,사망사고,1,0,0,0,차대차 - 추돌 - 주정차중,과속,건조,맑음,교차로 - 교차로부근,화물,남,32세,상해없음,이륜,남,64세,사망
2012061600100453,2012년 6월 16일 16시,토요일,대구광역시 달서구 두류동,중상사고,0,1,0,0,차대사람 - 기타,기타,건조,맑음,기타 - 기타,승용,남,77세,상해없음,보행자,남,63세,중상
2012061600100493,2012년 6월 16일 17시,토요일,대구광역시 동구 지저동,경상사고,0,0,3,0,차대차 - 추돌 - 주정차중,안전거리미확보,건조,맑음,단일로 - 횡단보도부근,화물,남,45세,상해없음,승용,여,40세,경상
2012061600100494,2012년 6월 16일 17시,토요일,대구광역시 달서구 신당동,경상사고,0,0,1,0,차대차 - 추돌 - 진행중,안전운전불이행,건조,맑음,단일로 - 기타,승용,남,44세,상해없음,승용,여,27세,경상
2012061600100529,2012년 6월 16일 18시,토요일,대구광역시 수성구 지산동,경상사고,0,0,2,0,차대차 - 기타,안전운전불이행,건조,맑음,교차로 - 교차로안,화물,남,21세,상해없음,승용,남,34세,경상
2012061600100559,2012년 6월 16일 19시,토요일,대구광역시 서구 중리동,중상사고,0,1,0,0,차대차 - 측면직각충돌,안전운전불이행,건조,맑음,단일로 - 기타,승용,여,44세,상해없음,자전거,남,58세,중상
2012061600100618,2012년 6월 16일 21시,토요일,대구광역시 달서구 용산동,중상사고,0,1,0,0,차대차 - 측면직각충돌,신호위반,건조,맑음,교차로 - 교차로안,이륜,남,16세,중상,승용,남,39세,상해없음
2012061600100649,2012년 6월 16일 22시,토요일,대구광역시 수성구 만촌동,경상사고,0,0,5,0,차대차 - 기타,중앙선침범,건조,맑음,교차로 - 교차로부근,승용,여,22세,상해없음,승용,남,44세,경상
2012061600100650,2012년 6월 16일 22시,토요일,대구광역시 수성구 상동,경상사고,0,0,1,0,차대차 - 기타,안전운전불이행,건조,맑음,교차로 - 교차로안,승용,남,53세,상해없음,승용,남,47세,상해없음
2012061600100651,2012년 6월 16일 22시,토요일,대구광역시 서구 평리동,경상사고,0,0,2,0,차대차 - 추돌 - 진행중,안전거리미확보,건조,맑음,단일로 - 기타,승용,남,44세,상해없음,승용,남,29세,경상
2012061700100044,2012년 6월 17일 01시,일요일,대구광역시 동구 신암동,경상사고,0,0,2,0,차대사람 - 길가장자리구역통행중,안전운전불이행,건조,맑음,교차로 - 교차로부근,승용,남,26세,경상,보행자,남,51세,경상
2012061700100045,2012년 6월 17일 01시,일요일,대구광역시 동구 신암동,중상사고,0,1,1,0,차대차 - 추돌 - 주정차중,안전운전불이행,건조,맑음,단일로 - 기타,승용,남,22세,상해없음,이륜,남,17세,경상
2012061700100046,2012년 6월 17일 01시,일요일,대구광역시 중구 남산동,경상사고,0,0,1,0,차대차 - 추돌 - 진행중,안전운전불이행,건조,맑음,단일로 - 기타,기타불명,기타불명,기타불명,기타불명,자전거,남,28세,경상
2012061700100047,2012년 6월 17일 01시,일요일,대구광역시 달서구 두류동,경상사고,0,0,1,0,차대차 - 측면직각충돌,교차로운행방법위반,건조,맑음,교차로 - 교차로안,승용,남,55세,상해없음,이륜,남,19세,경상
2012061700100074,2012년 6월 17일 03시,일요일,대구광역시 동구 효목동,경상사고,0,0,1,0,차대사람 - 횡단중,안전운전불이행,건조,맑음,단일로 - 기타,승용,남,48세,상해없음,보행자,남,35세,경상
2012061700100075,2012년 6월 17일 03시,일요일,대구광역시 달서구 상인동,경상사고,0,0,3,0,차대차 - 기타,안전운전불이행,건조,맑음,교차로 - 교차로부근,이륜,남,25세,상해없음,원동기,남,18세,경상
2012061700100138,2012년 6월 17일 08시,일요일,대구광역시 수성구 만촌동,중상사고,0,1,0,0,차대차 - 기타,안전운전불이행,건조,맑음,단일로 - 기타,승용,남,45세,상해없음,원동기,남,39세,중상
2012061700100170,2012년 6월 17일 10시,일요일,대구광역시 동구 신천동,경상사고,0,0,2,0,차대차 - 기타,신호위반,건조,맑음,교차로 - 교차로안,승용,남,27세,상해없음,승용,남,49세,경상
2012061700100171,2012년 6월 17일 10시,일요일,대구광역시 서구 평리동,경상사고,0,0,1,0,차대차 - 측면직각충돌,안전거리미확보,건조,맑음,단일로 - 기타,승용,남,58세,상해없음,승용,남,39세,상해없음
2012061700100193,2012년 6월 17일 11시,일요일,대구광역시 달서구 본동,중상사고,0,1,0,0,차대사람 - 기타,안전운전불이행,건조,맑음,단일로 - 기타,승용,남,22세,상해없음,보행자,남,14세,중상
2012061700100194,2012년 6월 17일 11시,일요일,대구광역시 중구 남산동,경상사고,0,0,1,0,차대사람 - 기타,안전운전불이행,건조,맑음,단일로 - 기타,승용,남,30세,상해없음,보행자,남,36세,경상
2012061700100221,2012년 6월 17일 12시,일요일,대구광역시 서구 비산동,경상사고,0,0,1,0,차대차 - 기타,안전운전불이행,건조,맑음,단일로 - 기타,승용,남,28세,상해없음,원동기,남,16세,경상
2012061700100271,2012년 6월 17일 14시,일요일,대구광역시 서구 원대동1가,경상사고,0,0,1,0,차대차 - 측면직각충돌,교차로운행방법위반,건조,맑음,교차로 - 교차로안,승용,남,52세,기타불명,화물,남,58세,경상
2012061700100378,2012년 6월 17일 18시,일요일,대구광역시 수성구 두산동,경상사고,0,0,1,0,차대차 - 측면직각충돌,안전운전불이행,건조,맑음,단일로 - 기타,승용,여,20세,상해없음,자전거,남,13세,경상
2012061700100379,2012년 6월 17일 18시,일요일,대구광역시 달서구 감삼동,경상사고,0,0,1,0,차대차 - 측면직각충돌,신호위반,건조,맑음,단일로 - 횡단보도상,승용,남,52세,상해없음,원동기,남,60세,경상
2012061700100442,2012년 6월 17일 20시,일요일,대구광역시 달서구 상인동,경상사고,0,0,1,0,차대사람 - 횡단중,보행자보호의무위반,건조,맑음,단일로 - 기타,승용,남,50세,상해없음,보행자,여,56세,경상
2012061700100467,2012년 6월 17일 21시,일요일,대구광역시 동구 신암동,경상사고,0,0,1,0,차대차 - 측면직각충돌,신호위반,건조,맑음,교차로 - 교차로안,승합,남,53세,상해없음,승용,남,39세,경상
2012061700100468,2012년 6월 17일 21시,일요일,대구광역시 동구 방촌동,경상사고,0,0,1,0,차대사람 - 횡단중,안전운전불이행,건조,맑음,교차로 - 교차로안,승용,남,64세,상해없음,보행자,여,18세,경상
2012061700100469,2012년 6월 17일 21시,일요일,대구광역시 수성구 두산동,중상사고,0,1,0,0,차대차 - 측면직각충돌,안전운전불이행,건조,맑음,교차로 - 교차로부근,승용,남,20세,상해없음,자전거,남,38세,중상
2012061700100498,2012년 6월 17일 22시,일요일,대구광역시 남구 대명동,경상사고,0,0,1,0,차대사람 - 기타,보행자보호의무위반,건조,맑음,교차로 - 교차로부근,승용,남,28세,상해없음,보행자,남,34세,경상
2012061700100499,2012년 6월 17일 22시,일요일,대구광역시 달서구 용산동,경상사고,0,0,2,0,차대차 - 측면직각충돌,안전운전불이행,건조,맑음,단일로 - 기타,승용,남,51세,상해없음,원동기,여,23세,경상
2012061700100517,2012년 6월 17일 23시,일요일,대구광역시 북구 칠성동1가,경상사고,0,0,2,0,차대차 - 측면직각충돌,중앙선침범,건조,맑음,교차로 - 교차로부근,승용,남,21세,상해없음,승용,남,39세,경상
2012061700100518,2012년 6월 17일 23시,일요일,대구광역시 달서구 용산동,경상사고,0,0,1,0,차대차 - 기타,교차로운행방법위반,건조,맑음,교차로 - 교차로안,승용,여,50세,상해없음,자전거,남,24세,경상
2012061700100519,2012년 6월 17일 23시,일요일,대구광역시 달서구 이곡동,경상사고,0,0,1,0,차대차 - 추돌 - 주정차중,안전거리미확보,건조,맑음,단일로 - 횡단보도부근,승용,남,48세,상해없음,승용,남,18세,상해없음
2012061800100014,2012년 6월 18일 00시,월요일,대구광역시 북구 산격동,중상사고,0,1,0,0,차대차 - 기타,신호위반,건조,맑음,교차로 - 교차로안,승용,여,26세,상해없음,원동기,남,51세,중상
2012061800100015,2012년 6월 18일 00시,월요일,대구광역시 서구 비산동,중상사고,0,1,1,0,차대차 - 추돌 - 진행중,안전거리미확보,건조,맑음,단일로 - 기타,승용,남,24세,상해없음,승용,남,43세,중상
2012061800100031,2012년 6월 18일 02시,월요일,대구광역시 북구 동천동,경상사고,0,0,1,0,차대차 - 기타,안전운전불이행,건조,맑음,단일로 - 기타,자전거,남,25세,경상,화물,남,41세,기타불명
2012061800100089,2012년 6월 18일 07시,월요일,대구광역시 달서구 월성동,경상사고,0,0,3,0,차대차 - 측면직각충돌,교차로운행방법위반,건조,맑음,교차로 - 교차로안,승용,남,48세,경상,승용,여,38세,경상
2012061800100130,2012년 6월 18일 08시,월요일,대구광역시 수성구 상동,경상사고,0,0,1,0,차대차 - 기타,기타,건조,맑음,단일로 - 기타,승합,남,41세,상해없음,이륜,남,43세,상해없음
2012061800100131,2012년 6월 18일 08시,월요일,대구광역시 수성구 범어동,경상사고,0,0,1,0,차대차 - 측면직각충돌,안전거리미확보,건조,맑음,교차로 - 교차로부근,승용,남,30세,상해없음,승용,남,41세,경상
2012061800100132,2012년 6월 18일 08시,월요일,대구광역시 달서구 도원동,경상사고,0,0,1,0,차대차 - 추돌 - 주정차중,안전운전불이행,습기,흐림,교차로 - 교차로부근,승용,여,47세,상해없음,승용,여,39세,경상
2012061800100133,2012년 6월 18일 08시,월요일,대구광역시 달성군 유가면,중상사고,0,1,0,0,차대차 - 측면직각충돌,기타,건조,맑음,교차로 - 교차로안,화물,남,66세,상해없음,이륜,남,78세,중상
2012061800100134,2012년 6월 18일 08시,월요일,대구광역시 북구 칠성동1가,경상사고,0,0,2,0,차대차 - 기타,안전거리미확보,건조,맑음,기타 - 기타,승용,남,59세,상해없음,승용,여,51세,경상
2012061800100135,2012년 6월 18일 08시,월요일,대구광역시 북구 조야동,경상사고,0,0,1,0,차대차 - 측면직각충돌,안전운전불이행,건조,맑음,단일로 - 기타,승용,남,37세,상해없음,자전거,남,26세,경상
2012061800100136,2012년 6월 18일 08시,월요일,대구광역시 북구 읍내동,경상사고,0,0,1,0,차대차 - 측면직각충돌,교차로운행방법위반,건조,맑음,교차로 - 교차로안,승용,여,53세,기타불명,승용,남,49세,경상
2012061800100159,2012년 6월 18일 09시,월요일,대구광역시 동구 율하동,경상사고,0,0,2,0,차대차 - 추돌 - 진행중,안전운전불이행,건조,맑음,단일로 - 기타,승용,여,49세,상해없음,승용,여,46세,경상
2012061800100160,2012년 6월 18일 09시,월요일,대구광역시 중구 동인동3가,경상사고,0,0,2,0,차대차 - 추돌 - 주정차중,안전운전불이행,건조,맑음,단일로 - 기타,승용,여,46세,경상,승용,남,43세,경상
2012061800100219,2012년 6월 18일 11시,월요일,대구광역시 달서구 송현동,중상사고,0,1,0,0,차대차 - 기타,안전운전불이행,건조,맑음,단일로 - 기타,이륜,남,49세,중상,화물,남,39세,상해없음
2012061800100220,2012년 6월 18일 11시,월요일,대구광역시 북구 침산동,경상사고,0,0,1,0,차대차 - 기타,안전운전불이행,건조,맑음,기타 - 기타,승용,남,63세,상해없음,승용,남,29세,상해없음
2012061800100277,2012년 6월 18일 14시,월요일,대구광역시 남구 대명동,중상사고,0,1,0,0,차대차 - 기타,교차로운행방법위반,건조,맑음,교차로 - 교차로안,화물,남,59세,상해없음,기타불명,여,80세,중상
2012061800100278,2012년 6월 18일 14시,월요일,대구광역시 북구 산격동,중상사고,0,1,0,0,차대차 - 추돌 - 진행중,안전운전불이행,건조,맑음,교차로 - 교차로부근,건설기계,남,33세,상해없음,원동기,남,69세,중상
2012061800100279,2012년 6월 18일 14시,월요일,대구광역시 서구 비산동,경상사고,0,0,1,0,차대차 - 측면직각충돌,신호위반,건조,맑음,단일로 - 횡단보도상,승용,여,53세,상해없음,이륜,남,41세,경상
2012061800100307,2012년 6월 18일 15시,월요일,대구광역시 중구 공평동,중상사고,0,1,0,0,차대사람 - 횡단중,안전운전불이행,건조,맑음,교차로 - 교차로안,원동기,남,25세,상해없음,보행자,여,63세,중상
2012061800100308,2012년 6월 18일 15시,월요일,대구광역시 달서구 감삼동,중상사고,0,2,0,0,차대차 - 측면직각충돌,안전운전불이행,건조,맑음,단일로 - 횡단보도부근,이륜,남,53세,중상,이륜,남,26세,중상
2012061800100339,2012년 6월 18일 16시,월요일,대구광역시 수성구 상동,경상사고,0,0,3,0,차대차 - 추돌 - 진행중,안전운전불이행,습기,비,단일로 - 기타,승용,남,51세,상해없음,승용,남,52세,경상
2012061800100340,2012년 6월 18일 16시,월요일,대구광역시 달서구 대천동,경상사고,0,0,1,0,차대차 - 기타,직진우회전진행방해,건조,맑음,교차로 - 교차로안,승용,남,45세,상해없음,이륜,남,62세,경상
2012061800100341,2012년 6월 18일 16시,월요일,대구광역시 북구 노원동3가,경상사고,0,0,3,0,차대차 - 측면직각충돌,안전운전불이행,건조,맑음,교차로 - 교차로부근,승용,여,62세,경상,승용,남,27세,경상
2012061800100342,2012년 6월 18일 16시,월요일,대구광역시 달서구 이곡동,경상사고,0,0,1,0,차대차 - 추돌 - 주정차중,안전운전불이행,건조,맑음,교차로 - 교차로부근,승용,남,45세,상해없음,승용,여,33세,경상
2012061800100379,2012년 6월 18일 17시,월요일,대구광역시 수성구 범어동,중상사고,0,2,0,0,차대차 - 측면직각충돌,신호위반,건조,흐림,교차로 - 교차로부근,승용,여,48세,상해없음,승용,여,41세,중상
2012061800100427,2012년 6월 18일 18시,월요일,대구광역시 남구 대명동,중상사고,0,1,0,0,차대사람 - 기타,안전운전불이행,건조,맑음,단일로 - 기타,승용,남,58세,상해없음,보행자,여,21세,중상
2012061800100428,2012년 6월 18일 18시,월요일,대구광역시 수성구 만촌동,경상사고,0,0,3,0,차대차 - 기타,안전운전불이행,건조,맑음,단일로 - 기타,승합,남,55세,상해없음,승용,남,41세,경상
2012061800100429,2012년 6월 18일 18시,월요일,대구광역시 수성구 중동,경상사고,0,0,1,0,차대차 - 기타,교차로운행방법위반,건조,맑음,교차로 - 교차로안,승용,남,48세,상해없음,승용,여,23세,경상
2012061800100469,2012년 6월 18일 19시,월요일,대구광역시 남구 봉덕동,경상사고,0,0,3,0,차대차 - 추돌 - 진행중,교차로운행방법위반,습기,비,교차로 - 교차로안,승용,남,26세,상해없음,승용,여,56세,경상
2012061800100470,2012년 6월 18일 19시,월요일,대구광역시 수성구 매호동,경상사고,0,0,1,0,차대차 - 추돌 - 진행중,안전운전불이행,습기,비,교차로 - 교차로부근,화물,남,53세,상해없음,승용,남,64세,경상
2012061800100471,2012년 6월 18일 19시,월요일,대구광역시 달서구 상인동,중상사고,0,1,1,0,차대차 - 추돌 - 주정차중,안전운전불이행,건조,맑음,교차로 - 교차로부근,승용,남,66세,상해없음,승용,남,29세,경상
2012061800100472,2012년 6월 18일 19시,월요일,대구광역시 북구 침산동,중상사고,0,1,0,0,차대사람 - 기타,안전운전불이행,건조,맑음,단일로 - 기타,승용,남,51세,상해없음,보행자,남,15세,중상
2012061800100508,2012년 6월 18일 20시,월요일,대구광역시 북구 침산동,경상사고,0,0,1,0,차대차 - 기타,안전운전불이행,건조,기타,단일로 - 기타,승용,남,46세,상해없음,자전거,여,46세,경상
2012061800100509,2012년 6월 18일 20시,월요일,대구광역시 서구 중리동,중상사고,0,1,0,0,차대사람 - 기타,안전운전불이행,건조,맑음,단일로 - 기타,승용,남,52세,상해없음,보행자,여,60세,중상
2012061800100552,2012년 6월 18일 21시,월요일,대구광역시 남구 대명동,경상사고,0,0,1,0,차대사람 - 차도통행중,안전운전불이행,습기,비,단일로 - 기타,승용,남,46세,상해없음,보행자,남,51세,경상
2012061800100553,2012년 6월 18일 21시,월요일,대구광역시 동구 신천동,경상사고,0,0,1,0,차대차 - 기타,신호위반,습기,비,교차로 - 교차로안,승용,남,41세,상해없음,화물,남,50세,경상
2012061800100554,2012년 6월 18일 21시,월요일,대구광역시 북구 동천동,경상사고,0,0,1,0,차대차 - 측면직각충돌,직진우회전진행방해,건조,맑음,교차로 - 교차로안,승용,남,61세,상해없음,이륜,남,41세,경상
2012061800100555,2012년 6월 18일 21시,월요일,대구광역시 북구 칠성동2가,경상사고,0,0,1,0,차대차 - 기타,신호위반,건조,맑음,교차로 - 교차로안,승용,남,62세,상해없음,승용,남,28세,상해없음
2012061800100556,2012년 6월 18일 21시,월요일,대구광역시 북구 동천동,경상사고,0,0,2,0,차대차 - 측면직각충돌,안전운전불이행,건조,맑음,단일로 - 기타,승용,남,29세,상해없음,이륜,남,17세,경상
2012061800100557,2012년 6월 18일 21시,월요일,대구광역시 중구 계산동2가,경상사고,0,0,3,0,차대차 - 기타,안전거리미확보,습기,비,단일로 - 기타,승용,여,52세,상해없음,승용,남,33세,경상
2012061800100588,2012년 6월 18일 22시,월요일,대구광역시 중구 삼덕동3가,경상사고,0,0,5,0,차대차 - 기타,안전거리미확보,건조,맑음,단일로 - 기타,승용,여,42세,상해없음,승용,남,22세,경상
2012061800100628,2012년 6월 18일 23시,월요일,대구광역시 남구 봉덕동,중상사고,0,1,1,0,차대차 - 추돌 - 주정차중,안전운전불이행,습기,비,단일로 - 횡단보도부근,이륜,남,48세,중상,승용,남,59세,상해없음
2012061800100629,2012년 6월 18일 23시,월요일,대구광역시 북구 고성동1가,중상사고,0,1,0,0,차대사람 - 보도통행중,안전운전불이행,습기,비,교차로 - 교차로부근,승용,남,24세,상해없음,보행자,남,62세,중상
2012061800100630,2012년 6월 18일 23시,월요일,대구광역시 서구 평리동,경상사고,0,0,1,0,차대차 - 측면직각충돌,안전운전불이행,습기,비,단일로 - 기타,승용,남,41세,상해없음,승용,남,52세,경상
2012061800100631,2012년 6월 18일 23시,월요일,대구광역시 중구 봉산동,경상사고,0,0,1,0,차대차 - 측면직각충돌,안전운전불이행,습기,비,단일로 - 기타,승용,여,48세,상해없음,자전거,남,21세,경상
2012061800100632,2012년 6월 18일 23시,월요일,대구광역시 달서구 죽전동,경상사고,0,0,1,0,차대차 - 측면직각충돌,안전운전불이행,습기,비,단일로 - 기타,승용,여,29세,상해없음,승용,남,39세,경상
2012061900100020,2012년 6월 19일 00시,화요일,대구광역시 동구 효목동,경상사고,0,0,1,0,차대차 - 추돌 - 진행중,안전운전불이행,습기,비,단일로 - 기타,승용,여,36세,상해없음,승용,남,51세,경상
2012061900100021,2012년 6월 19일 00시,화요일,대구광역시 서구 이현동,중상사고,0,1,0,0,차량단독 - 공작물충돌,안전운전불이행,건조,맑음,단일로 - 기타,승용,남,44세,상해없음,,,,
2012061900100022,2012년 6월 19일 00시,화요일,대구광역시 서구 이현동,중상사고,0,1,0,0,차대차 - 기타,차로위반,습기,비,단일로 - 기타,승용,남,51세,상해없음,승용,여,53세,중상
2012061900100043,2012년 6월 19일 01시,화요일,대구광역시 수성구 수성동4가,중상사고,0,1,1,0,차대사람 - 횡단중,안전운전불이행,습기,비,단일로 - 기타,승용,남,64세,상해없음,보행자,남,55세,경상
2012061900100055,2012년 6월 19일 02시,화요일,대구광역시 동구 숙천동,중상사고,0,2,1,0,차대차 - 추돌 - 주정차중,안전운전불이행,습기,비,단일로 - 기타,승용,남,46세,중상,승용,여,33세,중상
2012061900100073,2012년 6월 19일 03시,화요일,대구광역시 동구 신천동,중상사고,0,1,0,0,차량단독 - 공작물충돌,안전운전불이행,습기,비,단일로 - 기타,승용,남,33세,상해없음,,,,
2012061900100074,2012년 6월 19일 03시,화요일,대구광역시 중구 남산동,부상신고사고,0,0,0,1,차량단독 - 공작물충돌,안전운전불이행,습기,비,단일로 - 기타,승합,남,25세,상해없음,,,,