사고번호,사고일시,요일,시군구,사고내용,사망자수,중상자수,경상자수,부상신고자수,사고유형,법규위반,노면상태,기상상태,도로형태,가해운전자 차종,가해운전자 성별,가해운전자 연령,가해운전자 상해정도,피해운전자 차종,피해운전자 성별,피해운전자 연령,피해운전자 상해정도
2012062200100179,2012년 6월 22일 08시,금요일,대구광역시 남구 봉덕동,경상사고,0,0,1,0,차대차 - 추돌 - 진행중,안전운전불이행,건조,맑음,단일로 - 기타,화물,남,51세,상해없음,화물,남,57세,경상
2012062200100180,2012년 6월 22일 08시,금요일,대구광역시 달성군 화원읍,중상사고,0,1,0,0,차량단독 - 도로외이탈 - 추락,안전운전불이행,건조,맑음,단일로 - 기타,승용,여,57세,중상,,,,
2012062200100181,2012년 6월 22일 08시,금요일,대구광역시 중구 달성동,중상사고,0,1,0,0,차대사람 - 길가장자리구역통행중,안전운전불이행,건조,맑음,단일로 - 기타,승용,남,52세,상해없음,보행자,여,69세,중상
2012062200100182,2012년 6월 22일 08시,금요일,대구광역시 달서구 용산동,경상사고,0,0,1,0,차대차 - 기타,안전운전불이행,건조,맑음,교차로 - 교차로부근,승용,남,46세,상해없음,자전거,남,24세,경상
2012062200100254,2012년 6월 22일 10시,금요일,대구광역시 수성구 범물동,경상사고,0,0,1,0,차대차 - 기타,안전운전불이행,건조,맑음,교차로 - 교차로안,승용,남,40세,상해없음,이륜,남,54세,경상
2012062200100255,2012년 6월 22일 10시,금요일,대구광역시 북구 매천동,중상사고,0,1,0,0,차대차 - 측면직각충돌,교차로운행방법위반,건조,맑음,교차로 - 교차로안,승용,여,35세,상해없음,이륜,남,62세,중상
2012062200100278,2012년 6월 22일 11시,금요일,대구광역시 중구 동성로1가,경상사고,0,0,1,0,차대차 - 측면직각충돌,기타,건조,맑음,단일로 - 기타,승용,남,53세,상해없음,원동기,남,58세,경상
2012062200100322,2012년 6월 22일 13시,금요일,대구광역시 달서구 송현동,경상사고,0,0,1,0,차대차 - 기타,신호위반,건조,맑음,교차로 - 교차로안,승용,여,41세,상해없음,승용,여,32세,경상
2012062200100384,2012년 6월 22일 15시,금요일,대구광역시 남구 대명동,중상사고,0,1,0,0,차대차 - 측면직각충돌,안전운전불이행,건조,맑음,단일로 - 기타,승용,여,46세,상해없음,원동기,남,76세,중상
2012062200100385,2012년 6월 22일 15시,금요일,대구광역시 달서구 진천동,경상사고,0,0,1,0,차대차 - 측면직각충돌,신호위반,건조,맑음,교차로 - 교차로부근,원동기,남,50세,경상,승용,여,42세,상해없음
2012062200100386,2012년 6월 22일 15시,금요일,대구광역시 달서구 유천동,중상사고,0,1,1,0,차대차 - 측면직각충돌,안전거리미확보,건조,맑음,단일로 - 기타,승용,남,35세,경상,승용,남,33세,중상
2012062200100387,2012년 6월 22일 15시,금요일,대구광역시 북구 노원동1가,경상사고,0,0,1,0,차대차 - 측면직각충돌,안전운전불이행,건조,맑음,교차로 - 교차로부근,승용,남,50세,상해없음,원동기,남,51세,경상
2012062200100388,2012년 6월 22일 15시,금요일,대구광역시 서구 비산동,중상사고,0,1,0,0,차대차 - 측면직각충돌,안전거리미확보,건조,맑음,단일로 - 기타,승용,여,30세,상해없음,이륜,남,63세,중상
2012062200100424,2012년 6월 22일 16시,금요일,대구광역시 수성구 매호동,경상사고,0,0,1,0,차대차 - 기타,안전운전불이행,건조,맑음,단일로 - 기타,승용,여,32세,경상,승용,남,37세,상해없음
2012062200100461,2012년 6월 22일 17시,금요일,대구광역시 서구 내당동,경상사고,0,0,3,0,차대차 - 추돌 - 주정차중,안전운전불이행,건조,맑음,교차로 - 교차로부근,승용,남,47세,상해없음,승용,남,39세,경상
2012062200100462,2012년 6월 22일 17시,금요일,대구광역시 중구 서문로1가,경상사고,0,0,1,0,차대사람 - 기타,안전운전불이행,건조,맑음,단일로 - 기타,승용,여,33세,상해없음,보행자,여,55세,경상
2012062200100463,2012년 6월 22일 17시,금요일,대구광역시 중구 대봉동,경상사고,0,0,1,0,차대차 - 기타,안전거리미확보,건조,맑음,단일로 - 기타,승용,남,51세,상해없음,이륜,남,38세,경상
2012062200100505,2012년 6월 22일 18시,금요일,대구광역시 달서구 이곡동,부상신고사고,0,0,0,1,차대차 - 측면직각충돌,중앙선침범,건조,맑음,단일로 - 기타,자전거,여,60세,부상신고,승용,남,36세,상해없음
2012062200100506,2012년 6월 22일 18시,금요일,대구광역시 달서구 두류동,경상사고,0,0,1,0,차대사람 - 길가장자리구역통행중,안전운전불이행,건조,맑음,단일로 - 기타,승용,남,54세,상해없음,보행자,남,29세,경상
2012062200100538,2012년 6월 22일 19시,금요일,대구광역시 동구 방촌동,경상사고,0,0,1,0,차대차 - 기타,안전운전불이행,건조,맑음,단일로 - 횡단보도상,승용,남,51세,상해없음,자전거,여,24세,경상
2012062200100539,2012년 6월 22일 19시,금요일,대구광역시 서구 내당동,경상사고,0,0,1,0,차대차 - 기타,안전운전불이행,건조,맑음,단일로 - 기타,승용,여,43세,상해없음,자전거,남,16세,경상
2012062200100576,2012년 6월 22일 20시,금요일,대구광역시 남구 대명동,경상사고,0,0,1,0,차대사람 - 기타,안전운전불이행,건조,맑음,단일로 - 기타,승용,남,57세,상해없음,보행자,여,18세,경상
2012062200100577,2012년 6월 22일 20시,금요일,대구광역시 동구 지묘동,중상사고,0,1,1,0,차대차 - 기타,교차로운행방법위반,건조,맑음,교차로 - 교차로안,승용,남,42세,중상,승용,여,51세,경상
2012062200100578,2012년 6월 22일 20시,금요일,대구광역시 수성구 신매동,경상사고,0,0,1,0,차대차 - 기타,안전운전불이행,건조,맑음,단일로 - 기타,승용,남,51세,상해없음,자전거,남,12세,경상
2012062200100579,2012년 6월 22일 20시,금요일,대구광역시 달서구 월성동,경상사고,0,0,1,0,차대차 - 추돌 - 주정차중,안전운전불이행,건조,맑음,교차로 - 교차로부근,승용,여,55세,상해없음,승용,남,26세,경상
2012062200100580,2012년 6월 22일 20시,금요일,대구광역시 달성군 논공읍,중상사고,0,1,1,0,차대차 - 기타,안전운전불이행,건조,맑음,교차로 - 교차로부근,승용,여,57세,중상,승합,남,69세,경상
2012062200100622,2012년 6월 22일 21시,금요일,대구광역시 달서구 죽전동,중상사고,0,2,0,0,차대차 - 측면직각충돌,불법유턴,건조,맑음,단일로 - 기타,승용,남,52세,상해없음,이륜,남,59세,중상
2012062200100623,2012년 6월 22일 21시,금요일,대구광역시 달서구 성당동,경상사고,0,0,1,0,차대차 - 추돌 - 주정차중,불법유턴,건조,맑음,단일로 - 기타,화물,남,47세,상해없음,승용,남,57세,경상
2012062200100658,2012년 6월 22일 22시,금요일,대구광역시 수성구 범어동,경상사고,0,0,6,3,차대차 - 측면직각충돌,교차로운행방법위반,건조,맑음,교차로 - 교차로안,승용,남,30세,상해없음,승용,여,60세,경상
2012062200100659,2012년 6월 22일 22시,금요일,대구광역시 달서구 본리동,중상사고,0,1,0,0,차대차 - 기타,신호위반,건조,맑음,교차로 - 교차로안,원동기,남,20세,중상,승용,여,52세,상해없음
2012062200100660,2012년 6월 22일 22시,금요일,대구광역시 달서구 용산동,중상사고,0,1,1,0,차대차 - 측면직각충돌,안전거리미확보,건조,맑음,단일로 - 기타,승용,남,34세,상해없음,원동기,남,25세,경상
2012062200100694,2012년 6월 22일 23시,금요일,대구광역시 남구 봉덕동,경상사고,0,0,1,0,차대차 - 정면충돌,안전운전불이행,건조,맑음,단일로 - 기타,승용,남,48세,상해없음,자전거,남,77세,경상
2012062200100695,2012년 6월 22일 23시,금요일,대구광역시 수성구 황금동,중상사고,0,1,0,0,차대사람 - 횡단중,안전운전불이행,건조,맑음,교차로 - 교차로안,승용,남,36세,상해없음,보행자,남,37세,중상
2012062200100696,2012년 6월 22일 23시,금요일,대구광역시 중구 삼덕동2가,경상사고,0,0,1,0,차대차 - 측면직각충돌,안전운전불이행,건조,맑음,교차로 - 교차로안,승용,남,28세,상해없음,승용,남,50세,경상
2012062300100020,2012년 6월 23일 00시,토요일,대구광역시 수성구 지산동,중상사고,0,1,2,0,차대차 - 추돌 - 주정차중,안전운전불이행,건조,맑음,단일로 - 기타,승용,남,43세,상해없음,승용,여,29세,중상
2012062300100021,2012년 6월 23일 00시,토요일,대구광역시 수성구 범어동,중상사고,0,1,1,0,차대차 - 측면직각충돌,교차로운행방법위반,건조,맑음,교차로 - 교차로안,승용,여,55세,경상,승용,남,53세,중상
2012062300100022,2012년 6월 23일 00시,토요일,대구광역시 서구 내당동,경상사고,0,0,1,0,차대차 - 측면직각충돌,안전운전불이행,건조,맑음,교차로 - 교차로부근,승용,남,29세,상해없음,승용,여,41세,경상
2012062300100023,2012년 6월 23일 00시,토요일,대구광역시 서구 비산동,중상사고,0,1,0,0,차대사람 - 기타,안전운전불이행,건조,맑음,교차로 - 교차로부근,승용,남,27세,상해없음,보행자,남,49세,중상
2012062300100024,2012년 6월 23일 00시,토요일,대구광역시 달서구 장기동,중상사고,0,1,0,0,차대차 - 추돌 - 진행중,안전운전불이행,건조,맑음,단일로 - 기타,승용,남,32세,상해없음,승용,남,58세,기타불명
2012062300100051,2012년 6월 23일 01시,토요일,대구광역시 남구 대명동,경상사고,0,0,2,0,차대차 - 추돌 - 주정차중,안전운전불이행,건조,맑음,단일로 - 기타,승용,여,26세,기타불명,승합,남,29세,경상
2012062300100066,2012년 6월 23일 02시,토요일,대구광역시 수성구 신매동,경상사고,0,0,1,0,차대사람 - 기타,안전운전불이행,건조,맑음,기타 - 기타,승용,남,39세,상해없음,보행자,여,45세,경상
2012062300100080,2012년 6월 23일 03시,토요일,대구광역시 남구 대명동,중상사고,0,1,0,0,차대사람 - 횡단중,안전운전불이행,건조,맑음,단일로 - 기타,승용,남,48세,상해없음,보행자,남,18세,중상
2012062300100081,2012년 6월 23일 03시,토요일,대구광역시 중구 동인동2가,중상사고,0,1,0,0,차대사람 - 기타,안전운전불이행,건조,맑음,교차로 - 교차로부근,승용,남,50세,상해없음,보행자,남,24세,중상
2012062300100082,2012년 6월 23일 03시,토요일,대구광역시 달서구 신당동,경상사고,0,0,1,0,차대차 - 측면직각충돌,안전거리미확보,건조,맑음,단일로 - 기타,승용,남,49세,상해없음,승용,남,25세,경상
2012062300100105,2012년 6월 23일 04시,토요일,대구광역시 서구 내당동,중상사고,0,2,3,0,차대차 - 추돌 - 주정차중,안전거리미확보,건조,맑음,단일로 - 기타,승용,남,52세,상해없음,승용,남,63세,중상
2012062300100118,2012년 6월 23일 05시,토요일,대구광역시 수성구 황금동,경상사고,0,0,1,0,차대차 - 기타,신호위반,건조,맑음,교차로 - 교차로안,승용,남,44세,상해없음,승합,남,49세,상해없음
2012062300100119,2012년 6월 23일 05시,토요일,대구광역시 서구 비산동,경상사고,0,0,1,0,차대차 - 정면충돌,신호위반,건조,맑음,교차로 - 교차로안,승용,남,29세,상해없음,승용,남,60세,경상
2012062300100157,2012년 6월 23일 07시,토요일,대구광역시 남구 대명동,중상사고,0,1,0,0,차대차 - 측면직각충돌,신호위반,건조,맑음,교차로 - 교차로안,승용,남,28세,상해없음,승용,남,62세,중상
2012062300100174,2012년 6월 23일 08시,토요일,대구광역시 달성군 다사읍,경상사고,0,0,2,0,차대차 - 추돌 - 진행중,안전운전불이행,건조,맑음,단일로 - 기타,승용,여,53세,경상,화물,남,30세,경상
2012062300100175,2012년 6월 23일 08시,토요일,대구광역시 중구 동문동,경상사고,0,0,1,0,차대차 - 기타,안전거리미확보,건조,맑음,단일로 - 기타,승용,남,57세,상해없음,이륜,남,47세,경상
2012062300100176,2012년 6월 23일 08시,토요일,대구광역시 중구 북성로1가,경상사고,0,0,1,0,차대사람 - 기타,안전운전불이행,건조,맑음,교차로 - 교차로부근,승용,여,63세,상해없음,보행자,남,58세,경상
2012062300100202,2012년 6월 23일 09시,토요일,대구광역시 수성구 두산동,중상사고,0,1,0,0,차대차 - 측면직각충돌,중앙선침범,건조,맑음,단일로 - 기타,승용,여,52세,상해없음,이륜,남,23세,중상
2012062300100203,2012년 6월 23일 09시,토요일,대구광역시 서구 비산동,경상사고,0,0,1,0,차대사람 - 기타,안전운전불이행,건조,맑음,단일로 - 기타,이륜,남,66세,상해없음,보행자,남,64세,경상
2012062300100225,2012년 6월 23일 10시,토요일,대구광역시 달서구 도원동,중상사고,0,1,0,0,차대차 - 기타,불법유턴,건조,맑음,단일로 - 횡단보도부근,자전거,남,6세,중상,승합,남,57세,상해없음
2012062300100262,2012년 6월 23일 11시,토요일,대구광역시 수성구 범물동,중상사고,0,1,0,1,차대차 - 기타,안전거리미확보,건조,맑음,교차로 - 교차로부근,화물,남,36세,상해없음,승합,남,45세,상해없음
2012062300100263,2012년 6월 23일 11시,토요일,대구광역시 달서구 월암동,경상사고,0,0,1,0,차대차 - 기타,신호위반,건조,맑음,교차로 - 교차로부근,자전거,남,36세,경상,승용,남,58세,상해없음
2012062300100264,2012년 6월 23일 11시,토요일,대구광역시 북구 칠성동1가,경상사고,0,0,1,0,차대차 - 기타,안전거리미확보,건조,맑음,교차로 - 교차로안,화물,남,56세,상해없음,화물,남,39세,경상
2012062300100265,2012년 6월 23일 11시,토요일,대구광역시 북구 노원동2가,중상사고,0,1,0,0,차대차 - 측면직각충돌,직진우회전진행방해,건조,맑음,교차로 - 교차로안,이륜,남,40세,중상,승용,남,44세,상해없음
2012062300100289,2012년 6월 23일 12시,토요일,대구광역시 달서구 진천동,경상사고,0,0,2,0,차대차 - 측면직각충돌,신호위반,건조,맑음,단일로 - 횡단보도상,승용,남,28세,상해없음,자전거,남,11세,경상
2012062300100290,2012년 6월 23일 12시,토요일,대구광역시 중구 달성동,경상사고,0,0,1,0,차대차 - 측면직각충돌,안전운전불이행,건조,맑음,단일로 - 기타,승용,남,40세,상해없음,이륜,남,43세,경상
2012062300100291,2012년 6월 23일 12시,토요일,대구광역시 달서구 호산동,경상사고,0,0,1,0,차대사람 - 횡단중,보행자보호의무위반,건조,맑음,교차로 - 교차로부근,화물,남,28세,상해없음,보행자,여,22세,경상
2012062300100320,2012년 6월 23일 13시,토요일,대구광역시 수성구 만촌동,중상사고,0,1,1,0,차대차 - 측면직각충돌,안전운전불이행,건조,맑음,교차로 - 교차로안,승용,여,51세,상해없음,자전거,여,12세,중상
2012062300100354,2012년 6월 23일 14시,토요일,대구광역시 달서구 두류동,경상사고,0,0,1,0,차대사람 - 횡단중,보행자보호의무위반,건조,맑음,교차로 - 교차로부근,승용,남,36세,상해없음,보행자,남,26세,경상
2012062300100355,2012년 6월 23일 14시,토요일,대구광역시 달서구 본리동,중상사고,0,1,3,0,차대차 - 측면직각충돌,차로위반,건조,맑음,단일로 - 기타,승용,남,46세,경상,승용,여,50세,중상
2012062300100391,2012년 6월 23일 15시,토요일,대구광역시 북구 고성동1가,중상사고,0,1,0,0,차대차 - 추돌 - 진행중,중앙선침범,습기,비,교차로 - 교차로안,승용,여,43세,상해없음,승용,남,48세,중상
2012062300100416,2012년 6월 23일 16시,토요일,대구광역시 수성구 황금동,경상사고,0,0,2,0,차량단독 - 기타,안전운전불이행,건조,맑음,단일로 - 횡단보도부근,승용,남,19세,상해없음,,,,
2012062300100417,2012년 6월 23일 16시,토요일,대구광역시 서구 비산동,중상사고,0,1,0,0,차대차 - 측면직각충돌,신호위반,습기,흐림,교차로 - 교차로안,이륜,남,16세,중상,이륜,남,49세,상해없음
2012062300100450,2012년 6월 23일 17시,토요일,대구광역시 수성구 매호동,중상사고,0,1,0,0,차대사람 - 기타,안전운전불이행,건조,맑음,단일로 - 기타,승용,남,54세,상해없음,보행자,남,56세,중상
2012062300100451,2012년 6월 23일 17시,토요일,대구광역시 북구 태전동,경상사고,0,0,2,0,차대차 - 기타,안전운전불이행,건조,맑음,단일로 - 기타,승용,여,44세,상해없음,승용,여,41세,상해없음
2012062300100452,2012년 6월 23일 17시,토요일,대구광역시 달서구 감삼동,중상사고,0,1,0,0,차대차 - 측면직각충돌,안전운전불이행,건조,맑음,단일로 - 기타,승용,남,69세,상해없음,자전거,남,17세,중상
2012062300100486,2012년 6월 23일 18시,토요일,대구광역시 달성군 가창면,경상사고,0,0,1,0,차대차 - 측면직각충돌,안전운전불이행,건조,맑음,교차로 - 교차로안,승용,남,54세,상해없음,이륜,남,29세,경상
2012062300100487,2012년 6월 23일 18시,토요일,대구광역시 달성군 다사읍,중상사고,0,1,0,0,차대차 - 측면직각충돌,안전운전불이행,건조,맑음,단일로 - 기타,승용,남,58세,상해없음,이륜,남,17세,중상
2012062300100488,2012년 6월 23일 18시,토요일,대구광역시 중구 대신동,경상사고,0,0,1,0,차대차 - 측면직각충돌,안전운전불이행,건조,맑음,단일로 - 기타,승용,여,43세,상해없음,자전거,남,12세,경상
2012062300100549,2012년 6월 23일 20시,토요일,대구광역시 달서구 진천동,중상사고,0,1,0,0,차대차 - 측면직각충돌,안전운전불이행,건조,맑음,교차로 - 교차로부근,승용,남,70세,상해없음,자전거,여,22세,중상
2012062300100550,2012년 6월 23일 20시,토요일,대구광역시 달서구 월성동,중상사고,0,1,0,0,차대차 - 측면직각충돌,안전운전불이행,건조,맑음,단일로 - 기타,원동기,남,24세,상해없음,자전거,남,22세,중상
2012062300100551,2012년 6월 23일 20시,토요일,대구광역시 북구 산격동,경상사고,0,0,1,0,차대차 - 측면직각충돌,안전거리미확보,건조,맑음,단일로 - 기타,승용,여,37세,상해없음,승용,여,40세,상해없음
2012062300100552,2012년 6월 23일 20시,토요일,대구광역시 북구 태전동,경상사고,0,0,1,0,차대사람 - 기타,안전운전불이행,건조,맑음,기타 - 기타,승용,남,74세,상해없음,보행자,남,19세,경상
2012062300100553,2012년 6월 23일 20시,토요일,대구광역시 달서구 두류동,중상사고,0,1,0,0,차대사람 - 횡단중,보행자보호의무위반,건조,맑음,교차로 - 교차로부근,승용,남,21세,상해없음,보행자,남,60세,중상
2012062300100587,2012년 6월 23일 21시,토요일,대구광역시 달서구 상인동,중상사고,0,1,0,0,차대차 - 기타,안전운전불이행,건조,맑음,교차로 - 교차로부근,승용,남,49세,상해없음,자전거,여,43세,중상
2012062300100588,2012년 6월 23일 21시,토요일,대구광역시 북구 산격동,경상사고,0,0,1,0,차대차 - 측면직각충돌,차로위반,건조,맑음,단일로 - 기타,승용,여,48세,상해없음,이륜,남,16세,경상
2012062300100589,2012년 6월 23일 21시,토요일,대구광역시 중구 대신동,경상사고,0,0,2,0,차대차 - 추돌 - 주정차중,안전운전불이행,건조,맑음,단일로 - 기타,승용,남,19세,상해없음,승용,남,36세,경상
2012062300100617,2012년 6월 23일 22시,토요일,대구광역시 북구 복현동,경상사고,0,0,1,0,차대사람 - 기타,안전운전불이행,건조,맑음,단일로 - 기타,승용,남,31세,상해없음,보행자,남,23세,경상
2012062300100618,2012년 6월 23일 22시,토요일,대구광역시 달서구 본리동,부상신고사고,0,0,0,1,차대차 - 측면직각충돌,교차로운행방법위반,건조,맑음,교차로 - 교차로안,이륜,남,17세,부상신고,승용,남,30세,상해없음
2012062300100643,2012년 6월 23일 23시,토요일,대구광역시 동구 효목동,중상사고,0,1,0,0,차량단독 - 기타,안전운전불이행,건조,맑음,교차로 - 교차로부근,승용,남,22세,상해없음,,,,
2012062300100644,2012년 6월 23일 23시,토요일,대구광역시 북구 복현동,경상사고,0,0,1,0,차대사람 - 기타,안전운전불이행,건조,맑음,교차로 - 교차로부근,승용,남,26세,상해없음,보행자,남,50세,경상
2012062400100016,2012년 6월 24일 00시,일요일,대구광역시 북구 태전동,중상사고,0,1,2,0,차대차 - 추돌 - 주정차중,안전운전불이행,건조,맑음,단일로 - 기타,화물,남,51세,중상,승용,남,25세,경상
2012062400100017,2012년 6월 24일 00시,일요일,대구광역시 중구 삼덕동2가,경상사고,0,0,1,0,차대차 - 기타,안전운전불이행,건조,맑음,단일로 - 기타,승용,남,30세,상해없음,이륜,남,19세,경상
2012062400100041,2012년 6월 24일 01시,일요일,대구광역시 수성구 대흥동,중상사고,0,2,1,0,차량단독 - 전도전복,안전운전불이행,건조,맑음,단일로 - 기타,승용,남,16세,중상,,,,
2012062400100042,2012년 6월 24일 01시,일요일,대구광역시 달서구 죽전동,경상사고,0,0,1,0,차대차 - 측면직각충돌,차로위반,건조,맑음,단일로 - 기타,승용,기타불명,기타불명,기타불명,승용,남,41세,경상
2012062400100117,2012년 6월 24일 08시,일요일,대구광역시 남구 대명동,중상사고,0,1,0,0,차대차 - 기타,안전운전불이행,건조,맑음,기타 - 기타,이륜,남,38세,상해없음,자전거,여,42세,중상
2012062400100133,2012년 6월 24일 09시,일요일,대구광역시 중구 서성로1가,중상사고,0,1,0,0,차대차 - 기타,안전거리미확보,건조,맑음,단일로 - 기타,승용,여,47세,상해없음,승용,남,53세,중상
2012062400100155,2012년 6월 24일 10시,일요일,대구광역시 달성군 현풍면,경상사고,0,0,1,0,차대사람 - 기타,안전운전불이행,건조,맑음,단일로 - 기타,승용,남,69세,상해없음,보행자,남,55세,경상
2012062400100181,2012년 6월 24일 11시,일요일,대구광역시 동구 효목동,경상사고,0,0,1,0,차대차 - 측면직각충돌,안전운전불이행,건조,맑음,단일로 - 기타,이륜,남,41세,상해없음,승용,여,48세,경상
2012062400100203,2012년 6월 24일 12시,일요일,대구광역시 동구 용계동,경상사고,0,0,1,0,차대차 - 기타,안전운전불이행,건조,맑음,단일로 - 기타,화물,남,44세,상해없음,승용,여,36세,상해없음
2012062400100204,2012년 6월 24일 12시,일요일,대구광역시 달서구 진천동,경상사고,0,0,2,0,차대차 - 측면직각충돌,신호위반,건조,맑음,교차로 - 교차로안,승용,남,73세,상해없음,승용,여,32세,경상
2012062400100205,2012년 6월 24일 12시,일요일,대구광역시 북구 태전동,경상사고,0,0,1,0,차대차 - 측면직각충돌,교차로운행방법위반,건조,맑음,교차로 - 교차로안,승용,남,30세,상해없음,이륜,남,53세,경상
2012062400100229,2012년 6월 24일 13시,일요일,대구광역시 수성구 범어동,경상사고,0,0,1,0,차대차 - 추돌 - 주정차중,안전운전불이행,건조,맑음,단일로 - 기타,승용,남,49세,상해없음,승용,여,54세,경상
2012062400100230,2012년 6월 24일 13시,일요일,대구광역시 달성군 화원읍,중상사고,0,1,0,0,차대차 - 기타,신호위반,건조,맑음,단일로 - 횡단보도상,승용,여,47세,상해없음,자전거,남,56세,중상
2012062400100231,2012년 6월 24일 13시,일요일,대구광역시 서구 내당동,경상사고,0,0,2,0,차대차 - 측면직각충돌,직진우회전진행방해,건조,맑음,교차로 - 교차로안,승용,남,31세,상해없음,승용,남,24세,경상
2012062400100280,2012년 6월 24일 15시,일요일,대구광역시 수성구 만촌동,중상사고,0,1,0,0,차대차 - 측면직각충돌,안전운전불이행,건조,흐림,단일로 - 기타,화물,남,46세,상해없음,승용,남,51세,중상
2012062400100281,2012년 6월 24일 15시,일요일,대구광역시 달서구 송현동,경상사고,0,0,1,0,차대사람 - 기타,안전운전불이행,건조,맑음,단일로 - 기타,승용,남,59세,상해없음,보행자,남,16세,경상
2012062400100282,2012년 6월 24일 15시,일요일,대구광역시 북구 복현동,중상사고,0,1,0,0,차대차 - 측면직각충돌,안전운전불이행,건조,맑음,단일로 - 횡단보도상,화물,남,33세,상해없음,자전거,남,12세,중상
2012062400100283,2012년 6월 24일 15시,일요일,대구광역시 서구 평리동,경상사고,0,0,1,0,차대차 - 추돌 - 진행중,안전운전불이행,건조,맑음,단일로 - 기타,승용,남,44세,상해없음,자전거,남,51세,경상
2012062400100284,2012년 6월 24일 15시,일요일,대구광역시 중구 종로1가,경상사고,0,0,1,0,차대차 - 기타,직진우회전진행방해,건조,맑음,교차로 - 교차로안,승용,남,60세,상해없음,자전거,남,33세,경상
2012062400100324,2012년 6월 24일 16시,일요일,대구광역시 동구 율하동,경상사고,0,0,1,0,차대차 - 측면직각충돌,교차로운행방법위반,건조,맑음,교차로 - 교차로안,승용,남,27세,상해없음,화물,남,58세,상해없음
2012062400100325,2012년 6월 24일 16시,일요일,대구광역시 달서구 송현동,중상사고,0,1,1,0,차대차 - 측면직각충돌,교차로운행방법위반,건조,맑음,단일로 - 기타,승용,여,29세,경상,이륜,남,48세,중상
2012062400100326,2012년 6월 24일 16시,일요일,대구광역시 달서구 성당동,경상사고,0,0,1,0,차대사람 - 기타,안전운전불이행,건조,맑음,단일로 - 터널,승용,남,53세,상해없음,보행자,남,16세,경상
2012062400100344,2012년 6월 24일 17시,일요일,대구광역시 남구 대명동,경상사고,0,0,1,0,차대사람 - 기타,기타,건조,맑음,단일로 - 기타,이륜,남,23세,상해없음,보행자,여,10세,경상
2012062400100345,2012년 6월 24일 17시,일요일,대구광역시 달서구 용산동,경상사고,0,0,1,0,차대차 - 측면직각충돌,안전운전불이행,건조,맑음,단일로 - 기타,승용,남,50세,상해없음,원동기,남,32세,경상
2012062400100402,2012년 6월 24일 19시,일요일,대구광역시 달서구 용산동,중상사고,0,1,0,0,차대차 - 측면직각충돌,직진우회전진행방해,건조,맑음,교차로 - 교차로안,이륜,남,16세,중상,승용,남,42세,상해없음
2012062400100403,2012년 6월 24일 19시,일요일,대구광역시 달서구 호산동,경상사고,0,0,1,0,차대차 - 기타,교차로운행방법위반,건조,맑음,교차로 - 교차로안,원동기,남,55세,상해없음,승용,남,24세,상해없음
2012062400100404,2012년 6월 24일 19시,일요일,대구광역시 달서구 두류동,중상사고,0,1,0,0,차대차 - 측면직각충돌,안전운전불이행,건조,맑음,교차로 - 교차로부근,이륜,남,64세,중상,승용,여,27세,상해없음
2012062400100462,2012년 6월 24일 21시,일요일,대구광역시 남구 대명동,경상사고,0,0,2,2,차대차 - 측면직각충돌,차로위반,건조,맑음,단일로 - 기타,승용,여,32세,부상신고,승용,남,55세,부상신고
2012062400100463,2012년 6월 24일 21시,일요일,대구광역시 달성군 다사읍,부상신고사고,0,0,0,1,차대차 - 기타,안전운전불이행,건조,맑음,단일로 - 기타,기타불명,기타불명,기타불명,기타불명,화물,여,30세,부상신고
2012062400100464,2012년 6월 24일 21시,일요일,대구광역시 서구 평리동,경상사고,0,0,1,0,차대차 - 추돌 - 진행중,안전거리미확보,건조,맑음,단일로 - 기타,승용,남,57세,상해없음,승용,여,39세,경상
2012062400100465,2012년 6월 24일 21시,일요일,대구광역시 중구 남산동,경상사고,0,0,1,0,차대차 - 기타,중앙선침범,건조,맑음,단일로 - 기타,승용,남,53세,상해없음,화물,남,34세,상해없음
2012062400100513,2012년 6월 24일 23시,일요일,대구광역시 서구 원대동1가,중상사고,0,1,0,0,차대차 - 정면충돌,중앙선침범,건조,맑음,단일로 - 기타,승용,남,23세,상해없음,승용,여,58세,중상
2012062400100514,2012년 6월 24일 23시,일요일,대구광역시 달서구 용산동,경상사고,0,0,1,0,차대차 - 측면직각충돌,중앙선침범,건조,맑음,교차로 - 교차로부근,승용,남,24세,상해없음,승용,남,47세,경상
2012062400100515,2012년 6월 24일 23시,일요일,대구광역시 달서구 용산동,중상사고,0,2,1,0,차대차 - 측면직각충돌,교차로운행방법위반,건조,맑음,교차로 - 교차로안,승용,남,24세,상해없음,승용,남,22세,경상
2012062500100011,2012년 6월 25일 00시,월요일,대구광역시 수성구 지산동,경상사고,0,0,2,0,차대차 - 측면직각충돌,신호위반,건조,맑음,교차로 - 교차로안,승용,여,52세,상해없음,승용,남,51세,경상
2012062500100036,2012년 6월 25일 03시,월요일,대구광역시 남구 봉덕동,중상사고,0,1,1,0,차대차 - 기타,안전운전불이행,습기,비,교차로 - 교차로부근,승용,남,62세,상해없음,이륜,남,42세,경상
2012062500100037,2012년 6월 25일 03시,월요일,대구광역시 수성구 두산동,중상사고,0,1,0,0,차대사람 - 기타,교차로운행방법위반,건조,맑음,교차로 - 교차로안,승용,남,29세,상해없음,보행자,남,51세,중상