사고번호,사고일시,요일,시군구,사고내용,사망자수,중상자수,경상자수,부상신고자수,사고유형,법규위반,노면상태,기상상태,도로형태,가해운전자 차종,가해운전자 성별,가해운전자 연령,가해운전자 상해정도,피해운전자 차종,피해운전자 성별,피해운전자 연령,피해운전자 상해정도
2012062500100050,2012년 6월 25일 05시,월요일,대구광역시 동구 불로동,경상사고,0,0,3,0,차대차 - 기타,안전운전불이행,건조,맑음,단일로 - 기타,특수,남,33세,상해없음,특수,남,52세,경상
2012062500100069,2012년 6월 25일 06시,월요일,대구광역시 서구 내당동,중상사고,0,1,0,0,차대차 - 측면직각충돌,안전운전불이행,건조,맑음,교차로 - 교차로안,자전거,여,64세,중상,승용,남,61세,상해없음
2012062500100093,2012년 6월 25일 07시,월요일,대구광역시 수성구 만촌동,중상사고,0,1,4,1,차대차 - 기타,안전운전불이행,건조,맑음,단일로 - 기타,승용,남,22세,상해없음,승용,남,22세,경상
2012062500100094,2012년 6월 25일 07시,월요일,대구광역시 수성구 만촌동,중상사고,0,1,1,0,차대차 - 기타,안전운전불이행,건조,맑음,단일로 - 기타,화물,남,50세,상해없음,승용,남,57세,중상
2012062500100124,2012년 6월 25일 08시,월요일,대구광역시 수성구 황금동,중상사고,0,1,0,0,차대차 - 기타,안전운전불이행,건조,맑음,교차로 - 교차로부근,승합,남,66세,상해없음,자전거,남,71세,중상
2012062500100125,2012년 6월 25일 08시,월요일,대구광역시 서구 이현동,경상사고,0,0,2,0,차대차 - 측면직각충돌,직진우회전진행방해,건조,맑음,교차로 - 교차로안,승용,남,46세,상해없음,승용,남,47세,경상
2012062500100190,2012년 6월 25일 10시,월요일,대구광역시 수성구 범어동,경상사고,0,0,1,0,차대사람 - 횡단중,신호위반,건조,맑음,단일로 - 횡단보도상,승용,여,64세,상해없음,보행자,여,52세,경상
2012062500100191,2012년 6월 25일 10시,월요일,대구광역시 중구 태평로2가,중상사고,0,1,0,0,차대차 - 기타,안전거리미확보,건조,맑음,단일로 - 기타,기타불명,기타불명,기타불명,기타불명,이륜,남,74세,중상
2012062500100221,2012년 6월 25일 11시,월요일,대구광역시 서구 중리동,경상사고,0,0,2,0,차대차 - 기타,교차로운행방법위반,건조,맑음,교차로 - 교차로안,원동기,남,20세,경상,승용,여,35세,상해없음
2012062500100222,2012년 6월 25일 11시,월요일,대구광역시 중구 삼덕동1가,중상사고,0,1,0,0,차대차 - 기타,안전운전불이행,건조,맑음,단일로 - 기타,승합,남,50세,상해없음,승용,남,41세,상해없음
2012062500100257,2012년 6월 25일 12시,월요일,대구광역시 서구 비산동,경상사고,0,0,1,0,차대차 - 측면직각충돌,교차로운행방법위반,건조,맑음,교차로 - 교차로안,승용,남,30세,상해없음,자전거,남,48세,경상
2012062500100284,2012년 6월 25일 13시,월요일,대구광역시 중구 남산동,중상사고,0,1,0,0,차대사람 - 기타,안전운전불이행,건조,맑음,단일로 - 기타,승용,남,59세,상해없음,보행자,여,71세,중상
2012062500100285,2012년 6월 25일 13시,월요일,대구광역시 중구 동인동3가,경상사고,0,0,2,0,차대차 - 추돌 - 진행중,안전운전불이행,건조,맑음,단일로 - 기타,원동기,남,45세,경상,승용,여,40세,경상
2012062500100357,2012년 6월 25일 15시,월요일,대구광역시 서구 비산동,중상사고,0,1,0,0,차대사람 - 길가장자리구역통행중,안전운전불이행,건조,맑음,단일로 - 기타,승용,남,59세,상해없음,보행자,남,55세,중상
2012062500100433,2012년 6월 25일 17시,월요일,대구광역시 달성군 다사읍,경상사고,0,0,1,0,차대사람 - 기타,안전운전불이행,건조,맑음,기타 - 기타,이륜,남,73세,상해없음,보행자,남,37세,경상
2012062500100434,2012년 6월 25일 17시,월요일,대구광역시 중구 동인동1가,경상사고,0,0,1,0,차대사람 - 기타,안전운전불이행,건조,맑음,단일로 - 기타,이륜,남,36세,상해없음,보행자,남,8세,경상
2012062500100435,2012년 6월 25일 17시,월요일,대구광역시 달서구 감삼동,경상사고,0,0,1,0,차대사람 - 기타,안전운전불이행,건조,맑음,단일로 - 기타,이륜,기타불명,기타불명,기타불명,보행자,남,3세,경상
2012062500100488,2012년 6월 25일 18시,월요일,대구광역시 남구 대명동,경상사고,0,0,1,0,차대차 - 기타,안전운전불이행,건조,맑음,단일로 - 기타,승용,남,43세,상해없음,원동기,남,44세,경상
2012062500100489,2012년 6월 25일 18시,월요일,대구광역시 북구 칠성동2가,중상사고,0,1,1,0,차대사람 - 횡단중,보행자보호의무위반,건조,맑음,단일로 - 기타,승합,남,43세,상해없음,보행자,여,9세,중상
2012062500100490,2012년 6월 25일 18시,월요일,대구광역시 중구 동인동3가,경상사고,0,0,1,0,차대차 - 측면직각충돌,안전운전불이행,건조,맑음,교차로 - 교차로부근,승용,남,64세,상해없음,승용,남,52세,경상
2012062500100526,2012년 6월 25일 19시,월요일,대구광역시 달서구 대곡동,경상사고,0,0,1,0,차대사람 - 횡단중,안전운전불이행,건조,맑음,교차로 - 교차로안,승용,남,53세,상해없음,보행자,여,29세,경상
2012062500100567,2012년 6월 25일 20시,월요일,대구광역시 남구 대명동,중상사고,0,1,0,0,차대사람 - 기타,기타,건조,맑음,단일로 - 기타,승합,남,49세,상해없음,보행자,남,62세,중상
2012062500100568,2012년 6월 25일 20시,월요일,대구광역시 동구 신천동,부상신고사고,0,0,0,1,차대차 - 측면직각충돌,안전운전불이행,건조,맑음,단일로 - 기타,승용,남,50세,상해없음,승용,남,56세,상해없음
2012062500100569,2012년 6월 25일 20시,월요일,대구광역시 북구 태전동,경상사고,0,0,1,0,차대차 - 기타,신호위반,건조,맑음,교차로 - 교차로안,이륜,남,22세,경상,승용,남,46세,상해없음
2012062500100570,2012년 6월 25일 20시,월요일,대구광역시 중구 동인동1가,경상사고,0,0,1,0,차대사람 - 기타,안전운전불이행,건조,맑음,단일로 - 기타,기타불명,기타불명,기타불명,기타불명,보행자,남,34세,경상
2012062500100596,2012년 6월 25일 21시,월요일,대구광역시 동구 동호동,경상사고,0,0,1,0,차대차 - 기타,신호위반,건조,맑음,단일로 - 횡단보도상,이륜,남,22세,상해없음,자전거,남,19세,경상
2012062500100628,2012년 6월 25일 22시,월요일,대구광역시 달성군 논공읍,경상사고,0,0,1,0,차대사람 - 기타,안전운전불이행,건조,맑음,단일로 - 기타,승합,남,64세,상해없음,보행자,남,16세,경상
2012062500100649,2012년 6월 25일 23시,월요일,대구광역시 수성구 신매동,경상사고,0,0,1,0,차대차 - 측면직각충돌,신호위반,건조,맑음,교차로 - 교차로안,승용,남,64세,상해없음,특수,남,36세,경상
2012062500100650,2012년 6월 25일 23시,월요일,대구광역시 북구 관음동,경상사고,0,0,1,0,차대사람 - 횡단중,안전운전불이행,건조,맑음,교차로 - 교차로안,승용,남,46세,상해없음,보행자,남,28세,경상
2012062500100651,2012년 6월 25일 23시,월요일,대구광역시 달서구 두류동,부상신고사고,0,0,0,1,차량단독 - 기타,안전운전불이행,건조,맑음,단일로 - 기타,원동기,남,47세,부상신고,,,,
2012062600100013,2012년 6월 26일 00시,화요일,대구광역시 수성구 황금동,경상사고,0,0,2,0,차대차 - 측면직각충돌,안전운전불이행,건조,맑음,단일로 - 횡단보도상,승용,남,49세,상해없음,자전거,남,26세,경상
2012062600100014,2012년 6월 26일 00시,화요일,대구광역시 수성구 수성동4가,경상사고,0,0,1,0,차량단독 - 기타,안전운전불이행,건조,맑음,단일로 - 횡단보도부근,승용,남,52세,상해없음,,,,
2012062600100028,2012년 6월 26일 01시,화요일,대구광역시 동구 각산동,부상신고사고,0,0,0,1,차대사람 - 기타,안전운전불이행,건조,맑음,단일로 - 기타,승용,기타불명,기타불명,기타불명,보행자,남,52세,부상신고
2012062600100107,2012년 6월 26일 07시,화요일,대구광역시 달서구 용산동,경상사고,0,0,1,0,차대사람 - 기타,안전운전불이행,건조,맑음,교차로 - 교차로안,승용,남,39세,상해없음,보행자,남,16세,경상
2012062600100146,2012년 6월 26일 08시,화요일,대구광역시 수성구 황금동,중상사고,0,1,0,0,차대차 - 기타,안전운전불이행,건조,맑음,단일로 - 횡단보도부근,승용,남,39세,상해없음,자전거,남,13세,중상
2012062600100147,2012년 6월 26일 08시,화요일,대구광역시 달성군 현풍면,경상사고,0,0,2,0,차대차 - 측면직각충돌,차로위반,건조,맑음,교차로 - 교차로부근,승용,남,53세,상해없음,승용,여,33세,경상
2012062600100174,2012년 6월 26일 09시,화요일,대구광역시 남구 대명동,경상사고,0,0,1,0,차대차 - 측면직각충돌,차로위반,건조,맑음,단일로 - 기타,원동기,남,81세,경상,승용,남,60세,상해없음
2012062600100175,2012년 6월 26일 09시,화요일,대구광역시 달성군 옥포면,경상사고,0,0,1,0,차대차 - 추돌 - 주정차중,안전운전불이행,건조,맑음,단일로 - 기타,화물,남,67세,상해없음,화물,남,29세,경상
2012062600100176,2012년 6월 26일 09시,화요일,대구광역시 북구 칠성동1가,중상사고,0,1,0,0,차대사람 - 횡단중,안전운전불이행,건조,맑음,단일로 - 기타,승용,여,39세,상해없음,보행자,여,67세,중상
2012062600100177,2012년 6월 26일 09시,화요일,대구광역시 달서구 두류동,중상사고,0,5,0,0,차대차 - 측면직각충돌,안전운전불이행,건조,맑음,단일로 - 기타,승용,여,44세,상해없음,승합,남,50세,상해없음
2012062600100198,2012년 6월 26일 10시,화요일,대구광역시 수성구 수성동1가,경상사고,0,0,2,0,차대차 - 기타,안전운전불이행,건조,맑음,단일로 - 기타,승용,남,51세,상해없음,이륜,남,18세,경상
2012062600100199,2012년 6월 26일 10시,화요일,대구광역시 서구 내당동,경상사고,0,0,1,0,차대차 - 측면직각충돌,안전거리미확보,건조,맑음,단일로 - 기타,화물,남,80세,기타불명,승용,여,31세,경상
2012062600100200,2012년 6월 26일 10시,화요일,대구광역시 달서구 본리동,경상사고,0,0,2,0,차대차 - 추돌 - 주정차중,안전거리미확보,건조,흐림,단일로 - 횡단보도부근,승용,남,60세,상해없음,승용,여,40세,경상
2012062600100226,2012년 6월 26일 11시,화요일,대구광역시 수성구 지산동,중상사고,0,1,1,0,차대차 - 측면직각충돌,안전운전불이행,건조,맑음,단일로 - 기타,이륜,남,66세,경상,승용,여,38세,상해없음
2012062600100227,2012년 6월 26일 11시,화요일,대구광역시 달서구 감삼동,경상사고,0,0,1,0,차대사람 - 보도통행중,기타,건조,맑음,단일로 - 기타,승용,남,54세,상해없음,보행자,남,39세,경상
2012062600100247,2012년 6월 26일 12시,화요일,대구광역시 북구 읍내동,부상신고사고,0,0,0,1,차대차 - 추돌 - 진행중,안전운전불이행,건조,맑음,단일로 - 기타,화물,남,51세,상해없음,승용,남,65세,부상신고
2012062600100248,2012년 6월 26일 12시,화요일,대구광역시 북구 태전동,경상사고,0,0,1,0,차대차 - 기타,안전운전불이행,건조,흐림,단일로 - 기타,화물,남,74세,상해없음,승용,여,41세,경상
2012062600100265,2012년 6월 26일 13시,화요일,대구광역시 북구 침산동,중상사고,0,1,0,0,차대차 - 측면직각충돌,안전운전불이행,건조,맑음,교차로 - 교차로부근,승용,여,41세,상해없음,원동기,남,61세,중상
2012062600100309,2012년 6월 26일 14시,화요일,대구광역시 동구 신천동,경상사고,0,0,1,0,차대차 - 기타,안전운전불이행,건조,맑음,교차로 - 교차로부근,승합,남,50세,상해없음,이륜,남,23세,경상
2012062600100310,2012년 6월 26일 14시,화요일,대구광역시 서구 평리동,경상사고,0,0,1,0,차대차 - 측면직각충돌,기타,건조,맑음,단일로 - 기타,승용,남,47세,상해없음,이륜,남,34세,경상
2012062600100341,2012년 6월 26일 15시,화요일,대구광역시 수성구 연호동,중상사고,0,1,0,0,차대차 - 추돌 - 진행중,안전거리미확보,건조,맑음,단일로 - 기타,승용,여,48세,상해없음,승용,여,45세,중상
2012062600100342,2012년 6월 26일 15시,화요일,대구광역시 수성구 중동,중상사고,0,1,0,0,차대차 - 기타,안전운전불이행,건조,맑음,기타 - 기타,승용,여,51세,상해없음,자전거,여,59세,중상
2012062600100374,2012년 6월 26일 16시,화요일,대구광역시 서구 이현동,경상사고,0,0,1,0,차대차 - 추돌 - 주정차중,안전거리미확보,건조,맑음,교차로 - 교차로부근,승용,남,55세,상해없음,승용,남,34세,경상
2012062600100375,2012년 6월 26일 16시,화요일,대구광역시 서구 평리동,중상사고,0,1,0,0,차대차 - 기타,안전운전불이행,건조,맑음,교차로 - 교차로안,화물,남,62세,상해없음,자전거,남,36세,중상
2012062600100412,2012년 6월 26일 17시,화요일,대구광역시 달서구 이곡동,중상사고,0,1,0,0,차대차 - 측면직각충돌,안전운전불이행,건조,맑음,단일로 - 기타,승용,여,46세,상해없음,원동기,남,50세,중상
2012062600100458,2012년 6월 26일 18시,화요일,대구광역시 서구 이현동,경상사고,0,0,1,0,차대차 - 측면직각충돌,안전운전불이행,건조,맑음,단일로 - 횡단보도부근,승용,남,54세,상해없음,이륜,남,60세,경상
2012062600100459,2012년 6월 26일 18시,화요일,대구광역시 달서구 신당동,경상사고,0,0,1,0,차대차 - 측면직각충돌,안전운전불이행,건조,맑음,교차로 - 교차로부근,승용,남,53세,상해없음,이륜,남,32세,경상
2012062600100486,2012년 6월 26일 19시,화요일,대구광역시 남구 대명동,중상사고,0,2,0,0,차대차 - 측면직각충돌,신호위반,건조,맑음,교차로 - 교차로안,승용,남,28세,상해없음,원동기,남,38세,중상
2012062600100487,2012년 6월 26일 19시,화요일,대구광역시 동구 불로동,경상사고,0,0,1,0,차대차 - 정면충돌,중앙선침범,건조,맑음,단일로 - 기타,승용,여,46세,상해없음,화물,남,48세,경상
2012062600100536,2012년 6월 26일 21시,화요일,대구광역시 동구 신암동,경상사고,0,0,2,0,차대차 - 추돌 - 주정차중,안전운전불이행,건조,맑음,단일로 - 기타,승용,남,64세,상해없음,승용,남,36세,경상
2012062600100537,2012년 6월 26일 21시,화요일,대구광역시 수성구 범어동,중상사고,0,1,0,0,차대차 - 추돌 - 진행중,안전운전불이행,건조,기타,단일로 - 기타,승용,남,44세,상해없음,승용,남,24세,중상
2012062600100538,2012년 6월 26일 21시,화요일,대구광역시 달서구 감삼동,경상사고,0,0,1,0,차대차 - 측면직각충돌,안전거리미확보,건조,맑음,단일로 - 기타,승용,남,38세,상해없음,승용,남,49세,경상
2012062600100539,2012년 6월 26일 21시,화요일,대구광역시 달서구 용산동,경상사고,0,0,1,0,차량단독 - 기타,안전운전불이행,건조,맑음,단일로 - 기타,원동기,남,64세,상해없음,,,,
2012062600100577,2012년 6월 26일 22시,화요일,대구광역시 서구 평리동,경상사고,0,0,2,0,차대차 - 측면직각충돌,신호위반,건조,맑음,교차로 - 교차로안,승용,남,48세,상해없음,승용,남,42세,경상
2012062600100578,2012년 6월 26일 22시,화요일,대구광역시 서구 내당동,경상사고,0,0,2,0,차대차 - 측면직각충돌,신호위반,건조,맑음,단일로 - 기타,이륜,남,15세,상해없음,원동기,남,17세,경상
2012062700100023,2012년 6월 27일 00시,수요일,대구광역시 북구 읍내동,중상사고,0,5,0,0,차대차 - 정면충돌,신호위반,건조,맑음,교차로 - 교차로안,승용,여,27세,중상,승용,여,44세,중상
2012062700100062,2012년 6월 27일 02시,수요일,대구광역시 수성구 지산동,경상사고,0,0,1,0,차대사람 - 횡단중,보행자보호의무위반,습기,비,단일로 - 기타,승용,남,64세,상해없음,보행자,남,44세,경상
2012062700100073,2012년 6월 27일 03시,수요일,대구광역시 중구 삼덕동1가,경상사고,0,0,1,0,차대차 - 기타,안전운전불이행,습기,비,교차로 - 교차로부근,승용,여,24세,상해없음,승용,남,50세,경상
2012062700100132,2012년 6월 27일 07시,수요일,대구광역시 서구 비산동,경상사고,0,0,1,0,차대차 - 추돌 - 진행중,안전거리미확보,건조,맑음,단일로 - 기타,승용,남,72세,상해없음,승용,여,49세,경상
2012062700100171,2012년 6월 27일 08시,수요일,대구광역시 서구 비산동,경상사고,0,0,1,0,차대차 - 기타,안전운전불이행,건조,흐림,단일로 - 기타,승합,여,42세,상해없음,자전거,남,64세,경상
2012062700100172,2012년 6월 27일 08시,수요일,대구광역시 중구 대봉동,중상사고,0,1,0,0,차대차 - 기타,안전운전불이행,건조,맑음,단일로 - 기타,승용,남,37세,상해없음,승용,남,42세,중상
2012062700100210,2012년 6월 27일 09시,수요일,대구광역시 달서구 상인동,경상사고,0,0,1,1,차대차 - 기타,중앙선침범,건조,맑음,단일로 - 기타,승용,남,22세,상해없음,승용,여,53세,경상
2012062700100211,2012년 6월 27일 09시,수요일,대구광역시 달서구 신당동,중상사고,0,1,0,0,차대차 - 측면직각충돌,신호위반,건조,맑음,교차로 - 교차로안,화물,남,36세,상해없음,승용,남,55세,중상
2012062700100212,2012년 6월 27일 09시,수요일,대구광역시 달서구 이곡동,중상사고,0,1,1,0,차대차 - 측면직각충돌,직진우회전진행방해,건조,맑음,교차로 - 교차로안,승용,남,51세,상해없음,승용,남,27세,중상
2012062700100267,2012년 6월 27일 11시,수요일,대구광역시 서구 상리동,경상사고,0,0,1,0,차대차 - 측면직각충돌,안전거리미확보,건조,맑음,단일로 - 기타,화물,남,53세,경상,화물,남,48세,상해없음
2012062700100270,2012년 6월 27일 11시,수요일,대구광역시 동구 효목동,부상신고사고,0,0,0,1,차대사람 - 기타,안전운전불이행,건조,맑음,단일로 - 기타,기타불명,여,73세,상해없음,보행자,여,76세,부상신고
2012062700100271,2012년 6월 27일 11시,수요일,대구광역시 동구 불로동,경상사고,0,0,3,0,차대차 - 추돌 - 주정차중,안전운전불이행,건조,맑음,교차로 - 교차로부근,승용,남,55세,상해없음,승용,남,39세,경상
2012062700100283,2012년 6월 27일 12시,수요일,대구광역시 수성구 수성동1가,중상사고,0,1,0,0,차대차 - 기타,교차로운행방법위반,기타,맑음,교차로 - 교차로안,건설기계,남,50세,상해없음,승용,여,47세,중상
2012062700100284,2012년 6월 27일 12시,수요일,대구광역시 중구 동성로2가,경상사고,0,0,1,0,차대차 - 기타,안전거리미확보,건조,맑음,단일로 - 기타,승합,남,45세,상해없음,승용,남,50세,경상
2012062700100285,2012년 6월 27일 12시,수요일,대구광역시 달서구 죽전동,경상사고,0,0,3,0,차대차 - 기타,안전거리미확보,건조,맑음,단일로 - 기타,승용,여,44세,경상,승용,남,39세,경상
2012062700100308,2012년 6월 27일 13시,수요일,대구광역시 달성군 논공읍,경상사고,0,0,1,0,차대차 - 기타,안전운전불이행,건조,맑음,단일로 - 기타,화물,남,52세,기타불명,승용,여,38세,경상
2012062700100309,2012년 6월 27일 13시,수요일,대구광역시 북구 산격동,경상사고,0,0,1,0,차대사람 - 횡단중,안전운전불이행,건조,맑음,단일로 - 횡단보도부근,승용,여,35세,상해없음,보행자,여,74세,경상
2012062700100341,2012년 6월 27일 14시,수요일,대구광역시 서구 비산동,경상사고,0,0,1,0,차대사람 - 기타,안전운전불이행,건조,흐림,단일로 - 기타,승용,여,56세,상해없음,보행자,남,54세,경상
2012062700100342,2012년 6월 27일 14시,수요일,대구광역시 달서구 용산동,경상사고,0,0,1,0,차대차 - 추돌 - 진행중,안전거리미확보,건조,맑음,교차로 - 교차로부근,승용,남,52세,상해없음,승용,남,54세,경상
2012062700100384,2012년 6월 27일 15시,수요일,대구광역시 수성구 범어동,경상사고,0,0,1,0,차대차 - 기타,안전거리미확보,건조,기타,단일로 - 기타,승용,남,53세,상해없음,원동기,남,31세,경상
2012062700100385,2012년 6월 27일 15시,수요일,대구광역시 달서구 상인동,경상사고,0,0,1,0,차대사람 - 기타,안전운전불이행,건조,맑음,교차로 - 교차로안,승용,여,40세,상해없음,보행자,남,35세,경상
2012062700100386,2012년 6월 27일 15시,수요일,대구광역시 달서구 본동,경상사고,0,0,1,0,차대차 - 추돌 - 진행중,안전운전불이행,건조,맑음,교차로 - 교차로부근,화물,남,43세,상해없음,승용,여,28세,경상
2012062700100421,2012년 6월 27일 16시,수요일,대구광역시 서구 내당동,경상사고,0,0,2,0,차대차 - 기타,안전운전불이행,건조,맑음,단일로 - 기타,화물,남,48세,경상,승용,남,33세,경상
2012062700100454,2012년 6월 27일 17시,수요일,대구광역시 남구 대명동,경상사고,0,0,2,0,차대차 - 기타,안전운전불이행,건조,맑음,교차로 - 교차로부근,이륜,남,17세,상해없음,승용,여,35세,경상
2012062700100455,2012년 6월 27일 17시,수요일,대구광역시 수성구 황금동,중상사고,0,1,1,0,차대차 - 추돌 - 주정차중,안전운전불이행,건조,기타,단일로 - 기타,승용,남,36세,상해없음,승용,여,64세,중상
2012062700100456,2012년 6월 27일 17시,수요일,대구광역시 달서구 송현동,중상사고,0,1,0,0,차대차 - 기타,안전운전불이행,건조,맑음,교차로 - 교차로안,원동기,남,17세,중상,화물,남,35세,상해없음
2012062700100457,2012년 6월 27일 17시,수요일,대구광역시 달서구 장기동,경상사고,0,0,1,0,차대사람 - 차도통행중,안전운전불이행,건조,맑음,단일로 - 기타,승용,남,49세,상해없음,보행자,남,16세,경상
2012062700100458,2012년 6월 27일 17시,수요일,대구광역시 달서구 장기동,경상사고,0,0,1,0,차대차 - 기타,안전운전불이행,건조,맑음,단일로 - 기타,승합,남,56세,상해없음,자전거,남,70세,경상
2012062700100491,2012년 6월 27일 18시,수요일,대구광역시 동구 신암동,사망사고,1,0,0,0,차대사람 - 기타,안전운전불이행,건조,맑음,단일로 - 기타,승용,남,58세,상해없음,보행자,여,81세,사망
2012062700100492,2012년 6월 27일 18시,수요일,대구광역시 달성군 화원읍,경상사고,0,0,1,0,차대차 - 기타,안전운전불이행,건조,맑음,단일로 - 기타,승용,남,54세,상해없음,자전거,남,32세,경상
2012062700100527,2012년 6월 27일 19시,수요일,대구광역시 동구 신암동,경상사고,0,0,1,0,차대차 - 측면직각충돌,안전운전불이행,건조,맑음,단일로 - 기타,승용,여,46세,상해없음,승용,남,39세,경상
2012062700100528,2012년 6월 27일 19시,수요일,대구광역시 동구 동호동,중상사고,0,1,0,0,차대차 - 측면직각충돌,교차로운행방법위반,건조,맑음,교차로 - 교차로안,승용,남,59세,상해없음,승용,남,45세,상해없음
2012062700100529,2012년 6월 27일 19시,수요일,대구광역시 수성구 수성동1가,중상사고,0,1,0,0,차대사람 - 횡단중,기타,건조,맑음,단일로 - 기타,승용,여,40세,상해없음,보행자,여,60세,중상
2012062700100571,2012년 6월 27일 20시,수요일,대구광역시 동구 신암동,중상사고,0,1,0,0,차대사람 - 횡단중,안전운전불이행,건조,맑음,단일로 - 기타,승용,남,42세,상해없음,보행자,여,73세,중상
2012062700100572,2012년 6월 27일 20시,수요일,대구광역시 수성구 두산동,중상사고,0,1,0,1,차대차 - 측면직각충돌,안전거리미확보,건조,맑음,단일로 - 횡단보도부근,승용,여,22세,부상신고,승용,여,43세,중상
2012062700100573,2012년 6월 27일 20시,수요일,대구광역시 북구 태전동,경상사고,0,0,2,0,차대차 - 측면직각충돌,안전운전불이행,건조,맑음,교차로 - 교차로부근,승용,남,40세,상해없음,승용,남,22세,경상
2012062700100603,2012년 6월 27일 21시,수요일,대구광역시 달성군 논공읍,경상사고,0,0,1,0,차대사람 - 기타,안전운전불이행,건조,맑음,단일로 - 기타,승용,여,47세,상해없음,보행자,남,32세,경상
2012062700100604,2012년 6월 27일 21시,수요일,대구광역시 달서구 죽전동,경상사고,0,0,1,0,차대차 - 추돌 - 주정차중,안전운전불이행,건조,맑음,단일로 - 기타,이륜,남,25세,경상,승용,여,45세,상해없음
2012062800100022,2012년 6월 28일 00시,목요일,대구광역시 달성군 다사읍,경상사고,0,0,1,0,차대차 - 추돌 - 진행중,안전운전불이행,건조,맑음,교차로 - 교차로부근,승용,남,20세,상해없음,승용,남,43세,경상
2012062800100023,2012년 6월 28일 00시,목요일,대구광역시 달서구 갈산동,중상사고,0,2,0,0,차대차 - 추돌 - 주정차중,안전운전불이행,건조,맑음,단일로 - 기타,승용,남,36세,상해없음,승용,여,29세,중상
2012062800100024,2012년 6월 28일 00시,목요일,대구광역시 달서구 감삼동,중상사고,0,1,0,0,차대사람 - 횡단중,보행자보호의무위반,건조,맑음,단일로 - 횡단보도상,이륜,기타불명,기타불명,기타불명,보행자,남,39세,중상
2012062800100039,2012년 6월 28일 01시,목요일,대구광역시 동구 신암동,중상사고,0,1,0,0,차대사람 - 횡단중,안전운전불이행,건조,맑음,단일로 - 기타,승용,남,50세,상해없음,보행자,남,32세,중상
2012062800100040,2012년 6월 28일 01시,목요일,대구광역시 수성구 가천동,중상사고,0,2,0,0,차대차 - 기타,안전운전불이행,건조,맑음,단일로 - 기타,승용,남,39세,상해없음,승용,남,29세,중상
2012062800100062,2012년 6월 28일 03시,목요일,대구광역시 달서구 두류동,중상사고,0,2,1,0,차대차 - 측면직각충돌,신호위반,건조,맑음,교차로 - 교차로안,승용,남,64세,상해없음,승용,남,55세,중상
2012062800100066,2012년 6월 28일 04시,목요일,대구광역시 서구 비산동,중상사고,0,1,0,0,차대차 - 추돌 - 주정차중,안전운전불이행,건조,흐림,단일로 - 기타,이륜,남,44세,중상,화물,남,55세,상해없음
2012062800100118,2012년 6월 28일 07시,목요일,대구광역시 동구 입석동,경상사고,0,0,1,0,차대사람 - 기타,안전운전불이행,건조,맑음,단일로 - 기타,승용,남,35세,상해없음,보행자,여,8세,경상
2012062800100119,2012년 6월 28일 07시,목요일,대구광역시 동구 신암동,중상사고,0,1,0,0,차대차 - 기타,보행자보호의무위반,건조,맑음,교차로 - 교차로안,화물,남,50세,상해없음,승용,여,40세,상해없음
2012062800100120,2012년 6월 28일 07시,목요일,대구광역시 수성구 중동,중상사고,0,1,0,0,차대차 - 추돌 - 주정차중,안전거리미확보,건조,맑음,단일로 - 기타,화물,남,37세,상해없음,승용,여,43세,중상
2012062800100121,2012년 6월 28일 07시,목요일,대구광역시 달성군 다사읍,경상사고,0,0,1,0,차대차 - 측면직각충돌,안전운전불이행,건조,맑음,단일로 - 기타,화물,남,64세,상해없음,승용,여,32세,경상
2012062800100173,2012년 6월 28일 08시,목요일,대구광역시 동구 신기동,중상사고,0,1,0,0,차대차 - 측면직각충돌,안전운전불이행,건조,맑음,교차로 - 교차로부근,승용,남,47세,상해없음,승용,여,21세,중상
2012062800100174,2012년 6월 28일 08시,목요일,대구광역시 수성구 범어동,경상사고,0,0,1,0,차대차 - 측면직각충돌,안전운전불이행,건조,맑음,교차로 - 교차로안,승용,여,48세,상해없음,자전거,남,15세,경상
2012062800100175,2012년 6월 28일 08시,목요일,대구광역시 수성구 만촌동,경상사고,0,0,1,0,차대사람 - 기타,기타,건조,맑음,단일로 - 기타,승용,남,71세,상해없음,보행자,남,49세,경상
2012062800100176,2012년 6월 28일 08시,목요일,대구광역시 서구 원대동3가,중상사고,0,1,0,0,차대사람 - 기타,중앙선침범,건조,맑음,단일로 - 기타,승용,남,27세,상해없음,보행자,남,60세,중상
2012062800100177,2012년 6월 28일 08시,목요일,대구광역시 서구 비산동,경상사고,0,0,1,0,차대차 - 추돌 - 진행중,안전거리미확보,건조,맑음,교차로 - 교차로부근,화물,남,55세,상해없음,승용,남,61세,상해없음
2012062800100207,2012년 6월 28일 09시,목요일,대구광역시 남구 대명동,중상사고,0,3,1,0,차대차 - 측면직각충돌,안전운전불이행,건조,맑음,단일로 - 기타,이륜,남,63세,중상,승용,남,57세,경상
2012062800100208,2012년 6월 28일 09시,목요일,대구광역시 서구 비산동,경상사고,0,0,1,0,차대사람 - 기타,신호위반,건조,맑음,단일로 - 기타,자전거,남,35세,상해없음,보행자,남,72세,경상
2012062800100209,2012년 6월 28일 09시,목요일,대구광역시 중구 대봉동,경상사고,0,0,2,0,차대차 - 추돌 - 진행중,안전운전불이행,건조,맑음,단일로 - 기타,승용,남,73세,상해없음,승용,여,35세,경상