사고번호,사고일시,요일,시군구,사고내용,사망자수,중상자수,경상자수,부상신고자수,사고유형,법규위반,노면상태,기상상태,도로형태,가해운전자 차종,가해운전자 성별,가해운전자 연령,가해운전자 상해정도,피해운전자 차종,피해운전자 성별,피해운전자 연령,피해운전자 상해정도
2012062800100234,2012년 6월 28일 10시,목요일,대구광역시 달서구 송현동,경상사고,0,0,1,0,차대차 - 추돌 - 진행중,안전운전불이행,건조,맑음,단일로 - 기타,승용,남,34세,상해없음,승용,남,49세,경상
2012062800100235,2012년 6월 28일 10시,목요일,대구광역시 중구 대신동,경상사고,0,0,1,0,차대차 - 추돌 - 진행중,안전운전불이행,건조,맑음,단일로 - 기타,승용,남,28세,상해없음,승용,남,37세,경상
2012062800100285,2012년 6월 28일 12시,목요일,대구광역시 북구 동천동,경상사고,0,0,1,0,차대차 - 기타,안전거리미확보,건조,맑음,교차로 - 교차로부근,화물,남,33세,상해없음,승용,여,32세,경상
2012062800100286,2012년 6월 28일 12시,목요일,대구광역시 북구 고성동2가,중상사고,0,1,0,0,차대차 - 기타,교차로운행방법위반,건조,맑음,교차로 - 교차로안,화물,여,49세,상해없음,자전거,남,72세,중상
2012062800100309,2012년 6월 28일 13시,목요일,대구광역시 북구 침산동,경상사고,0,0,1,0,차대사람 - 기타,안전운전불이행,건조,맑음,단일로 - 기타,이륜,남,17세,상해없음,보행자,남,36세,경상
2012062800100331,2012년 6월 28일 14시,목요일,대구광역시 남구 대명동,중상사고,0,1,0,0,차대사람 - 기타,안전운전불이행,건조,맑음,단일로 - 기타,승용,남,33세,상해없음,보행자,남,8세,중상
2012062800100332,2012년 6월 28일 14시,목요일,대구광역시 수성구 황금동,중상사고,0,1,0,0,차대사람 - 횡단중,신호위반,건조,맑음,단일로 - 횡단보도상,승용,여,42세,상해없음,보행자,여,28세,중상
2012062800100333,2012년 6월 28일 14시,목요일,대구광역시 달서구 상인동,경상사고,0,0,1,0,차대사람 - 기타,안전운전불이행,건조,맑음,단일로 - 기타,승용,여,44세,상해없음,보행자,여,73세,경상
2012062800100334,2012년 6월 28일 14시,목요일,대구광역시 달서구 용산동,중상사고,0,1,0,0,차대사람 - 횡단중,안전운전불이행,건조,맑음,단일로 - 기타,화물,남,44세,상해없음,보행자,남,7세,중상
2012062800100411,2012년 6월 28일 17시,목요일,대구광역시 남구 대명동,경상사고,0,0,1,0,차대차 - 측면직각충돌,안전운전불이행,건조,맑음,교차로 - 교차로부근,승용,남,19세,상해없음,이륜,남,59세,경상
2012062800100412,2012년 6월 28일 17시,목요일,대구광역시 동구 신천동,경상사고,0,0,1,0,차대차 - 추돌 - 주정차중,안전운전불이행,건조,맑음,교차로 - 교차로부근,승용,남,56세,상해없음,승용,남,62세,경상
2012062800100413,2012년 6월 28일 17시,목요일,대구광역시 수성구 황금동,경상사고,0,0,1,0,차대사람 - 기타,안전운전불이행,건조,맑음,단일로 - 기타,승용,여,41세,상해없음,보행자,남,8세,경상
2012062800100414,2012년 6월 28일 17시,목요일,대구광역시 북구 국우동,경상사고,0,0,1,0,차대차 - 측면직각충돌,교차로운행방법위반,건조,맑음,교차로 - 교차로안,이륜,남,46세,경상,승용,남,49세,상해없음
2012062800100438,2012년 6월 28일 18시,목요일,대구광역시 달서구 월성동,경상사고,0,0,1,0,차대차 - 기타,중앙선침범,건조,맑음,단일로 - 기타,승용,여,50세,상해없음,이륜,남,46세,경상
2012062800100439,2012년 6월 28일 18시,목요일,대구광역시 북구 노원동1가,중상사고,0,1,1,0,차대차 - 측면직각충돌,신호위반,건조,맑음,교차로 - 교차로안,이륜,남,47세,중상,승용,남,58세,상해없음
2012062800100465,2012년 6월 28일 19시,목요일,대구광역시 수성구 만촌동,경상사고,0,0,1,0,차대차 - 기타,안전운전불이행,건조,맑음,단일로 - 기타,승용,남,70세,상해없음,승용,남,46세,경상
2012062800100466,2012년 6월 28일 19시,목요일,대구광역시 서구 평리동,경상사고,0,0,1,0,차대차 - 기타,안전운전불이행,건조,맑음,단일로 - 기타,승용,남,37세,상해없음,자전거,남,14세,경상
2012062800100467,2012년 6월 28일 19시,목요일,대구광역시 달서구 감삼동,경상사고,0,0,1,0,차대차 - 측면직각충돌,안전운전불이행,건조,맑음,단일로 - 기타,승용,남,27세,상해없음,화물,남,43세,경상
2012062800100501,2012년 6월 28일 20시,목요일,대구광역시 북구 태전동,부상신고사고,0,0,0,1,차대차 - 추돌 - 진행중,안전거리미확보,건조,맑음,단일로 - 기타,화물,남,24세,상해없음,승용,남,23세,상해없음
2012062800100530,2012년 6월 28일 21시,목요일,대구광역시 달서구 송현동,중상사고,0,1,0,0,차대사람 - 횡단중,보행자보호의무위반,건조,맑음,교차로 - 교차로안,이륜,남,30세,상해없음,보행자,남,30세,중상
2012062800100568,2012년 6월 28일 22시,목요일,대구광역시 달서구 상인동,경상사고,0,0,1,0,차대차 - 측면직각충돌,차로위반,건조,맑음,단일로 - 기타,승용,남,22세,상해없음,원동기,남,17세,경상
2012062800100593,2012년 6월 28일 23시,목요일,대구광역시 남구 봉덕동,중상사고,0,2,0,0,차대차 - 기타,신호위반,건조,맑음,교차로 - 교차로안,승용,여,50세,상해없음,승용,남,65세,중상
2012062800100594,2012년 6월 28일 23시,목요일,대구광역시 북구 칠성동1가,경상사고,0,0,5,0,차대차 - 기타,안전운전불이행,건조,맑음,단일로 - 기타,화물,남,49세,상해없음,승용,여,58세,경상
2012062800100595,2012년 6월 28일 23시,목요일,대구광역시 달서구 용산동,경상사고,0,0,2,0,차대차 - 기타,중앙선침범,건조,맑음,단일로 - 기타,승용,남,45세,상해없음,자전거,남,16세,경상
2012062900100025,2012년 6월 29일 00시,금요일,대구광역시 달서구 이곡동,중상사고,0,2,1,0,차대차 - 측면직각충돌,직진우회전진행방해,건조,맑음,교차로 - 교차로안,승용,남,65세,상해없음,승용,남,57세,경상
2012062900100053,2012년 6월 29일 01시,금요일,대구광역시 북구 노원동3가,부상신고사고,0,0,0,1,차대차 - 기타,안전거리미확보,건조,맑음,단일로 - 기타,자전거,남,38세,부상신고,승용,남,33세,상해없음
2012062900100090,2012년 6월 29일 03시,금요일,대구광역시 중구 삼덕동1가,경상사고,0,0,2,0,차대차 - 추돌 - 주정차중,안전운전불이행,건조,맑음,단일로 - 기타,승용,남,32세,상해없음,승용,남,30세,경상
2012062900100098,2012년 6월 29일 04시,금요일,대구광역시 달서구 상인동,경상사고,0,0,3,0,차대차 - 기타,안전운전불이행,건조,맑음,단일로 - 기타,승용,여,47세,상해없음,승용,남,47세,경상
2012062900100142,2012년 6월 29일 07시,금요일,대구광역시 중구 달성동,중상사고,0,1,0,0,차대사람 - 기타,안전운전불이행,건조,맑음,교차로 - 교차로부근,화물,남,59세,상해없음,보행자,여,77세,중상
2012062900100173,2012년 6월 29일 08시,금요일,대구광역시 수성구 만촌동,경상사고,0,0,1,0,차대차 - 추돌 - 주정차중,안전운전불이행,건조,맑음,단일로 - 기타,승용,남,46세,상해없음,승용,여,25세,경상
2012062900100174,2012년 6월 29일 08시,금요일,대구광역시 달서구 상인동,중상사고,0,1,2,0,차대차 - 기타,안전운전불이행,건조,맑음,교차로 - 교차로안,이륜,남,36세,경상,이륜,남,51세,상해없음
2012062900100175,2012년 6월 29일 08시,금요일,대구광역시 중구 남산동,경상사고,0,0,1,0,차대차 - 측면직각충돌,신호위반,건조,맑음,교차로 - 교차로안,승용,여,28세,상해없음,이륜,남,61세,경상
2012062900100213,2012년 6월 29일 09시,금요일,대구광역시 서구 평리동,경상사고,0,0,1,0,차대차 - 측면직각충돌,신호위반,건조,맑음,교차로 - 교차로부근,자전거,남,23세,경상,화물,남,51세,상해없음
2012062900100239,2012년 6월 29일 10시,금요일,대구광역시 동구 방촌동,경상사고,0,0,1,0,차대사람 - 보도통행중,보행자보호의무위반,건조,맑음,단일로 - 횡단보도상,승용,남,32세,상해없음,보행자,여,55세,경상
2012062900100240,2012년 6월 29일 10시,금요일,대구광역시 수성구 범어동,경상사고,0,0,1,0,차대차 - 기타,안전운전불이행,건조,맑음,단일로 - 기타,승용,여,43세,상해없음,승용,여,50세,경상
2012062900100241,2012년 6월 29일 10시,금요일,대구광역시 중구 남산동,중상사고,0,1,0,0,차대차 - 측면직각충돌,안전운전불이행,건조,맑음,단일로 - 기타,화물,남,37세,상해없음,자전거,여,54세,중상
2012062900100356,2012년 6월 29일 14시,금요일,대구광역시 북구 침산동,중상사고,0,1,0,0,차대사람 - 차도통행중,안전운전불이행,건조,맑음,단일로 - 기타,승용,남,40세,상해없음,보행자,여,13세,중상
2012062900100357,2012년 6월 29일 14시,금요일,대구광역시 중구 서성로2가,경상사고,0,0,2,0,차대차 - 추돌 - 진행중,안전운전불이행,건조,맑음,단일로 - 기타,승용,남,65세,상해없음,승용,여,57세,경상
2012062900100358,2012년 6월 29일 14시,금요일,대구광역시 달서구 이곡동,경상사고,0,0,1,0,차대차 - 측면직각충돌,과속,건조,맑음,교차로 - 교차로안,화물,남,43세,상해없음,자전거,남,10세,경상
2012062900100359,2012년 6월 29일 14시,금요일,대구광역시 달서구 신당동,경상사고,0,0,1,0,차대사람 - 횡단중,신호위반,건조,흐림,단일로 - 횡단보도상,화물,남,50세,상해없음,보행자,여,9세,경상
2012062900100388,2012년 6월 29일 15시,금요일,대구광역시 북구 노원동3가,경상사고,0,0,2,0,차대차 - 측면직각충돌,안전거리미확보,건조,맑음,단일로 - 기타,승용,남,59세,경상,승용,여,46세,경상
2012062900100430,2012년 6월 29일 16시,금요일,대구광역시 달서구 본리동,경상사고,0,0,1,1,차대차 - 측면직각충돌,안전운전불이행,건조,맑음,단일로 - 기타,이륜,남,34세,부상신고,승용,남,41세,경상
2012062900100459,2012년 6월 29일 17시,금요일,대구광역시 남구 봉덕동,경상사고,0,0,1,0,차대차 - 추돌 - 주정차중,안전운전불이행,건조,맑음,교차로 - 교차로부근,승용,여,39세,상해없음,승용,여,43세,경상
2012062900100506,2012년 6월 29일 18시,금요일,대구광역시 달서구 송현동,경상사고,0,0,1,0,차대차 - 측면직각충돌,직진우회전진행방해,건조,맑음,교차로 - 교차로안,승용,여,47세,상해없음,이륜,남,36세,경상
2012062900100547,2012년 6월 29일 19시,금요일,대구광역시 남구 대명동,사망사고,1,0,0,0,차량단독 - 공작물충돌,안전운전불이행,건조,맑음,단일로 - 기타,이륜,남,74세,사망,,,,
2012062900100548,2012년 6월 29일 19시,금요일,대구광역시 수성구 수성동1가,경상사고,0,0,1,0,차대사람 - 횡단중,보행자보호의무위반,건조,맑음,교차로 - 교차로안,승용,남,26세,상해없음,보행자,남,6세,경상
2012062900100549,2012년 6월 29일 19시,금요일,대구광역시 달서구 신당동,경상사고,0,0,1,0,차대사람 - 기타,안전운전불이행,건조,맑음,교차로 - 교차로부근,이륜,남,22세,상해없음,보행자,남,21세,경상
2012062900100595,2012년 6월 29일 20시,금요일,대구광역시 달성군 논공읍,경상사고,0,0,1,0,차대사람 - 기타,안전운전불이행,건조,맑음,단일로 - 기타,승용,남,44세,상해없음,보행자,남,7세,경상
2012062900100596,2012년 6월 29일 20시,금요일,대구광역시 서구 비산동,경상사고,0,0,1,0,차대차 - 측면직각충돌,안전운전불이행,건조,맑음,교차로 - 교차로부근,승용,남,57세,상해없음,자전거,여,54세,경상
2012062900100597,2012년 6월 29일 20시,금요일,대구광역시 달서구 본리동,경상사고,0,0,1,0,차대사람 - 기타,안전운전불이행,건조,맑음,단일로 - 기타,승용,남,51세,상해없음,보행자,남,60세,경상
2012062900100598,2012년 6월 29일 20시,금요일,대구광역시 달서구 용산동,경상사고,0,0,1,0,차대차 - 추돌 - 주정차중,안전운전불이행,건조,맑음,단일로 - 기타,승용,여,54세,상해없음,승용,남,32세,경상
2012062900100659,2012년 6월 29일 21시,금요일,대구광역시 동구 신암동,경상사고,0,0,2,0,차대차 - 기타,안전운전불이행,건조,맑음,단일로 - 기타,승합,남,48세,상해없음,화물,남,40세,경상
2012062900100660,2012년 6월 29일 21시,금요일,대구광역시 달서구 월암동,경상사고,0,0,1,0,차대차 - 추돌 - 진행중,안전거리미확보,습기,비,단일로 - 기타,승용,남,25세,상해없음,승용,남,46세,경상
2012062900100661,2012년 6월 29일 21시,금요일,대구광역시 북구 학정동,경상사고,0,0,1,0,차대차 - 기타,교차로운행방법위반,습기,흐림,교차로 - 교차로안,승합,남,39세,상해없음,자전거,여,27세,경상
2012062900100740,2012년 6월 29일 22시,금요일,대구광역시 수성구 시지동,중상사고,0,1,0,0,차대사람 - 횡단중,보행자보호의무위반,습기,비,교차로 - 교차로부근,승용,남,44세,상해없음,보행자,남,46세,중상
2012062900100741,2012년 6월 29일 22시,금요일,대구광역시 달서구 상인동,부상신고사고,0,0,0,1,차대차 - 측면직각충돌,신호위반,습기,비,교차로 - 교차로안,승용,여,50세,상해없음,원동기,남,25세,부상신고
2012062900100742,2012년 6월 29일 22시,금요일,대구광역시 북구 노원동2가,경상사고,0,0,3,0,차대차 - 기타,안전거리미확보,습기,비,단일로 - 기타,승용,남,44세,상해없음,승용,남,29세,경상
2012062900100816,2012년 6월 29일 23시,금요일,대구광역시 수성구 두산동,경상사고,0,0,2,0,차대차 - 추돌 - 진행중,안전운전불이행,습기,비,단일로 - 기타,승용,남,37세,상해없음,승용,남,57세,경상
2012063000100037,2012년 6월 30일 00시,토요일,대구광역시 달서구 갈산동,중상사고,0,1,0,0,차대사람 - 기타,보행자보호의무위반,건조,맑음,단일로 - 횡단보도상,화물,남,46세,상해없음,보행자,여,21세,중상
2012063000100149,2012년 6월 30일 02시,토요일,대구광역시 달서구 송현동,경상사고,0,0,1,0,차대차 - 측면직각충돌,안전운전불이행,건조,맑음,단일로 - 기타,승용,남,22세,상해없음,승용,남,37세,경상
2012063000100183,2012년 6월 30일 03시,토요일,대구광역시 달서구 월암동,중상사고,0,4,0,0,차대차 - 추돌 - 주정차중,안전운전불이행,건조,맑음,교차로 - 교차로부근,승용,남,32세,중상,승용,남,44세,중상
2012063000100184,2012년 6월 30일 03시,토요일,대구광역시 달서구 송현동,경상사고,0,0,1,0,차대차 - 기타,직진우회전진행방해,습기,비,단일로 - 기타,승합,남,40세,상해없음,승용,남,43세,경상
2012063000100272,2012년 6월 30일 07시,토요일,대구광역시 북구 침산동,중상사고,0,1,0,0,차대사람 - 기타,안전운전불이행,습기,비,단일로 - 기타,원동기,남,65세,상해없음,보행자,여,45세,중상
2012063000100273,2012년 6월 30일 07시,토요일,대구광역시 달서구 감삼동,경상사고,0,0,2,0,차대차 - 측면직각충돌,안전운전불이행,건조,맑음,교차로 - 교차로부근,승용,남,23세,상해없음,승용,남,53세,기타불명
2012063000100293,2012년 6월 30일 08시,토요일,대구광역시 동구 신암동,중상사고,0,1,0,0,차대차 - 기타,신호위반,습기,비,단일로 - 기타,승용,남,42세,상해없음,원동기,남,72세,중상
2012063000100294,2012년 6월 30일 08시,토요일,대구광역시 서구 중리동,중상사고,0,1,0,0,차대사람 - 횡단중,안전운전불이행,건조,맑음,단일로 - 기타,승용,남,51세,상해없음,보행자,여,61세,중상
2012063000100317,2012년 6월 30일 09시,토요일,대구광역시 동구 율하동,중상사고,0,1,0,0,차대차 - 측면직각충돌,안전운전불이행,건조,맑음,교차로 - 교차로안,승용,남,49세,상해없음,자전거,남,9세,중상
2012063000100318,2012년 6월 30일 09시,토요일,대구광역시 북구 동천동,중상사고,0,2,0,1,차대차 - 추돌 - 진행중,신호위반,건조,맑음,교차로 - 교차로안,승용,남,63세,부상신고,승용,남,50세,중상
2012063000100319,2012년 6월 30일 09시,토요일,대구광역시 북구 동천동,중상사고,0,2,1,2,차대차 - 추돌 - 진행중,차로위반,습기,비,단일로 - 기타,승용,남,33세,부상신고,승용,남,29세,상해없음
2012063000100320,2012년 6월 30일 09시,토요일,대구광역시 서구 평리동,경상사고,0,0,2,0,차대차 - 추돌 - 진행중,안전운전불이행,습기,비,단일로 - 횡단보도부근,승용,여,43세,상해없음,승용,남,25세,경상
2012063000100321,2012년 6월 30일 09시,토요일,대구광역시 중구 동산동,경상사고,0,0,1,0,차대차 - 추돌 - 주정차중,안전운전불이행,건조,맑음,교차로 - 교차로부근,승용,남,30세,상해없음,승용,남,46세,경상
2012063000100344,2012년 6월 30일 10시,토요일,대구광역시 동구 효목동,중상사고,0,1,0,0,차대차 - 기타,안전거리미확보,습기,비,단일로 - 기타,승용,남,31세,상해없음,이륜,남,58세,중상
2012063000100366,2012년 6월 30일 11시,토요일,대구광역시 동구 신천동,중상사고,0,1,0,0,차대차 - 측면직각충돌,안전운전불이행,습기,비,단일로 - 기타,화물,남,72세,상해없음,이륜,남,63세,중상
2012063000100367,2012년 6월 30일 11시,토요일,대구광역시 달서구 상인동,경상사고,0,0,2,0,차대차 - 기타,직진우회전진행방해,건조,맑음,교차로 - 교차로안,화물,남,32세,상해없음,승용,여,52세,경상
2012063000100396,2012년 6월 30일 12시,토요일,대구광역시 달서구 본동,경상사고,0,0,1,0,차대사람 - 횡단중,안전운전불이행,건조,맑음,단일로 - 기타,승용,남,63세,상해없음,보행자,남,9세,경상
2012063000100415,2012년 6월 30일 13시,토요일,대구광역시 달서구 진천동,중상사고,0,1,0,0,차대사람 - 기타,안전운전불이행,건조,흐림,단일로 - 기타,승용,기타불명,기타불명,기타불명,보행자,여,42세,중상
2012063000100416,2012년 6월 30일 13시,토요일,대구광역시 서구 비산동,부상신고사고,0,0,0,1,차대차 - 측면직각충돌,안전운전불이행,건조,흐림,교차로 - 교차로부근,이륜,남,16세,부상신고,승용,여,42세,상해없음
2012063000100445,2012년 6월 30일 14시,토요일,대구광역시 수성구 신매동,경상사고,0,0,1,0,차대차 - 기타,안전운전불이행,습기,비,단일로 - 기타,승용,남,53세,상해없음,이륜,남,33세,경상
2012063000100509,2012년 6월 30일 16시,토요일,대구광역시 수성구 지산동,경상사고,0,0,1,0,차대차 - 측면직각충돌,교차로운행방법위반,습기,비,교차로 - 교차로안,승용,여,58세,상해없음,승용,여,24세,경상
2012063000100510,2012년 6월 30일 16시,토요일,대구광역시 달성군 가창면,경상사고,0,0,2,0,차대차 - 추돌 - 주정차중,안전운전불이행,습기,비,단일로 - 기타,승용,여,51세,상해없음,승용,여,29세,경상
2012063000100511,2012년 6월 30일 16시,토요일,대구광역시 서구 평리동,중상사고,0,1,0,0,차대사람 - 횡단중,안전운전불이행,습기,비,교차로 - 교차로부근,화물,남,40세,상해없음,보행자,여,82세,중상
2012063000100550,2012년 6월 30일 17시,토요일,대구광역시 동구 신천동,경상사고,0,0,1,0,차대차 - 측면직각충돌,안전운전불이행,습기,비,단일로 - 기타,승용,여,69세,상해없음,자전거,남,16세,경상
2012063000100551,2012년 6월 30일 17시,토요일,대구광역시 달성군 다사읍,경상사고,0,0,4,0,차대차 - 추돌 - 주정차중,안전운전불이행,습기,비,단일로 - 기타,승용,남,76세,기타불명,승용,남,50세,경상
2012063000100552,2012년 6월 30일 17시,토요일,대구광역시 달서구 용산동,부상신고사고,0,0,0,1,차대차 - 기타,안전운전불이행,습기,비,단일로 - 횡단보도상,이륜,기타불명,기타불명,기타불명,자전거,남,12세,부상신고
2012063000100581,2012년 6월 30일 18시,토요일,대구광역시 동구 신암동,경상사고,0,0,1,0,차대사람 - 길가장자리구역통행중,안전운전불이행,습기,비,단일로 - 기타,승용,남,40세,상해없음,보행자,여,15세,경상
2012063000100582,2012년 6월 30일 18시,토요일,대구광역시 수성구 신매동,부상신고사고,0,0,0,1,차대차 - 추돌 - 주정차중,안전운전불이행,건조,맑음,단일로 - 기타,이륜,남,16세,부상신고,승용,남,49세,상해없음
2012063000100583,2012년 6월 30일 18시,토요일,대구광역시 수성구 연호동,중상사고,0,1,1,0,차대차 - 추돌 - 진행중,안전거리미확보,건조,맑음,단일로 - 기타,승용,남,20세,상해없음,승용,남,26세,중상
2012063000100584,2012년 6월 30일 18시,토요일,대구광역시 달서구 진천동,경상사고,0,0,1,0,차대차 - 측면직각충돌,안전운전불이행,건조,맑음,교차로 - 교차로부근,승용,남,70세,상해없음,승용,남,54세,경상
2012063000100621,2012년 6월 30일 19시,토요일,대구광역시 남구 대명동,경상사고,0,0,3,1,차대차 - 측면직각충돌,직진우회전진행방해,건조,맑음,교차로 - 교차로안,승용,여,42세,부상신고,승용,남,55세,경상
2012063000100622,2012년 6월 30일 19시,토요일,대구광역시 동구 효목동,경상사고,0,0,1,0,차대차 - 기타,신호위반,습기,비,교차로 - 교차로안,승용,여,51세,상해없음,승용,남,55세,경상
2012063000100624,2012년 6월 30일 19시,토요일,대구광역시 북구 산격동,중상사고,0,1,0,0,차량단독 - 기타,안전운전불이행,건조,맑음,단일로 - 기타,승합,남,50세,상해없음,,,,
2012063000100625,2012년 6월 30일 19시,토요일,대구광역시 서구 평리동,경상사고,0,0,1,0,차대차 - 측면직각충돌,신호위반,습기,비,단일로 - 횡단보도상,승용,여,42세,상해없음,이륜,남,25세,경상
2012063000100626,2012년 6월 30일 19시,토요일,대구광역시 달서구 용산동,중상사고,0,1,0,0,차대차 - 측면직각충돌,안전운전불이행,습기,비,단일로 - 기타,이륜,남,17세,중상,승용,남,47세,상해없음
2012063000100668,2012년 6월 30일 20시,토요일,대구광역시 수성구 범어동,경상사고,0,0,1,0,차대차 - 추돌 - 진행중,안전운전불이행,건조,맑음,단일로 - 기타,승용,남,46세,상해없음,승용,여,44세,경상
2012063000100669,2012년 6월 30일 20시,토요일,대구광역시 수성구 중동,경상사고,0,0,1,0,차대차 - 측면직각충돌,안전운전불이행,건조,맑음,교차로 - 교차로안,승용,여,50세,상해없음,승용,남,36세,경상
2012063000100670,2012년 6월 30일 20시,토요일,대구광역시 달서구 송현동,경상사고,0,0,1,0,차대차 - 측면직각충돌,안전거리미확보,습기,비,교차로 - 교차로부근,화물,남,51세,상해없음,승용,여,47세,경상
2012063000100671,2012년 6월 30일 20시,토요일,대구광역시 북구 서변동,경상사고,0,0,1,0,차대차 - 기타,안전운전불이행,습기,비,단일로 - 기타,승합,남,53세,기타불명,승용,남,40세,경상
2012063000100672,2012년 6월 30일 20시,토요일,대구광역시 북구 서변동,중상사고,0,1,0,0,차대사람 - 기타,안전운전불이행,습기,비,단일로 - 기타,화물,남,60세,상해없음,보행자,남,66세,중상
2012063000100673,2012년 6월 30일 20시,토요일,대구광역시 서구 내당동,중상사고,0,1,0,0,차대사람 - 횡단중,보행자보호의무위반,습기,비,단일로 - 횡단보도상,화물,남,52세,상해없음,보행자,남,58세,중상
2012063000100725,2012년 6월 30일 21시,토요일,대구광역시 동구 신천동,중상사고,0,2,1,0,차대차 - 추돌 - 진행중,신호위반,습기,비,교차로 - 교차로부근,승용,남,30세,상해없음,승용,남,52세,중상
2012063000100726,2012년 6월 30일 21시,토요일,대구광역시 북구 복현동,경상사고,0,0,2,0,차대차 - 기타,안전운전불이행,습기,비,단일로 - 기타,승용,남,42세,상해없음,승용,남,33세,경상
2012063000100727,2012년 6월 30일 21시,토요일,대구광역시 중구 남산동,경상사고,0,0,2,0,차대차 - 기타,안전거리미확보,습기,비,단일로 - 기타,승용,남,37세,상해없음,승용,남,26세,경상
2012063000100775,2012년 6월 30일 22시,토요일,대구광역시 남구 봉덕동,중상사고,0,1,3,0,차대차 - 추돌 - 진행중,안전거리미확보,습기,비,단일로 - 기타,승용,남,59세,상해없음,승용,남,29세,상해없음
2012063000100776,2012년 6월 30일 22시,토요일,대구광역시 동구 신암동,경상사고,0,0,1,0,차대차 - 추돌 - 주정차중,안전운전불이행,습기,비,교차로 - 교차로부근,승용,기타불명,기타불명,기타불명,승용,남,54세,경상
2012063000100777,2012년 6월 30일 22시,토요일,대구광역시 달서구 상인동,경상사고,0,0,4,0,차대차 - 추돌 - 주정차중,안전운전불이행,습기,비,교차로 - 교차로안,승용,남,57세,상해없음,승용,남,47세,경상
2012063000100811,2012년 6월 30일 23시,토요일,대구광역시 달서구 송현동,중상사고,0,1,1,0,차대차 - 측면직각충돌,안전운전불이행,습기,비,단일로 - 기타,승용,남,34세,상해없음,승용,남,32세,상해없음
2012063000100812,2012년 6월 30일 23시,토요일,대구광역시 북구 태전동,부상신고사고,0,0,0,1,차대사람 - 기타,안전운전불이행,습기,비,단일로 - 기타,승용,남,29세,상해없음,보행자,남,45세,부상신고
2012063000100813,2012년 6월 30일 23시,토요일,대구광역시 달서구 본리동,중상사고,0,1,1,0,차대차 - 기타,교차로운행방법위반,습기,비,교차로 - 교차로안,승용,남,52세,경상,승합,남,41세,중상
2012070100100021,2012년 7월 1일 00시,일요일,대구광역시 남구 대명동,경상사고,0,0,1,0,차대차 - 추돌 - 주정차중,안전거리미확보,습기,비,단일로 - 기타,승용,남,42세,상해없음,승용,남,42세,상해없음
2012070100100022,2012년 7월 1일 00시,일요일,대구광역시 동구 율하동,경상사고,0,0,1,0,차대차 - 정면충돌,안전운전불이행,습기,비,교차로 - 교차로안,승용,남,59세,상해없음,승용,남,48세,상해없음
2012070100100023,2012년 7월 1일 00시,일요일,대구광역시 동구 방촌동,경상사고,0,0,2,0,차대차 - 기타,중앙선침범,습기,비,교차로 - 교차로부근,승용,여,49세,상해없음,승용,여,51세,경상
2012070100100024,2012년 7월 1일 00시,일요일,대구광역시 달서구 이곡동,경상사고,0,0,1,0,차대차 - 측면직각충돌,중앙선침범,습기,비,단일로 - 기타,승용,남,40세,상해없음,승용,여,48세,경상
2012070100100025,2012년 7월 1일 00시,일요일,대구광역시 달서구 두류동,경상사고,0,0,1,0,차대사람 - 기타,보행자보호의무위반,습기,비,교차로 - 교차로안,승용,남,35세,상해없음,보행자,남,23세,경상
2012070100100050,2012년 7월 1일 01시,일요일,대구광역시 동구 신천동,중상사고,0,1,1,0,차대차 - 정면충돌,안전운전불이행,습기,비,단일로 - 기타,승용,남,36세,상해없음,승용,남,46세,중상
2012070100100051,2012년 7월 1일 01시,일요일,대구광역시 수성구 매호동,부상신고사고,0,0,0,1,차대차 - 측면직각충돌,직진우회전진행방해,습기,비,교차로 - 교차로안,승용,남,23세,상해없음,이륜,남,17세,부상신고
2012070100100052,2012년 7월 1일 01시,일요일,대구광역시 달서구 월성동,부상신고사고,0,0,0,1,차량단독 - 공작물충돌,안전운전불이행,습기,비,단일로 - 기타,승용,남,74세,부상신고,,,,
2012070100100053,2012년 7월 1일 01시,일요일,대구광역시 북구 복현동,중상사고,0,1,0,0,차대차 - 측면직각충돌,교차로운행방법위반,습기,비,교차로 - 교차로안,승용,남,59세,상해없음,이륜,남,54세,중상
2012070100100076,2012년 7월 1일 02시,일요일,대구광역시 북구 복현동,중상사고,0,1,0,0,차대차 - 정면충돌,안전거리미확보,습기,비,단일로 - 기타,승용,남,28세,상해없음,승용,남,25세,중상
2012070100100095,2012년 7월 1일 04시,일요일,대구광역시 달서구 용산동,경상사고,0,0,2,0,차대차 - 측면직각충돌,신호위반,건조,흐림,교차로 - 교차로안,승용,남,39세,상해없음,승용,남,41세,경상
2012070100100110,2012년 7월 1일 05시,일요일,대구광역시 달성군 옥포면,경상사고,0,0,1,0,차대차 - 기타,안전운전불이행,습기,맑음,교차로 - 교차로부근,화물,남,60세,상해없음,자전거,여,71세,경상
2012070100100143,2012년 7월 1일 08시,일요일,대구광역시 동구 신암동,경상사고,0,0,1,0,차대차 - 측면직각충돌,안전운전불이행,건조,맑음,단일로 - 기타,승용,남,52세,상해없음,승용,여,38세,경상
2012070100100177,2012년 7월 1일 10시,일요일,대구광역시 중구 삼덕동1가,사망사고,1,0,0,0,차대차 - 측면직각충돌,안전운전불이행,건조,맑음,단일로 - 기타,승용,남,56세,상해없음,자전거,남,82세,사망
2012070100100235,2012년 7월 1일 13시,일요일,대구광역시 북구 산격동,중상사고,0,1,0,0,차대차 - 정면충돌,신호위반,건조,맑음,교차로 - 교차로안,승용,남,29세,상해없음,승용,남,31세,중상