사고번호,사고일시,요일,시군구,사고내용,사망자수,중상자수,경상자수,부상신고자수,사고유형,법규위반,노면상태,기상상태,도로형태,가해운전자 차종,가해운전자 성별,가해운전자 연령,가해운전자 상해정도,피해운전자 차종,피해운전자 성별,피해운전자 연령,피해운전자 상해정도
2012070100100263,2012년 7월 1일 14시,일요일,대구광역시 북구 구암동,사망사고,1,0,0,0,차대차 - 측면직각충돌,안전운전불이행,건조,맑음,단일로 - 횡단보도부근,승용,남,47세,상해없음,자전거,여,52세,사망
2012070100100264,2012년 7월 1일 14시,일요일,대구광역시 서구 내당동,경상사고,0,0,6,0,차대차 - 기타,안전운전불이행,건조,맑음,단일로 - 기타,승용,여,32세,경상,승용,남,52세,상해없음
2012070100100296,2012년 7월 1일 15시,일요일,대구광역시 서구 내당동,중상사고,0,1,0,0,차대차 - 측면직각충돌,안전운전불이행,건조,맑음,단일로 - 기타,화물,남,52세,상해없음,자전거,남,36세,중상
2012070100100331,2012년 7월 1일 16시,일요일,대구광역시 수성구 범물동,중상사고,0,1,0,0,차대사람 - 기타,안전운전불이행,건조,맑음,단일로 - 기타,승용,여,52세,상해없음,보행자,여,55세,중상
2012070100100388,2012년 7월 1일 18시,일요일,대구광역시 동구 신천동,경상사고,0,0,1,0,차대차 - 측면직각충돌,안전운전불이행,건조,맑음,단일로 - 기타,이륜,남,17세,상해없음,승용,남,57세,경상
2012070100100389,2012년 7월 1일 18시,일요일,대구광역시 수성구 황금동,중상사고,0,1,0,0,차대차 - 측면직각충돌,안전운전불이행,건조,맑음,단일로 - 기타,승용,남,40세,상해없음,이륜,남,21세,중상
2012070100100390,2012년 7월 1일 18시,일요일,대구광역시 달서구 본동,중상사고,0,1,0,0,차대차 - 추돌 - 주정차중,안전운전불이행,건조,맑음,교차로 - 교차로안,이륜,남,16세,중상,승용,남,70세,기타불명
2012070100100414,2012년 7월 1일 19시,일요일,대구광역시 달서구 성당동,부상신고사고,0,0,0,1,차대차 - 측면직각충돌,안전거리미확보,건조,맑음,단일로 - 기타,원동기,남,50세,부상신고,승용,여,55세,상해없음
2012070100100445,2012년 7월 1일 20시,일요일,대구광역시 달성군 가창면,경상사고,0,0,1,0,차대차 - 추돌 - 주정차중,안전운전불이행,건조,맑음,단일로 - 기타,승용,남,31세,상해없음,승합,남,52세,경상
2012070100100473,2012년 7월 1일 21시,일요일,대구광역시 달서구 본리동,경상사고,0,0,1,0,차대차 - 추돌 - 진행중,안전운전불이행,건조,맑음,단일로 - 기타,승용,여,31세,상해없음,승용,남,54세,경상
2012070100100491,2012년 7월 1일 22시,일요일,대구광역시 남구 봉덕동,경상사고,0,0,5,0,차량단독 - 공작물충돌,안전운전불이행,건조,맑음,단일로 - 기타,승용,남,18세,경상,,,,
2012070200100009,2012년 7월 2일 00시,월요일,대구광역시 달서구 송현동,경상사고,0,0,4,0,차대차 - 추돌 - 진행중,안전거리미확보,건조,맑음,단일로 - 기타,승용,남,22세,상해없음,승용,남,19세,경상
2012070200100054,2012년 7월 2일 05시,월요일,대구광역시 동구 신천동,중상사고,0,1,0,0,차대사람 - 기타,안전운전불이행,건조,맑음,교차로 - 교차로안,화물,남,28세,상해없음,보행자,여,72세,중상
2012070200100082,2012년 7월 2일 07시,월요일,대구광역시 수성구 범어동,경상사고,0,0,1,0,차대차 - 기타,안전운전불이행,건조,맑음,단일로 - 기타,승용,남,54세,상해없음,자전거,남,24세,경상
2012070200100083,2012년 7월 2일 07시,월요일,대구광역시 서구 내당동,경상사고,0,0,1,0,차대사람 - 보도통행중,보행자보호의무위반,건조,맑음,단일로 - 횡단보도상,승용,남,58세,상해없음,보행자,남,69세,경상
2012070200100084,2012년 7월 2일 07시,월요일,대구광역시 중구 대봉동,경상사고,0,0,1,0,차대차 - 기타,안전거리미확보,건조,맑음,단일로 - 기타,승용,여,54세,상해없음,승용,남,56세,경상
2012070200100111,2012년 7월 2일 08시,월요일,대구광역시 수성구 수성동1가,중상사고,0,1,0,0,차대차 - 기타,안전운전불이행,건조,맑음,교차로 - 교차로안,승용,여,21세,기타불명,자전거,남,73세,중상
2012070200100112,2012년 7월 2일 08시,월요일,대구광역시 북구 매천동,경상사고,0,0,1,0,차대차 - 추돌 - 주정차중,안전운전불이행,건조,맑음,단일로 - 기타,승용,남,65세,상해없음,승용,여,28세,경상
2012070200100113,2012년 7월 2일 08시,월요일,대구광역시 달서구 용산동,중상사고,0,1,2,0,차대차 - 측면직각충돌,안전거리미확보,건조,맑음,단일로 - 기타,승용,여,42세,상해없음,화물,여,46세,경상
2012070200100114,2012년 7월 2일 08시,월요일,대구광역시 달서구 두류동,중상사고,0,1,0,0,차대차 - 추돌 - 진행중,안전운전불이행,건조,맑음,기타 - 기타,승용,여,29세,기타불명,승용,남,69세,상해없음
2012070200100140,2012년 7월 2일 09시,월요일,대구광역시 남구 대명동,경상사고,0,0,1,0,차대차 - 기타,안전운전불이행,건조,맑음,단일로 - 기타,승용,여,41세,상해없음,이륜,남,42세,경상
2012070200100141,2012년 7월 2일 09시,월요일,대구광역시 수성구 범어동,중상사고,0,1,0,0,차대사람 - 횡단중,보행자보호의무위반,건조,맑음,교차로 - 교차로안,승용,남,61세,상해없음,보행자,남,70세,중상
2012070200100142,2012년 7월 2일 09시,월요일,대구광역시 수성구 대흥동,중상사고,0,1,0,0,차대차 - 추돌 - 주정차중,안전운전불이행,건조,맑음,단일로 - 기타,화물,남,37세,상해없음,승용,남,30세,중상
2012070200100143,2012년 7월 2일 09시,월요일,대구광역시 수성구 황금동,경상사고,0,0,11,0,차대차 - 측면직각충돌,신호위반,건조,맑음,교차로 - 교차로안,승용,남,58세,상해없음,승합,남,63세,경상
2012070200100144,2012년 7월 2일 09시,월요일,대구광역시 서구 내당동,중상사고,0,1,0,0,차대사람 - 기타,보행자보호의무위반,건조,맑음,교차로 - 교차로안,자전거,남,25세,상해없음,보행자,여,65세,중상
2012070200100145,2012년 7월 2일 09시,월요일,대구광역시 중구 대봉동,중상사고,0,1,1,0,차대차 - 측면직각충돌,안전거리미확보,건조,맑음,단일로 - 기타,승용,남,60세,상해없음,승용,남,24세,경상
2012070200100168,2012년 7월 2일 10시,월요일,대구광역시 수성구 범어동,중상사고,0,1,0,0,차대차 - 측면직각충돌,안전거리미확보,건조,맑음,교차로 - 교차로부근,승용,남,45세,상해없음,이륜,남,41세,중상
2012070200100169,2012년 7월 2일 10시,월요일,대구광역시 북구 매천동,중상사고,0,1,0,0,차대차 - 추돌 - 진행중,안전운전불이행,건조,맑음,단일로 - 기타,승용,남,68세,상해없음,이륜,남,45세,중상
2012070200100207,2012년 7월 2일 11시,월요일,대구광역시 동구 불로동,중상사고,0,1,0,0,차대차 - 기타,안전거리미확보,건조,맑음,단일로 - 기타,건설기계,남,52세,상해없음,승용,여,25세,중상
2012070200100208,2012년 7월 2일 11시,월요일,대구광역시 서구 원대동1가,경상사고,0,0,1,0,차대차 - 측면직각충돌,안전운전불이행,건조,맑음,단일로 - 기타,승용,남,39세,상해없음,자전거,남,55세,경상
2012070200100263,2012년 7월 2일 13시,월요일,대구광역시 중구 달성동,중상사고,0,1,0,0,차대차 - 측면직각충돌,안전운전불이행,건조,맑음,단일로 - 기타,화물,남,43세,상해없음,이륜,여,47세,중상
2012070200100296,2012년 7월 2일 14시,월요일,대구광역시 달성군 논공읍,경상사고,0,0,1,0,차대차 - 측면직각충돌,안전운전불이행,건조,맑음,교차로 - 교차로안,화물,남,54세,상해없음,화물,남,38세,경상
2012070200100297,2012년 7월 2일 14시,월요일,대구광역시 북구 고성동3가,부상신고사고,0,0,0,1,차대차 - 측면직각충돌,안전운전불이행,건조,맑음,교차로 - 교차로부근,이륜,남,26세,부상신고,화물,남,31세,상해없음
2012070200100333,2012년 7월 2일 15시,월요일,대구광역시 서구 비산동,경상사고,0,0,1,0,차대차 - 측면직각충돌,차로위반,건조,맑음,교차로 - 교차로부근,승용,남,37세,상해없음,승합,남,58세,상해없음
2012070200100373,2012년 7월 2일 16시,월요일,대구광역시 수성구 범어동,경상사고,0,0,1,0,차대사람 - 기타,안전운전불이행,건조,맑음,단일로 - 횡단보도부근,승용,남,34세,상해없음,보행자,남,10세,경상
2012070200100374,2012년 7월 2일 16시,월요일,대구광역시 수성구 범어동,경상사고,0,0,2,0,차대차 - 측면직각충돌,안전운전불이행,건조,맑음,단일로 - 기타,승용,남,67세,상해없음,승합,남,37세,경상
2012070200100375,2012년 7월 2일 16시,월요일,대구광역시 수성구 범어동,중상사고,0,1,0,0,차대차 - 추돌 - 진행중,안전운전불이행,건조,맑음,교차로 - 교차로안,승용,남,49세,상해없음,승용,여,35세,중상
2012070200100376,2012년 7월 2일 16시,월요일,대구광역시 달성군 화원읍,경상사고,0,0,3,0,차대차 - 기타,안전운전불이행,건조,맑음,단일로 - 기타,승용,남,64세,상해없음,승용,남,39세,경상
2012070200100377,2012년 7월 2일 16시,월요일,대구광역시 중구 동인동3가,경상사고,0,0,1,0,차대차 - 기타,안전운전불이행,건조,맑음,교차로 - 교차로부근,승용,남,57세,상해없음,승용,남,31세,경상
2012070200100378,2012년 7월 2일 16시,월요일,대구광역시 달서구 본리동,중상사고,0,1,0,0,차대차 - 측면직각충돌,신호위반,건조,맑음,교차로 - 교차로안,승용,남,68세,상해없음,승용,남,59세,중상
2012070200100413,2012년 7월 2일 17시,월요일,대구광역시 남구 봉덕동,중상사고,0,1,0,0,차대차 - 추돌 - 진행중,안전운전불이행,건조,맑음,교차로 - 교차로부근,승합,남,29세,상해없음,승용,남,71세,중상
2012070200100414,2012년 7월 2일 17시,월요일,대구광역시 남구 대명동,경상사고,0,0,2,0,차대차 - 추돌 - 진행중,안전운전불이행,건조,맑음,단일로 - 기타,승합,남,58세,상해없음,승용,남,50세,경상
2012070200100415,2012년 7월 2일 17시,월요일,대구광역시 북구 칠성동2가,중상사고,0,1,0,0,차대사람 - 기타,중앙선침범,건조,맑음,단일로 - 기타,승용,남,44세,상해없음,보행자,여,76세,중상
2012070200100416,2012년 7월 2일 17시,월요일,대구광역시 달서구 죽전동,경상사고,0,0,1,0,차대차 - 추돌 - 주정차중,안전운전불이행,건조,맑음,단일로 - 기타,승용,남,37세,상해없음,승용,여,47세,경상
2012070200100417,2012년 7월 2일 17시,월요일,대구광역시 달서구 장기동,중상사고,0,1,0,0,차대사람 - 기타,안전운전불이행,건조,맑음,단일로 - 기타,승용,여,54세,상해없음,보행자,남,17세,중상
2012070200100449,2012년 7월 2일 18시,월요일,대구광역시 동구 율하동,경상사고,0,0,1,0,차대차 - 기타,안전운전불이행,건조,맑음,기타 - 기타,승용,여,38세,상해없음,자전거,남,9세,경상
2012070200100450,2012년 7월 2일 18시,월요일,대구광역시 달성군 다사읍,경상사고,0,0,1,0,차대차 - 기타,안전운전불이행,건조,맑음,교차로 - 교차로부근,승용,남,56세,상해없음,승용,여,50세,경상
2012070200100451,2012년 7월 2일 18시,월요일,대구광역시 달서구 갈산동,경상사고,0,0,1,0,차대차 - 기타,안전운전불이행,건조,맑음,단일로 - 기타,이륜,남,46세,경상,화물,남,27세,상해없음
2012070200100482,2012년 7월 2일 19시,월요일,대구광역시 수성구 범어동,경상사고,0,0,1,0,차대차 - 측면직각충돌,안전거리미확보,건조,맑음,교차로 - 교차로부근,승용,남,44세,상해없음,승용,여,41세,경상
2012070200100483,2012년 7월 2일 19시,월요일,대구광역시 북구 구암동,경상사고,0,0,2,0,차대차 - 측면직각충돌,안전운전불이행,건조,맑음,교차로 - 교차로안,승용,남,21세,상해없음,승용,여,51세,경상
2012070200100484,2012년 7월 2일 19시,월요일,대구광역시 북구 칠성동1가,부상신고사고,0,0,0,1,차대차 - 추돌 - 주정차중,신호위반,건조,맑음,교차로 - 교차로부근,자전거,남,78세,부상신고,승용,남,47세,기타불명
2012070200100485,2012년 7월 2일 19시,월요일,대구광역시 북구 복현동,중상사고,0,1,0,0,차대사람 - 횡단중,보행자보호의무위반,건조,맑음,교차로 - 교차로부근,승용,남,26세,상해없음,보행자,남,56세,중상
2012070200100486,2012년 7월 2일 19시,월요일,대구광역시 중구 교동,경상사고,0,0,1,0,차대차 - 측면직각충돌,안전운전불이행,건조,맑음,단일로 - 기타,이륜,남,63세,상해없음,자전거,남,24세,경상
2012070200100516,2012년 7월 2일 20시,월요일,대구광역시 수성구 만촌동,중상사고,0,1,0,0,차량단독 - 기타,안전운전불이행,건조,맑음,단일로 - 기타,원동기,여,15세,상해없음,,,,
2012070200100517,2012년 7월 2일 20시,월요일,대구광역시 수성구 범어동,중상사고,0,1,0,0,차대차 - 기타,안전운전불이행,건조,맑음,단일로 - 기타,승용,남,45세,상해없음,자전거,여,43세,중상
2012070200100518,2012년 7월 2일 20시,월요일,대구광역시 달서구 진천동,경상사고,0,0,1,0,차대차 - 기타,안전운전불이행,건조,맑음,단일로 - 기타,기타불명,기타불명,기타불명,기타불명,화물,남,63세,경상
2012070200100519,2012년 7월 2일 20시,월요일,대구광역시 북구 노곡동,중상사고,0,1,0,0,차대사람 - 차도통행중,안전운전불이행,건조,맑음,단일로 - 기타,승용,남,45세,상해없음,보행자,남,55세,중상
2012070200100520,2012년 7월 2일 20시,월요일,대구광역시 달서구 본리동,경상사고,0,0,1,0,차대차 - 추돌 - 진행중,안전운전불이행,건조,맑음,단일로 - 기타,승용,남,56세,상해없음,자전거,남,12세,경상
2012070200100557,2012년 7월 2일 21시,월요일,대구광역시 수성구 만촌동,경상사고,0,0,1,0,차대차 - 측면직각충돌,안전운전불이행,건조,맑음,단일로 - 기타,승용,남,66세,상해없음,화물,남,55세,경상
2012070200100558,2012년 7월 2일 21시,월요일,대구광역시 북구 복현동,경상사고,0,0,1,0,차대차 - 추돌 - 진행중,안전운전불이행,건조,맑음,단일로 - 기타,승용,남,49세,상해없음,승용,남,45세,경상
2012070200100559,2012년 7월 2일 21시,월요일,대구광역시 북구 산격동,경상사고,0,0,1,0,차대차 - 측면직각충돌,안전운전불이행,건조,맑음,단일로 - 횡단보도부근,승용,남,49세,상해없음,자전거,남,16세,경상
2012070200100560,2012년 7월 2일 21시,월요일,대구광역시 달서구 두류동,경상사고,0,0,1,0,차대사람 - 보도통행중,기타,건조,맑음,단일로 - 기타,승합,남,32세,상해없음,보행자,남,53세,경상
2012070200100561,2012년 7월 2일 21시,월요일,대구광역시 달서구 두류동,경상사고,0,0,3,0,차대차 - 측면직각충돌,안전거리미확보,건조,맑음,단일로 - 기타,승용,남,29세,경상,승용,남,59세,경상
2012070200100590,2012년 7월 2일 22시,월요일,대구광역시 달성군 다사읍,중상사고,0,1,0,0,차대차 - 기타,신호위반,건조,맑음,교차로 - 교차로안,이륜,남,53세,중상,승용,남,26세,상해없음
2012070200100617,2012년 7월 2일 23시,월요일,대구광역시 북구 매천동,부상신고사고,0,0,0,1,차대차 - 기타,안전운전불이행,건조,맑음,교차로 - 교차로안,이륜,남,16세,상해없음,이륜,남,52세,부상신고
2012070200100618,2012년 7월 2일 23시,월요일,대구광역시 북구 산격동,중상사고,0,2,2,0,차대차 - 기타,신호위반,건조,맑음,교차로 - 교차로안,승용,여,40세,상해없음,승용,남,53세,중상
2012070200100619,2012년 7월 2일 23시,월요일,대구광역시 달서구 용산동,중상사고,0,1,0,0,차대사람 - 기타,안전운전불이행,건조,맑음,교차로 - 교차로안,승용,남,30세,상해없음,보행자,남,47세,중상
2012070300100011,2012년 7월 3일 00시,화요일,대구광역시 수성구 황금동,경상사고,0,0,1,0,차대차 - 추돌 - 주정차중,안전거리미확보,건조,맑음,단일로 - 기타,승용,여,22세,기타불명,승용,남,26세,경상
2012070300100012,2012년 7월 3일 00시,화요일,대구광역시 북구 고성동1가,부상신고사고,0,0,0,1,차대차 - 기타,신호위반,건조,맑음,교차로 - 교차로부근,자전거,남,32세,부상신고,승용,남,63세,상해없음
2012070300100013,2012년 7월 3일 00시,화요일,대구광역시 북구 복현동,경상사고,0,0,2,0,차대차 - 추돌 - 진행중,안전운전불이행,건조,맑음,교차로 - 교차로부근,화물,남,28세,상해없음,승용,여,51세,경상
2012070300100014,2012년 7월 3일 00시,화요일,대구광역시 서구 내당동,중상사고,0,1,0,0,차대차 - 정면충돌,신호위반,건조,맑음,교차로 - 교차로안,승용,남,57세,상해없음,이륜,남,23세,중상
2012070300100029,2012년 7월 3일 01시,화요일,대구광역시 북구 학정동,중상사고,0,1,0,0,차대차 - 측면직각충돌,직진우회전진행방해,건조,맑음,교차로 - 교차로안,승용,남,58세,상해없음,승용,남,38세,중상
2012070300100037,2012년 7월 3일 02시,화요일,대구광역시 수성구 수성동2가,경상사고,0,0,1,0,차대차 - 측면직각충돌,안전거리미확보,건조,맑음,단일로 - 기타,승용,남,37세,상해없음,승용,남,56세,경상
2012070300100038,2012년 7월 3일 02시,화요일,대구광역시 북구 침산동,경상사고,0,0,2,0,차대차 - 측면직각충돌,안전거리미확보,건조,맑음,단일로 - 기타,승용,남,28세,상해없음,승용,여,50세,경상
2012070300100092,2012년 7월 3일 07시,화요일,대구광역시 서구 평리동,부상신고사고,0,0,0,1,차대사람 - 기타,안전운전불이행,건조,맑음,교차로 - 교차로안,기타불명,기타불명,기타불명,기타불명,보행자,여,16세,부상신고
2012070300100132,2012년 7월 3일 08시,화요일,대구광역시 남구 봉덕동,경상사고,0,0,1,0,차대차 - 측면직각충돌,안전거리미확보,건조,맑음,단일로 - 기타,승용,남,57세,상해없음,화물,남,24세,경상
2012070300100133,2012년 7월 3일 08시,화요일,대구광역시 수성구 범어동,경상사고,0,0,2,0,차대차 - 기타,안전거리미확보,건조,맑음,단일로 - 기타,승용,남,52세,상해없음,승합,남,62세,경상
2012070300100134,2012년 7월 3일 08시,화요일,대구광역시 북구 복현동,중상사고,0,1,0,0,차대차 - 기타,안전운전불이행,건조,맑음,교차로 - 교차로부근,승용,여,44세,상해없음,자전거,남,34세,중상
2012070300100135,2012년 7월 3일 08시,화요일,대구광역시 중구 남산동,경상사고,0,0,1,0,차대차 - 측면직각충돌,안전운전불이행,건조,맑음,단일로 - 기타,승용,남,52세,상해없음,자전거,남,21세,경상
2012070300100136,2012년 7월 3일 08시,화요일,대구광역시 중구 하서동,경상사고,0,0,1,0,차대차 - 기타,안전거리미확보,건조,맑음,단일로 - 기타,승용,남,43세,상해없음,승합,남,42세,상해없음
2012070300100164,2012년 7월 3일 09시,화요일,대구광역시 수성구 지산동,경상사고,0,0,1,0,차대차 - 추돌 - 주정차중,안전운전불이행,건조,맑음,단일로 - 기타,승용,남,69세,상해없음,승용,여,52세,경상
2012070300100165,2012년 7월 3일 09시,화요일,대구광역시 수성구 상동,경상사고,0,0,1,0,차대차 - 추돌 - 주정차중,안전거리미확보,습기,비,단일로 - 기타,승용,남,61세,상해없음,승용,남,30세,경상
2012070300100166,2012년 7월 3일 09시,화요일,대구광역시 중구 달성동,중상사고,0,1,0,0,차량단독 - 공작물충돌,안전운전불이행,건조,맑음,단일로 - 기타,자전거,여,66세,중상,,,,
2012070300100193,2012년 7월 3일 10시,화요일,대구광역시 수성구 범어동,경상사고,0,0,1,0,차대사람 - 기타,안전운전불이행,건조,맑음,단일로 - 기타,원동기,남,36세,상해없음,보행자,남,21세,경상
2012070300100194,2012년 7월 3일 10시,화요일,대구광역시 달성군 논공읍,경상사고,0,0,2,0,차대차 - 측면직각충돌,안전운전불이행,건조,맑음,교차로 - 교차로부근,화물,남,65세,상해없음,승용,여,56세,경상
2012070300100195,2012년 7월 3일 10시,화요일,대구광역시 북구 관음동,경상사고,0,0,1,0,차대차 - 측면직각충돌,교차로운행방법위반,건조,맑음,교차로 - 교차로안,승용,여,47세,상해없음,승용,여,47세,경상
2012070300100196,2012년 7월 3일 10시,화요일,대구광역시 서구 평리동,경상사고,0,0,1,0,차량단독 - 기타,기타,건조,맑음,단일로 - 기타,승합,남,52세,상해없음,,,,
2012070300100218,2012년 7월 3일 11시,화요일,대구광역시 동구 신암동,경상사고,0,0,1,0,차대차 - 추돌 - 진행중,안전운전불이행,건조,맑음,교차로 - 교차로안,이륜,남,16세,상해없음,이륜,남,51세,경상
2012070300100248,2012년 7월 3일 12시,화요일,대구광역시 달서구 송현동,경상사고,0,0,1,0,차대차 - 측면직각충돌,교차로운행방법위반,건조,맑음,교차로 - 교차로안,승용,여,46세,상해없음,화물,남,25세,경상
2012070300100249,2012년 7월 3일 12시,화요일,대구광역시 서구 비산동,경상사고,0,0,3,0,차대차 - 추돌 - 진행중,안전거리미확보,건조,맑음,단일로 - 기타,승용,남,30세,상해없음,화물,남,34세,경상
2012070300100276,2012년 7월 3일 13시,화요일,대구광역시 동구 각산동,경상사고,0,0,1,0,차대차 - 추돌 - 진행중,안전운전불이행,건조,맑음,단일로 - 기타,승용,남,42세,상해없음,자전거,여,62세,경상
2012070300100277,2012년 7월 3일 13시,화요일,대구광역시 달서구 도원동,경상사고,0,0,1,0,차대차 - 기타,차로위반,건조,맑음,교차로 - 교차로부근,승용,여,43세,상해없음,이륜,남,38세,경상
2012070300100278,2012년 7월 3일 13시,화요일,대구광역시 달서구 성당동,경상사고,0,0,3,0,차량단독 - 기타,안전운전불이행,건조,맑음,단일로 - 기타,화물,남,46세,상해없음,,,,
2012070300100311,2012년 7월 3일 14시,화요일,대구광역시 동구 신천동,중상사고,0,1,0,0,차대차 - 측면직각충돌,기타,건조,맑음,단일로 - 기타,승용,남,64세,상해없음,이륜,남,43세,중상
2012070300100312,2012년 7월 3일 14시,화요일,대구광역시 달성군 화원읍,중상사고,0,1,0,0,차대사람 - 기타,신호위반,건조,맑음,단일로 - 횡단보도상,화물,남,71세,상해없음,보행자,여,42세,중상
2012070300100348,2012년 7월 3일 15시,화요일,대구광역시 북구 침산동,경상사고,0,0,1,0,차대차 - 기타,안전운전불이행,건조,맑음,단일로 - 기타,승용,남,48세,상해없음,화물,남,38세,경상
2012070300100349,2012년 7월 3일 15시,화요일,대구광역시 북구 침산동,경상사고,0,0,1,0,차대차 - 기타,안전운전불이행,건조,맑음,단일로 - 기타,화물,남,37세,상해없음,자전거,여,64세,경상
2012070300100350,2012년 7월 3일 15시,화요일,대구광역시 북구 서변동,경상사고,0,0,1,1,차대차 - 측면직각충돌,직진우회전진행방해,건조,맑음,교차로 - 교차로안,승용,남,65세,부상신고,승용,남,40세,경상
2012070300100351,2012년 7월 3일 15시,화요일,대구광역시 서구 평리동,중상사고,0,1,0,0,차대차 - 기타,교차로운행방법위반,건조,맑음,교차로 - 교차로안,원동기,여,50세,중상,승용,여,39세,상해없음
2012070300100352,2012년 7월 3일 15시,화요일,대구광역시 중구 동인동2가,중상사고,0,1,0,0,차대차 - 측면직각충돌,안전운전불이행,건조,맑음,단일로 - 횡단보도상,화물,남,43세,상해없음,자전거,여,62세,중상
2012070300100353,2012년 7월 3일 15시,화요일,대구광역시 달서구 이곡동,경상사고,0,0,1,0,차대사람 - 횡단중,신호위반,건조,맑음,단일로 - 기타,승용,남,32세,상해없음,보행자,여,7세,경상
2012070300100390,2012년 7월 3일 16시,화요일,대구광역시 달서구 월암동,중상사고,0,1,0,0,차대차 - 기타,안전운전불이행,건조,맑음,교차로 - 교차로안,원동기,남,21세,상해없음,승용,남,57세,중상
2012070300100391,2012년 7월 3일 16시,화요일,대구광역시 서구 이현동,경상사고,0,0,2,0,차대차 - 측면직각충돌,교차로운행방법위반,건조,맑음,교차로 - 교차로안,승용,남,57세,상해없음,승용,여,28세,경상
2012070300100431,2012년 7월 3일 17시,화요일,대구광역시 수성구 매호동,중상사고,0,2,0,0,차대차 - 측면직각충돌,교차로운행방법위반,건조,맑음,교차로 - 교차로안,이륜,남,46세,중상,승용,여,66세,상해없음
2012070300100498,2012년 7월 3일 19시,화요일,대구광역시 동구 지저동,중상사고,0,1,0,0,차대사람 - 기타,안전운전불이행,건조,맑음,단일로 - 기타,승합,남,57세,상해없음,보행자,여,65세,중상
2012070300100499,2012년 7월 3일 19시,화요일,대구광역시 달서구 이곡동,경상사고,0,0,1,0,차대차 - 기타,안전운전불이행,건조,맑음,단일로 - 기타,승용,남,38세,상해없음,자전거,남,50세,경상
2012070300100527,2012년 7월 3일 20시,화요일,대구광역시 달서구 도원동,중상사고,0,2,0,0,차대차 - 측면직각충돌,직진우회전진행방해,건조,맑음,단일로 - 기타,원동기,남,16세,중상,승용,남,38세,상해없음
2012070300100528,2012년 7월 3일 20시,화요일,대구광역시 북구 대현동,부상신고사고,0,0,0,1,차량단독 - 공작물충돌,안전운전불이행,건조,맑음,기타 - 기타,승용,여,53세,부상신고,,,,
2012070300100529,2012년 7월 3일 20시,화요일,대구광역시 북구 산격동,경상사고,0,0,1,0,차대차 - 기타,안전운전불이행,건조,맑음,교차로 - 교차로부근,이륜,남,55세,상해없음,승용,남,49세,경상
2012070300100570,2012년 7월 3일 21시,화요일,대구광역시 남구 봉덕동,중상사고,0,1,0,0,차대차 - 기타,안전운전불이행,건조,맑음,단일로 - 기타,승용,남,27세,상해없음,자전거,여,64세,중상
2012070300100571,2012년 7월 3일 21시,화요일,대구광역시 달서구 이곡동,경상사고,0,0,1,0,차대차 - 측면직각충돌,교차로운행방법위반,건조,맑음,교차로 - 교차로안,승용,남,49세,상해없음,승용,남,65세,상해없음
2012070300100604,2012년 7월 3일 22시,화요일,대구광역시 수성구 범어동,경상사고,0,0,4,0,차대차 - 추돌 - 진행중,안전운전불이행,건조,맑음,교차로 - 교차로부근,승용,남,66세,상해없음,승용,남,47세,경상
2012070300100605,2012년 7월 3일 22시,화요일,대구광역시 달서구 송현동,경상사고,0,0,1,0,차대사람 - 기타,안전운전불이행,건조,맑음,단일로 - 기타,승용,남,29세,상해없음,보행자,남,53세,경상
2012070300100634,2012년 7월 3일 23시,화요일,대구광역시 수성구 파동,경상사고,0,0,1,0,차대차 - 측면직각충돌,안전운전불이행,건조,맑음,단일로 - 기타,승용,여,44세,상해없음,승용,남,46세,경상
2012070400100014,2012년 7월 4일 00시,수요일,대구광역시 달서구 진천동,경상사고,0,0,2,0,차대차 - 측면직각충돌,안전운전불이행,건조,맑음,단일로 - 기타,승용,남,31세,상해없음,원동기,남,20세,경상
2012070400100029,2012년 7월 4일 01시,수요일,대구광역시 달서구 감삼동,중상사고,0,1,0,0,차대차 - 추돌 - 주정차중,안전운전불이행,건조,맑음,단일로 - 기타,승용,남,49세,상해없음,승용,남,28세,중상
2012070400100044,2012년 7월 4일 02시,수요일,대구광역시 중구 삼덕동3가,중상사고,0,1,1,0,차대차 - 기타,안전거리미확보,건조,맑음,교차로 - 교차로부근,승용,남,20세,상해없음,승용,남,34세,경상
2012070400100063,2012년 7월 4일 05시,수요일,대구광역시 북구 관음동,경상사고,0,0,1,0,차대차 - 측면직각충돌,교차로운행방법위반,건조,맑음,교차로 - 교차로안,승용,여,54세,상해없음,승용,남,30세,경상
2012070400100089,2012년 7월 4일 07시,수요일,대구광역시 달서구 죽전동,경상사고,0,0,1,0,차대차 - 기타,안전거리미확보,건조,맑음,단일로 - 기타,승용,여,35세,상해없음,원동기,남,52세,경상
2012070400100119,2012년 7월 4일 08시,수요일,대구광역시 수성구 만촌동,경상사고,0,0,1,0,차대차 - 추돌 - 진행중,안전운전불이행,건조,맑음,단일로 - 기타,승용,남,70세,상해없음,승용,여,46세,경상
2012070400100145,2012년 7월 4일 09시,수요일,대구광역시 남구 봉덕동,중상사고,0,1,0,0,차대사람 - 횡단중,안전운전불이행,건조,맑음,단일로 - 횡단보도상,승용,여,54세,상해없음,보행자,여,63세,중상
2012070400100146,2012년 7월 4일 09시,수요일,대구광역시 남구 봉덕동,중상사고,0,1,0,0,차대차 - 추돌 - 주정차중,안전운전불이행,건조,맑음,교차로 - 교차로부근,승합,남,46세,상해없음,승용,여,55세,중상
2012070400100147,2012년 7월 4일 09시,수요일,대구광역시 동구 신암동,경상사고,0,0,1,0,차대차 - 추돌 - 주정차중,안전거리미확보,건조,맑음,단일로 - 기타,승용,남,63세,상해없음,승용,남,51세,경상