사고번호,사고일시,요일,시군구,사고내용,사망자수,중상자수,경상자수,부상신고자수,사고유형,법규위반,노면상태,기상상태,도로형태,가해운전자 차종,가해운전자 성별,가해운전자 연령,가해운전자 상해정도,피해운전자 차종,피해운전자 성별,피해운전자 연령,피해운전자 상해정도
2012070900100314,2012년 7월 9일 15시,월요일,대구광역시 수성구 범어동,부상신고사고,0,0,0,1,차대차 - 추돌 - 진행중,안전운전불이행,건조,맑음,단일로 - 기타,이륜,남,63세,부상신고,승용,여,38세,상해없음
2012070900100315,2012년 7월 9일 15시,월요일,대구광역시 달성군 구지면,경상사고,0,0,1,0,차대차 - 기타,중앙선침범,건조,맑음,단일로 - 기타,건설기계,남,56세,상해없음,승용,남,65세,경상
2012070900100359,2012년 7월 9일 16시,월요일,대구광역시 남구 대명동,경상사고,0,0,1,0,차대차 - 측면직각충돌,교차로운행방법위반,건조,맑음,교차로 - 교차로안,승용,남,42세,상해없음,이륜,남,31세,경상
2012070900100360,2012년 7월 9일 16시,월요일,대구광역시 중구 남일동,중상사고,0,1,0,0,차대사람 - 횡단중,안전운전불이행,건조,맑음,단일로 - 횡단보도부근,승용,남,71세,기타불명,보행자,남,22세,중상
2012070900100361,2012년 7월 9일 16시,월요일,대구광역시 달서구 이곡동,경상사고,0,0,2,0,차대차 - 측면직각충돌,안전운전불이행,건조,맑음,단일로 - 기타,승용,여,43세,경상,승용,여,45세,경상
2012070900100395,2012년 7월 9일 17시,월요일,대구광역시 수성구 수성동1가,경상사고,0,0,1,0,차대차 - 측면직각충돌,안전운전불이행,건조,맑음,단일로 - 기타,승용,남,72세,상해없음,자전거,남,14세,경상
2012070900100396,2012년 7월 9일 17시,월요일,대구광역시 수성구 매호동,경상사고,0,0,1,0,차대차 - 측면직각충돌,교차로운행방법위반,건조,맑음,교차로 - 교차로안,승용,여,37세,상해없음,자전거,남,45세,경상
2012070900100397,2012년 7월 9일 17시,월요일,대구광역시 수성구 만촌동,중상사고,0,1,0,0,차대차 - 기타,안전운전불이행,건조,맑음,단일로 - 기타,원동기,남,51세,기타불명,자전거,여,55세,중상
2012070900100437,2012년 7월 9일 18시,월요일,대구광역시 수성구 연호동,부상신고사고,0,0,0,2,차대차 - 측면직각충돌,안전운전불이행,건조,맑음,교차로 - 교차로부근,승용,남,50세,상해없음,승용,남,51세,부상신고
2012070900100438,2012년 7월 9일 18시,월요일,대구광역시 달서구 대천동,경상사고,0,0,2,0,차대차 - 측면직각충돌,직진우회전진행방해,건조,맑음,교차로 - 교차로안,승용,남,46세,경상,승용,남,45세,경상
2012070900100439,2012년 7월 9일 18시,월요일,대구광역시 북구 침산동,부상신고사고,0,0,0,1,차대차 - 측면직각충돌,안전거리미확보,건조,맑음,단일로 - 기타,이륜,남,16세,부상신고,화물,남,58세,상해없음
2012070900100440,2012년 7월 9일 18시,월요일,대구광역시 중구 남산동,중상사고,0,1,0,0,차대차 - 기타,기타,건조,맑음,단일로 - 기타,승용,남,57세,상해없음,이륜,남,50세,중상
2012070900100469,2012년 7월 9일 19시,월요일,대구광역시 동구 신기동,경상사고,0,0,1,0,차대차 - 측면직각충돌,안전운전불이행,건조,맑음,교차로 - 교차로안,승용,여,34세,상해없음,자전거,남,13세,경상
2012070900100470,2012년 7월 9일 19시,월요일,대구광역시 달서구 송현동,경상사고,0,0,1,0,차대차 - 추돌 - 주정차중,불법유턴,건조,맑음,기타 - 기타,승용,여,32세,상해없음,승용,남,56세,경상
2012070900100505,2012년 7월 9일 20시,월요일,대구광역시 서구 비산동,경상사고,0,0,1,0,차대차 - 추돌 - 진행중,안전운전불이행,습기,흐림,단일로 - 기타,승용,남,51세,상해없음,이륜,남,53세,경상
2012070900100535,2012년 7월 9일 21시,월요일,대구광역시 달서구 장기동,중상사고,0,1,1,0,차대차 - 측면직각충돌,교차로운행방법위반,건조,맑음,교차로 - 교차로안,화물,남,47세,상해없음,승용,남,49세,경상
2012070900100591,2012년 7월 9일 23시,월요일,대구광역시 달서구 상인동,경상사고,0,0,2,0,차대차 - 기타,안전거리미확보,건조,맑음,단일로 - 기타,승용,남,54세,상해없음,이륜,남,16세,경상
2012071000100015,2012년 7월 10일 00시,화요일,대구광역시 수성구 수성동2가,중상사고,0,1,0,0,차대사람 - 보도통행중,신호위반,건조,맑음,단일로 - 기타,승용,남,66세,상해없음,보행자,남,20세,중상
2012071000100016,2012년 7월 10일 00시,화요일,대구광역시 북구 칠성동2가,부상신고사고,0,0,0,1,차량단독 - 공작물충돌,안전운전불이행,건조,맑음,단일로 - 기타,이륜,남,56세,부상신고,,,,
2012071000100025,2012년 7월 10일 01시,화요일,대구광역시 남구 봉덕동,부상신고사고,0,0,0,5,차대차 - 추돌 - 진행중,안전거리미확보,건조,맑음,단일로 - 기타,승용,남,26세,상해없음,승용,남,18세,부상신고
2012071000100046,2012년 7월 10일 03시,화요일,대구광역시 수성구 만촌동,중상사고,0,1,0,0,차대차 - 측면직각충돌,안전거리미확보,건조,맑음,교차로 - 교차로부근,승용,남,23세,상해없음,승용,남,55세,상해없음
2012071000100051,2012년 7월 10일 04시,화요일,대구광역시 중구 남산동,경상사고,0,0,5,0,차대차 - 기타,신호위반,건조,맑음,교차로 - 교차로안,이륜,남,18세,경상,승용,남,54세,경상
2012071000100098,2012년 7월 10일 07시,화요일,대구광역시 달서구 호산동,중상사고,0,1,0,0,차대차 - 기타,안전운전불이행,건조,맑음,교차로 - 교차로안,승용,남,29세,상해없음,자전거,남,28세,중상
2012071000100152,2012년 7월 10일 09시,화요일,대구광역시 동구 신천동,경상사고,0,0,1,0,차대차 - 추돌 - 진행중,안전운전불이행,건조,맑음,단일로 - 기타,승용,여,49세,상해없음,이륜,남,73세,경상
2012071000100153,2012년 7월 10일 09시,화요일,대구광역시 서구 내당동,경상사고,0,0,1,0,차대차 - 추돌 - 진행중,안전거리미확보,건조,맑음,단일로 - 기타,승용,여,60세,상해없음,승용,남,69세,경상
2012071000100154,2012년 7월 10일 09시,화요일,대구광역시 서구 평리동,중상사고,0,1,0,0,차대차 - 측면직각충돌,교차로운행방법위반,건조,맑음,교차로 - 교차로안,승합,남,45세,상해없음,승용,남,59세,중상
2012071000100155,2012년 7월 10일 09시,화요일,대구광역시 달서구 죽전동,중상사고,0,1,0,0,차대차 - 측면직각충돌,안전운전불이행,건조,맑음,단일로 - 기타,화물,남,43세,상해없음,자전거,남,38세,중상
2012071000100183,2012년 7월 10일 10시,화요일,대구광역시 북구 칠성동1가,경상사고,0,0,2,0,차대차 - 추돌 - 주정차중,안전운전불이행,건조,맑음,교차로 - 교차로부근,승용,남,58세,상해없음,승용,남,56세,경상
2012071000100232,2012년 7월 10일 12시,화요일,대구광역시 북구 매천동,중상사고,0,1,0,0,차대차 - 기타,기타,건조,맑음,단일로 - 기타,화물,남,50세,상해없음,이륜,남,23세,중상
2012071000100253,2012년 7월 10일 13시,화요일,대구광역시 수성구 파동,경상사고,0,0,1,0,차대차 - 측면직각충돌,안전운전불이행,건조,맑음,단일로 - 기타,승용,남,68세,상해없음,이륜,남,62세,경상
2012071000100281,2012년 7월 10일 14시,화요일,대구광역시 달서구 본리동,중상사고,0,1,0,0,차대차 - 기타,기타,건조,맑음,단일로 - 기타,승합,남,43세,상해없음,원동기,남,25세,상해없음
2012071000100313,2012년 7월 10일 15시,화요일,대구광역시 북구 태전동,경상사고,0,0,1,0,차대차 - 기타,안전거리미확보,건조,맑음,단일로 - 기타,승용,남,28세,상해없음,승용,여,52세,경상
2012071000100314,2012년 7월 10일 15시,화요일,대구광역시 달서구 성당동,경상사고,0,0,1,0,차대차 - 추돌 - 진행중,안전운전불이행,건조,맑음,단일로 - 횡단보도부근,승용,여,61세,상해없음,승합,여,44세,경상
2012071000100350,2012년 7월 10일 16시,화요일,대구광역시 남구 봉덕동,경상사고,0,0,1,0,차대차 - 추돌 - 진행중,안전운전불이행,건조,맑음,교차로 - 교차로부근,승용,남,65세,상해없음,승용,남,33세,경상
2012071000100387,2012년 7월 10일 17시,화요일,대구광역시 남구 봉덕동,중상사고,0,1,0,0,차대차 - 측면직각충돌,교차로운행방법위반,건조,맑음,교차로 - 교차로부근,승용,남,49세,기타불명,승용,여,34세,중상
2012071000100388,2012년 7월 10일 17시,화요일,대구광역시 북구 읍내동,중상사고,0,1,0,0,차대차 - 측면직각충돌,안전운전불이행,건조,맑음,단일로 - 횡단보도상,승용,남,41세,상해없음,자전거,여,58세,중상
2012071000100433,2012년 7월 10일 18시,화요일,대구광역시 달서구 송현동,경상사고,0,0,1,0,차대차 - 기타,기타,건조,맑음,교차로 - 교차로부근,원동기,남,46세,상해없음,자전거,남,53세,경상
2012071000100434,2012년 7월 10일 18시,화요일,대구광역시 중구 남산동,중상사고,0,1,0,0,차대차 - 기타,신호위반,건조,맑음,교차로 - 교차로안,화물,남,43세,상해없음,이륜,남,18세,중상
2012071000100435,2012년 7월 10일 18시,화요일,대구광역시 달서구 용산동,경상사고,0,0,1,0,차대사람 - 기타,보행자보호의무위반,건조,맑음,단일로 - 횡단보도상,승용,남,36세,상해없음,보행자,여,7세,경상
2012071000100474,2012년 7월 10일 19시,화요일,대구광역시 남구 대명동,중상사고,0,2,1,0,차대차 - 기타,신호위반,건조,맑음,단일로 - 기타,이륜,남,73세,중상,승용,여,55세,경상
2012071000100475,2012년 7월 10일 19시,화요일,대구광역시 달서구 송현동,중상사고,0,1,0,0,차대사람 - 횡단중,안전운전불이행,건조,흐림,단일로 - 기타,화물,남,39세,상해없음,보행자,여,60세,중상
2012071000100476,2012년 7월 10일 19시,화요일,대구광역시 북구 학정동,사망사고,1,1,0,0,차량단독 - 공작물충돌,안전운전불이행,건조,맑음,단일로 - 기타,이륜,남,67세,사망,,,,
2012071000100477,2012년 7월 10일 19시,화요일,대구광역시 북구 태전동,경상사고,0,0,1,0,차대차 - 측면직각충돌,안전운전불이행,건조,맑음,단일로 - 횡단보도상,화물,남,56세,상해없음,자전거,남,16세,경상
2012071000100509,2012년 7월 10일 20시,화요일,대구광역시 남구 대명동,부상신고사고,0,0,0,1,차대사람 - 길가장자리구역통행중,안전운전불이행,습기,맑음,단일로 - 기타,승용,남,41세,상해없음,보행자,남,42세,부상신고
2012071000100510,2012년 7월 10일 20시,화요일,대구광역시 동구 신천동,경상사고,0,0,1,0,차대차 - 측면직각충돌,안전운전불이행,습기,비,단일로 - 기타,승용,남,48세,상해없음,원동기,남,16세,경상
2012071000100511,2012년 7월 10일 20시,화요일,대구광역시 동구 신암동,경상사고,0,0,1,0,차대차 - 기타,안전거리미확보,습기,비,단일로 - 기타,승합,남,72세,상해없음,원동기,남,23세,경상
2012071000100512,2012년 7월 10일 20시,화요일,대구광역시 달서구 상인동,경상사고,0,0,1,0,차대차 - 기타,안전운전불이행,습기,비,단일로 - 기타,승용,남,41세,상해없음,이륜,남,16세,경상
2012071000100513,2012년 7월 10일 20시,화요일,대구광역시 달서구 월성동,중상사고,0,1,0,0,차대차 - 기타,신호위반,습기,비,교차로 - 교차로안,원동기,남,32세,중상,승용,남,57세,상해없음
2012071000100514,2012년 7월 10일 20시,화요일,대구광역시 달서구 도원동,중상사고,0,1,0,0,차대사람 - 횡단중,보행자보호의무위반,습기,비,단일로 - 횡단보도상,화물,남,53세,상해없음,보행자,여,50세,중상
2012071000100515,2012년 7월 10일 20시,화요일,대구광역시 북구 국우동,경상사고,0,0,1,0,차대차 - 정면충돌,안전운전불이행,습기,비,교차로 - 교차로안,승용,여,50세,상해없음,이륜,남,16세,경상
2012071000100556,2012년 7월 10일 21시,화요일,대구광역시 수성구 수성동4가,경상사고,0,0,1,0,차대차 - 추돌 - 진행중,안전거리미확보,습기,비,단일로 - 기타,원동기,남,19세,경상,승합,남,51세,상해없음
2012071000100557,2012년 7월 10일 21시,화요일,대구광역시 서구 평리동,경상사고,0,0,1,0,차대사람 - 차도통행중,안전운전불이행,습기,비,교차로 - 교차로부근,화물,남,32세,상해없음,보행자,남,46세,경상
2012071000100558,2012년 7월 10일 21시,화요일,대구광역시 달서구 장기동,부상신고사고,0,0,0,1,차대차 - 측면직각충돌,안전운전불이행,습기,흐림,단일로 - 기타,이륜,남,22세,부상신고,화물,남,52세,상해없음
2012071000100603,2012년 7월 10일 22시,화요일,대구광역시 남구 이천동,경상사고,0,0,1,0,차대차 - 측면직각충돌,중앙선침범,습기,비,단일로 - 기타,승용,여,45세,상해없음,승용,남,52세,경상
2012071000100604,2012년 7월 10일 22시,화요일,대구광역시 서구 비산동,경상사고,0,0,1,0,차대차 - 기타,안전거리미확보,습기,흐림,단일로 - 기타,이륜,남,17세,경상,승용,남,54세,상해없음
2012071000100652,2012년 7월 10일 23시,화요일,대구광역시 북구 국우동,경상사고,0,0,1,0,차대차 - 추돌 - 진행중,불법유턴,건조,맑음,단일로 - 기타,승용,남,53세,상해없음,승용,남,22세,경상
2012071100100035,2012년 7월 11일 00시,수요일,대구광역시 동구 신천동,경상사고,0,0,2,0,차대차 - 추돌 - 진행중,안전운전불이행,건조,맑음,교차로 - 교차로부근,승용,남,41세,기타불명,승용,여,44세,경상
2012071100100061,2012년 7월 11일 01시,수요일,대구광역시 북구 칠성동1가,경상사고,0,0,1,0,차대차 - 측면직각충돌,안전거리미확보,습기,비,단일로 - 기타,승용,남,39세,상해없음,화물,남,29세,경상
2012071100100062,2012년 7월 11일 01시,수요일,대구광역시 북구 산격동,경상사고,0,0,1,0,차대차 - 추돌 - 주정차중,안전운전불이행,습기,비,단일로 - 기타,승용,남,43세,상해없음,승용,남,41세,경상
2012071100100079,2012년 7월 11일 02시,수요일,대구광역시 남구 이천동,부상신고사고,0,0,0,1,차량단독 - 전도전복,안전거리미확보,습기,맑음,단일로 - 기타,화물,남,33세,부상신고,,,,
2012071100100080,2012년 7월 11일 02시,수요일,대구광역시 달서구 죽전동,경상사고,0,0,3,0,차대차 - 추돌 - 주정차중,안전운전불이행,건조,맑음,교차로 - 교차로부근,승용,남,63세,상해없음,승용,남,53세,경상
2012071100100115,2012년 7월 11일 04시,수요일,대구광역시 동구 신암동,중상사고,0,1,0,0,차대사람 - 횡단중,안전운전불이행,습기,비,단일로 - 기타,승합,남,52세,상해없음,보행자,남,24세,중상
2012071100100116,2012년 7월 11일 04시,수요일,대구광역시 수성구 수성동1가,중상사고,0,1,0,0,차대차 - 추돌 - 주정차중,안전거리미확보,건조,맑음,단일로 - 기타,화물,남,54세,상해없음,승용,여,56세,중상
2012071100100117,2012년 7월 11일 04시,수요일,대구광역시 북구 노원동3가,경상사고,0,0,1,0,차대차 - 기타,안전운전불이행,습기,비,단일로 - 기타,화물,남,22세,상해없음,승용,남,64세,경상
2012071100100172,2012년 7월 11일 07시,수요일,대구광역시 북구 국우동,경상사고,0,0,1,0,차대사람 - 기타,안전운전불이행,습기,비,교차로 - 교차로부근,승용,남,31세,상해없음,보행자,남,68세,경상
2012071100100204,2012년 7월 11일 08시,수요일,대구광역시 동구 신암동,경상사고,0,0,3,0,차대차 - 추돌 - 주정차중,안전운전불이행,건조,맑음,단일로 - 기타,화물,남,50세,상해없음,승용,여,40세,경상
2012071100100205,2012년 7월 11일 08시,수요일,대구광역시 수성구 신매동,중상사고,0,1,0,0,차대차 - 추돌 - 주정차중,안전운전불이행,습기,비,단일로 - 기타,승용,남,30세,상해없음,승용,남,38세,중상
2012071100100206,2012년 7월 11일 08시,수요일,대구광역시 중구 대봉동,중상사고,0,2,1,0,차대차 - 기타,안전거리미확보,습기,비,단일로 - 기타,화물,남,61세,상해없음,승용,남,60세,경상
2012071100100207,2012년 7월 11일 08시,수요일,대구광역시 달서구 이곡동,경상사고,0,0,1,0,차대차 - 추돌 - 진행중,안전운전불이행,습기,비,단일로 - 기타,승용,남,30세,상해없음,승용,남,53세,경상
2012071100100208,2012년 7월 11일 08시,수요일,대구광역시 달서구 호산동,경상사고,0,0,2,0,차대차 - 측면직각충돌,안전거리미확보,습기,비,단일로 - 기타,승용,남,82세,상해없음,승합,여,45세,경상
2012071100100231,2012년 7월 11일 09시,수요일,대구광역시 달서구 도원동,경상사고,0,0,2,0,차대차 - 측면직각충돌,안전운전불이행,습기,비,교차로 - 교차로부근,화물,남,56세,상해없음,화물,남,37세,상해없음
2012071100100272,2012년 7월 11일 11시,수요일,대구광역시 달서구 유천동,경상사고,0,0,1,0,차대차 - 기타,안전운전불이행,건조,흐림,단일로 - 기타,화물,남,55세,상해없음,승합,남,48세,상해없음
2012071100100273,2012년 7월 11일 11시,수요일,대구광역시 달성군 화원읍,경상사고,0,0,1,0,차대차 - 기타,안전운전불이행,건조,맑음,교차로 - 교차로부근,승용,여,50세,상해없음,자전거,남,47세,경상
2012071100100354,2012년 7월 11일 14시,수요일,대구광역시 달서구 성당동,경상사고,0,0,1,0,차대사람 - 횡단중,보행자보호의무위반,습기,비,단일로 - 횡단보도상,승합,남,49세,상해없음,보행자,여,63세,경상
2012071100100380,2012년 7월 11일 15시,수요일,대구광역시 수성구 상동,경상사고,0,0,2,0,차대차 - 추돌 - 진행중,안전거리미확보,습기,비,단일로 - 기타,승용,남,69세,상해없음,승용,남,21세,경상
2012071100100381,2012년 7월 11일 15시,수요일,대구광역시 북구 매천동,경상사고,0,0,1,0,차대차 - 기타,안전거리미확보,건조,맑음,미분류 - 미분류,승용,남,44세,상해없음,승용,여,32세,경상
2012071100100400,2012년 7월 11일 16시,수요일,대구광역시 북구 서변동,경상사고,0,0,1,0,차대차 - 기타,교차로운행방법위반,습기,비,교차로 - 교차로안,승용,남,30세,상해없음,승용,여,46세,경상
2012071100100480,2012년 7월 11일 18시,수요일,대구광역시 수성구 만촌동,중상사고,0,1,0,0,차대차 - 추돌 - 주정차중,안전거리미확보,습기,비,단일로 - 교량,화물,남,26세,상해없음,승용,남,42세,중상
2012071100100481,2012년 7월 11일 18시,수요일,대구광역시 달성군 화원읍,경상사고,0,0,1,0,차대차 - 측면직각충돌,안전운전불이행,건조,맑음,교차로 - 교차로부근,승용,남,60세,경상,화물,남,24세,상해없음
2012071100100547,2012년 7월 11일 20시,수요일,대구광역시 달서구 대천동,중상사고,0,1,0,0,차대차 - 추돌 - 진행중,안전운전불이행,습기,흐림,단일로 - 기타,화물,남,72세,상해없음,승용,여,52세,중상
2012071100100548,2012년 7월 11일 20시,수요일,대구광역시 달서구 감삼동,경상사고,0,0,1,0,차대사람 - 기타,안전운전불이행,건조,맑음,교차로 - 교차로부근,기타불명,기타불명,기타불명,기타불명,보행자,여,12세,경상
2012071100100573,2012년 7월 11일 21시,수요일,대구광역시 수성구 시지동,중상사고,0,1,1,0,차대차 - 추돌 - 주정차중,안전운전불이행,건조,맑음,단일로 - 기타,승용,남,41세,상해없음,승용,여,49세,중상
2012071100100574,2012년 7월 11일 21시,수요일,대구광역시 달성군 다사읍,중상사고,0,1,0,0,차대차 - 기타,안전운전불이행,습기,흐림,단일로 - 기타,기타불명,기타불명,기타불명,기타불명,승용,남,47세,중상
2012071100100615,2012년 7월 11일 22시,수요일,대구광역시 달서구 상인동,경상사고,0,0,1,0,차대차 - 측면직각충돌,안전거리미확보,건조,맑음,단일로 - 기타,승용,남,52세,상해없음,화물,여,47세,경상
2012071100100649,2012년 7월 11일 23시,수요일,대구광역시 수성구 범어동,중상사고,0,2,0,0,차대차 - 추돌 - 진행중,안전운전불이행,습기,비,교차로 - 교차로부근,화물,남,55세,상해없음,승용,남,28세,중상
2012071200100020,2012년 7월 12일 00시,목요일,대구광역시 수성구 황금동,중상사고,0,1,3,0,차대차 - 측면직각충돌,불법유턴,건조,맑음,교차로 - 교차로부근,승용,남,30세,경상,승용,남,32세,중상
2012071200100021,2012년 7월 12일 00시,목요일,대구광역시 수성구 두산동,중상사고,0,1,0,0,차대차 - 추돌 - 주정차중,안전운전불이행,건조,맑음,단일로 - 기타,승용,남,46세,상해없음,승용,남,48세,기타불명
2012071200100022,2012년 7월 12일 00시,목요일,대구광역시 수성구 고모동,중상사고,0,1,0,0,차대차 - 추돌 - 진행중,안전운전불이행,건조,맑음,단일로 - 기타,승용,남,29세,상해없음,승용,여,43세,중상
2012071200100039,2012년 7월 12일 01시,목요일,대구광역시 중구 공평동,중상사고,0,1,0,0,차대사람 - 기타,안전운전불이행,건조,맑음,단일로 - 기타,화물,남,50세,상해없음,보행자,남,18세,중상
2012071200100040,2012년 7월 12일 01시,목요일,대구광역시 달서구 용산동,경상사고,0,0,1,0,차대차 - 추돌 - 주정차중,안전운전불이행,건조,맑음,단일로 - 기타,승용,남,43세,상해없음,승용,여,39세,경상
2012071200100061,2012년 7월 12일 03시,목요일,대구광역시 달서구 대천동,중상사고,0,1,0,0,차대차 - 기타,안전운전불이행,건조,흐림,단일로 - 기타,승용,남,53세,중상,화물,남,38세,기타불명
2012071200100073,2012년 7월 12일 04시,목요일,대구광역시 달서구 상인동,중상사고,0,2,0,0,차대차 - 정면충돌,중앙선침범,건조,흐림,단일로 - 기타,승용,여,29세,상해없음,승용,여,52세,중상
2012071200100074,2012년 7월 12일 04시,목요일,대구광역시 북구 동변동,중상사고,0,1,0,0,차량단독 - 공작물충돌,안전운전불이행,건조,맑음,단일로 - 교량,승용,여,60세,중상,,,,
2012071200100095,2012년 7월 12일 06시,목요일,대구광역시 북구 매천동,중상사고,0,1,1,0,차대차 - 추돌 - 진행중,안전운전불이행,건조,맑음,단일로 - 기타,승용,남,55세,상해없음,화물,남,48세,경상
2012071200100096,2012년 7월 12일 06시,목요일,대구광역시 서구 비산동,경상사고,0,0,1,0,차대차 - 추돌 - 주정차중,안전운전불이행,건조,맑음,단일로 - 기타,승용,남,28세,상해없음,승합,남,44세,경상
2012071200100097,2012년 7월 12일 06시,목요일,대구광역시 서구 이현동,중상사고,0,1,0,0,차대차 - 측면직각충돌,안전거리미확보,건조,맑음,단일로 - 기타,화물,남,57세,상해없음,화물,남,65세,중상
2012071200100119,2012년 7월 12일 07시,목요일,대구광역시 수성구 황금동,경상사고,0,0,1,0,차대차 - 기타,안전운전불이행,건조,맑음,교차로 - 교차로부근,승합,남,41세,상해없음,승용,남,26세,상해없음
2012071200100120,2012년 7월 12일 07시,목요일,대구광역시 북구 관음동,경상사고,0,0,1,0,차대사람 - 횡단중,안전운전불이행,건조,맑음,단일로 - 기타,승용,남,64세,상해없음,보행자,남,59세,경상
2012071200100121,2012년 7월 12일 07시,목요일,대구광역시 중구 달성동,경상사고,0,0,1,0,차대차 - 기타,안전운전불이행,건조,맑음,교차로 - 교차로부근,화물,남,46세,상해없음,자전거,남,77세,경상
2012071200100156,2012년 7월 12일 08시,목요일,대구광역시 북구 칠성동1가,중상사고,0,1,0,0,차대사람 - 기타,안전운전불이행,건조,흐림,단일로 - 기타,승용,남,39세,상해없음,보행자,여,62세,중상
2012071200100157,2012년 7월 12일 08시,목요일,대구광역시 북구 노원동2가,경상사고,0,0,2,0,차대차 - 측면직각충돌,안전운전불이행,건조,맑음,단일로 - 기타,승용,남,52세,경상,승용,남,67세,경상
2012071200100158,2012년 7월 12일 08시,목요일,대구광역시 서구 내당동,중상사고,0,1,0,0,차대차 - 기타,안전거리미확보,건조,흐림,교차로 - 교차로안,승용,남,40세,상해없음,이륜,남,24세,중상
2012071200100189,2012년 7월 12일 09시,목요일,대구광역시 중구 종로2가,경상사고,0,0,1,0,차대차 - 측면직각충돌,직진우회전진행방해,건조,맑음,교차로 - 교차로안,승용,남,53세,상해없음,이륜,여,23세,경상
2012071200100204,2012년 7월 12일 10시,목요일,대구광역시 동구 평광동,경상사고,0,0,1,0,차대차 - 기타,안전운전불이행,건조,맑음,단일로 - 기타,승용,남,72세,상해없음,자전거,여,52세,경상
2012071200100244,2012년 7월 12일 12시,목요일,대구광역시 달서구 본리동,중상사고,0,1,0,0,차대차 - 측면직각충돌,안전운전불이행,건조,맑음,단일로 - 기타,자전거,남,64세,중상,이륜,남,23세,상해없음
2012071200100303,2012년 7월 12일 14시,목요일,대구광역시 서구 비산동,중상사고,0,1,0,0,차대차 - 기타,기타,건조,맑음,단일로 - 기타,화물,남,39세,상해없음,자전거,남,58세,중상
2012071200100333,2012년 7월 12일 15시,목요일,대구광역시 수성구 범어동,중상사고,0,1,0,0,차대차 - 측면직각충돌,안전거리미확보,건조,맑음,단일로 - 기타,승합,남,52세,상해없음,승용,남,39세,중상
2012071200100334,2012년 7월 12일 15시,목요일,대구광역시 서구 평리동,중상사고,0,2,1,0,차대차 - 기타,불법유턴,건조,맑음,교차로 - 교차로부근,화물,남,65세,상해없음,승용,여,48세,중상
2012071200100405,2012년 7월 12일 17시,목요일,대구광역시 남구 대명동,경상사고,0,0,1,0,차대사람 - 기타,안전운전불이행,건조,맑음,단일로 - 기타,화물,남,51세,상해없음,보행자,여,6세,경상
2012071200100434,2012년 7월 12일 18시,목요일,대구광역시 동구 신서동,경상사고,0,0,3,0,차대차 - 기타,안전운전불이행,건조,맑음,단일로 - 기타,승용,남,47세,경상,승용,남,26세,경상
2012071200100435,2012년 7월 12일 18시,목요일,대구광역시 달서구 본동,경상사고,0,0,1,0,차대차 - 측면직각충돌,안전운전불이행,건조,맑음,교차로 - 교차로부근,승용,여,40세,상해없음,승용,남,49세,경상
2012071200100436,2012년 7월 12일 18시,목요일,대구광역시 달성군 가창면,중상사고,0,1,1,0,차대차 - 추돌 - 주정차중,안전운전불이행,건조,맑음,교차로 - 교차로부근,승용,남,24세,상해없음,승용,여,30세,중상
2012071200100465,2012년 7월 12일 19시,목요일,대구광역시 수성구 연호동,경상사고,0,0,1,0,차대차 - 추돌 - 진행중,신호위반,건조,맑음,교차로 - 교차로안,기타불명,기타불명,기타불명,기타불명,승용,여,54세,경상
2012071200100466,2012년 7월 12일 19시,목요일,대구광역시 북구 관음동,경상사고,0,0,2,0,차대차 - 기타,신호위반,건조,맑음,교차로 - 교차로안,이륜,남,16세,상해없음,승용,남,40세,경상
2012071200100467,2012년 7월 12일 19시,목요일,대구광역시 북구 대현동,경상사고,0,0,1,0,차대사람 - 기타,안전운전불이행,건조,맑음,단일로 - 기타,승합,남,49세,상해없음,보행자,남,47세,경상
2012071200100468,2012년 7월 12일 19시,목요일,대구광역시 북구 노원동3가,중상사고,0,1,4,0,차대차 - 측면직각충돌,안전거리미확보,건조,맑음,단일로 - 기타,승용,여,48세,중상,승용,남,19세,경상
2012071200100469,2012년 7월 12일 19시,목요일,대구광역시 서구 비산동,경상사고,0,0,1,0,차대차 - 추돌 - 진행중,안전거리미확보,건조,맑음,단일로 - 기타,원동기,남,17세,상해없음,승용,여,51세,상해없음
2012071200100470,2012년 7월 12일 19시,목요일,대구광역시 서구 비산동,경상사고,0,0,1,0,차대차 - 측면직각충돌,안전거리미확보,건조,맑음,단일로 - 기타,승용,여,40세,상해없음,승용,여,25세,경상
2012071200100511,2012년 7월 12일 20시,목요일,대구광역시 수성구 수성동1가,경상사고,0,0,1,0,차대사람 - 기타,안전운전불이행,건조,맑음,단일로 - 기타,화물,남,63세,상해없음,보행자,여,54세,경상
2012071200100512,2012년 7월 12일 20시,목요일,대구광역시 달서구 상인동,경상사고,0,0,1,0,차대사람 - 기타,불법유턴,건조,맑음,기타 - 기타,기타불명,기타불명,기타불명,기타불명,보행자,여,22세,경상
2012071200100513,2012년 7월 12일 20시,목요일,대구광역시 북구 침산동,중상사고,0,1,0,0,차대사람 - 횡단중,안전운전불이행,건조,맑음,교차로 - 교차로안,승용,남,70세,상해없음,보행자,여,73세,중상
2012071200100514,2012년 7월 12일 20시,목요일,대구광역시 달서구 죽전동,경상사고,0,0,1,0,차대사람 - 기타,안전운전불이행,건조,맑음,단일로 - 기타,원동기,남,16세,상해없음,보행자,여,4세,경상
2012071200100542,2012년 7월 12일 21시,목요일,대구광역시 동구 신암동,중상사고,0,1,0,0,차대차 - 기타,안전운전불이행,건조,흐림,단일로 - 기타,승용,남,57세,상해없음,승용,남,55세,중상