사고번호,사고일시,요일,시군구,사고내용,사망자수,중상자수,경상자수,부상신고자수,사고유형,법규위반,노면상태,기상상태,도로형태,가해운전자 차종,가해운전자 성별,가해운전자 연령,가해운전자 상해정도,피해운전자 차종,피해운전자 성별,피해운전자 연령,피해운전자 상해정도
2012072700100663,2012년 7월 27일 22시,금요일,대구광역시 북구 칠성동1가,부상신고사고,0,0,0,1,차대사람 - 횡단중,안전운전불이행,건조,맑음,단일로 - 횡단보도상,승용,남,47세,상해없음,보행자,남,18세,부상신고
2012072700100700,2012년 7월 27일 23시,금요일,대구광역시 남구 대명동,경상사고,0,0,2,0,차대차 - 추돌 - 주정차중,안전운전불이행,건조,맑음,교차로 - 교차로부근,승용,남,48세,상해없음,승용,남,53세,경상
2012072700100701,2012년 7월 27일 23시,금요일,대구광역시 동구 용계동,경상사고,0,0,1,0,차대사람 - 기타,안전운전불이행,건조,맑음,단일로 - 기타,승용,기타불명,기타불명,기타불명,보행자,남,61세,경상
2012072700100702,2012년 7월 27일 23시,금요일,대구광역시 수성구 노변동,중상사고,0,1,0,0,차대차 - 기타,안전운전불이행,건조,맑음,교차로 - 교차로안,승용,여,44세,상해없음,자전거,남,20세,중상
2012072700100703,2012년 7월 27일 23시,금요일,대구광역시 서구 평리동,경상사고,0,0,1,0,차대차 - 기타,안전거리미확보,건조,맑음,단일로 - 기타,승용,여,31세,상해없음,승용,남,61세,경상
2012072700100704,2012년 7월 27일 23시,금요일,대구광역시 달서구 두류동,경상사고,0,0,2,0,차대차 - 추돌 - 진행중,안전운전불이행,건조,맑음,단일로 - 기타,승용,기타불명,기타불명,기타불명,승용,여,34세,경상
2012072800100016,2012년 7월 28일 00시,토요일,대구광역시 수성구 황금동,중상사고,0,1,0,0,차대차 - 측면직각충돌,신호위반,건조,맑음,교차로 - 교차로안,승용,여,44세,상해없음,자전거,남,25세,중상
2012072800100017,2012년 7월 28일 00시,토요일,대구광역시 북구 팔달동,경상사고,0,0,2,0,차대차 - 기타,안전거리미확보,건조,맑음,단일로 - 기타,승용,남,19세,상해없음,승용,남,47세,경상
2012072800100018,2012년 7월 28일 00시,토요일,대구광역시 서구 내당동,경상사고,0,0,1,0,차대차 - 측면직각충돌,안전거리미확보,건조,맑음,교차로 - 교차로안,승용,남,50세,상해없음,승용,남,62세,경상
2012072800100019,2012년 7월 28일 00시,토요일,대구광역시 달서구 신당동,중상사고,0,1,0,0,차대차 - 추돌 - 진행중,교차로운행방법위반,건조,맑음,교차로 - 교차로안,승용,여,42세,상해없음,승용,남,42세,중상
2012072800100075,2012년 7월 28일 03시,토요일,대구광역시 북구 노원동1가,중상사고,0,1,0,0,차대차 - 추돌 - 진행중,안전운전불이행,건조,맑음,단일로 - 기타,기타불명,기타불명,기타불명,기타불명,이륜,남,33세,중상
2012072800100076,2012년 7월 28일 03시,토요일,대구광역시 서구 내당동,경상사고,0,0,1,0,차대차 - 추돌 - 주정차중,안전운전불이행,건조,맑음,교차로 - 교차로부근,승용,남,49세,상해없음,승용,남,44세,상해없음
2012072800100106,2012년 7월 28일 05시,토요일,대구광역시 중구 삼덕동1가,경상사고,0,0,1,0,차대사람 - 차도통행중,안전운전불이행,기타,기타,단일로 - 기타,승용,남,18세,상해없음,보행자,남,19세,경상
2012072800100124,2012년 7월 28일 06시,토요일,대구광역시 달서구 진천동,중상사고,0,1,1,0,차대차 - 측면직각충돌,직진우회전진행방해,건조,맑음,교차로 - 교차로안,승용,남,53세,상해없음,이륜,남,16세,경상
2012072800100140,2012년 7월 28일 07시,토요일,대구광역시 동구 신천동,경상사고,0,0,1,0,차대차 - 기타,신호위반,건조,맑음,교차로 - 교차로안,승용,남,72세,상해없음,승용,남,29세,경상
2012072800100160,2012년 7월 28일 08시,토요일,대구광역시 북구 침산동,경상사고,0,0,1,1,차대차 - 측면직각충돌,안전거리미확보,건조,맑음,교차로 - 교차로부근,승용,남,51세,부상신고,승합,남,38세,경상
2012072800100187,2012년 7월 28일 09시,토요일,대구광역시 중구 삼덕동2가,경상사고,0,0,1,0,차대차 - 측면직각충돌,안전거리미확보,건조,맑음,단일로 - 기타,승용,남,37세,상해없음,승용,남,61세,경상
2012072800100236,2012년 7월 28일 11시,토요일,대구광역시 중구 남산동,경상사고,0,0,1,0,차대차 - 기타,교차로운행방법위반,건조,맑음,교차로 - 교차로안,승용,남,65세,상해없음,이륜,남,44세,경상
2012072800100237,2012년 7월 28일 11시,토요일,대구광역시 중구 덕산동,경상사고,0,0,1,0,차대차 - 측면직각충돌,신호위반,건조,맑음,교차로 - 교차로안,화물,여,46세,상해없음,이륜,남,35세,경상
2012072800100269,2012년 7월 28일 12시,토요일,대구광역시 북구 침산동,경상사고,0,0,2,1,차대차 - 추돌 - 주정차중,안전운전불이행,건조,맑음,단일로 - 기타,승용,남,28세,상해없음,승용,남,30세,상해없음
2012072800100270,2012년 7월 28일 12시,토요일,대구광역시 북구 서변동,경상사고,0,0,1,0,차대차 - 측면직각충돌,안전운전불이행,건조,맑음,단일로 - 기타,승용,남,34세,상해없음,이륜,남,45세,경상
2012072800100307,2012년 7월 28일 13시,토요일,대구광역시 북구 침산동,경상사고,0,0,1,0,차대사람 - 기타,신호위반,건조,맑음,기타 - 기타,승용,남,35세,기타불명,보행자,여,11세,경상
2012072800100338,2012년 7월 28일 14시,토요일,대구광역시 달성군 화원읍,경상사고,0,0,1,0,차대차 - 추돌 - 주정차중,안전운전불이행,건조,맑음,단일로 - 기타,화물,남,58세,상해없음,승용,남,38세,경상
2012072800100339,2012년 7월 28일 14시,토요일,대구광역시 북구 산격동,경상사고,0,0,1,0,차대차 - 기타,안전운전불이행,건조,맑음,단일로 - 기타,승용,남,57세,상해없음,승용,여,41세,경상
2012072800100371,2012년 7월 28일 15시,토요일,대구광역시 수성구 황금동,경상사고,0,0,1,0,차대사람 - 기타,안전운전불이행,건조,맑음,단일로 - 기타,이륜,남,53세,상해없음,보행자,남,63세,경상
2012072800100372,2012년 7월 28일 15시,토요일,대구광역시 달서구 상인동,중상사고,0,1,0,0,차대사람 - 횡단중,보행자보호의무위반,건조,맑음,단일로 - 횡단보도상,승용,여,51세,상해없음,보행자,남,11세,중상
2012072800100373,2012년 7월 28일 15시,토요일,대구광역시 북구 침산동,경상사고,0,0,3,0,차대차 - 추돌 - 진행중,안전거리미확보,건조,맑음,단일로 - 기타,승용,여,46세,경상,승용,남,22세,상해없음
2012072800100374,2012년 7월 28일 15시,토요일,대구광역시 중구 동성로2가,경상사고,0,0,1,0,차대사람 - 기타,기타,건조,맑음,단일로 - 기타,승용,남,60세,상해없음,보행자,여,38세,경상
2012072800100375,2012년 7월 28일 15시,토요일,대구광역시 달서구 성당동,경상사고,0,0,1,0,차대차 - 측면직각충돌,안전운전불이행,건조,맑음,단일로 - 기타,화물,남,71세,상해없음,승용,여,27세,경상
2012072800100403,2012년 7월 28일 16시,토요일,대구광역시 달서구 유천동,중상사고,0,2,4,0,차대차 - 추돌 - 진행중,안전운전불이행,건조,맑음,교차로 - 교차로부근,승용,남,37세,상해없음,승용,남,41세,중상
2012072800100404,2012년 7월 28일 16시,토요일,대구광역시 달성군 다사읍,경상사고,0,0,1,0,차대차 - 기타,차로위반,건조,맑음,단일로 - 기타,승용,여,39세,상해없음,원동기,남,40세,경상
2012072800100405,2012년 7월 28일 16시,토요일,대구광역시 달서구 용산동,경상사고,0,0,2,0,차대차 - 추돌 - 진행중,안전운전불이행,건조,맑음,단일로 - 기타,승용,남,43세,상해없음,승용,남,49세,경상
2012072800100444,2012년 7월 28일 17시,토요일,대구광역시 수성구 중동,중상사고,0,1,0,0,차대차 - 기타,안전운전불이행,건조,맑음,단일로 - 기타,승용,여,57세,상해없음,자전거,남,14세,중상
2012072800100445,2012년 7월 28일 17시,토요일,대구광역시 달성군 하빈면,중상사고,0,1,7,0,차대차 - 추돌 - 진행중,안전거리미확보,건조,맑음,단일로 - 기타,승용,여,40세,경상,승용,남,55세,경상
2012072800100446,2012년 7월 28일 17시,토요일,대구광역시 중구 삼덕동2가,중상사고,0,1,0,0,차대차 - 측면직각충돌,교차로운행방법위반,건조,맑음,교차로 - 교차로안,승합,남,56세,상해없음,승용,남,44세,중상
2012072800100447,2012년 7월 28일 17시,토요일,대구광역시 달서구 이곡동,경상사고,0,0,1,0,차대차 - 측면직각충돌,안전운전불이행,건조,맑음,단일로 - 기타,승용,남,69세,상해없음,이륜,남,26세,경상
2012072800100476,2012년 7월 28일 18시,토요일,대구광역시 북구 구암동,부상신고사고,0,0,0,1,차대차 - 추돌 - 진행중,불법유턴,건조,맑음,교차로 - 교차로부근,승용,여,41세,상해없음,승용,여,27세,부상신고
2012072800100505,2012년 7월 28일 19시,토요일,대구광역시 달성군 가창면,경상사고,0,0,2,0,차대차 - 추돌 - 주정차중,안전운전불이행,건조,맑음,단일로 - 기타,화물,남,54세,상해없음,승합,남,59세,경상
2012072800100506,2012년 7월 28일 19시,토요일,대구광역시 북구 매천동,중상사고,0,2,0,0,차대차 - 추돌 - 진행중,안전운전불이행,건조,맑음,미분류 - 미분류,승합,남,68세,상해없음,승용,남,48세,중상
2012072800100550,2012년 7월 28일 20시,토요일,대구광역시 남구 봉덕동,중상사고,0,1,0,0,차대차 - 추돌 - 진행중,안전거리미확보,건조,맑음,단일로 - 기타,승용,남,63세,상해없음,이륜,남,23세,중상
2012072800100551,2012년 7월 28일 20시,토요일,대구광역시 중구 동인동1가,중상사고,0,1,0,0,차대사람 - 횡단중,안전운전불이행,건조,맑음,교차로 - 교차로부근,승용,남,55세,상해없음,보행자,여,57세,중상
2012072800100598,2012년 7월 28일 21시,토요일,대구광역시 남구 대명동,경상사고,0,0,1,0,차대차 - 측면직각충돌,기타,건조,맑음,단일로 - 기타,승용,남,51세,상해없음,이륜,남,26세,경상
2012072800100599,2012년 7월 28일 21시,토요일,대구광역시 수성구 범어동,경상사고,0,0,1,0,차대차 - 기타,안전운전불이행,건조,맑음,단일로 - 기타,승용,여,26세,상해없음,자전거,남,58세,경상
2012072800100600,2012년 7월 28일 21시,토요일,대구광역시 서구 평리동,경상사고,0,0,2,0,차대차 - 추돌 - 주정차중,안전운전불이행,건조,맑음,단일로 - 기타,승용,남,45세,상해없음,승용,남,29세,경상
2012072800100629,2012년 7월 28일 22시,토요일,대구광역시 동구 효목동,중상사고,0,1,0,0,차대사람 - 기타,안전운전불이행,건조,맑음,단일로 - 기타,승용,남,45세,상해없음,보행자,여,72세,중상
2012072800100630,2012년 7월 28일 22시,토요일,대구광역시 수성구 지산동,중상사고,0,1,0,0,차대사람 - 기타,안전운전불이행,건조,맑음,교차로 - 교차로안,승합,남,47세,상해없음,보행자,여,48세,중상
2012072800100631,2012년 7월 28일 22시,토요일,대구광역시 북구 동변동,부상신고사고,0,0,0,1,차대차 - 측면직각충돌,교차로운행방법위반,건조,맑음,교차로 - 교차로안,이륜,남,19세,부상신고,승용,남,46세,상해없음
2012072800100655,2012년 7월 28일 23시,토요일,대구광역시 달서구 감삼동,중상사고,0,1,0,0,차대차 - 측면직각충돌,안전운전불이행,건조,맑음,교차로 - 교차로안,승용,남,29세,상해없음,승용,남,57세,중상
2012072900100017,2012년 7월 29일 00시,일요일,대구광역시 동구 신암동,경상사고,0,0,2,0,차대차 - 측면직각충돌,안전거리미확보,건조,맑음,단일로 - 기타,승용,남,22세,상해없음,화물,남,48세,경상
2012072900100018,2012년 7월 29일 00시,일요일,대구광역시 중구 동인동1가,중상사고,0,1,3,0,차대차 - 측면직각충돌,신호위반,건조,맑음,교차로 - 교차로안,승용,남,42세,상해없음,승용,남,31세,경상
2012072900100019,2012년 7월 29일 00시,일요일,대구광역시 달서구 성당동,중상사고,0,1,0,0,차대차 - 측면직각충돌,안전운전불이행,건조,맑음,교차로 - 교차로안,화물,남,48세,상해없음,원동기,남,16세,중상
2012072900100036,2012년 7월 29일 01시,일요일,대구광역시 중구 삼덕동1가,중상사고,0,1,0,0,차대사람 - 기타,안전운전불이행,건조,맑음,단일로 - 기타,승용,남,50세,상해없음,보행자,남,21세,중상
2012072900100066,2012년 7월 29일 03시,일요일,대구광역시 달서구 감삼동,경상사고,0,0,2,0,차대차 - 기타,안전운전불이행,건조,맑음,단일로 - 기타,승용,남,49세,상해없음,승용,남,23세,경상
2012072900100093,2012년 7월 29일 05시,일요일,대구광역시 북구 태전동,경상사고,0,0,2,0,차대차 - 기타,안전운전불이행,건조,맑음,단일로 - 기타,승용,남,30세,상해없음,이륜,남,17세,경상
2012072900100094,2012년 7월 29일 05시,일요일,대구광역시 달서구 두류동,경상사고,0,0,1,0,차대차 - 측면직각충돌,안전거리미확보,건조,맑음,단일로 - 기타,화물,남,47세,상해없음,원동기,남,18세,경상
2012072900100104,2012년 7월 29일 06시,일요일,대구광역시 달서구 진천동,사망사고,1,0,0,0,차대차 - 측면직각충돌,신호위반,건조,맑음,교차로 - 교차로안,승합,남,42세,상해없음,자전거,남,35세,사망
2012072900100133,2012년 7월 29일 08시,일요일,대구광역시 수성구 황금동,중상사고,0,1,0,0,차대차 - 측면직각충돌,안전운전불이행,건조,맑음,단일로 - 기타,승용,남,71세,상해없음,승용,남,25세,중상
2012072900100149,2012년 7월 29일 09시,일요일,대구광역시 수성구 상동,중상사고,0,1,0,0,차대사람 - 기타,보행자보호의무위반,건조,맑음,단일로 - 기타,화물,남,38세,상해없음,보행자,남,70세,중상
2012072900100170,2012년 7월 29일 10시,일요일,대구광역시 동구 신천동,경상사고,0,0,1,0,차대차 - 추돌 - 주정차중,안전운전불이행,건조,맑음,단일로 - 기타,화물,여,48세,상해없음,승용,남,55세,경상
2012072900100171,2012년 7월 29일 10시,일요일,대구광역시 북구 침산동,경상사고,0,0,1,0,차대차 - 정면충돌,중앙선침범,건조,맑음,단일로 - 기타,승용,남,22세,상해없음,화물,남,56세,경상
2012072900100172,2012년 7월 29일 10시,일요일,대구광역시 중구 대봉동,경상사고,0,0,1,0,차대차 - 추돌 - 주정차중,안전운전불이행,건조,기타,단일로 - 기타,승용,남,71세,기타불명,승용,남,62세,경상
2012072900100173,2012년 7월 29일 10시,일요일,대구광역시 달서구 이곡동,경상사고,0,0,3,0,차대차 - 측면직각충돌,안전운전불이행,건조,맑음,교차로 - 교차로부근,이륜,남,18세,경상,승용,남,44세,경상
2012072900100222,2012년 7월 29일 12시,일요일,대구광역시 수성구 범어동,중상사고,0,1,0,0,차대차 - 기타,안전운전불이행,건조,맑음,단일로 - 기타,승용,여,42세,상해없음,자전거,남,17세,중상
2012072900100223,2012년 7월 29일 12시,일요일,대구광역시 달성군 가창면,경상사고,0,0,1,0,차대차 - 측면직각충돌,안전운전불이행,건조,맑음,단일로 - 기타,승용,여,47세,상해없음,이륜,남,66세,경상
2012072900100224,2012년 7월 29일 12시,일요일,대구광역시 중구 대봉동,경상사고,0,0,1,0,차대사람 - 기타,안전운전불이행,건조,맑음,단일로 - 기타,승용,남,70세,상해없음,보행자,여,20세,경상
2012072900100241,2012년 7월 29일 13시,일요일,대구광역시 동구 중대동,중상사고,0,1,0,0,차량단독 - 공작물충돌,안전운전불이행,건조,맑음,단일로 - 기타,승용,여,45세,상해없음,,,,
2012072900100338,2012년 7월 29일 16시,일요일,대구광역시 달성군 화원읍,경상사고,0,0,2,0,차대차 - 측면직각충돌,안전운전불이행,건조,맑음,단일로 - 교량,승용,남,35세,경상,화물,남,37세,기타불명
2012072900100409,2012년 7월 29일 18시,일요일,대구광역시 수성구 지산동,경상사고,0,0,1,0,차대사람 - 횡단중,보행자보호의무위반,건조,맑음,교차로 - 교차로안,승용,남,18세,상해없음,보행자,여,56세,경상
2012072900100410,2012년 7월 29일 18시,일요일,대구광역시 중구 동성로2가,경상사고,0,0,1,0,차대사람 - 기타,안전운전불이행,건조,맑음,단일로 - 기타,승용,여,42세,상해없음,보행자,여,31세,경상
2012072900100411,2012년 7월 29일 18시,일요일,대구광역시 달서구 호산동,경상사고,0,0,2,0,차대차 - 측면직각충돌,신호위반,건조,맑음,교차로 - 교차로안,승용,남,57세,경상,화물,남,49세,경상
2012072900100435,2012년 7월 29일 19시,일요일,대구광역시 달서구 대곡동,경상사고,0,0,1,0,차대차 - 추돌 - 주정차중,안전운전불이행,건조,맑음,단일로 - 기타,승용,남,30세,상해없음,승용,남,40세,기타불명
2012072900100436,2012년 7월 29일 19시,일요일,대구광역시 달서구 상인동,중상사고,0,1,0,0,차대사람 - 기타,안전운전불이행,건조,맑음,단일로 - 기타,승용,남,28세,상해없음,보행자,남,56세,중상
2012072900100437,2012년 7월 29일 19시,일요일,대구광역시 달서구 진천동,경상사고,0,0,1,0,차대사람 - 기타,안전운전불이행,건조,맑음,단일로 - 기타,승용,여,33세,상해없음,보행자,남,32세,경상
2012072900100438,2012년 7월 29일 19시,일요일,대구광역시 북구 칠성동1가,경상사고,0,0,1,0,차대차 - 측면직각충돌,중앙선침범,건조,맑음,단일로 - 기타,자전거,여,62세,경상,승용,남,38세,상해없음
2012072900100439,2012년 7월 29일 19시,일요일,대구광역시 북구 매천동,부상신고사고,0,0,0,1,차대차 - 추돌 - 진행중,교차로운행방법위반,건조,맑음,단일로 - 기타,원동기,남,17세,부상신고,승용,여,45세,상해없음
2012072900100474,2012년 7월 29일 20시,일요일,대구광역시 북구 산격동,경상사고,0,0,1,0,차대차 - 측면직각충돌,안전운전불이행,건조,맑음,교차로 - 교차로안,원동기,남,28세,상해없음,승용,남,27세,경상
2012072900100475,2012년 7월 29일 20시,일요일,대구광역시 서구 비산동,중상사고,0,1,0,0,차대차 - 기타,안전운전불이행,건조,맑음,단일로 - 기타,승용,여,25세,상해없음,자전거,여,66세,중상
2012072900100495,2012년 7월 29일 21시,일요일,대구광역시 달서구 성당동,중상사고,0,1,0,0,차대사람 - 횡단중,신호위반,건조,맑음,단일로 - 횡단보도상,이륜,남,25세,상해없음,보행자,여,67세,중상
2012072900100514,2012년 7월 29일 22시,일요일,대구광역시 달서구 송현동,중상사고,0,2,0,0,차대차 - 측면직각충돌,안전거리미확보,건조,맑음,단일로 - 기타,승용,남,56세,상해없음,원동기,남,16세,중상
2012072900100515,2012년 7월 29일 22시,일요일,대구광역시 달서구 이곡동,경상사고,0,0,1,0,차대차 - 측면직각충돌,차로위반,건조,맑음,단일로 - 기타,승용,여,34세,상해없음,승용,여,31세,상해없음
2012072900100534,2012년 7월 29일 23시,일요일,대구광역시 동구 진인동,중상사고,0,1,1,0,차대차 - 추돌 - 진행중,안전운전불이행,건조,맑음,단일로 - 기타,승용,남,21세,상해없음,승용,남,34세,경상
2012073000100034,2012년 7월 30일 02시,월요일,대구광역시 북구 대현동,중상사고,0,2,0,3,차대차 - 측면직각충돌,안전거리미확보,건조,맑음,단일로 - 기타,승용,남,23세,상해없음,원동기,남,16세,중상
2012073000100051,2012년 7월 30일 05시,월요일,대구광역시 남구 봉덕동,경상사고,0,0,1,0,차량단독 - 공작물충돌,안전운전불이행,건조,맑음,단일로 - 기타,승용,남,18세,경상,,,,
2012073000100052,2012년 7월 30일 05시,월요일,대구광역시 북구 복현동,경상사고,0,0,1,0,차대사람 - 기타,보행자보호의무위반,건조,맑음,단일로 - 기타,승용,여,55세,상해없음,보행자,여,18세,경상
2012073000100063,2012년 7월 30일 06시,월요일,대구광역시 동구 대림동,중상사고,0,2,0,0,차대차 - 기타,교차로운행방법위반,건조,맑음,교차로 - 교차로안,승용,남,60세,상해없음,이륜,남,73세,중상
2012073000100064,2012년 7월 30일 06시,월요일,대구광역시 달서구 호산동,경상사고,0,0,2,0,차대차 - 측면직각충돌,안전운전불이행,건조,맑음,교차로 - 교차로안,화물,남,40세,상해없음,승용,남,43세,경상
2012073000100085,2012년 7월 30일 07시,월요일,대구광역시 수성구 범어동,중상사고,0,1,0,0,차대차 - 측면직각충돌,기타,건조,맑음,단일로 - 기타,승용,남,70세,상해없음,자전거,여,53세,중상
2012073000100114,2012년 7월 30일 08시,월요일,대구광역시 달성군 논공읍,중상사고,0,1,0,0,차량단독 - 전도전복,안전운전불이행,건조,맑음,단일로 - 기타,승용,남,22세,상해없음,,,,
2012073000100118,2012년 7월 30일 08시,월요일,대구광역시 서구 내당동,경상사고,0,0,3,0,차대차 - 측면직각충돌,안전운전불이행,건조,맑음,단일로 - 기타,승용,남,27세,경상,승용,남,52세,경상
2012073000100119,2012년 7월 30일 08시,월요일,대구광역시 서구 중리동,경상사고,0,0,1,0,차대차 - 측면직각충돌,교차로운행방법위반,건조,맑음,교차로 - 교차로안,화물,남,49세,상해없음,승용,여,41세,상해없음
2012073000100154,2012년 7월 30일 09시,월요일,대구광역시 달성군 가창면,경상사고,0,0,1,0,차량단독 - 공작물충돌,안전운전불이행,건조,맑음,교차로 - 교차로부근,승용,남,52세,경상,,,,
2012073000100155,2012년 7월 30일 09시,월요일,대구광역시 북구 대현동,경상사고,0,0,1,0,차대차 - 기타,안전운전불이행,건조,맑음,교차로 - 교차로안,승용,여,60세,상해없음,자전거,남,76세,경상
2012073000100189,2012년 7월 30일 10시,월요일,대구광역시 수성구 만촌동,중상사고,0,1,0,0,차대차 - 측면직각충돌,안전운전불이행,건조,맑음,단일로 - 기타,승용,남,55세,상해없음,승용,남,60세,중상
2012073000100190,2012년 7월 30일 10시,월요일,대구광역시 달서구 대천동,부상신고사고,0,0,0,1,차대차 - 추돌 - 주정차중,안전운전불이행,건조,맑음,교차로 - 교차로부근,화물,남,69세,상해없음,특수,남,58세,부상신고
2012073000100191,2012년 7월 30일 10시,월요일,대구광역시 달서구 본동,중상사고,0,1,0,0,차대차 - 기타,교차로운행방법위반,건조,맑음,교차로 - 교차로안,화물,남,45세,상해없음,이륜,남,60세,중상
2012073000100192,2012년 7월 30일 10시,월요일,대구광역시 서구 비산동,중상사고,0,2,0,0,차대차 - 측면직각충돌,신호위반,건조,맑음,단일로 - 기타,승용,남,54세,상해없음,이륜,남,75세,중상
2012073000100193,2012년 7월 30일 10시,월요일,대구광역시 중구 동산동,중상사고,0,1,0,0,차대차 - 기타,안전운전불이행,건조,맑음,단일로 - 기타,이륜,남,37세,중상,승용,남,55세,상해없음
2012073000100221,2012년 7월 30일 11시,월요일,대구광역시 동구 동호동,중상사고,0,1,0,0,차대차 - 기타,교차로운행방법위반,건조,맑음,교차로 - 교차로부근,이륜,남,56세,기타불명,원동기,남,59세,중상
2012073000100222,2012년 7월 30일 11시,월요일,대구광역시 수성구 중동,중상사고,0,1,0,0,차대차 - 측면직각충돌,차로위반,건조,맑음,단일로 - 기타,승용,남,47세,상해없음,이륜,남,23세,중상
2012073000100223,2012년 7월 30일 11시,월요일,대구광역시 달서구 진천동,중상사고,0,1,0,0,차대사람 - 보도통행중,불법유턴,건조,맑음,기타 - 기타,승용,남,36세,상해없음,보행자,남,52세,중상
2012073000100290,2012년 7월 30일 13시,월요일,대구광역시 달성군 다사읍,중상사고,0,1,2,0,차대차 - 추돌 - 주정차중,안전운전불이행,건조,맑음,교차로 - 교차로부근,화물,남,57세,상해없음,승용,여,31세,중상
2012073000100334,2012년 7월 30일 14시,월요일,대구광역시 북구 읍내동,중상사고,0,2,2,0,차대차 - 측면직각충돌,안전운전불이행,건조,맑음,단일로 - 기타,승용,여,37세,기타불명,승용,남,31세,중상
2012073000100407,2012년 7월 30일 16시,월요일,대구광역시 중구 삼덕동1가,경상사고,0,0,3,0,차대차 - 측면직각충돌,신호위반,건조,맑음,교차로 - 교차로안,이륜,남,21세,경상,승용,남,62세,경상
2012073000100444,2012년 7월 30일 17시,월요일,대구광역시 남구 대명동,경상사고,0,0,1,0,차대차 - 측면직각충돌,교차로운행방법위반,건조,맑음,교차로 - 교차로안,승용,남,57세,상해없음,승용,남,66세,경상
2012073000100445,2012년 7월 30일 17시,월요일,대구광역시 남구 대명동,중상사고,0,1,0,0,차대사람 - 횡단중,신호위반,건조,맑음,교차로 - 교차로안,승용,여,37세,상해없음,보행자,남,56세,중상
2012073000100446,2012년 7월 30일 17시,월요일,대구광역시 달성군 화원읍,경상사고,0,0,2,0,차대차 - 기타,안전운전불이행,건조,맑음,단일로 - 기타,승용,남,30세,상해없음,승용,남,56세,상해없음
2012073000100447,2012년 7월 30일 17시,월요일,대구광역시 서구 내당동,경상사고,0,0,3,0,차대차 - 측면직각충돌,중앙선침범,건조,맑음,단일로 - 기타,승합,남,26세,상해없음,승용,남,62세,경상
2012073000100448,2012년 7월 30일 17시,월요일,대구광역시 서구 이현동,중상사고,0,1,1,0,차대차 - 추돌 - 진행중,안전거리미확보,건조,맑음,단일로 - 기타,승용,여,34세,상해없음,승용,남,40세,상해없음
2012073000100449,2012년 7월 30일 17시,월요일,대구광역시 달서구 용산동,중상사고,0,1,0,0,차대사람 - 기타,안전운전불이행,건조,맑음,단일로 - 기타,승용,여,41세,상해없음,보행자,여,11세,중상
2012073000100492,2012년 7월 30일 18시,월요일,대구광역시 수성구 범어동,경상사고,0,0,1,0,차대차 - 추돌 - 주정차중,안전운전불이행,건조,맑음,단일로 - 기타,승용,남,63세,상해없음,승용,남,31세,경상
2012073000100493,2012년 7월 30일 18시,월요일,대구광역시 수성구 수성동4가,경상사고,0,0,1,0,차대차 - 추돌 - 진행중,안전운전불이행,건조,맑음,단일로 - 기타,승용,남,54세,상해없음,승용,남,25세,경상
2012073000100494,2012년 7월 30일 18시,월요일,대구광역시 북구 산격동,경상사고,0,0,1,0,차대차 - 측면직각충돌,안전운전불이행,건조,맑음,단일로 - 기타,화물,남,22세,상해없음,승용,여,48세,경상
2012073000100495,2012년 7월 30일 18시,월요일,대구광역시 중구 계산동1가,중상사고,0,1,1,0,차대차 - 기타,안전거리미확보,건조,맑음,단일로 - 기타,승용,남,57세,상해없음,승용,남,45세,경상
2012073000100515,2012년 7월 30일 19시,월요일,대구광역시 동구 신암동,중상사고,0,1,0,0,차대사람 - 기타,보행자보호의무위반,건조,맑음,교차로 - 교차로부근,화물,남,25세,상해없음,보행자,여,82세,중상
2012073000100554,2012년 7월 30일 20시,월요일,대구광역시 달서구 송현동,중상사고,0,1,0,0,차대차 - 기타,안전운전불이행,건조,흐림,단일로 - 기타,승용,여,36세,상해없음,승용,남,31세,기타불명
2012073000100555,2012년 7월 30일 20시,월요일,대구광역시 달성군 화원읍,중상사고,0,1,0,0,차대사람 - 기타,안전운전불이행,건조,맑음,단일로 - 기타,승용,남,54세,상해없음,보행자,남,84세,중상
2012073000100556,2012년 7월 30일 20시,월요일,대구광역시 북구 노원동3가,경상사고,0,0,1,0,차량단독 - 공작물충돌,안전운전불이행,건조,맑음,단일로 - 횡단보도상,이륜,남,48세,경상,,,,
2012073000100557,2012년 7월 30일 20시,월요일,대구광역시 북구 구암동,경상사고,0,0,1,0,차대차 - 기타,안전운전불이행,건조,맑음,단일로 - 기타,자전거,남,50세,상해없음,자전거,여,64세,경상
2012073000100582,2012년 7월 30일 21시,월요일,대구광역시 달서구 이곡동,경상사고,0,0,1,0,차대차 - 추돌 - 진행중,안전거리미확보,건조,맑음,교차로 - 교차로안,승용,남,51세,상해없음,원동기,여,34세,경상
2012073000100606,2012년 7월 30일 22시,월요일,대구광역시 서구 내당동,중상사고,0,1,0,0,차대차 - 측면직각충돌,신호위반,건조,맑음,단일로 - 횡단보도상,승용,여,51세,상해없음,이륜,남,38세,중상
2012073100100017,2012년 7월 31일 00시,화요일,대구광역시 달서구 감삼동,경상사고,0,0,1,0,차대차 - 추돌 - 주정차중,안전거리미확보,건조,맑음,단일로 - 기타,화물,기타불명,기타불명,기타불명,승용,남,21세,경상
2012073100100037,2012년 7월 31일 01시,화요일,대구광역시 달서구 파호동,경상사고,0,0,1,0,차량단독 - 기타,안전운전불이행,건조,맑음,단일로 - 기타,승용,남,53세,상해없음,,,,
2012073100100044,2012년 7월 31일 02시,화요일,대구광역시 동구 신천동,중상사고,0,2,1,0,차대차 - 추돌 - 진행중,안전운전불이행,건조,맑음,단일로 - 기타,승용,남,29세,상해없음,이륜,남,17세,중상