사고번호,사고일시,요일,시군구,사고내용,사망자수,중상자수,경상자수,부상신고자수,사고유형,법규위반,노면상태,기상상태,도로형태,가해운전자 차종,가해운전자 성별,가해운전자 연령,가해운전자 상해정도,피해운전자 차종,피해운전자 성별,피해운전자 연령,피해운전자 상해정도
2012080700100037,2012년 8월 7일 01시,화요일,대구광역시 북구 노원동1가,경상사고,0,0,2,0,차대차 - 추돌 - 주정차중,안전운전불이행,건조,맑음,단일로 - 기타,승용,남,59세,상해없음,승용,남,26세,경상
2012080700100055,2012년 8월 7일 03시,화요일,대구광역시 달서구 두류동,경상사고,0,0,2,0,차대차 - 추돌 - 주정차중,안전운전불이행,건조,맑음,단일로 - 기타,승용,남,31세,경상,승용,여,55세,기타불명
2012080700100110,2012년 8월 7일 07시,화요일,대구광역시 중구 동인동3가,경상사고,0,0,1,0,차대차 - 추돌 - 진행중,안전운전불이행,건조,맑음,단일로 - 기타,자전거,남,59세,상해없음,자전거,여,50세,경상
2012080700100111,2012년 8월 7일 07시,화요일,대구광역시 달서구 본리동,중상사고,0,1,0,0,차대차 - 측면직각충돌,신호위반,건조,맑음,단일로 - 횡단보도상,승용,남,46세,상해없음,자전거,남,71세,중상
2012080700100135,2012년 8월 7일 08시,화요일,대구광역시 남구 이천동,중상사고,0,1,0,0,차대사람 - 기타,안전운전불이행,건조,맑음,교차로 - 교차로부근,건설기계,남,48세,상해없음,보행자,남,73세,중상
2012080700100136,2012년 8월 7일 08시,화요일,대구광역시 수성구 만촌동,중상사고,0,1,0,0,차대차 - 추돌 - 주정차중,기타,건조,맑음,교차로 - 교차로부근,승용,남,59세,상해없음,이륜,남,30세,중상
2012080700100137,2012년 8월 7일 08시,화요일,대구광역시 달서구 진천동,경상사고,0,0,1,0,차대차 - 기타,안전운전불이행,건조,맑음,교차로 - 교차로안,승용,남,47세,상해없음,자전거,남,48세,경상
2012080700100166,2012년 8월 7일 09시,화요일,대구광역시 달서구 본동,중상사고,0,1,0,0,차대사람 - 기타,안전운전불이행,건조,맑음,단일로 - 기타,승용,여,41세,상해없음,보행자,여,75세,중상
2012080700100167,2012년 8월 7일 09시,화요일,대구광역시 북구 산격동,경상사고,0,0,1,0,차대차 - 추돌 - 진행중,안전거리미확보,건조,맑음,교차로 - 교차로부근,승합,남,57세,상해없음,승용,남,27세,경상
2012080700100213,2012년 8월 7일 11시,화요일,대구광역시 동구 방촌동,경상사고,0,0,3,0,차대차 - 기타,안전운전불이행,건조,맑음,교차로 - 교차로부근,승용,남,28세,상해없음,승용,여,34세,경상
2012080700100245,2012년 8월 7일 12시,화요일,대구광역시 수성구 매호동,중상사고,0,1,0,0,차대차 - 기타,안전운전불이행,건조,맑음,단일로 - 기타,승용,여,57세,상해없음,자전거,남,10세,중상
2012080700100246,2012년 8월 7일 12시,화요일,대구광역시 서구 내당동,경상사고,0,0,1,0,차대차 - 측면직각충돌,안전거리미확보,건조,맑음,단일로 - 기타,승용,남,33세,상해없음,승용,여,47세,상해없음
2012080700100274,2012년 8월 7일 13시,화요일,대구광역시 동구 율하동,중상사고,0,1,0,0,차대차 - 추돌 - 진행중,안전운전불이행,건조,맑음,교차로 - 교차로안,승용,여,30세,상해없음,자전거,여,22세,중상
2012080700100309,2012년 8월 7일 14시,화요일,대구광역시 수성구 만촌동,경상사고,0,0,1,0,차대차 - 추돌 - 주정차중,안전운전불이행,건조,맑음,교차로 - 교차로부근,승합,남,59세,상해없음,승용,여,56세,경상
2012080700100310,2012년 8월 7일 14시,화요일,대구광역시 수성구 상동,경상사고,0,0,1,0,차대차 - 추돌 - 진행중,안전운전불이행,건조,맑음,단일로 - 기타,승용,남,19세,상해없음,승용,남,68세,상해없음
2012080700100338,2012년 8월 7일 15시,화요일,대구광역시 남구 대명동,중상사고,0,1,0,0,차대차 - 기타,안전거리미확보,건조,맑음,교차로 - 교차로부근,승용,여,64세,상해없음,이륜,남,40세,중상
2012080700100339,2012년 8월 7일 15시,화요일,대구광역시 수성구 상동,경상사고,0,0,2,0,차대차 - 기타,안전운전불이행,건조,맑음,단일로 - 횡단보도부근,승용,여,38세,상해없음,승합,남,24세,경상
2012080700100371,2012년 8월 7일 16시,화요일,대구광역시 수성구 범어동,경상사고,0,0,1,0,차대차 - 측면직각충돌,안전운전불이행,건조,맑음,단일로 - 기타,승용,남,62세,기타불명,승용,남,42세,경상
2012080700100372,2012년 8월 7일 16시,화요일,대구광역시 북구 동천동,경상사고,0,0,1,0,차대사람 - 길가장자리구역통행중,안전운전불이행,건조,맑음,단일로 - 기타,승용,여,45세,상해없음,보행자,남,15세,경상
2012080700100373,2012년 8월 7일 16시,화요일,대구광역시 중구 남산동,경상사고,0,0,2,0,차대차 - 기타,안전운전불이행,건조,맑음,교차로 - 교차로안,승용,남,67세,상해없음,승용,여,53세,경상
2012080700100374,2012년 8월 7일 16시,화요일,대구광역시 달서구 이곡동,경상사고,0,0,1,0,차대차 - 측면직각충돌,신호위반,건조,맑음,교차로 - 교차로안,승용,남,61세,상해없음,승용,여,42세,경상
2012080700100417,2012년 8월 7일 17시,화요일,대구광역시 북구 산격동,중상사고,0,1,0,0,차대사람 - 횡단중,안전운전불이행,건조,맑음,단일로 - 횡단보도부근,승용,남,25세,상해없음,보행자,남,27세,중상
2012080700100418,2012년 8월 7일 17시,화요일,대구광역시 북구 복현동,경상사고,0,0,1,0,차대차 - 기타,안전운전불이행,건조,맑음,단일로 - 기타,승합,남,73세,상해없음,자전거,남,51세,경상
2012080700100455,2012년 8월 7일 18시,화요일,대구광역시 동구 신천동,경상사고,0,0,1,0,차대사람 - 기타,안전운전불이행,건조,맑음,단일로 - 기타,승용,여,48세,상해없음,보행자,남,58세,경상
2012080700100495,2012년 8월 7일 19시,화요일,대구광역시 동구 불로동,경상사고,0,0,2,0,차대차 - 측면직각충돌,신호위반,건조,맑음,교차로 - 교차로안,승용,남,52세,상해없음,화물,남,37세,경상
2012080700100496,2012년 8월 7일 19시,화요일,대구광역시 서구 비산동,중상사고,0,1,0,0,차대차 - 추돌 - 진행중,안전거리미확보,건조,맑음,단일로 - 기타,화물,남,47세,상해없음,이륜,남,19세,중상
2012080700100497,2012년 8월 7일 19시,화요일,대구광역시 달서구 호림동,중상사고,0,1,0,0,차대차 - 측면직각충돌,안전운전불이행,건조,맑음,교차로 - 교차로안,승용,남,37세,상해없음,승용,여,45세,중상
2012080700100540,2012년 8월 7일 20시,화요일,대구광역시 동구 숙천동,사망사고,1,5,0,0,차대차 - 추돌 - 주정차중,안전운전불이행,건조,맑음,단일로 - 기타,화물,남,63세,상해없음,승용,남,56세,중상
2012080700100542,2012년 8월 7일 20시,화요일,대구광역시 달성군 다사읍,경상사고,0,0,1,0,차대차 - 추돌 - 진행중,중앙선침범,건조,맑음,단일로 - 기타,화물,남,49세,상해없음,화물,남,37세,경상
2012080700100543,2012년 8월 7일 20시,화요일,대구광역시 북구 대현동,경상사고,0,0,2,0,차대차 - 측면직각충돌,안전운전불이행,건조,맑음,단일로 - 기타,승용,남,41세,상해없음,승용,여,35세,경상
2012080700100544,2012년 8월 7일 20시,화요일,대구광역시 서구 내당동,경상사고,0,0,1,0,차대차 - 추돌 - 주정차중,안전운전불이행,건조,맑음,교차로 - 교차로부근,이륜,남,53세,상해없음,승용,남,40세,경상
2012080700100575,2012년 8월 7일 21시,화요일,대구광역시 서구 평리동,경상사고,0,0,1,0,차대차 - 기타,안전운전불이행,건조,맑음,교차로 - 교차로부근,화물,남,46세,상해없음,승용,여,28세,경상
2012080700100608,2012년 8월 7일 22시,화요일,대구광역시 달서구 송현동,중상사고,0,1,0,0,차대차 - 기타,안전거리미확보,건조,맑음,단일로 - 횡단보도부근,승용,남,57세,상해없음,이륜,남,25세,중상
2012080700100609,2012년 8월 7일 22시,화요일,대구광역시 달성군 옥포면,경상사고,0,0,1,0,차대차 - 기타,안전운전불이행,건조,맑음,단일로 - 기타,자전거,남,35세,상해없음,자전거,남,18세,경상
2012080700100610,2012년 8월 7일 22시,화요일,대구광역시 달서구 용산동,경상사고,0,0,1,0,차대차 - 기타,안전운전불이행,건조,맑음,기타 - 기타,화물,남,52세,상해없음,승용,남,40세,경상
2012080700100648,2012년 8월 7일 23시,화요일,대구광역시 수성구 만촌동,중상사고,0,1,0,0,차대차 - 기타,안전운전불이행,건조,맑음,교차로 - 교차로안,화물,남,30세,상해없음,승용,남,54세,중상
2012080700100649,2012년 8월 7일 23시,화요일,대구광역시 달서구 상인동,경상사고,0,0,3,0,차대차 - 측면직각충돌,직진우회전진행방해,건조,맑음,교차로 - 교차로안,승용,남,32세,경상,승용,남,49세,경상
2012080800100013,2012년 8월 8일 00시,수요일,대구광역시 수성구 대흥동,중상사고,0,1,0,0,차대차 - 측면직각충돌,교차로운행방법위반,건조,맑음,교차로 - 교차로안,승용,남,64세,상해없음,승용,여,44세,중상
2012080800100014,2012년 8월 8일 00시,수요일,대구광역시 북구 서변동,경상사고,0,0,1,0,차량단독 - 공작물충돌,안전운전불이행,건조,맑음,미분류 - 미분류,승용,여,33세,경상,,,,
2012080800100043,2012년 8월 8일 02시,수요일,대구광역시 달서구 상인동,경상사고,0,0,1,0,차대차 - 추돌 - 주정차중,안전운전불이행,건조,맑음,교차로 - 교차로부근,승용,남,25세,상해없음,승용,남,47세,상해없음
2012080800100044,2012년 8월 8일 02시,수요일,대구광역시 달서구 송현동,경상사고,0,0,1,0,차대사람 - 기타,안전운전불이행,건조,맑음,단일로 - 기타,승용,남,43세,상해없음,보행자,여,23세,경상
2012080800100059,2012년 8월 8일 04시,수요일,대구광역시 서구 평리동,경상사고,0,0,1,0,차대차 - 측면직각충돌,신호위반,건조,맑음,교차로 - 교차로안,화물,남,32세,상해없음,승용,남,43세,경상
2012080800100079,2012년 8월 8일 06시,수요일,대구광역시 달서구 신당동,중상사고,0,1,0,0,차대차 - 측면직각충돌,안전운전불이행,건조,맑음,단일로 - 기타,화물,남,41세,상해없음,자전거,남,32세,중상
2012080800100124,2012년 8월 8일 08시,수요일,대구광역시 동구 신평동,중상사고,0,1,0,0,차량단독 - 기타,안전운전불이행,건조,맑음,단일로 - 기타,자전거,남,37세,중상,,,,
2012080800100125,2012년 8월 8일 08시,수요일,대구광역시 북구 구암동,중상사고,0,1,0,0,차대차 - 측면직각충돌,교차로운행방법위반,건조,맑음,교차로 - 교차로안,승용,여,51세,상해없음,이륜,남,53세,중상
2012080800100126,2012년 8월 8일 08시,수요일,대구광역시 북구 태전동,부상신고사고,0,0,0,1,차대사람 - 횡단중,보행자보호의무위반,건조,맑음,단일로 - 횡단보도상,승용,남,59세,상해없음,보행자,남,6세,부상신고
2012080800100127,2012년 8월 8일 08시,수요일,대구광역시 달서구 본리동,중상사고,0,1,0,0,차대차 - 측면직각충돌,안전운전불이행,건조,맑음,교차로 - 교차로안,화물,기타불명,기타불명,기타불명,자전거,남,69세,중상
2012080800100157,2012년 8월 8일 09시,수요일,대구광역시 수성구 만촌동,중상사고,0,1,0,0,차대차 - 측면직각충돌,직진우회전진행방해,건조,맑음,교차로 - 교차로안,승용,여,45세,상해없음,승용,여,57세,중상
2012080800100158,2012년 8월 8일 09시,수요일,대구광역시 북구 산격동,중상사고,0,1,0,0,차대차 - 기타,안전운전불이행,건조,맑음,단일로 - 기타,승용,남,41세,상해없음,자전거,남,30세,중상
2012080800100159,2012년 8월 8일 09시,수요일,대구광역시 북구 태전동,경상사고,0,0,1,0,차대차 - 기타,안전거리미확보,건조,맑음,단일로 - 기타,승용,여,57세,상해없음,건설기계,남,47세,상해없음
2012080800100160,2012년 8월 8일 09시,수요일,대구광역시 중구 북성로1가,경상사고,0,0,1,0,차대사람 - 기타,안전운전불이행,건조,맑음,교차로 - 교차로부근,화물,남,39세,상해없음,보행자,남,56세,경상
2012080800100191,2012년 8월 8일 10시,수요일,대구광역시 북구 대현동,중상사고,0,1,0,1,차대사람 - 길가장자리구역통행중,안전운전불이행,건조,맑음,단일로 - 기타,자전거,남,23세,부상신고,보행자,여,62세,중상
2012080800100224,2012년 8월 8일 11시,수요일,대구광역시 달성군 가창면,경상사고,0,0,2,1,차대차 - 기타,안전운전불이행,건조,맑음,단일로 - 기타,승용,여,56세,부상신고,승용,여,59세,상해없음
2012080800100225,2012년 8월 8일 11시,수요일,대구광역시 북구 태전동,경상사고,0,0,1,0,차대사람 - 기타,기타,건조,맑음,기타 - 기타,자전거,남,68세,상해없음,보행자,여,14세,경상
2012080800100226,2012년 8월 8일 11시,수요일,대구광역시 달서구 용산동,중상사고,0,3,1,0,차대차 - 측면직각충돌,안전거리미확보,건조,맑음,단일로 - 기타,승용,남,25세,상해없음,승용,남,47세,경상
2012080800100291,2012년 8월 8일 14시,수요일,대구광역시 달서구 두류동,경상사고,0,0,1,0,차대차 - 추돌 - 진행중,안전운전불이행,건조,맑음,단일로 - 기타,승용,남,52세,상해없음,승용,남,22세,경상
2012080800100324,2012년 8월 8일 15시,수요일,대구광역시 동구 신암동,경상사고,0,0,1,0,차대사람 - 횡단중,안전운전불이행,건조,맑음,교차로 - 교차로부근,승용,여,26세,상해없음,보행자,남,41세,경상
2012080800100325,2012년 8월 8일 15시,수요일,대구광역시 달서구 이곡동,중상사고,0,1,0,0,차대사람 - 횡단중,보행자보호의무위반,건조,맑음,교차로 - 교차로안,승용,여,46세,상해없음,보행자,여,7세,중상
2012080800100364,2012년 8월 8일 16시,수요일,대구광역시 동구 서호동,경상사고,0,0,2,0,차대차 - 기타,안전운전불이행,건조,맑음,교차로 - 교차로안,승합,남,35세,상해없음,승용,남,51세,경상
2012080800100396,2012년 8월 8일 17시,수요일,대구광역시 달서구 신당동,경상사고,0,0,1,0,차대차 - 측면직각충돌,신호위반,건조,맑음,교차로 - 교차로안,승용,남,57세,상해없음,승용,남,42세,경상
2012080800100424,2012년 8월 8일 18시,수요일,대구광역시 달서구 도원동,경상사고,0,0,1,0,차대차 - 측면직각충돌,교차로운행방법위반,건조,맑음,교차로 - 교차로안,승용,남,40세,상해없음,승용,남,51세,경상
2012080800100425,2012년 8월 8일 18시,수요일,대구광역시 북구 노원동3가,경상사고,0,0,1,0,차대차 - 기타,안전운전불이행,건조,맑음,단일로 - 기타,승용,남,32세,상해없음,자전거,남,67세,경상
2012080800100457,2012년 8월 8일 19시,수요일,대구광역시 동구 방촌동,중상사고,0,1,0,0,차대차 - 측면직각충돌,교차로운행방법위반,건조,맑음,교차로 - 교차로안,승용,남,31세,상해없음,자전거,여,56세,중상
2012080800100458,2012년 8월 8일 19시,수요일,대구광역시 달서구 월성동,경상사고,0,0,1,0,차대차 - 기타,안전운전불이행,건조,맑음,교차로 - 교차로부근,승용,여,24세,상해없음,자전거,남,55세,경상
2012080800100459,2012년 8월 8일 19시,수요일,대구광역시 중구 삼덕동1가,경상사고,0,0,2,0,차대차 - 기타,안전운전불이행,건조,맑음,단일로 - 기타,승용,남,41세,상해없음,승용,남,25세,경상
2012080800100487,2012년 8월 8일 20시,수요일,대구광역시 수성구 범물동,중상사고,0,1,1,0,차대차 - 측면직각충돌,안전운전불이행,건조,맑음,교차로 - 교차로안,승용,여,28세,상해없음,승용,여,28세,경상
2012080800100488,2012년 8월 8일 20시,수요일,대구광역시 달서구 유천동,경상사고,0,0,1,0,차대차 - 측면직각충돌,안전운전불이행,건조,맑음,단일로 - 기타,승용,남,49세,상해없음,자전거,남,60세,경상
2012080800100489,2012년 8월 8일 20시,수요일,대구광역시 북구 산격동,부상신고사고,0,0,0,1,차대차 - 측면직각충돌,안전거리미확보,건조,맑음,교차로 - 교차로부근,이륜,남,70세,부상신고,승용,남,69세,상해없음
2012080800100490,2012년 8월 8일 20시,수요일,대구광역시 북구 칠성동2가,경상사고,0,0,1,0,차대차 - 기타,안전거리미확보,건조,맑음,단일로 - 기타,승용,남,51세,상해없음,이륜,남,49세,경상
2012080800100491,2012년 8월 8일 20시,수요일,대구광역시 북구 대현동,경상사고,0,0,1,0,차대차 - 기타,안전운전불이행,건조,맑음,단일로 - 기타,승용,여,51세,상해없음,승용,여,44세,경상
2012080800100492,2012년 8월 8일 20시,수요일,대구광역시 달서구 신당동,경상사고,0,0,1,0,차량단독 - 전도전복,안전운전불이행,건조,맑음,단일로 - 기타,이륜,남,16세,경상,,,,
2012080800100522,2012년 8월 8일 21시,수요일,대구광역시 수성구 범어동,중상사고,0,1,0,0,차대차 - 추돌 - 진행중,안전운전불이행,건조,맑음,교차로 - 교차로부근,승용,여,53세,상해없음,승용,남,55세,중상
2012080800100524,2012년 8월 8일 21시,수요일,대구광역시 서구 비산동,경상사고,0,0,1,0,차대사람 - 보도통행중,보행자보호의무위반,건조,맑음,단일로 - 기타,승용,남,35세,상해없음,보행자,남,30세,경상
2012080800100525,2012년 8월 8일 21시,수요일,대구광역시 중구 삼덕동1가,경상사고,0,0,1,0,차대사람 - 기타,안전운전불이행,건조,기타,단일로 - 기타,승용,남,38세,상해없음,보행자,여,18세,경상
2012080800100582,2012년 8월 8일 23시,수요일,대구광역시 달서구 두류동,경상사고,0,0,1,0,차대차 - 추돌 - 진행중,안전운전불이행,건조,맑음,기타 - 기타,원동기,여,37세,경상,승용,남,29세,상해없음
2012080900100048,2012년 8월 9일 03시,목요일,대구광역시 달서구 상인동,중상사고,0,1,0,0,차대차 - 기타,안전운전불이행,건조,맑음,교차로 - 교차로부근,승용,여,50세,상해없음,이륜,여,53세,중상
2012080900100066,2012년 8월 9일 05시,목요일,대구광역시 서구 내당동,경상사고,0,0,1,0,차대차 - 추돌 - 진행중,안전운전불이행,건조,맑음,교차로 - 교차로안,이륜,남,17세,상해없음,승용,남,50세,경상
2012080900100075,2012년 8월 9일 06시,목요일,대구광역시 수성구 수성동1가,중상사고,0,2,0,0,차대차 - 측면직각충돌,신호위반,건조,맑음,교차로 - 교차로안,승합,남,61세,상해없음,승용,남,54세,중상
2012080900100096,2012년 8월 9일 07시,목요일,대구광역시 서구 내당동,경상사고,0,0,1,0,차대차 - 기타,기타,건조,맑음,단일로 - 기타,승용,남,61세,상해없음,자전거,남,25세,경상
2012080900100097,2012년 8월 9일 07시,목요일,대구광역시 서구 평리동,경상사고,0,0,1,0,차대사람 - 횡단중,보행자보호의무위반,건조,맑음,단일로 - 횡단보도상,화물,여,56세,상해없음,보행자,여,52세,경상
2012080900100098,2012년 8월 9일 07시,목요일,대구광역시 달서구 호산동,사망사고,1,0,0,0,차대차 - 기타,안전운전불이행,건조,맑음,단일로 - 기타,화물,남,48세,상해없음,자전거,남,31세,사망
2012080900100129,2012년 8월 9일 08시,목요일,대구광역시 북구 고성동2가,경상사고,0,0,1,0,차대차 - 추돌 - 진행중,안전운전불이행,건조,맑음,교차로 - 교차로부근,승용,남,51세,상해없음,승용,남,48세,경상
2012080900100130,2012년 8월 9일 08시,목요일,대구광역시 서구 중리동,경상사고,0,0,1,0,차대차 - 추돌 - 주정차중,안전운전불이행,건조,맑음,교차로 - 교차로부근,승용,여,41세,상해없음,승용,남,49세,경상
2012080900100131,2012년 8월 9일 08시,목요일,대구광역시 서구 내당동,경상사고,0,0,1,0,차대사람 - 횡단중,안전운전불이행,건조,맑음,단일로 - 기타,승용,남,39세,상해없음,보행자,여,47세,경상
2012080900100148,2012년 8월 9일 09시,목요일,대구광역시 달서구 두류동,중상사고,0,1,0,0,차대사람 - 차도통행중,안전운전불이행,건조,맑음,단일로 - 기타,승용,남,31세,상해없음,보행자,남,36세,중상
2012080900100149,2012년 8월 9일 09시,목요일,대구광역시 달서구 성당동,중상사고,0,1,3,0,차대차 - 측면직각충돌,안전운전불이행,건조,맑음,교차로 - 교차로안,승용,여,53세,상해없음,승용,남,27세,경상
2012080900100174,2012년 8월 9일 10시,목요일,대구광역시 달서구 송현동,경상사고,0,0,1,0,차대사람 - 기타,안전운전불이행,건조,맑음,단일로 - 기타,승용,남,57세,상해없음,보행자,남,42세,경상
2012080900100175,2012년 8월 9일 10시,목요일,대구광역시 달성군 구지면,경상사고,0,0,1,0,차대차 - 기타,신호위반,건조,맑음,교차로 - 교차로안,승용,남,49세,상해없음,승용,남,29세,경상
2012080900100202,2012년 8월 9일 11시,목요일,대구광역시 달서구 성당동,경상사고,0,0,1,0,차대차 - 기타,안전운전불이행,건조,맑음,교차로 - 교차로부근,승합,남,33세,상해없음,이륜,남,53세,경상
2012080900100229,2012년 8월 9일 12시,목요일,대구광역시 달서구 도원동,중상사고,0,1,0,0,차대차 - 추돌 - 주정차중,불법유턴,건조,맑음,단일로 - 기타,화물,남,40세,상해없음,승합,남,30세,중상
2012080900100317,2012년 8월 9일 15시,목요일,대구광역시 수성구 만촌동,경상사고,0,0,1,0,차대사람 - 보도통행중,기타,건조,맑음,단일로 - 기타,승용,여,58세,상해없음,보행자,여,21세,경상
2012080900100318,2012년 8월 9일 15시,목요일,대구광역시 북구 동천동,중상사고,0,1,1,0,차대차 - 측면직각충돌,안전운전불이행,건조,맑음,교차로 - 교차로안,승용,여,39세,상해없음,승용,남,54세,중상
2012080900100319,2012년 8월 9일 15시,목요일,대구광역시 중구 태평로2가,경상사고,0,0,3,0,차대차 - 기타,교차로운행방법위반,건조,맑음,교차로 - 교차로안,화물,남,36세,상해없음,승용,여,21세,경상
2012080900100352,2012년 8월 9일 16시,목요일,대구광역시 동구 동호동,중상사고,0,1,0,0,차대차 - 기타,안전거리미확보,건조,맑음,교차로 - 교차로안,이륜,남,77세,중상,승용,여,65세,상해없음
2012080900100353,2012년 8월 9일 16시,목요일,대구광역시 북구 고성동1가,중상사고,0,1,1,0,차대차 - 측면직각충돌,기타,건조,맑음,단일로 - 기타,승용,여,43세,상해없음,승용,남,45세,중상
2012080900100354,2012년 8월 9일 16시,목요일,대구광역시 중구 삼덕동3가,경상사고,0,0,1,0,차대차 - 기타,차로위반,건조,맑음,단일로 - 기타,화물,남,64세,상해없음,승용,남,37세,경상
2012080900100390,2012년 8월 9일 17시,목요일,대구광역시 수성구 수성동4가,경상사고,0,0,1,0,차대차 - 측면직각충돌,안전운전불이행,건조,맑음,단일로 - 기타,이륜,남,50세,경상,승용,남,51세,상해없음
2012080900100391,2012년 8월 9일 17시,목요일,대구광역시 달서구 송현동,경상사고,0,0,1,0,차대차 - 추돌 - 진행중,신호위반,건조,맑음,교차로 - 교차로안,승용,여,44세,상해없음,이륜,여,38세,경상
2012080900100392,2012년 8월 9일 17시,목요일,대구광역시 서구 비산동,경상사고,0,0,1,0,차대차 - 기타,안전운전불이행,건조,맑음,단일로 - 기타,승용,여,33세,상해없음,자전거,여,57세,경상
2012080900100423,2012년 8월 9일 18시,목요일,대구광역시 동구 신천동,중상사고,0,1,0,0,차대사람 - 보도통행중,보행자보호의무위반,건조,맑음,단일로 - 횡단보도상,승용,남,57세,상해없음,보행자,남,61세,중상
2012080900100424,2012년 8월 9일 18시,목요일,대구광역시 북구 팔달동,중상사고,0,1,0,0,차대사람 - 기타,안전운전불이행,건조,맑음,기타 - 기타,기타불명,기타불명,기타불명,기타불명,보행자,남,21세,중상
2012080900100425,2012년 8월 9일 18시,목요일,대구광역시 서구 원대동3가,경상사고,0,0,1,0,차대사람 - 차도통행중,안전운전불이행,건조,맑음,단일로 - 기타,승용,남,57세,상해없음,보행자,남,62세,경상
2012080900100426,2012년 8월 9일 18시,목요일,대구광역시 중구 북성로1가,경상사고,0,0,1,0,차대차 - 측면직각충돌,직진우회전진행방해,건조,맑음,교차로 - 교차로안,승용,여,33세,상해없음,승용,남,39세,경상
2012080900100456,2012년 8월 9일 19시,목요일,대구광역시 수성구 만촌동,경상사고,0,0,1,0,차대사람 - 기타,안전운전불이행,건조,맑음,단일로 - 기타,승용,여,48세,상해없음,보행자,남,50세,경상
2012080900100457,2012년 8월 9일 19시,목요일,대구광역시 달서구 월성동,경상사고,0,0,2,0,차대차 - 추돌 - 진행중,안전거리미확보,건조,맑음,단일로 - 기타,이륜,남,17세,경상,승용,남,55세,경상
2012080900100458,2012년 8월 9일 19시,목요일,대구광역시 중구 대신동,중상사고,0,1,0,0,차대차 - 측면직각충돌,안전운전불이행,건조,맑음,단일로 - 기타,자전거,여,28세,중상,승용,남,50세,상해없음
2012080900100497,2012년 8월 9일 20시,목요일,대구광역시 중구 대봉동,경상사고,0,0,2,0,차대차 - 기타,안전운전불이행,건조,맑음,교차로 - 교차로부근,승합,남,57세,상해없음,승용,여,35세,경상
2012080900100498,2012년 8월 9일 20시,목요일,대구광역시 달서구 이곡동,경상사고,0,0,2,0,차대사람 - 횡단중,보행자보호의무위반,건조,맑음,단일로 - 횡단보도상,원동기,남,16세,상해없음,보행자,여,20세,경상
2012080900100517,2012년 8월 9일 21시,목요일,대구광역시 동구 신기동,경상사고,0,0,1,0,차대차 - 측면직각충돌,안전운전불이행,건조,맑음,교차로 - 교차로안,승용,남,54세,상해없음,자전거,남,22세,경상
2012080900100546,2012년 8월 9일 22시,목요일,대구광역시 수성구 두산동,경상사고,0,0,1,0,차대사람 - 기타,안전운전불이행,건조,맑음,기타 - 기타,자전거,남,8세,상해없음,보행자,여,4세,경상
2012080900100547,2012년 8월 9일 22시,목요일,대구광역시 달성군 화원읍,경상사고,0,0,2,0,차대차 - 추돌 - 진행중,안전운전불이행,건조,맑음,단일로 - 교량,승용,여,38세,경상,승용,남,46세,경상
2012080900100575,2012년 8월 9일 23시,목요일,대구광역시 남구 대명동,중상사고,0,1,0,0,차대사람 - 횡단중,안전운전불이행,건조,맑음,단일로 - 기타,승용,남,49세,상해없음,보행자,여,18세,중상
2012080900100576,2012년 8월 9일 23시,목요일,대구광역시 중구 삼덕동1가,부상신고사고,0,0,0,1,차대사람 - 차도통행중,안전운전불이행,건조,맑음,단일로 - 기타,승용,남,61세,상해없음,보행자,여,24세,부상신고
2012081000100012,2012년 8월 10일 00시,금요일,대구광역시 동구 신천동,중상사고,0,1,1,0,차대차 - 기타,직진우회전진행방해,건조,맑음,교차로 - 교차로안,승용,남,53세,상해없음,승용,남,45세,중상
2012081000100013,2012년 8월 10일 00시,금요일,대구광역시 달서구 상인동,사망사고,1,0,0,0,차대사람 - 기타,안전운전불이행,건조,맑음,교차로 - 교차로안,화물,남,31세,상해없음,보행자,남,37세,사망
2012081000100014,2012년 8월 10일 00시,금요일,대구광역시 서구 평리동,중상사고,0,1,0,0,차대사람 - 기타,안전운전불이행,건조,맑음,단일로 - 기타,승용,남,39세,상해없음,보행자,남,38세,중상
2012081000100015,2012년 8월 10일 00시,금요일,대구광역시 서구 중리동,경상사고,0,0,1,0,차대차 - 기타,중앙선침범,건조,맑음,단일로 - 기타,승용,남,59세,상해없음,승용,남,45세,기타불명
2012081000100038,2012년 8월 10일 01시,금요일,대구광역시 달서구 호림동,경상사고,0,0,1,0,차대차 - 측면직각충돌,안전운전불이행,건조,맑음,교차로 - 교차로안,승용,남,49세,상해없음,승용,여,43세,경상
2012081000100084,2012년 8월 10일 05시,금요일,대구광역시 달서구 감삼동,경상사고,0,0,1,0,차대차 - 추돌 - 진행중,안전운전불이행,건조,맑음,단일로 - 기타,승용,남,25세,상해없음,승용,남,42세,경상
2012081000100094,2012년 8월 10일 06시,금요일,대구광역시 달서구 송현동,중상사고,0,1,0,0,차대사람 - 횡단중,보행자보호의무위반,건조,맑음,단일로 - 횡단보도상,승용,남,37세,상해없음,보행자,여,60세,중상
2012081000100095,2012년 8월 10일 06시,금요일,대구광역시 서구 비산동,경상사고,0,0,1,0,차대차 - 측면직각충돌,안전운전불이행,건조,맑음,단일로 - 기타,승용,남,49세,상해없음,자전거,남,70세,경상
2012081000100117,2012년 8월 10일 07시,금요일,대구광역시 달서구 갈산동,중상사고,0,1,0,0,차대차 - 측면직각충돌,직진우회전진행방해,건조,맑음,교차로 - 교차로안,승용,남,44세,상해없음,자전거,여,43세,중상