사고번호,사고일시,요일,시군구,사고내용,사망자수,중상자수,경상자수,부상신고자수,사고유형,법규위반,노면상태,기상상태,도로형태,가해운전자 차종,가해운전자 성별,가해운전자 연령,가해운전자 상해정도,피해운전자 차종,피해운전자 성별,피해운전자 연령,피해운전자 상해정도
2012081000100138,2012년 8월 10일 08시,금요일,대구광역시 동구 신암동,중상사고,0,1,0,0,차대차 - 추돌 - 주정차중,안전운전불이행,건조,맑음,단일로 - 기타,화물,남,52세,상해없음,승용,남,50세,중상
2012081000100139,2012년 8월 10일 08시,금요일,대구광역시 수성구 사월동,중상사고,0,1,0,0,차대차 - 측면직각충돌,안전운전불이행,건조,맑음,교차로 - 교차로부근,승용,여,43세,상해없음,자전거,여,14세,중상
2012081000100140,2012년 8월 10일 08시,금요일,대구광역시 달성군 논공읍,중상사고,0,2,1,0,차대차 - 기타,안전운전불이행,건조,맑음,단일로 - 기타,승합,남,55세,상해없음,승용,여,32세,중상
2012081000100172,2012년 8월 10일 09시,금요일,대구광역시 동구 불로동,경상사고,0,0,1,0,차대차 - 추돌 - 주정차중,안전운전불이행,건조,맑음,단일로 - 기타,승용,남,23세,상해없음,승용,남,47세,경상
2012081000100173,2012년 8월 10일 09시,금요일,대구광역시 달서구 본리동,중상사고,0,1,0,0,차대차 - 측면직각충돌,중앙선침범,건조,맑음,단일로 - 기타,승용,남,54세,상해없음,승용,여,49세,중상
2012081000100204,2012년 8월 10일 10시,금요일,대구광역시 달성군 화원읍,경상사고,0,0,1,0,차대차 - 정면충돌,안전운전불이행,건조,맑음,교차로 - 교차로안,승용,남,42세,상해없음,자전거,여,67세,경상
2012081000100205,2012년 8월 10일 10시,금요일,대구광역시 북구 대현동,경상사고,0,0,1,1,차대차 - 측면직각충돌,안전운전불이행,건조,맑음,단일로 - 기타,승용,남,32세,부상신고,승용,남,49세,경상
2012081000100230,2012년 8월 10일 11시,금요일,대구광역시 중구 대신동,경상사고,0,0,2,0,차대차 - 측면직각충돌,안전운전불이행,건조,맑음,단일로 - 기타,승용,남,33세,상해없음,승용,남,57세,경상
2012081000100295,2012년 8월 10일 13시,금요일,대구광역시 중구 계산동2가,경상사고,0,0,2,0,차대차 - 측면직각충돌,안전거리미확보,건조,맑음,단일로 - 기타,승용,여,30세,상해없음,승용,남,58세,경상
2012081000100338,2012년 8월 10일 14시,금요일,대구광역시 수성구 신매동,경상사고,0,0,1,0,차대차 - 기타,안전거리미확보,건조,맑음,단일로 - 기타,승합,여,38세,기타불명,승합,남,52세,상해없음
2012081000100339,2012년 8월 10일 14시,금요일,대구광역시 달서구 월암동,중상사고,0,1,0,0,차대차 - 기타,기타,건조,맑음,단일로 - 기타,화물,남,50세,상해없음,화물,남,32세,중상
2012081000100362,2012년 8월 10일 15시,금요일,대구광역시 달성군 다사읍,경상사고,0,0,1,0,차대차 - 기타,안전운전불이행,건조,흐림,단일로 - 기타,승합,남,53세,상해없음,승용,남,31세,경상
2012081000100363,2012년 8월 10일 15시,금요일,대구광역시 북구 산격동,경상사고,0,0,1,0,차대차 - 측면직각충돌,교차로운행방법위반,건조,맑음,교차로 - 교차로안,승용,남,43세,상해없음,이륜,남,26세,경상
2012081000100408,2012년 8월 10일 16시,금요일,대구광역시 동구 신암동,중상사고,0,1,0,0,차대차 - 측면직각충돌,안전거리미확보,건조,흐림,단일로 - 기타,화물,남,51세,상해없음,원동기,남,19세,중상
2012081000100409,2012년 8월 10일 16시,금요일,대구광역시 달성군 화원읍,경상사고,0,0,1,0,차대사람 - 기타,안전운전불이행,건조,맑음,단일로 - 기타,승용,남,64세,상해없음,보행자,남,8세,경상
2012081000100410,2012년 8월 10일 16시,금요일,대구광역시 북구 복현동,경상사고,0,0,1,0,차대사람 - 기타,안전운전불이행,건조,기타,단일로 - 기타,승용,남,52세,상해없음,보행자,남,9세,경상
2012081000100411,2012년 8월 10일 16시,금요일,대구광역시 서구 평리동,경상사고,0,0,2,0,차대차 - 측면직각충돌,신호위반,습기,비,단일로 - 횡단보도부근,승용,남,31세,상해없음,승용,남,60세,경상
2012081000100412,2012년 8월 10일 16시,금요일,대구광역시 서구 평리동,경상사고,0,0,3,0,차대차 - 측면직각충돌,신호위반,습기,비,교차로 - 교차로안,승용,남,54세,상해없음,승용,남,30세,경상
2012081000100450,2012년 8월 10일 17시,금요일,대구광역시 동구 효목동,중상사고,0,1,0,0,차대사람 - 횡단중,신호위반,습기,비,단일로 - 기타,승합,남,56세,상해없음,보행자,남,54세,중상
2012081000100451,2012년 8월 10일 17시,금요일,대구광역시 수성구 황금동,경상사고,0,0,1,0,차대차 - 기타,안전운전불이행,건조,맑음,단일로 - 기타,승용,남,34세,상해없음,승용,여,50세,경상
2012081000100452,2012년 8월 10일 17시,금요일,대구광역시 달서구 송현동,중상사고,0,1,1,0,차대차 - 기타,신호위반,습기,비,교차로 - 교차로안,이륜,남,20세,경상,자전거,남,18세,중상
2012081000100453,2012년 8월 10일 17시,금요일,대구광역시 달성군 화원읍,경상사고,0,0,2,0,차대차 - 기타,안전운전불이행,습기,비,교차로 - 교차로안,원동기,남,17세,경상,건설기계,남,38세,상해없음
2012081000100454,2012년 8월 10일 17시,금요일,대구광역시 달성군 구지면,중상사고,0,1,1,0,차대차 - 기타,안전운전불이행,건조,맑음,단일로 - 기타,승용,남,30세,기타불명,승용,남,36세,중상
2012081000100455,2012년 8월 10일 17시,금요일,대구광역시 달성군 다사읍,사망사고,1,0,0,0,차량단독 - 공작물충돌,안전운전불이행,습기,비,단일로 - 기타,화물,남,54세,사망,,,,
2012081000100497,2012년 8월 10일 18시,금요일,대구광역시 남구 봉덕동,경상사고,0,0,1,0,차대사람 - 기타,안전운전불이행,건조,맑음,기타 - 기타,승용,남,66세,상해없음,보행자,남,58세,경상
2012081000100498,2012년 8월 10일 18시,금요일,대구광역시 북구 산격동,중상사고,0,1,2,0,차대차 - 추돌 - 주정차중,안전운전불이행,건조,맑음,기타 - 기타,승용,남,44세,상해없음,승용,남,43세,경상
2012081000100499,2012년 8월 10일 18시,금요일,대구광역시 서구 이현동,중상사고,0,1,0,0,차대사람 - 횡단중,안전운전불이행,습기,흐림,단일로 - 기타,승용,남,28세,상해없음,보행자,남,19세,중상
2012081000100500,2012년 8월 10일 18시,금요일,대구광역시 서구 원대동3가,경상사고,0,0,1,0,차량단독 - 기타,기타,습기,비,단일로 - 기타,승합,남,39세,상해없음,,,,
2012081000100538,2012년 8월 10일 19시,금요일,대구광역시 수성구 범어동,중상사고,0,1,0,0,차량단독 - 기타,안전운전불이행,습기,비,단일로 - 기타,승합,남,40세,상해없음,,,,
2012081000100539,2012년 8월 10일 19시,금요일,대구광역시 북구 노원동1가,경상사고,0,0,1,0,차대차 - 추돌 - 진행중,안전운전불이행,습기,비,교차로 - 교차로안,자전거,남,32세,경상,원동기,남,56세,상해없음
2012081000100540,2012년 8월 10일 19시,금요일,대구광역시 북구 매천동,중상사고,0,2,0,0,차대차 - 추돌 - 주정차중,안전운전불이행,건조,흐림,단일로 - 기타,승용,남,56세,상해없음,승용,남,55세,중상
2012081000100541,2012년 8월 10일 19시,금요일,대구광역시 북구 태전동,경상사고,0,0,1,0,차대차 - 측면직각충돌,안전운전불이행,습기,비,단일로 - 기타,화물,남,37세,상해없음,원동기,남,25세,경상
2012081000100542,2012년 8월 10일 19시,금요일,대구광역시 북구 태전동,경상사고,0,0,2,0,차대차 - 기타,안전운전불이행,건조,맑음,기타 - 기타,승용,남,60세,기타불명,화물,남,42세,경상
2012081000100590,2012년 8월 10일 20시,금요일,대구광역시 북구 태전동,경상사고,0,0,5,0,차대차 - 추돌 - 주정차중,안전운전불이행,건조,맑음,단일로 - 기타,승용,남,54세,상해없음,승용,여,42세,경상
2012081000100640,2012년 8월 10일 22시,금요일,대구광역시 수성구 상동,중상사고,0,2,0,0,차대차 - 측면직각충돌,교차로운행방법위반,건조,맑음,교차로 - 교차로안,승용,남,26세,상해없음,이륜,남,38세,중상
2012081000100641,2012년 8월 10일 22시,금요일,대구광역시 북구 태전동,경상사고,0,0,2,0,차대차 - 추돌 - 진행중,안전거리미확보,건조,흐림,단일로 - 기타,승용,남,39세,상해없음,승용,남,47세,경상
2012081000100642,2012년 8월 10일 22시,금요일,대구광역시 북구 관음동,경상사고,0,0,1,0,차대사람 - 기타,안전운전불이행,습기,비,교차로 - 교차로안,승용,여,53세,상해없음,보행자,남,25세,경상
2012081000100668,2012년 8월 10일 23시,금요일,대구광역시 서구 비산동,경상사고,0,0,2,0,차대차 - 기타,중앙선침범,건조,맑음,단일로 - 기타,승용,남,31세,상해없음,승용,남,40세,경상
2012081000100669,2012년 8월 10일 23시,금요일,대구광역시 중구 남산동,경상사고,0,0,1,0,차대차 - 기타,직진우회전진행방해,건조,맑음,교차로 - 교차로안,승용,남,48세,기타불명,승용,남,44세,경상
2012081100100026,2012년 8월 11일 00시,토요일,대구광역시 수성구 만촌동,중상사고,0,1,1,0,차대차 - 기타,교차로운행방법위반,건조,맑음,교차로 - 교차로안,승용,여,27세,상해없음,승용,여,45세,경상
2012081100100057,2012년 8월 11일 01시,토요일,대구광역시 북구 산격동,경상사고,0,0,1,0,차대차 - 추돌 - 진행중,안전운전불이행,건조,맑음,단일로 - 기타,승용,남,58세,상해없음,승용,남,28세,경상
2012081100100072,2012년 8월 11일 02시,토요일,대구광역시 중구 달성동,경상사고,0,0,2,0,차대차 - 기타,교차로운행방법위반,건조,맑음,교차로 - 교차로안,승용,남,52세,상해없음,승용,남,56세,경상
2012081100100106,2012년 8월 11일 04시,토요일,대구광역시 수성구 지산동,중상사고,0,1,0,0,차대차 - 기타,안전운전불이행,건조,맑음,단일로 - 기타,승용,남,29세,상해없음,화물,남,64세,기타불명
2012081100100137,2012년 8월 11일 06시,토요일,대구광역시 달서구 월성동,중상사고,0,1,0,0,차대차 - 기타,신호위반,건조,맑음,교차로 - 교차로안,화물,남,50세,상해없음,이륜,남,25세,중상
2012081100100144,2012년 8월 11일 07시,토요일,대구광역시 중구 삼덕동1가,경상사고,0,0,1,0,차대차 - 기타,중앙선침범,건조,맑음,단일로 - 기타,승용,남,21세,상해없음,승용,남,58세,경상
2012081100100179,2012년 8월 11일 09시,토요일,대구광역시 북구 침산동,경상사고,0,0,1,0,차대사람 - 길가장자리구역통행중,안전운전불이행,건조,맑음,단일로 - 기타,승용,여,39세,상해없음,보행자,여,45세,경상
2012081100100201,2012년 8월 11일 10시,토요일,대구광역시 동구 도동,중상사고,0,3,7,0,차대차 - 추돌 - 진행중,안전운전불이행,건조,맑음,단일로 - 기타,승합,남,54세,중상,승용,남,62세,상해없음
2012081100100202,2012년 8월 11일 10시,토요일,대구광역시 동구 도동,중상사고,0,2,2,0,차대차 - 추돌 - 진행중,안전운전불이행,건조,맑음,단일로 - 기타,승용,남,54세,상해없음,승용,남,32세,중상
2012081100100206,2012년 8월 11일 10시,토요일,대구광역시 수성구 범어동,경상사고,0,0,1,0,차대차 - 정면충돌,안전운전불이행,건조,맑음,교차로 - 교차로안,화물,남,56세,상해없음,승용,남,45세,경상
2012081100100207,2012년 8월 11일 10시,토요일,대구광역시 달서구 호림동,경상사고,0,0,1,0,차대차 - 기타,안전거리미확보,건조,맑음,교차로 - 교차로부근,승용,여,39세,기타불명,승용,남,34세,경상
2012081100100226,2012년 8월 11일 11시,토요일,대구광역시 달서구 신당동,경상사고,0,0,1,0,차대차 - 기타,교차로운행방법위반,건조,맑음,단일로 - 기타,화물,남,44세,상해없음,이륜,남,33세,경상
2012081100100278,2012년 8월 11일 13시,토요일,대구광역시 수성구 범물동,중상사고,0,1,0,0,차대사람 - 보도통행중,교차로운행방법위반,건조,맑음,교차로 - 교차로부근,승합,남,52세,상해없음,보행자,여,16세,중상
2012081100100279,2012년 8월 11일 13시,토요일,대구광역시 달서구 성당동,중상사고,0,1,0,0,차대사람 - 횡단중,안전운전불이행,건조,맑음,기타 - 기타,승용,남,29세,상해없음,보행자,남,49세,중상
2012081100100362,2012년 8월 11일 16시,토요일,대구광역시 북구 산격동,경상사고,0,0,1,0,차대차 - 추돌 - 주정차중,안전운전불이행,건조,맑음,단일로 - 횡단보도부근,승용,남,37세,상해없음,승용,여,41세,경상
2012081100100392,2012년 8월 11일 17시,토요일,대구광역시 동구 검사동,경상사고,0,0,4,0,차대차 - 추돌 - 주정차중,안전운전불이행,건조,맑음,단일로 - 기타,화물,남,68세,상해없음,승용,남,40세,경상
2012081100100445,2012년 8월 11일 19시,토요일,대구광역시 달성군 화원읍,중상사고,0,1,1,0,차대차 - 측면직각충돌,안전운전불이행,건조,맑음,단일로 - 기타,승용,남,51세,상해없음,승용,남,33세,중상
2012081100100446,2012년 8월 11일 19시,토요일,대구광역시 서구 비산동,경상사고,0,0,1,0,차대차 - 기타,안전운전불이행,습기,비,교차로 - 교차로부근,승용,남,21세,상해없음,승합,남,26세,경상
2012081100100470,2012년 8월 11일 20시,토요일,대구광역시 수성구 범어동,중상사고,0,1,0,0,차대사람 - 기타,안전운전불이행,건조,맑음,단일로 - 기타,승용,여,47세,상해없음,보행자,여,61세,중상
2012081100100471,2012년 8월 11일 20시,토요일,대구광역시 달서구 상인동,부상신고사고,0,0,0,1,차대차 - 기타,안전운전불이행,건조,맑음,단일로 - 기타,승용,남,47세,상해없음,이륜,남,45세,부상신고
2012081100100472,2012년 8월 11일 20시,토요일,대구광역시 달서구 본리동,경상사고,0,0,1,0,차량단독 - 기타,안전운전불이행,습기,맑음,교차로 - 교차로부근,이륜,남,19세,경상,,,,
2012081100100503,2012년 8월 11일 21시,토요일,대구광역시 동구 불로동,경상사고,0,0,2,0,차대차 - 측면직각충돌,교차로운행방법위반,건조,맑음,교차로 - 교차로부근,승용,남,59세,상해없음,승용,남,28세,경상
2012081100100504,2012년 8월 11일 21시,토요일,대구광역시 달서구 대곡동,중상사고,0,1,0,0,차량단독 - 기타,기타,건조,맑음,기타 - 기타,승합,남,55세,상해없음,,,,
2012081100100525,2012년 8월 11일 22시,토요일,대구광역시 수성구 지산동,중상사고,0,1,0,0,차대차 - 기타,안전운전불이행,건조,맑음,교차로 - 교차로안,승용,남,47세,상해없음,자전거,남,39세,중상
2012081100100556,2012년 8월 11일 23시,토요일,대구광역시 남구 이천동,중상사고,0,1,0,0,차대사람 - 기타,안전운전불이행,건조,맑음,단일로 - 기타,승용,남,46세,상해없음,보행자,남,46세,중상
2012081100100557,2012년 8월 11일 23시,토요일,대구광역시 수성구 두산동,경상사고,0,0,2,0,차대차 - 측면직각충돌,안전운전불이행,건조,맑음,기타 - 기타,승용,남,31세,상해없음,승용,남,29세,경상
2012081200100022,2012년 8월 12일 00시,일요일,대구광역시 북구 산격동,중상사고,0,1,0,0,차대사람 - 기타,안전운전불이행,건조,맑음,단일로 - 기타,승용,남,53세,상해없음,보행자,여,37세,중상
2012081200100039,2012년 8월 12일 01시,일요일,대구광역시 수성구 수성동2가,중상사고,0,1,0,0,차대차 - 기타,안전운전불이행,건조,맑음,단일로 - 기타,승용,남,32세,상해없음,승용,남,52세,중상
2012081200100055,2012년 8월 12일 02시,일요일,대구광역시 북구 칠성동1가,경상사고,0,0,1,0,차대사람 - 기타,안전운전불이행,건조,맑음,단일로 - 기타,승용,남,41세,상해없음,보행자,남,29세,경상
2012081200100056,2012년 8월 12일 02시,일요일,대구광역시 달서구 감삼동,경상사고,0,0,2,0,차대차 - 추돌 - 주정차중,안전운전불이행,건조,맑음,단일로 - 기타,승용,남,46세,상해없음,승용,남,59세,경상
2012081200100065,2012년 8월 12일 03시,일요일,대구광역시 달서구 진천동,경상사고,0,0,3,0,차대차 - 정면충돌,중앙선침범,건조,맑음,단일로 - 기타,승용,남,29세,상해없음,이륜,남,18세,경상
2012081200100079,2012년 8월 12일 04시,일요일,대구광역시 수성구 황금동,사망사고,1,2,0,0,차대사람 - 횡단중,과속,건조,맑음,단일로 - 횡단보도상,이륜,남,23세,중상,보행자,여,33세,사망
2012081200100080,2012년 8월 12일 04시,일요일,대구광역시 수성구 대흥동,중상사고,0,1,0,0,차대차 - 추돌 - 주정차중,안전운전불이행,건조,맑음,교차로 - 교차로부근,승용,남,26세,상해없음,승용,남,57세,중상
2012081200100124,2012년 8월 12일 07시,일요일,대구광역시 동구 불로동,중상사고,0,1,0,0,차대차 - 측면직각충돌,안전운전불이행,건조,맑음,단일로 - 기타,화물,남,52세,상해없음,화물,남,41세,중상
2012081200100140,2012년 8월 12일 08시,일요일,대구광역시 달서구 상인동,중상사고,0,1,4,0,차대차 - 추돌 - 주정차중,안전운전불이행,건조,맑음,교차로 - 교차로안,승합,남,60세,상해없음,승용,남,57세,경상
2012081200100173,2012년 8월 12일 10시,일요일,대구광역시 수성구 범어동,경상사고,0,0,1,0,차대차 - 기타,안전운전불이행,건조,맑음,단일로 - 기타,승용,여,22세,상해없음,자전거,남,69세,경상
2012081200100174,2012년 8월 12일 10시,일요일,대구광역시 남구 대명동,중상사고,0,1,0,0,차대차 - 기타,신호위반,습기,비,교차로 - 교차로부근,승용,남,43세,상해없음,원동기,여,51세,중상
2012081200100175,2012년 8월 12일 10시,일요일,대구광역시 달성군 화원읍,경상사고,0,0,2,0,차대차 - 기타,안전운전불이행,건조,맑음,단일로 - 교량,자전거,남,40세,경상,자전거,남,31세,경상
2012081200100176,2012년 8월 12일 10시,일요일,대구광역시 북구 대현동,경상사고,0,0,1,0,차대차 - 기타,신호위반,건조,맑음,교차로 - 교차로안,승용,남,37세,상해없음,승용,남,46세,경상
2012081200100177,2012년 8월 12일 10시,일요일,대구광역시 북구 매천동,경상사고,0,0,2,0,차대차 - 측면직각충돌,교차로운행방법위반,건조,흐림,교차로 - 교차로안,승용,여,42세,경상,승용,남,62세,경상
2012081200100189,2012년 8월 12일 11시,일요일,대구광역시 북구 침산동,경상사고,0,0,1,0,차대차 - 측면직각충돌,안전거리미확보,건조,맑음,단일로 - 기타,승용,남,75세,상해없음,승합,남,50세,상해없음
2012081200100263,2012년 8월 12일 14시,일요일,대구광역시 중구 사일동,경상사고,0,0,2,0,차대차 - 측면직각충돌,안전운전불이행,건조,맑음,단일로 - 기타,승용,남,27세,상해없음,승용,여,38세,경상
2012081200100288,2012년 8월 12일 15시,일요일,대구광역시 서구 평리동,경상사고,0,0,1,0,차대차 - 기타,안전거리미확보,건조,맑음,단일로 - 기타,승합,남,67세,상해없음,원동기,남,39세,경상
2012081200100289,2012년 8월 12일 15시,일요일,대구광역시 달서구 본리동,경상사고,0,0,2,0,차대차 - 측면직각충돌,신호위반,건조,맑음,교차로 - 교차로안,원동기,남,35세,상해없음,승용,남,29세,경상
2012081200100319,2012년 8월 12일 16시,일요일,대구광역시 달서구 상인동,중상사고,0,1,0,0,차대차 - 측면직각충돌,안전거리미확보,건조,맑음,단일로 - 기타,이륜,여,56세,중상,승용,남,66세,상해없음
2012081200100320,2012년 8월 12일 16시,일요일,대구광역시 북구 서변동,중상사고,0,1,1,0,차대차 - 기타,안전운전불이행,건조,맑음,교차로 - 교차로안,승용,여,50세,경상,승용,남,32세,중상
2012081200100352,2012년 8월 12일 17시,일요일,대구광역시 달서구 상인동,경상사고,0,0,1,0,차대사람 - 기타,안전운전불이행,건조,맑음,교차로 - 교차로안,승용,여,22세,상해없음,보행자,여,76세,경상
2012081200100353,2012년 8월 12일 17시,일요일,대구광역시 북구 읍내동,중상사고,0,1,1,0,차대차 - 추돌 - 주정차중,안전운전불이행,건조,맑음,단일로 - 기타,승용,남,78세,상해없음,승용,여,31세,중상
2012081200100354,2012년 8월 12일 17시,일요일,대구광역시 달서구 두류동,중상사고,0,1,0,0,차대사람 - 기타,안전운전불이행,습기,비,단일로 - 기타,승용,남,61세,상해없음,보행자,여,15세,중상
2012081200100355,2012년 8월 12일 17시,일요일,대구광역시 달서구 두류동,경상사고,0,0,1,0,차대사람 - 기타,불법유턴,습기,비,단일로 - 기타,승용,남,38세,상해없음,보행자,남,47세,경상
2012081200100388,2012년 8월 12일 18시,일요일,대구광역시 수성구 노변동,중상사고,0,1,0,0,차대차 - 측면직각충돌,차로위반,습기,비,단일로 - 기타,이륜,남,16세,중상,승용,남,59세,상해없음
2012081200100389,2012년 8월 12일 18시,일요일,대구광역시 북구 칠성동1가,경상사고,0,0,3,0,차대차 - 측면직각충돌,중앙선침범,습기,비,교차로 - 교차로안,화물,남,64세,상해없음,승용,남,25세,경상
2012081200100390,2012년 8월 12일 18시,일요일,대구광역시 북구 침산동,경상사고,0,0,1,0,차대차 - 기타,안전운전불이행,건조,맑음,기타 - 기타,승용,남,70세,상해없음,승용,남,59세,경상
2012081200100416,2012년 8월 12일 19시,일요일,대구광역시 중구 삼덕동1가,경상사고,0,0,1,0,차대사람 - 차도통행중,안전운전불이행,건조,맑음,단일로 - 기타,승용,여,28세,상해없음,보행자,남,20세,경상
2012081200100481,2012년 8월 12일 21시,일요일,대구광역시 달서구 감삼동,경상사고,0,0,1,0,차대사람 - 횡단중,안전운전불이행,건조,맑음,단일로 - 횡단보도상,승용,남,24세,기타불명,보행자,여,54세,경상
2012081200100508,2012년 8월 12일 22시,일요일,대구광역시 수성구 지산동,경상사고,0,0,1,0,차대차 - 측면직각충돌,안전운전불이행,건조,맑음,교차로 - 교차로부근,승용,남,30세,상해없음,승용,남,41세,경상
2012081200100530,2012년 8월 12일 23시,일요일,대구광역시 북구 노원동2가,경상사고,0,0,1,0,차대사람 - 보도통행중,기타,건조,맑음,단일로 - 기타,승용,남,50세,상해없음,보행자,여,47세,경상
2012081300100016,2012년 8월 13일 00시,월요일,대구광역시 남구 대명동,경상사고,0,0,1,0,차대사람 - 기타,안전운전불이행,건조,맑음,단일로 - 기타,승용,기타불명,기타불명,기타불명,보행자,남,56세,경상
2012081300100017,2012년 8월 13일 00시,월요일,대구광역시 중구 삼덕동3가,경상사고,0,0,1,0,차대차 - 기타,안전거리미확보,건조,흐림,단일로 - 기타,승용,남,56세,상해없음,승용,남,52세,상해없음
2012081300100030,2012년 8월 13일 01시,월요일,대구광역시 북구 산격동,경상사고,0,0,2,0,차대차 - 추돌 - 진행중,안전거리미확보,습기,비,단일로 - 기타,승용,남,57세,상해없음,승용,남,27세,경상
2012081300100035,2012년 8월 13일 02시,월요일,대구광역시 수성구 범어동,경상사고,0,0,1,0,차대차 - 기타,안전운전불이행,습기,비,단일로 - 기타,승용,남,30세,상해없음,승용,여,51세,경상
2012081300100041,2012년 8월 13일 03시,월요일,대구광역시 동구 효목동,경상사고,0,0,1,0,차대차 - 측면직각충돌,안전운전불이행,습기,비,교차로 - 교차로부근,승용,여,48세,기타불명,승용,남,56세,경상
2012081300100042,2012년 8월 13일 03시,월요일,대구광역시 달서구 송현동,중상사고,0,1,0,0,차량단독 - 공작물충돌,안전운전불이행,습기,비,단일로 - 기타,승용,남,49세,상해없음,,,,
2012081300100048,2012년 8월 13일 04시,월요일,대구광역시 달서구 호산동,중상사고,0,1,0,0,차량단독 - 공작물충돌,안전운전불이행,습기,비,단일로 - 기타,승용,남,21세,상해없음,,,,
2012081300100055,2012년 8월 13일 05시,월요일,대구광역시 북구 칠성동1가,경상사고,0,0,1,0,차량단독 - 공작물충돌,과속,습기,비,단일로 - 기타,승용,남,38세,상해없음,,,,
2012081300100056,2012년 8월 13일 05시,월요일,대구광역시 달서구 용산동,중상사고,0,2,0,0,차량단독 - 공작물충돌,과속,습기,비,기타 - 기타,승용,남,47세,중상,,,,
2012081300100090,2012년 8월 13일 07시,월요일,대구광역시 서구 이현동,중상사고,0,1,0,0,차대차 - 측면직각충돌,안전거리미확보,습기,비,단일로 - 기타,승용,남,26세,상해없음,이륜,남,29세,중상
2012081300100139,2012년 8월 13일 09시,월요일,대구광역시 수성구 범어동,중상사고,0,3,2,0,차대차 - 추돌 - 주정차중,안전거리미확보,습기,비,교차로 - 교차로안,승합,남,31세,상해없음,승용,남,44세,중상
2012081300100140,2012년 8월 13일 09시,월요일,대구광역시 수성구 상동,경상사고,0,0,1,0,차대차 - 기타,안전거리미확보,습기,비,단일로 - 기타,이륜,남,52세,경상,승용,미분류,기타불명,기타불명
2012081300100141,2012년 8월 13일 09시,월요일,대구광역시 달서구 상인동,경상사고,0,0,2,0,차대사람 - 횡단중,안전운전불이행,건조,맑음,교차로 - 교차로부근,승용,남,64세,상해없음,보행자,남,33세,경상
2012081300100142,2012년 8월 13일 09시,월요일,대구광역시 북구 대현동,경상사고,0,0,1,0,차대차 - 측면직각충돌,안전운전불이행,습기,비,교차로 - 교차로안,화물,남,59세,상해없음,승용,남,59세,경상
2012081300100143,2012년 8월 13일 09시,월요일,대구광역시 중구 대봉동,경상사고,0,0,4,0,차대차 - 추돌 - 진행중,안전거리미확보,습기,비,미분류 - 미분류,승용,남,34세,경상,승용,남,46세,상해없음
2012081300100170,2012년 8월 13일 10시,월요일,대구광역시 동구 불로동,경상사고,0,0,1,0,차대사람 - 기타,안전운전불이행,건조,흐림,단일로 - 기타,화물,남,51세,상해없음,보행자,여,52세,경상
2012081300100171,2012년 8월 13일 10시,월요일,대구광역시 달서구 죽전동,경상사고,0,0,2,0,차대차 - 추돌 - 진행중,안전운전불이행,습기,비,교차로 - 교차로안,승용,남,51세,상해없음,승용,여,28세,경상
2012081300100198,2012년 8월 13일 11시,월요일,대구광역시 동구 서호동,중상사고,0,1,0,0,차대차 - 측면직각충돌,중앙선침범,건조,맑음,단일로 - 기타,화물,남,52세,상해없음,이륜,남,51세,중상
2012081300100199,2012년 8월 13일 11시,월요일,대구광역시 동구 신천동,경상사고,0,0,1,0,차대차 - 추돌 - 주정차중,안전거리미확보,습기,비,단일로 - 횡단보도부근,승용,남,58세,상해없음,승용,남,46세,상해없음
2012081300100200,2012년 8월 13일 11시,월요일,대구광역시 북구 산격동,중상사고,0,2,0,0,차대차 - 추돌 - 진행중,안전운전불이행,건조,맑음,단일로 - 기타,화물,남,47세,상해없음,승용,여,48세,중상
2012081300100201,2012년 8월 13일 11시,월요일,대구광역시 북구 매천동,경상사고,0,0,1,1,차대사람 - 횡단중,안전운전불이행,습기,비,단일로 - 기타,이륜,남,32세,부상신고,보행자,남,56세,경상
2012081300100202,2012년 8월 13일 11시,월요일,대구광역시 북구 침산동,경상사고,0,0,2,0,차대차 - 측면직각충돌,중앙선침범,습기,비,단일로 - 기타,승용,남,58세,상해없음,화물,남,24세,경상
2012081300100237,2012년 8월 13일 12시,월요일,대구광역시 남구 대명동,경상사고,0,0,1,0,차대차 - 기타,안전거리미확보,습기,맑음,교차로 - 교차로부근,승용,남,53세,상해없음,승용,여,36세,경상
2012081300100238,2012년 8월 13일 12시,월요일,대구광역시 달서구 상인동,중상사고,0,1,0,0,차대차 - 기타,기타,습기,비,단일로 - 기타,승용,남,54세,상해없음,이륜,남,17세,중상
2012081300100239,2012년 8월 13일 12시,월요일,대구광역시 달서구 송현동,경상사고,0,0,1,0,차대사람 - 기타,기타,습기,비,단일로 - 기타,승합,남,48세,기타불명,보행자,여,41세,경상
2012081300100264,2012년 8월 13일 13시,월요일,대구광역시 남구 대명동,경상사고,0,0,1,0,차대차 - 정면충돌,중앙선침범,건조,맑음,단일로 - 횡단보도부근,자전거,남,69세,경상,원동기,남,50세,상해없음
2012081300100265,2012년 8월 13일 13시,월요일,대구광역시 달서구 신당동,중상사고,0,1,0,0,차대차 - 기타,안전운전불이행,습기,흐림,단일로 - 기타,이륜,남,21세,중상,화물,남,35세,상해없음
2012081300100298,2012년 8월 13일 14시,월요일,대구광역시 남구 봉덕동,경상사고,0,0,1,0,차대사람 - 기타,안전운전불이행,건조,맑음,단일로 - 기타,기타불명,기타불명,기타불명,기타불명,보행자,남,10세,경상