사고번호,사고일시,요일,시군구,사고내용,사망자수,중상자수,경상자수,부상신고자수,사고유형,법규위반,노면상태,기상상태,도로형태,가해운전자 차종,가해운전자 성별,가해운전자 연령,가해운전자 상해정도,피해운전자 차종,피해운전자 성별,피해운전자 연령,피해운전자 상해정도
2012081300100299,2012년 8월 13일 14시,월요일,대구광역시 동구 신천동,경상사고,0,0,3,0,차대차 - 기타,안전거리미확보,습기,비,단일로 - 기타,승용,남,54세,상해없음,승용,여,29세,경상
2012081300100300,2012년 8월 13일 14시,월요일,대구광역시 동구 검사동,사망사고,1,0,1,0,차대차 - 추돌 - 주정차중,안전거리미확보,건조,흐림,단일로 - 횡단보도부근,승용,남,59세,상해없음,원동기,남,27세,경상
2012081300100301,2012년 8월 13일 14시,월요일,대구광역시 수성구 시지동,중상사고,0,1,0,0,차대사람 - 기타,신호위반,건조,맑음,단일로 - 기타,승용,남,64세,상해없음,보행자,여,59세,중상
2012081300100302,2012년 8월 13일 14시,월요일,대구광역시 달서구 월성동,경상사고,0,0,1,0,차대차 - 기타,안전운전불이행,습기,비,단일로 - 기타,원동기,남,43세,상해없음,승용,남,50세,경상
2012081300100303,2012년 8월 13일 14시,월요일,대구광역시 달성군 다사읍,중상사고,0,1,0,0,차대사람 - 횡단중,보행자보호의무위반,건조,맑음,단일로 - 기타,승용,남,47세,상해없음,보행자,남,9세,중상
2012081300100341,2012년 8월 13일 15시,월요일,대구광역시 달성군 화원읍,중상사고,0,1,0,0,차대차 - 측면직각충돌,안전운전불이행,건조,맑음,단일로 - 기타,화물,남,66세,상해없음,이륜,남,73세,중상
2012081300100342,2012년 8월 13일 15시,월요일,대구광역시 북구 침산동,중상사고,0,1,0,0,차대사람 - 횡단중,안전운전불이행,건조,맑음,단일로 - 기타,화물,남,37세,상해없음,보행자,남,12세,중상
2012081300100379,2012년 8월 13일 16시,월요일,대구광역시 달서구 도원동,중상사고,0,1,0,0,차대사람 - 횡단중,신호위반,건조,흐림,단일로 - 횡단보도상,승용,남,23세,상해없음,보행자,여,7세,중상
2012081300100380,2012년 8월 13일 16시,월요일,대구광역시 중구 대신동,중상사고,0,1,0,0,차대사람 - 길가장자리구역통행중,안전운전불이행,건조,맑음,단일로 - 기타,승용,남,32세,상해없음,보행자,여,70세,중상
2012081300100408,2012년 8월 13일 17시,월요일,대구광역시 동구 효목동,경상사고,0,0,4,1,차대차 - 추돌 - 진행중,안전운전불이행,건조,맑음,단일로 - 기타,승용,남,40세,상해없음,승용,남,46세,부상신고
2012081300100409,2012년 8월 13일 17시,월요일,대구광역시 북구 읍내동,경상사고,0,0,1,0,차대차 - 측면직각충돌,안전거리미확보,습기,비,단일로 - 기타,승용,남,57세,상해없음,승용,남,45세,상해없음
2012081300100448,2012년 8월 13일 18시,월요일,대구광역시 동구 신암동,경상사고,0,0,1,0,차대차 - 기타,안전운전불이행,습기,비,단일로 - 기타,기타불명,기타불명,기타불명,기타불명,자전거,남,7세,경상
2012081300100449,2012년 8월 13일 18시,월요일,대구광역시 중구 북성로1가,중상사고,0,1,0,0,차대차 - 측면직각충돌,직진우회전진행방해,건조,맑음,교차로 - 교차로안,승용,남,70세,상해없음,승용,여,32세,상해없음
2012081300100450,2012년 8월 13일 18시,월요일,대구광역시 달서구 이곡동,경상사고,0,0,1,0,차대차 - 기타,안전운전불이행,건조,맑음,교차로 - 교차로부근,화물,남,56세,상해없음,승용,여,36세,경상
2012081300100493,2012년 8월 13일 19시,월요일,대구광역시 수성구 수성동2가,중상사고,0,1,0,0,차대차 - 측면직각충돌,안전운전불이행,습기,비,단일로 - 횡단보도상,자전거,여,50세,중상,승용,남,49세,상해없음
2012081300100494,2012년 8월 13일 19시,월요일,대구광역시 북구 침산동,경상사고,0,0,1,0,차대사람 - 횡단중,안전운전불이행,건조,맑음,단일로 - 기타,승용,남,41세,상해없음,보행자,여,12세,경상
2012081300100533,2012년 8월 13일 20시,월요일,대구광역시 수성구 신매동,경상사고,0,0,1,0,차대차 - 측면직각충돌,안전운전불이행,습기,비,단일로 - 기타,화물,남,61세,상해없음,승용,남,33세,경상
2012081300100561,2012년 8월 13일 21시,월요일,대구광역시 동구 신기동,부상신고사고,0,0,0,1,차대차 - 기타,안전운전불이행,습기,비,단일로 - 기타,이륜,여,34세,부상신고,승합,남,38세,상해없음
2012081300100563,2012년 8월 13일 21시,월요일,대구광역시 서구 중리동,경상사고,0,0,2,0,차대사람 - 기타,안전운전불이행,습기,비,교차로 - 교차로안,화물,남,36세,상해없음,보행자,남,55세,경상
2012081300100586,2012년 8월 13일 22시,월요일,대구광역시 수성구 범어동,경상사고,0,0,1,0,차대차 - 추돌 - 주정차중,안전운전불이행,건조,맑음,단일로 - 기타,승용,남,32세,상해없음,화물,남,46세,경상
2012081300100613,2012년 8월 13일 23시,월요일,대구광역시 남구 대명동,중상사고,0,1,1,0,차대차 - 측면직각충돌,중앙선침범,습기,비,단일로 - 기타,승용,남,60세,상해없음,승용,남,70세,중상
2012081300100614,2012년 8월 13일 23시,월요일,대구광역시 동구 용계동,부상신고사고,0,0,0,1,차대차 - 측면직각충돌,안전운전불이행,습기,비,단일로 - 기타,승용,남,38세,상해없음,이륜,남,29세,부상신고
2012081300100615,2012년 8월 13일 23시,월요일,대구광역시 서구 비산동,경상사고,0,0,1,0,차대사람 - 기타,안전운전불이행,습기,비,단일로 - 기타,승합,남,47세,상해없음,보행자,남,46세,경상
2012081400100014,2012년 8월 14일 00시,화요일,대구광역시 남구 대명동,경상사고,0,0,1,0,차대사람 - 기타,보행자보호의무위반,건조,맑음,교차로 - 교차로부근,승용,남,62세,상해없음,보행자,남,37세,경상
2012081400100033,2012년 8월 14일 01시,화요일,대구광역시 북구 태전동,경상사고,0,0,2,0,차대차 - 기타,안전거리미확보,건조,기타,단일로 - 기타,승용,여,54세,상해없음,승용,남,46세,경상
2012081400100048,2012년 8월 14일 02시,화요일,대구광역시 북구 고성동1가,경상사고,0,0,2,0,차대차 - 측면직각충돌,신호위반,건조,맑음,단일로 - 기타,승용,남,52세,상해없음,승용,남,52세,경상
2012081400100064,2012년 8월 14일 04시,화요일,대구광역시 동구 신암동,중상사고,0,1,0,0,차대사람 - 횡단중,보행자보호의무위반,건조,흐림,단일로 - 횡단보도상,승용,남,50세,상해없음,보행자,남,48세,중상
2012081400100079,2012년 8월 14일 05시,화요일,대구광역시 서구 비산동,경상사고,0,0,2,0,차대차 - 측면직각충돌,안전거리미확보,건조,맑음,단일로 - 기타,승용,남,45세,경상,승용,남,32세,경상
2012081400100093,2012년 8월 14일 06시,화요일,대구광역시 수성구 연호동,중상사고,0,1,1,0,차대차 - 추돌 - 주정차중,안전운전불이행,건조,맑음,교차로 - 교차로부근,승용,남,54세,상해없음,승용,남,36세,중상
2012081400100094,2012년 8월 14일 06시,화요일,대구광역시 서구 비산동,경상사고,0,0,1,0,차대차 - 추돌 - 주정차중,안전거리미확보,건조,맑음,단일로 - 기타,승용,남,20세,상해없음,승용,남,37세,경상
2012081400100095,2012년 8월 14일 06시,화요일,대구광역시 달서구 감삼동,중상사고,0,1,0,0,차대차 - 기타,안전운전불이행,건조,맑음,교차로 - 교차로부근,원동기,남,57세,중상,승용,남,48세,상해없음
2012081400100112,2012년 8월 14일 07시,화요일,대구광역시 달서구 유천동,중상사고,0,2,0,0,차대차 - 측면직각충돌,신호위반,건조,맑음,교차로 - 교차로안,승용,남,30세,상해없음,화물,남,60세,중상
2012081400100113,2012년 8월 14일 07시,화요일,대구광역시 북구 검단동,경상사고,0,0,2,0,차대차 - 기타,안전운전불이행,건조,맑음,단일로 - 기타,승용,남,65세,상해없음,승용,남,39세,경상
2012081400100114,2012년 8월 14일 07시,화요일,대구광역시 북구 검단동,경상사고,0,0,1,0,차대사람 - 횡단중,안전운전불이행,건조,맑음,단일로 - 기타,화물,기타불명,기타불명,기타불명,보행자,남,34세,경상
2012081400100130,2012년 8월 14일 08시,화요일,대구광역시 달성군 하빈면,중상사고,0,2,0,0,차대차 - 기타,안전운전불이행,건조,맑음,단일로 - 기타,승용,남,63세,상해없음,이륜,남,74세,중상
2012081400100131,2012년 8월 14일 08시,화요일,대구광역시 북구 읍내동,경상사고,0,0,1,0,차대사람 - 기타,기타,기타,기타,기타 - 기타,화물,남,35세,상해없음,보행자,남,21세,경상
2012081400100163,2012년 8월 14일 09시,화요일,대구광역시 동구 효목동,중상사고,0,2,2,0,차대차 - 추돌 - 주정차중,안전거리미확보,건조,맑음,단일로 - 기타,승용,남,52세,상해없음,승용,남,64세,경상
2012081400100180,2012년 8월 14일 10시,화요일,대구광역시 수성구 만촌동,중상사고,0,1,0,0,차대사람 - 기타,안전운전불이행,건조,맑음,단일로 - 기타,화물,남,53세,상해없음,보행자,여,63세,중상
2012081400100181,2012년 8월 14일 10시,화요일,대구광역시 중구 서성로1가,경상사고,0,0,1,0,차대차 - 기타,안전운전불이행,건조,맑음,단일로 - 기타,승용,남,53세,상해없음,승용,남,47세,상해없음
2012081400100247,2012년 8월 14일 12시,화요일,대구광역시 달서구 감삼동,경상사고,0,0,2,0,차대차 - 추돌 - 주정차중,안전거리미확보,건조,맑음,단일로 - 기타,승용,남,60세,상해없음,승합,남,41세,경상
2012081400100271,2012년 8월 14일 13시,화요일,대구광역시 달서구 본동,경상사고,0,0,2,0,차대차 - 기타,교차로운행방법위반,건조,맑음,교차로 - 교차로안,승용,여,62세,경상,승용,남,70세,경상
2012081400100272,2012년 8월 14일 13시,화요일,대구광역시 서구 비산동,경상사고,0,0,4,0,차대차 - 기타,안전운전불이행,건조,맑음,교차로 - 교차로부근,승용,남,53세,상해없음,승용,여,57세,경상
2012081400100273,2012년 8월 14일 13시,화요일,대구광역시 서구 비산동,중상사고,0,1,0,0,차대사람 - 횡단중,안전운전불이행,건조,맑음,단일로 - 기타,화물,남,32세,상해없음,보행자,여,68세,중상
2012081400100303,2012년 8월 14일 14시,화요일,대구광역시 수성구 두산동,중상사고,0,1,1,0,차대차 - 기타,안전운전불이행,건조,맑음,단일로 - 기타,승용,여,53세,상해없음,승용,남,56세,경상
2012081400100304,2012년 8월 14일 14시,화요일,대구광역시 북구 읍내동,경상사고,0,0,1,0,차대사람 - 길가장자리구역통행중,안전운전불이행,건조,맑음,단일로 - 기타,승용,여,40세,상해없음,보행자,여,71세,경상
2012081400100305,2012년 8월 14일 14시,화요일,대구광역시 중구 남산동,경상사고,0,0,1,0,차대차 - 측면직각충돌,안전거리미확보,건조,맑음,단일로 - 기타,승용,남,64세,상해없음,승용,남,33세,경상
2012081400100330,2012년 8월 14일 15시,화요일,대구광역시 동구 신기동,경상사고,0,0,1,0,차대차 - 기타,직진우회전진행방해,건조,맑음,교차로 - 교차로안,승용,남,44세,상해없음,이륜,남,17세,경상
2012081400100331,2012년 8월 14일 15시,화요일,대구광역시 수성구 파동,중상사고,0,1,0,0,차대차 - 기타,안전운전불이행,건조,맑음,교차로 - 교차로부근,승용,여,54세,상해없음,자전거,남,50세,중상
2012081400100332,2012년 8월 14일 15시,화요일,대구광역시 수성구 수성동3가,경상사고,0,0,1,0,차대차 - 기타,교차로운행방법위반,건조,맑음,교차로 - 교차로안,승용,남,79세,상해없음,자전거,남,20세,경상
2012081400100333,2012년 8월 14일 15시,화요일,대구광역시 수성구 범어동,중상사고,0,1,0,0,차대차 - 측면직각충돌,안전거리미확보,건조,맑음,단일로 - 기타,승용,남,42세,상해없음,승용,남,56세,상해없음
2012081400100334,2012년 8월 14일 15시,화요일,대구광역시 서구 비산동,경상사고,0,0,1,0,차대차 - 측면직각충돌,안전운전불이행,건조,맑음,단일로 - 기타,이륜,남,63세,경상,승용,남,50세,상해없음
2012081400100368,2012년 8월 14일 16시,화요일,대구광역시 중구 남산동,경상사고,0,0,1,0,차대차 - 기타,안전운전불이행,건조,맑음,교차로 - 교차로부근,승합,남,54세,상해없음,승용,남,42세,경상
2012081400100399,2012년 8월 14일 17시,화요일,대구광역시 북구 구암동,중상사고,0,1,0,0,차대차 - 측면직각충돌,교차로운행방법위반,건조,맑음,교차로 - 교차로안,승용,남,33세,상해없음,이륜,남,74세,중상
2012081400100400,2012년 8월 14일 17시,화요일,대구광역시 달서구 용산동,경상사고,0,0,4,0,차대차 - 추돌 - 주정차중,안전거리미확보,건조,맑음,단일로 - 횡단보도부근,화물,남,46세,기타불명,승용,여,51세,경상
2012081400100436,2012년 8월 14일 18시,화요일,대구광역시 수성구 범물동,중상사고,0,1,0,0,차대사람 - 횡단중,보행자보호의무위반,건조,맑음,교차로 - 교차로부근,승용,여,44세,상해없음,보행자,여,53세,중상
2012081400100437,2012년 8월 14일 18시,화요일,대구광역시 달서구 본리동,경상사고,0,0,1,0,차대차 - 기타,안전거리미확보,습기,비,단일로 - 기타,승용,남,68세,상해없음,화물,남,38세,경상
2012081400100438,2012년 8월 14일 18시,화요일,대구광역시 북구 노원동2가,중상사고,0,1,0,0,차대차 - 측면직각충돌,안전운전불이행,건조,맑음,단일로 - 기타,화물,남,42세,상해없음,자전거,남,49세,중상
2012081400100439,2012년 8월 14일 18시,화요일,대구광역시 달서구 이곡동,중상사고,0,2,1,0,차대차 - 기타,안전운전불이행,건조,맑음,교차로 - 교차로안,승용,남,55세,상해없음,승용,남,57세,중상
2012081400100476,2012년 8월 14일 19시,화요일,대구광역시 북구 구암동,경상사고,0,0,1,0,차대차 - 정면충돌,중앙선침범,건조,맑음,단일로 - 기타,원동기,남,15세,상해없음,승용,남,54세,상해없음
2012081400100521,2012년 8월 14일 20시,화요일,대구광역시 달서구 유천동,경상사고,0,0,1,0,차대차 - 추돌 - 진행중,교차로운행방법위반,건조,맑음,교차로 - 교차로안,승용,남,75세,상해없음,승합,남,53세,경상
2012081400100522,2012년 8월 14일 20시,화요일,대구광역시 북구 읍내동,중상사고,0,1,0,0,차대차 - 측면직각충돌,안전운전불이행,건조,맑음,교차로 - 교차로안,승용,남,68세,상해없음,이륜,남,16세,중상
2012081400100623,2012년 8월 14일 22시,화요일,대구광역시 서구 비산동,경상사고,0,0,1,0,차대차 - 기타,안전운전불이행,건조,맑음,단일로 - 기타,승용,남,63세,상해없음,자전거,남,15세,경상
2012081400100656,2012년 8월 14일 23시,화요일,대구광역시 북구 관음동,경상사고,0,0,1,0,차대차 - 추돌 - 주정차중,안전운전불이행,건조,맑음,단일로 - 기타,승용,남,42세,상해없음,승용,남,32세,경상
2012081400100657,2012년 8월 14일 23시,화요일,대구광역시 서구 비산동,경상사고,0,0,2,0,차대차 - 추돌 - 주정차중,안전운전불이행,건조,맑음,단일로 - 횡단보도부근,승용,남,48세,상해없음,승용,남,58세,경상
2012081500100041,2012년 8월 15일 00시,수요일,대구광역시 수성구 지산동,경상사고,0,0,1,0,차대사람 - 횡단중,보행자보호의무위반,건조,흐림,교차로 - 교차로안,승용,남,56세,상해없음,보행자,남,33세,경상
2012081500100042,2012년 8월 15일 00시,수요일,대구광역시 달서구 용산동,중상사고,0,1,0,0,차대사람 - 기타,안전운전불이행,습기,흐림,단일로 - 기타,승합,남,39세,상해없음,보행자,남,42세,중상
2012081500100082,2012년 8월 15일 01시,수요일,대구광역시 달서구 상인동,경상사고,0,0,2,0,차대차 - 추돌 - 진행중,신호위반,습기,비,교차로 - 교차로안,승용,남,41세,상해없음,승용,남,34세,경상
2012081500100083,2012년 8월 15일 01시,수요일,대구광역시 서구 평리동,경상사고,0,0,1,0,차대차 - 측면직각충돌,신호위반,건조,맑음,단일로 - 기타,화물,남,32세,상해없음,승용,남,57세,경상
2012081500100112,2012년 8월 15일 02시,수요일,대구광역시 달서구 장기동,경상사고,0,0,1,0,차대차 - 추돌 - 주정차중,안전거리미확보,습기,비,단일로 - 횡단보도부근,승용,남,24세,상해없음,승용,남,46세,경상
2012081500100155,2012년 8월 15일 03시,수요일,대구광역시 수성구 황금동,중상사고,0,1,5,0,차대차 - 기타,안전운전불이행,건조,맑음,단일로 - 기타,승합,남,41세,상해없음,승용,남,25세,기타불명
2012081500100198,2012년 8월 15일 05시,수요일,대구광역시 수성구 두산동,중상사고,0,1,1,0,차대차 - 추돌 - 진행중,차로위반,건조,맑음,단일로 - 기타,승용,남,23세,상해없음,승용,남,64세,중상
2012081500100230,2012년 8월 15일 07시,수요일,대구광역시 북구 복현동,부상신고사고,0,0,0,1,차대사람 - 기타,기타,건조,맑음,단일로 - 기타,승합,남,58세,상해없음,보행자,남,18세,부상신고
2012081500100245,2012년 8월 15일 08시,수요일,대구광역시 동구 신암동,경상사고,0,0,4,0,차대차 - 추돌 - 주정차중,안전운전불이행,건조,맑음,단일로 - 기타,승용,남,22세,상해없음,승합,남,19세,경상
2012081500100246,2012년 8월 15일 08시,수요일,대구광역시 달성군 현풍면,경상사고,0,0,1,0,차대차 - 측면직각충돌,직진우회전진행방해,건조,맑음,교차로 - 교차로안,화물,여,60세,상해없음,승용,남,55세,경상
2012081500100263,2012년 8월 15일 09시,수요일,대구광역시 북구 침산동,경상사고,0,0,1,0,차대차 - 기타,안전운전불이행,건조,맑음,단일로 - 기타,건설기계,남,47세,상해없음,화물,남,35세,경상
2012081500100279,2012년 8월 15일 10시,수요일,대구광역시 북구 동변동,중상사고,0,1,0,0,차대사람 - 횡단중,안전운전불이행,건조,맑음,교차로 - 교차로안,승용,남,60세,상해없음,보행자,남,5세,중상
2012081500100298,2012년 8월 15일 11시,수요일,대구광역시 수성구 만촌동,경상사고,0,0,1,0,차대차 - 기타,안전운전불이행,습기,흐림,교차로 - 교차로안,승용,여,39세,상해없음,자전거,남,64세,경상
2012081500100299,2012년 8월 15일 11시,수요일,대구광역시 중구 남산동,경상사고,0,0,3,0,차대차 - 추돌 - 진행중,안전운전불이행,건조,맑음,교차로 - 교차로부근,화물,남,30세,상해없음,승용,여,34세,경상
2012081500100315,2012년 8월 15일 12시,수요일,대구광역시 남구 대명동,중상사고,0,1,0,0,차대사람 - 기타,안전운전불이행,건조,맑음,교차로 - 교차로안,승용,여,35세,상해없음,보행자,여,60세,중상
2012081500100333,2012년 8월 15일 13시,수요일,대구광역시 수성구 지산동,경상사고,0,0,1,0,차대차 - 기타,안전운전불이행,건조,맑음,교차로 - 교차로부근,이륜,남,25세,상해없음,자전거,남,68세,경상
2012081500100334,2012년 8월 15일 13시,수요일,대구광역시 달서구 본동,경상사고,0,0,4,0,차대차 - 기타,교차로운행방법위반,건조,맑음,교차로 - 교차로안,승용,남,56세,상해없음,승용,남,35세,경상
2012081500100335,2012년 8월 15일 13시,수요일,대구광역시 달서구 상인동,경상사고,0,0,2,0,차대차 - 측면직각충돌,신호위반,건조,맑음,교차로 - 교차로안,원동기,남,17세,상해없음,승용,남,62세,경상
2012081500100355,2012년 8월 15일 14시,수요일,대구광역시 달서구 본동,경상사고,0,0,1,0,차대차 - 측면직각충돌,안전운전불이행,건조,맑음,단일로 - 기타,원동기,남,30세,상해없음,승용,여,47세,경상
2012081500100373,2012년 8월 15일 15시,수요일,대구광역시 동구 검사동,경상사고,0,0,1,0,차대차 - 추돌 - 진행중,불법유턴,건조,맑음,단일로 - 기타,화물,남,54세,상해없음,자전거,남,31세,경상
2012081500100398,2012년 8월 15일 16시,수요일,대구광역시 동구 신암동,경상사고,0,0,1,0,차대차 - 추돌 - 진행중,안전운전불이행,건조,맑음,교차로 - 교차로부근,승용,남,68세,상해없음,승용,남,44세,경상
2012081500100412,2012년 8월 15일 17시,수요일,대구광역시 북구 태전동,경상사고,0,0,1,0,차대사람 - 기타,안전운전불이행,건조,맑음,단일로 - 기타,자전거,기타불명,기타불명,기타불명,보행자,여,20세,경상
2012081500100413,2012년 8월 15일 17시,수요일,대구광역시 달서구 성당동,경상사고,0,0,2,0,차대차 - 측면직각충돌,차로위반,건조,맑음,교차로 - 교차로안,승용,남,54세,상해없음,승용,남,25세,경상
2012081500100432,2012년 8월 15일 18시,수요일,대구광역시 수성구 두산동,중상사고,0,2,0,0,차대차 - 추돌 - 진행중,안전운전불이행,건조,맑음,단일로 - 기타,승용,여,44세,상해없음,승용,여,51세,중상
2012081500100433,2012년 8월 15일 18시,수요일,대구광역시 달서구 본동,경상사고,0,0,1,0,차대차 - 추돌 - 진행중,차로위반,건조,맑음,단일로 - 기타,승용,남,40세,상해없음,원동기,남,17세,경상
2012081500100465,2012년 8월 15일 19시,수요일,대구광역시 동구 방촌동,경상사고,0,0,1,0,차대차 - 기타,안전운전불이행,건조,맑음,단일로 - 기타,승용,남,32세,상해없음,자전거,여,65세,경상
2012081500100466,2012년 8월 15일 19시,수요일,대구광역시 북구 산격동,중상사고,0,1,0,0,차대사람 - 길가장자리구역통행중,안전운전불이행,건조,맑음,단일로 - 기타,원동기,기타불명,기타불명,기타불명,보행자,여,53세,중상
2012081500100467,2012년 8월 15일 19시,수요일,대구광역시 서구 비산동,경상사고,0,0,1,0,차대차 - 측면직각충돌,안전거리미확보,건조,맑음,단일로 - 기타,승용,남,20세,상해없음,이륜,남,53세,경상
2012081500100516,2012년 8월 15일 20시,수요일,대구광역시 달서구 이곡동,중상사고,0,1,0,0,차대차 - 측면직각충돌,불법유턴,건조,맑음,교차로 - 교차로안,승용,남,21세,상해없음,이륜,남,24세,중상
2012081500100557,2012년 8월 15일 21시,수요일,대구광역시 중구 동인동1가,경상사고,0,0,1,0,차대차 - 추돌 - 주정차중,안전운전불이행,건조,맑음,단일로 - 횡단보도부근,승용,여,51세,상해없음,화물,남,26세,경상
2012081600100027,2012년 8월 16일 01시,목요일,대구광역시 수성구 황금동,사망사고,1,0,0,0,차대사람 - 횡단중,안전운전불이행,습기,비,단일로 - 기타,승용,남,35세,상해없음,보행자,남,33세,사망
2012081600100028,2012년 8월 16일 01시,목요일,대구광역시 수성구 범어동,경상사고,0,0,2,0,차대차 - 측면직각충돌,안전거리미확보,건조,맑음,단일로 - 기타,승용,남,50세,상해없음,승용,남,51세,상해없음
2012081600100048,2012년 8월 16일 03시,목요일,대구광역시 북구 산격동,경상사고,0,0,2,1,차대차 - 측면직각충돌,안전거리미확보,건조,맑음,단일로 - 기타,원동기,남,18세,기타불명,승용,남,26세,경상
2012081600100054,2012년 8월 16일 04시,목요일,대구광역시 달서구 본리동,부상신고사고,0,0,0,1,차대차 - 추돌 - 주정차중,안전운전불이행,습기,비,단일로 - 기타,승용,기타불명,기타불명,기타불명,승용,여,43세,상해없음
2012081600100064,2012년 8월 16일 05시,목요일,대구광역시 달서구 상인동,경상사고,0,0,3,0,차대차 - 기타,신호위반,습기,비,교차로 - 교차로안,승용,남,56세,상해없음,승용,남,23세,경상
2012081600100079,2012년 8월 16일 06시,목요일,대구광역시 달성군 가창면,중상사고,0,1,0,0,차대사람 - 기타,기타,습기,비,단일로 - 기타,승합,남,47세,상해없음,보행자,남,68세,중상
2012081600100100,2012년 8월 16일 07시,목요일,대구광역시 달서구 신당동,경상사고,0,0,2,0,차대차 - 추돌 - 진행중,안전거리미확보,습기,흐림,단일로 - 기타,승용,남,46세,상해없음,승용,남,35세,경상
2012081600100130,2012년 8월 16일 08시,목요일,대구광역시 수성구 사월동,경상사고,0,0,2,0,차대차 - 추돌 - 진행중,안전거리미확보,건조,맑음,단일로 - 기타,승용,남,38세,상해없음,승용,남,45세,경상
2012081600100150,2012년 8월 16일 09시,목요일,대구광역시 달성군 화원읍,중상사고,0,1,0,0,차대차 - 기타,안전운전불이행,건조,맑음,단일로 - 기타,승용,남,63세,상해없음,자전거,남,48세,중상
2012081600100151,2012년 8월 16일 09시,목요일,대구광역시 북구 동천동,경상사고,0,0,3,0,차대차 - 추돌 - 주정차중,안전거리미확보,건조,흐림,단일로 - 기타,승용,여,34세,상해없음,승용,남,52세,경상
2012081600100179,2012년 8월 16일 10시,목요일,대구광역시 동구 불로동,중상사고,0,1,2,0,차대차 - 측면직각충돌,불법유턴,건조,맑음,교차로 - 교차로부근,승합,남,43세,상해없음,승용,남,50세,경상
2012081600100180,2012년 8월 16일 10시,목요일,대구광역시 수성구 욱수동,중상사고,0,2,0,0,차대차 - 기타,안전거리미확보,건조,맑음,단일로 - 기타,승용,남,35세,상해없음,승용,여,45세,중상
2012081600100207,2012년 8월 16일 11시,목요일,대구광역시 수성구 신매동,경상사고,0,0,1,0,차대차 - 측면직각충돌,안전운전불이행,건조,맑음,기타 - 기타,승용,여,48세,상해없음,자전거,남,8세,경상
2012081600100233,2012년 8월 16일 12시,목요일,대구광역시 중구 향촌동,경상사고,0,0,1,0,차량단독 - 기타,안전운전불이행,건조,맑음,단일로 - 기타,승합,남,57세,상해없음,,,,
2012081600100258,2012년 8월 16일 13시,목요일,대구광역시 남구 봉덕동,중상사고,0,1,2,0,차대차 - 기타,신호위반,건조,맑음,교차로 - 교차로안,승용,여,53세,경상,승용,여,60세,경상
2012081600100259,2012년 8월 16일 13시,목요일,대구광역시 북구 침산동,경상사고,0,0,1,0,차대차 - 측면직각충돌,신호위반,건조,맑음,단일로 - 기타,승용,남,31세,상해없음,이륜,여,50세,경상
2012081600100355,2012년 8월 16일 16시,목요일,대구광역시 달서구 월성동,경상사고,0,0,1,0,차대사람 - 기타,기타,건조,맑음,단일로 - 기타,승합,남,59세,상해없음,보행자,남,64세,경상
2012081600100356,2012년 8월 16일 16시,목요일,대구광역시 달서구 상인동,경상사고,0,0,3,0,차대차 - 기타,안전운전불이행,건조,맑음,교차로 - 교차로부근,승용,남,39세,상해없음,승용,남,71세,경상
2012081600100357,2012년 8월 16일 16시,목요일,대구광역시 달성군 다사읍,중상사고,0,1,0,0,차대사람 - 기타,신호위반,건조,맑음,교차로 - 교차로안,화물,남,49세,상해없음,보행자,여,73세,중상
2012081600100358,2012년 8월 16일 16시,목요일,대구광역시 북구 칠성동1가,중상사고,0,1,1,0,차대차 - 측면직각충돌,교차로운행방법위반,건조,맑음,교차로 - 교차로안,승용,남,41세,경상,승용,남,22세,상해없음
2012081600100359,2012년 8월 16일 16시,목요일,대구광역시 서구 내당동,중상사고,0,1,0,0,차대사람 - 보도통행중,기타,건조,맑음,단일로 - 기타,자전거,남,51세,상해없음,보행자,여,60세,중상
2012081600100388,2012년 8월 16일 17시,목요일,대구광역시 수성구 황금동,경상사고,0,0,1,0,차대사람 - 보도통행중,기타,건조,맑음,기타 - 기타,승용,기타불명,기타불명,기타불명,보행자,여,22세,경상
2012081600100421,2012년 8월 16일 18시,목요일,대구광역시 달서구 감삼동,경상사고,0,0,1,0,차대차 - 기타,안전거리미확보,건조,맑음,단일로 - 기타,승합,남,48세,상해없음,승용,남,32세,경상
2012081600100423,2012년 8월 16일 18시,목요일,대구광역시 달서구 본리동,경상사고,0,0,1,0,차대차 - 기타,안전운전불이행,건조,맑음,단일로 - 기타,승용,남,60세,상해없음,자전거,남,7세,경상
2012081600100463,2012년 8월 16일 19시,목요일,대구광역시 북구 태전동,경상사고,0,0,1,0,차대차 - 측면직각충돌,교차로운행방법위반,건조,흐림,교차로 - 교차로안,원동기,남,67세,경상,승용,남,64세,상해없음
2012081600100464,2012년 8월 16일 19시,목요일,대구광역시 중구 태평로3가,경상사고,0,0,3,0,차대차 - 추돌 - 진행중,안전거리미확보,건조,맑음,단일로 - 기타,승용,남,58세,상해없음,승용,여,36세,경상
2012081600100465,2012년 8월 16일 19시,목요일,대구광역시 중구 대봉동,경상사고,0,0,3,0,차대차 - 기타,안전운전불이행,건조,맑음,단일로 - 기타,승용,남,59세,상해없음,승용,여,32세,경상
2012081600100466,2012년 8월 16일 19시,목요일,대구광역시 달서구 성당동,중상사고,0,1,0,0,차대차 - 측면직각충돌,안전운전불이행,건조,맑음,교차로 - 교차로부근,승용,남,50세,상해없음,자전거,남,69세,중상