사고번호,사고일시,요일,시군구,사고내용,사망자수,중상자수,경상자수,부상신고자수,사고유형,법규위반,노면상태,기상상태,도로형태,가해운전자 차종,가해운전자 성별,가해운전자 연령,가해운전자 상해정도,피해운전자 차종,피해운전자 성별,피해운전자 연령,피해운전자 상해정도
2012082300100505,2012년 8월 23일 20시,목요일,대구광역시 북구 고성동3가,경상사고,0,0,1,0,차대차 - 추돌 - 진행중,안전운전불이행,습기,비,단일로 - 기타,승용,여,33세,상해없음,승용,남,53세,경상
2012082300100570,2012년 8월 23일 22시,목요일,대구광역시 달성군 화원읍,경상사고,0,0,1,0,차대차 - 기타,안전운전불이행,습기,비,단일로 - 기타,승용,남,30세,상해없음,승용,남,38세,경상
2012082300100571,2012년 8월 23일 22시,목요일,대구광역시 달서구 죽전동,경상사고,0,0,2,0,차대차 - 추돌 - 주정차중,안전거리미확보,습기,비,단일로 - 기타,승용,남,48세,상해없음,승용,남,35세,경상
2012082300100613,2012년 8월 23일 23시,목요일,대구광역시 동구 방촌동,중상사고,0,1,6,0,차대차 - 추돌 - 주정차중,안전운전불이행,습기,비,단일로 - 기타,승용,남,37세,상해없음,승용,남,25세,경상
2012082300100614,2012년 8월 23일 23시,목요일,대구광역시 중구 북성로2가,중상사고,0,2,1,0,차대차 - 기타,안전운전불이행,습기,비,단일로 - 기타,승용,남,62세,중상,승용,남,28세,기타불명
2012082300100615,2012년 8월 23일 23시,목요일,대구광역시 달서구 이곡동,경상사고,0,0,2,0,차대차 - 추돌 - 주정차중,안전운전불이행,습기,비,단일로 - 기타,화물,여,32세,기타불명,승용,남,29세,경상
2012082300100616,2012년 8월 23일 23시,목요일,대구광역시 달서구 본리동,중상사고,0,1,0,0,차대사람 - 횡단중,안전운전불이행,습기,비,단일로 - 기타,화물,남,60세,상해없음,보행자,남,25세,중상
2012082400100019,2012년 8월 24일 00시,금요일,대구광역시 동구 신천동,경상사고,0,0,1,0,차대차 - 기타,안전운전불이행,건조,맑음,단일로 - 기타,승용,남,27세,상해없음,승용,남,36세,경상
2012082400100020,2012년 8월 24일 00시,금요일,대구광역시 수성구 범어동,중상사고,0,1,0,0,차대사람 - 차도통행중,안전운전불이행,습기,비,단일로 - 기타,승용,남,32세,상해없음,보행자,남,49세,중상
2012082400100021,2012년 8월 24일 00시,금요일,대구광역시 서구 평리동,중상사고,0,1,0,0,차대사람 - 횡단중,안전운전불이행,습기,비,단일로 - 기타,승용,남,72세,상해없음,보행자,여,50세,중상
2012082400100041,2012년 8월 24일 01시,금요일,대구광역시 수성구 만촌동,경상사고,0,0,1,0,차대차 - 추돌 - 주정차중,안전운전불이행,습기,비,교차로 - 교차로부근,승용,남,57세,상해없음,승용,남,42세,경상
2012082400100042,2012년 8월 24일 01시,금요일,대구광역시 수성구 대흥동,경상사고,0,0,2,0,차대차 - 기타,교차로운행방법위반,습기,비,교차로 - 교차로안,승용,남,33세,상해없음,승용,여,31세,경상
2012082400100063,2012년 8월 24일 02시,금요일,대구광역시 남구 대명동,경상사고,0,0,14,0,차대차 - 측면직각충돌,안전운전불이행,건조,맑음,단일로 - 기타,승용,남,28세,상해없음,승용,남,27세,경상
2012082400100064,2012년 8월 24일 02시,금요일,대구광역시 서구 비산동,중상사고,0,3,1,0,차대차 - 기타,안전운전불이행,습기,비,단일로 - 기타,승용,남,38세,상해없음,승용,남,44세,중상
2012082400100065,2012년 8월 24일 02시,금요일,대구광역시 중구 삼덕동1가,경상사고,0,0,1,0,차대사람 - 기타,안전운전불이행,습기,비,단일로 - 기타,승용,남,21세,상해없음,보행자,남,24세,경상
2012082400100083,2012년 8월 24일 03시,금요일,대구광역시 남구 대명동,경상사고,0,0,1,0,차대차 - 추돌 - 주정차중,안전운전불이행,습기,비,단일로 - 기타,승용,남,64세,상해없음,화물,남,62세,상해없음
2012082400100084,2012년 8월 24일 03시,금요일,대구광역시 북구 복현동,중상사고,0,1,0,0,차대차 - 측면직각충돌,신호위반,습기,비,교차로 - 교차로안,승용,남,30세,상해없음,승용,남,29세,중상
2012082400100139,2012년 8월 24일 07시,금요일,대구광역시 수성구 파동,중상사고,0,1,0,0,차대사람 - 횡단중,신호위반,습기,비,단일로 - 횡단보도상,화물,남,63세,상해없음,보행자,여,16세,중상
2012082400100173,2012년 8월 24일 08시,금요일,대구광역시 남구 봉덕동,경상사고,0,0,1,0,차대차 - 추돌 - 진행중,교차로운행방법위반,습기,비,교차로 - 교차로안,자전거,남,16세,경상,승용,남,36세,상해없음
2012082400100174,2012년 8월 24일 08시,금요일,대구광역시 수성구 지산동,경상사고,0,0,1,0,차대차 - 측면직각충돌,교차로운행방법위반,건조,맑음,교차로 - 교차로안,승용,여,40세,상해없음,승용,여,51세,경상
2012082400100175,2012년 8월 24일 08시,금요일,대구광역시 수성구 시지동,중상사고,0,1,0,0,차대차 - 기타,안전거리미확보,습기,비,단일로 - 기타,승합,남,57세,기타불명,승용,여,35세,중상
2012082400100193,2012년 8월 24일 09시,금요일,대구광역시 동구 신천동,경상사고,0,0,2,0,차대차 - 추돌 - 진행중,안전운전불이행,습기,비,단일로 - 기타,화물,남,57세,상해없음,승용,여,69세,경상
2012082400100194,2012년 8월 24일 09시,금요일,대구광역시 북구 관음동,중상사고,0,1,0,0,차대차 - 추돌 - 진행중,안전거리미확보,건조,맑음,기타 - 기타,승용,여,27세,상해없음,승용,여,48세,중상
2012082400100216,2012년 8월 24일 10시,금요일,대구광역시 동구 신천동,경상사고,0,0,1,0,차대차 - 추돌 - 주정차중,안전운전불이행,건조,맑음,교차로 - 교차로부근,승용,여,37세,상해없음,승용,여,37세,경상
2012082400100253,2012년 8월 24일 11시,금요일,대구광역시 수성구 황금동,경상사고,0,0,1,0,차대차 - 정면충돌,직진우회전진행방해,습기,비,교차로 - 교차로안,화물,남,64세,상해없음,원동기,남,18세,경상
2012082400100254,2012년 8월 24일 11시,금요일,대구광역시 수성구 지산동,중상사고,0,1,0,0,차대사람 - 횡단중,보행자보호의무위반,건조,맑음,단일로 - 횡단보도상,승용,남,66세,상해없음,보행자,남,77세,중상
2012082400100255,2012년 8월 24일 11시,금요일,대구광역시 남구 대명동,중상사고,0,1,0,0,차대사람 - 횡단중,보행자보호의무위반,습기,흐림,단일로 - 횡단보도상,승합,남,85세,상해없음,보행자,남,70세,중상
2012082400100256,2012년 8월 24일 11시,금요일,대구광역시 중구 삼덕동1가,경상사고,0,0,1,0,차대차 - 기타,안전운전불이행,습기,비,단일로 - 기타,승용,여,29세,상해없음,승용,여,51세,경상
2012082400100277,2012년 8월 24일 12시,금요일,대구광역시 남구 대명동,경상사고,0,0,1,0,차대차 - 추돌 - 진행중,안전거리미확보,습기,비,단일로 - 기타,승용,남,63세,상해없음,이륜,남,28세,경상
2012082400100278,2012년 8월 24일 12시,금요일,대구광역시 남구 대명동,경상사고,0,0,1,0,차대차 - 추돌 - 주정차중,안전운전불이행,습기,비,단일로 - 기타,이륜,남,23세,경상,승용,여,34세,상해없음
2012082400100279,2012년 8월 24일 12시,금요일,대구광역시 수성구 지산동,중상사고,0,1,0,0,차대사람 - 횡단중,보행자보호의무위반,습기,비,교차로 - 교차로안,승용,남,64세,상해없음,보행자,여,76세,중상
2012082400100304,2012년 8월 24일 13시,금요일,대구광역시 수성구 범어동,경상사고,0,0,1,0,차대차 - 측면직각충돌,안전거리미확보,건조,맑음,교차로 - 교차로부근,승용,여,40세,상해없음,승합,남,47세,경상
2012082400100305,2012년 8월 24일 13시,금요일,대구광역시 수성구 만촌동,경상사고,0,0,1,0,차대차 - 측면직각충돌,안전운전불이행,건조,맑음,교차로 - 교차로부근,승용,여,36세,상해없음,승용,남,34세,경상
2012082400100306,2012년 8월 24일 13시,금요일,대구광역시 달서구 월성동,경상사고,0,0,1,0,차대사람 - 횡단중,안전운전불이행,습기,비,교차로 - 교차로안,승용,남,53세,상해없음,보행자,여,79세,경상
2012082400100307,2012년 8월 24일 13시,금요일,대구광역시 중구 동인동1가,부상신고사고,0,0,0,1,차대차 - 측면직각충돌,신호위반,습기,비,교차로 - 교차로안,이륜,남,41세,부상신고,승용,여,24세,상해없음
2012082400100324,2012년 8월 24일 14시,금요일,대구광역시 북구 칠성동1가,경상사고,0,0,2,0,차대차 - 측면직각충돌,신호위반,습기,비,교차로 - 교차로안,승용,남,55세,상해없음,승용,남,46세,경상
2012082400100351,2012년 8월 24일 15시,금요일,대구광역시 수성구 지산동,중상사고,0,1,0,0,차대차 - 기타,직진우회전진행방해,습기,비,교차로 - 교차로안,승용,남,49세,상해없음,이륜,남,36세,중상
2012082400100352,2012년 8월 24일 15시,금요일,대구광역시 북구 동천동,중상사고,0,1,0,0,차대차 - 측면직각충돌,안전운전불이행,습기,비,단일로 - 기타,승용,여,52세,상해없음,승용,여,40세,중상
2012082400100399,2012년 8월 24일 16시,금요일,대구광역시 동구 신천동,경상사고,0,0,3,2,차대차 - 추돌 - 주정차중,안전거리미확보,습기,비,단일로 - 기타,화물,남,33세,상해없음,승용,남,27세,경상
2012082400100400,2012년 8월 24일 16시,금요일,대구광역시 동구 용수동,사망사고,1,0,0,0,차대차 - 기타,안전운전불이행,습기,비,단일로 - 기타,승용,여,60세,상해없음,원동기,남,77세,사망
2012082400100401,2012년 8월 24일 16시,금요일,대구광역시 달성군 다사읍,경상사고,0,0,1,0,차대차 - 추돌 - 주정차중,안전운전불이행,습기,비,단일로 - 기타,화물,남,30세,경상,승용,남,55세,기타불명
2012082400100402,2012년 8월 24일 16시,금요일,대구광역시 북구 서변동,경상사고,0,0,1,0,차대차 - 추돌 - 주정차중,안전운전불이행,습기,비,단일로 - 교량,승용,남,43세,상해없음,승용,여,34세,경상
2012082400100403,2012년 8월 24일 16시,금요일,대구광역시 달서구 장기동,중상사고,0,1,0,0,차대차 - 추돌 - 주정차중,안전운전불이행,습기,비,교차로 - 교차로부근,원동기,남,22세,중상,승용,남,46세,상해없음
2012082400100431,2012년 8월 24일 17시,금요일,대구광역시 수성구 황금동,경상사고,0,0,1,0,차대차 - 측면직각충돌,안전거리미확보,습기,비,단일로 - 기타,승용,남,52세,상해없음,승용,남,45세,경상
2012082400100471,2012년 8월 24일 18시,금요일,대구광역시 달서구 이곡동,중상사고,0,1,0,0,차대사람 - 횡단중,안전운전불이행,건조,맑음,단일로 - 기타,원동기,남,26세,상해없음,보행자,여,24세,중상
2012082400100511,2012년 8월 24일 19시,금요일,대구광역시 달서구 상인동,경상사고,0,0,1,0,차대차 - 기타,안전운전불이행,습기,비,단일로 - 기타,화물,남,67세,상해없음,승용,여,43세,기타불명
2012082400100512,2012년 8월 24일 19시,금요일,대구광역시 북구 조야동,부상신고사고,0,0,0,1,차대차 - 측면직각충돌,중앙선침범,건조,흐림,단일로 - 교량,승용,남,44세,상해없음,승용,남,35세,부상신고
2012082400100513,2012년 8월 24일 19시,금요일,대구광역시 서구 평리동,경상사고,0,0,1,0,차대차 - 측면직각충돌,안전거리미확보,건조,맑음,단일로 - 기타,승용,남,32세,상해없음,승합,남,56세,경상
2012082400100560,2012년 8월 24일 20시,금요일,대구광역시 달성군 옥포면,경상사고,0,0,2,0,차대차 - 측면직각충돌,안전운전불이행,습기,비,단일로 - 기타,승용,남,56세,상해없음,승용,남,52세,경상
2012082400100600,2012년 8월 24일 21시,금요일,대구광역시 수성구 지산동,경상사고,0,0,1,0,차대사람 - 기타,안전운전불이행,건조,맑음,교차로 - 교차로안,승용,남,60세,상해없음,보행자,여,49세,경상
2012082400100601,2012년 8월 24일 21시,금요일,대구광역시 달서구 월성동,중상사고,0,1,1,0,차대차 - 기타,중앙선침범,건조,맑음,단일로 - 기타,승용,여,57세,중상,승용,남,37세,경상
2012082400100602,2012년 8월 24일 21시,금요일,대구광역시 서구 내당동,부상신고사고,0,0,0,1,차대차 - 측면직각충돌,불법유턴,기타,흐림,교차로 - 교차로부근,승용,여,45세,상해없음,이륜,남,38세,부상신고
2012082400100649,2012년 8월 24일 22시,금요일,대구광역시 수성구 대흥동,중상사고,0,1,1,0,차량단독 - 전도전복,안전운전불이행,건조,맑음,단일로 - 기타,승용,남,24세,상해없음,,,,
2012082400100650,2012년 8월 24일 22시,금요일,대구광역시 달서구 송현동,중상사고,0,1,0,0,차대차 - 기타,안전운전불이행,건조,맑음,단일로 - 기타,자전거,남,49세,중상,승용,남,49세,상해없음
2012082400100651,2012년 8월 24일 22시,금요일,대구광역시 달성군 논공읍,경상사고,0,0,1,0,차대차 - 기타,안전운전불이행,건조,흐림,단일로 - 기타,승용,여,48세,상해없음,승용,남,48세,경상
2012082400100695,2012년 8월 24일 23시,금요일,대구광역시 수성구 지산동,경상사고,0,0,2,0,차대사람 - 기타,안전운전불이행,습기,흐림,단일로 - 기타,승용,남,27세,상해없음,보행자,남,21세,경상
2012082400100696,2012년 8월 24일 23시,금요일,대구광역시 서구 평리동,경상사고,0,0,2,0,차대차 - 추돌 - 주정차중,안전운전불이행,건조,맑음,단일로 - 기타,승용,남,32세,상해없음,승용,남,34세,경상
2012082500100018,2012년 8월 25일 00시,토요일,대구광역시 수성구 황금동,경상사고,0,0,1,1,차대차 - 추돌 - 주정차중,안전거리미확보,건조,맑음,단일로 - 기타,승용,남,51세,상해없음,승용,남,58세,부상신고
2012082500100064,2012년 8월 25일 01시,토요일,대구광역시 남구 봉덕동,경상사고,0,0,3,0,차대차 - 추돌 - 진행중,안전운전불이행,건조,맑음,교차로 - 교차로부근,승용,남,34세,상해없음,승용,남,50세,경상
2012082500100065,2012년 8월 25일 01시,토요일,대구광역시 동구 신암동,경상사고,0,0,1,0,차대차 - 기타,안전거리미확보,건조,맑음,단일로 - 기타,승용,기타불명,기타불명,기타불명,승용,남,60세,상해없음
2012082500100066,2012년 8월 25일 01시,토요일,대구광역시 수성구 범어동,경상사고,0,0,2,0,차대차 - 기타,안전운전불이행,건조,맑음,단일로 - 기타,승용,남,30세,상해없음,승용,남,26세,경상
2012082500100067,2012년 8월 25일 01시,토요일,대구광역시 서구 내당동,사망사고,1,1,0,0,차대차 - 측면직각충돌,불법유턴,습기,흐림,교차로 - 교차로부근,승용,남,18세,상해없음,이륜,남,17세,사망
2012082500100097,2012년 8월 25일 02시,토요일,대구광역시 수성구 지산동,경상사고,0,0,1,0,차대차 - 측면직각충돌,안전운전불이행,건조,맑음,단일로 - 기타,자전거,남,19세,경상,승용,남,30세,상해없음
2012082500100098,2012년 8월 25일 02시,토요일,대구광역시 달서구 송현동,중상사고,0,1,0,1,차대차 - 추돌 - 진행중,안전운전불이행,습기,흐림,교차로 - 교차로부근,승용,남,28세,상해없음,승용,남,36세,중상
2012082500100099,2012년 8월 25일 02시,토요일,대구광역시 중구 남산동,경상사고,0,0,1,0,차대사람 - 기타,안전운전불이행,건조,맑음,단일로 - 기타,자전거,남,17세,상해없음,보행자,여,22세,경상
2012082500100177,2012년 8월 25일 06시,토요일,대구광역시 북구 태전동,경상사고,0,0,1,0,차대차 - 추돌 - 주정차중,안전운전불이행,건조,맑음,교차로 - 교차로부근,승용,남,27세,상해없음,승용,남,48세,경상
2012082500100236,2012년 8월 25일 09시,토요일,대구광역시 동구 신천동,중상사고,0,2,0,0,차대차 - 측면직각충돌,안전거리미확보,건조,맑음,단일로 - 횡단보도부근,승합,남,53세,상해없음,승용,남,35세,중상
2012082500100237,2012년 8월 25일 09시,토요일,대구광역시 수성구 만촌동,경상사고,0,0,1,0,차대차 - 추돌 - 주정차중,안전운전불이행,건조,맑음,교차로 - 교차로부근,이륜,남,18세,경상,승용,여,42세,상해없음
2012082500100255,2012년 8월 25일 10시,토요일,대구광역시 달성군 가창면,경상사고,0,0,1,0,차대차 - 기타,안전운전불이행,건조,맑음,교차로 - 교차로부근,이륜,남,26세,경상,화물,남,36세,상해없음
2012082500100290,2012년 8월 25일 11시,토요일,대구광역시 수성구 범물동,경상사고,0,0,1,0,차대차 - 기타,교차로운행방법위반,건조,맑음,교차로 - 교차로안,승용,여,61세,상해없음,승용,남,56세,경상
2012082500100291,2012년 8월 25일 11시,토요일,대구광역시 달서구 송현동,경상사고,0,0,2,0,차대차 - 추돌 - 주정차중,안전거리미확보,건조,맑음,단일로 - 기타,승용,여,29세,상해없음,승용,여,56세,경상
2012082500100292,2012년 8월 25일 11시,토요일,대구광역시 달서구 본리동,경상사고,0,0,1,0,차대차 - 추돌 - 주정차중,안전운전불이행,건조,맑음,교차로 - 교차로안,승용,남,41세,상해없음,승용,여,40세,경상
2012082500100319,2012년 8월 25일 12시,토요일,대구광역시 북구 태전동,경상사고,0,0,1,0,차대차 - 측면직각충돌,안전운전불이행,건조,맑음,교차로 - 교차로안,승용,남,47세,상해없음,승용,남,40세,경상
2012082500100320,2012년 8월 25일 12시,토요일,대구광역시 중구 삼덕동2가,중상사고,0,1,0,0,차대차 - 기타,안전운전불이행,건조,맑음,단일로 - 기타,승용,남,46세,상해없음,원동기,남,55세,중상
2012082500100321,2012년 8월 25일 12시,토요일,대구광역시 중구 대봉동,부상신고사고,0,0,0,1,차대차 - 기타,교차로운행방법위반,건조,맑음,교차로 - 교차로안,원동기,남,35세,부상신고,승용,여,37세,상해없음
2012082500100322,2012년 8월 25일 12시,토요일,대구광역시 달서구 성당동,중상사고,0,1,0,0,차대사람 - 기타,신호위반,건조,맑음,단일로 - 횡단보도상,승용,남,72세,상해없음,보행자,여,56세,중상
2012082500100365,2012년 8월 25일 13시,토요일,대구광역시 달서구 상인동,중상사고,0,1,0,0,차대차 - 측면직각충돌,교차로운행방법위반,건조,맑음,단일로 - 기타,승용,여,39세,상해없음,원동기,남,50세,중상
2012082500100395,2012년 8월 25일 14시,토요일,대구광역시 북구 태전동,경상사고,0,0,1,0,차대사람 - 길가장자리구역통행중,안전운전불이행,습기,비,단일로 - 기타,승용,남,51세,상해없음,보행자,여,28세,경상
2012082500100396,2012년 8월 25일 14시,토요일,대구광역시 중구 대신동,경상사고,0,0,1,0,차대차 - 측면직각충돌,안전운전불이행,건조,맑음,단일로 - 기타,건설기계,남,55세,상해없음,승용,여,49세,경상
2012082500100510,2012년 8월 25일 17시,토요일,대구광역시 달성군 현풍면,경상사고,0,0,1,0,차량단독 - 전도전복,안전운전불이행,건조,맑음,단일로 - 기타,이륜,남,45세,경상,,,,
2012082500100540,2012년 8월 25일 18시,토요일,대구광역시 북구 칠성동1가,부상신고사고,0,0,0,1,차대차 - 기타,안전운전불이행,건조,맑음,단일로 - 기타,자전거,여,58세,부상신고,자전거,여,64세,상해없음
2012082500100570,2012년 8월 25일 19시,토요일,대구광역시 동구 지저동,경상사고,0,0,1,1,차대차 - 측면직각충돌,안전거리미확보,건조,맑음,단일로 - 기타,승용,남,55세,부상신고,승용,남,55세,경상
2012082500100606,2012년 8월 25일 20시,토요일,대구광역시 달서구 갈산동,경상사고,0,0,1,0,차대차 - 추돌 - 진행중,교차로운행방법위반,건조,맑음,교차로 - 교차로안,승합,남,45세,상해없음,이륜,남,28세,상해없음
2012082500100640,2012년 8월 25일 21시,토요일,대구광역시 동구 중대동,부상신고사고,0,0,0,1,차량단독 - 기타,안전운전불이행,습기,비,단일로 - 기타,이륜,남,23세,부상신고,,,,
2012082500100665,2012년 8월 25일 22시,토요일,대구광역시 달서구 송현동,중상사고,0,1,0,0,차대차 - 기타,안전운전불이행,건조,맑음,단일로 - 기타,승용,여,67세,상해없음,이륜,남,33세,중상
2012082500100666,2012년 8월 25일 22시,토요일,대구광역시 북구 동천동,중상사고,0,1,0,0,차대차 - 측면직각충돌,안전운전불이행,건조,맑음,단일로 - 기타,승용,여,44세,상해없음,이륜,남,17세,중상
2012082500100667,2012년 8월 25일 22시,토요일,대구광역시 서구 비산동,경상사고,0,0,2,0,차대차 - 기타,안전운전불이행,건조,맑음,교차로 - 교차로부근,원동기,남,17세,경상,승용,남,52세,경상
2012082500100668,2012년 8월 25일 22시,토요일,대구광역시 달서구 두류동,중상사고,0,1,0,0,차대사람 - 기타,안전운전불이행,건조,맑음,단일로 - 기타,승용,남,68세,상해없음,보행자,여,82세,중상
2012082600100048,2012년 8월 26일 01시,일요일,대구광역시 수성구 지산동,경상사고,0,0,1,0,차대차 - 측면직각충돌,차로위반,건조,맑음,단일로 - 기타,승용,남,28세,상해없음,승용,남,52세,경상
2012082600100064,2012년 8월 26일 02시,일요일,대구광역시 달서구 진천동,경상사고,0,0,1,0,차대차 - 추돌 - 주정차중,안전운전불이행,건조,맑음,단일로 - 기타,승용,기타불명,기타불명,기타불명,승용,여,49세,기타불명
2012082600100065,2012년 8월 26일 02시,일요일,대구광역시 달서구 두류동,경상사고,0,0,1,0,차대사람 - 기타,안전운전불이행,건조,맑음,단일로 - 기타,승용,기타불명,기타불명,기타불명,보행자,남,24세,경상
2012082600100090,2012년 8월 26일 04시,일요일,대구광역시 서구 내당동,중상사고,0,1,0,0,차대차 - 추돌 - 진행중,안전거리미확보,건조,맑음,단일로 - 기타,이륜,남,16세,중상,승용,남,22세,상해없음
2012082600100185,2012년 8월 26일 10시,일요일,대구광역시 달성군 하빈면,경상사고,0,0,2,0,차대차 - 측면직각충돌,안전운전불이행,건조,맑음,교차로 - 교차로안,승용,여,30세,기타불명,승용,남,55세,경상
2012082600100202,2012년 8월 26일 11시,일요일,대구광역시 수성구 상동,중상사고,0,1,0,0,차대사람 - 횡단중,안전운전불이행,건조,맑음,단일로 - 기타,승용,남,18세,상해없음,보행자,여,10세,중상
2012082600100203,2012년 8월 26일 11시,일요일,대구광역시 수성구 신매동,경상사고,0,0,1,0,차대차 - 측면직각충돌,교차로운행방법위반,건조,맑음,교차로 - 교차로안,승용,남,46세,상해없음,승용,여,45세,경상
2012082600100228,2012년 8월 26일 12시,일요일,대구광역시 달성군 화원읍,중상사고,0,1,0,0,차대차 - 측면직각충돌,안전운전불이행,건조,맑음,교차로 - 교차로안,승용,남,60세,상해없음,이륜,남,68세,중상
2012082600100229,2012년 8월 26일 12시,일요일,대구광역시 달성군 현풍면,경상사고,0,0,4,0,차대차 - 기타,안전운전불이행,건조,맑음,교차로 - 교차로안,승용,여,28세,경상,승용,남,44세,경상
2012082600100336,2012년 8월 26일 16시,일요일,대구광역시 수성구 수성동1가,경상사고,0,0,2,0,차대차 - 측면직각충돌,안전운전불이행,건조,맑음,단일로 - 기타,승용,남,62세,상해없음,승용,남,59세,상해없음
2012082600100337,2012년 8월 26일 16시,일요일,대구광역시 수성구 만촌동,중상사고,0,1,0,0,차대사람 - 횡단중,보행자보호의무위반,건조,맑음,단일로 - 횡단보도상,승용,여,58세,상해없음,보행자,남,78세,중상
2012082600100372,2012년 8월 26일 17시,일요일,대구광역시 남구 봉덕동,경상사고,0,0,5,0,차대차 - 기타,안전운전불이행,건조,맑음,단일로 - 기타,승용,남,39세,상해없음,승용,남,39세,경상
2012082600100373,2012년 8월 26일 17시,일요일,대구광역시 수성구 파동,경상사고,0,0,1,0,차대차 - 기타,안전거리미확보,건조,맑음,단일로 - 기타,승용,남,41세,상해없음,원동기,남,77세,경상
2012082600100374,2012년 8월 26일 17시,일요일,대구광역시 서구 비산동,경상사고,0,0,1,0,차대사람 - 기타,안전운전불이행,건조,맑음,단일로 - 기타,승용,남,47세,상해없음,보행자,남,70세,경상
2012082600100375,2012년 8월 26일 17시,일요일,대구광역시 달서구 이곡동,경상사고,0,0,1,0,차대사람 - 기타,보행자보호의무위반,건조,맑음,단일로 - 횡단보도상,승용,여,52세,상해없음,보행자,여,30세,경상
2012082600100408,2012년 8월 26일 18시,일요일,대구광역시 남구 대명동,경상사고,0,0,1,0,차량단독 - 기타,안전운전불이행,건조,맑음,단일로 - 기타,승합,남,48세,상해없음,,,,
2012082600100409,2012년 8월 26일 18시,일요일,대구광역시 중구 달성동,부상신고사고,0,0,0,1,차대차 - 기타,안전운전불이행,건조,맑음,단일로 - 기타,자전거,여,57세,부상신고,승용,남,30세,상해없음
2012082600100410,2012년 8월 26일 18시,일요일,대구광역시 중구 남산동,경상사고,0,0,1,0,차대차 - 기타,안전운전불이행,건조,맑음,단일로 - 기타,승용,남,48세,상해없음,승용,여,47세,경상
2012082600100468,2012년 8월 26일 20시,일요일,대구광역시 달성군 화원읍,중상사고,0,1,0,0,차대사람 - 기타,안전운전불이행,건조,맑음,단일로 - 기타,이륜,남,27세,상해없음,보행자,남,11세,중상
2012082600100499,2012년 8월 26일 21시,일요일,대구광역시 동구 신암동,부상신고사고,0,0,0,1,차대사람 - 횡단중,안전운전불이행,건조,맑음,단일로 - 기타,승용,여,61세,상해없음,보행자,남,12세,부상신고
2012082600100500,2012년 8월 26일 21시,일요일,대구광역시 북구 대현동,경상사고,0,0,1,0,차대사람 - 기타,안전운전불이행,건조,맑음,기타 - 기타,승용,여,47세,기타불명,보행자,여,27세,경상
2012082600100501,2012년 8월 26일 21시,일요일,대구광역시 북구 침산동,중상사고,0,1,0,0,차대차 - 측면직각충돌,중앙선침범,건조,맑음,단일로 - 기타,원동기,남,53세,중상,원동기,남,18세,상해없음
2012082600100502,2012년 8월 26일 21시,일요일,대구광역시 달서구 성당동,중상사고,0,2,0,0,차대차 - 측면직각충돌,신호위반,건조,맑음,교차로 - 교차로안,승용,여,38세,상해없음,원동기,여,22세,중상
2012082600100524,2012년 8월 26일 22시,일요일,대구광역시 중구 대봉동,경상사고,0,0,2,0,차대차 - 기타,안전운전불이행,건조,맑음,단일로 - 기타,승용,남,32세,상해없음,승용,여,47세,경상
2012082600100533,2012년 8월 26일 23시,일요일,대구광역시 달서구 진천동,경상사고,0,0,1,0,차대사람 - 횡단중,보행자보호의무위반,건조,맑음,단일로 - 횡단보도상,승용,남,31세,상해없음,보행자,남,6세,경상
2012082600100534,2012년 8월 26일 23시,일요일,대구광역시 달서구 감삼동,경상사고,0,0,1,0,차대사람 - 횡단중,보행자보호의무위반,건조,맑음,단일로 - 횡단보도상,승용,여,33세,상해없음,보행자,남,49세,경상
2012082700100011,2012년 8월 27일 00시,월요일,대구광역시 남구 봉덕동,경상사고,0,0,3,0,차대차 - 측면직각충돌,차로위반,건조,맑음,단일로 - 기타,승용,남,51세,상해없음,승용,남,58세,경상
2012082700100030,2012년 8월 27일 02시,월요일,대구광역시 달서구 성당동,경상사고,0,0,3,0,차대차 - 측면직각충돌,안전거리미확보,건조,맑음,교차로 - 교차로부근,승용,여,56세,경상,승용,남,44세,상해없음
2012082700100039,2012년 8월 27일 04시,월요일,대구광역시 달성군 현풍면,경상사고,0,0,1,0,차대차 - 기타,안전운전불이행,건조,맑음,교차로 - 교차로안,승용,남,23세,상해없음,자전거,남,67세,경상
2012082700100040,2012년 8월 27일 04시,월요일,대구광역시 북구 침산동,경상사고,0,0,4,1,차대차 - 측면직각충돌,신호위반,건조,흐림,교차로 - 교차로안,승용,남,62세,상해없음,승용,남,56세,경상
2012082700100041,2012년 8월 27일 04시,월요일,대구광역시 달서구 본리동,경상사고,0,0,1,0,차대차 - 추돌 - 주정차중,안전운전불이행,건조,맑음,교차로 - 교차로부근,승용,남,37세,상해없음,승용,여,52세,상해없음
2012082700100096,2012년 8월 27일 07시,월요일,대구광역시 달서구 도원동,중상사고,0,1,2,0,차대차 - 추돌 - 주정차중,안전운전불이행,건조,맑음,교차로 - 교차로부근,승용,여,57세,상해없음,화물,남,40세,중상
2012082700100097,2012년 8월 27일 07시,월요일,대구광역시 달서구 용산동,경상사고,0,0,1,0,차대차 - 기타,안전거리미확보,건조,맑음,단일로 - 기타,승용,여,47세,상해없음,승용,여,25세,경상
2012082700100147,2012년 8월 27일 08시,월요일,대구광역시 수성구 중동,경상사고,0,0,1,0,차대차 - 추돌 - 주정차중,안전운전불이행,건조,맑음,단일로 - 기타,승용,여,36세,상해없음,화물,남,57세,경상