사고번호,사고일시,요일,시군구,사고내용,사망자수,중상자수,경상자수,부상신고자수,사고유형,법규위반,노면상태,기상상태,도로형태,가해운전자 차종,가해운전자 성별,가해운전자 연령,가해운전자 상해정도,피해운전자 차종,피해운전자 성별,피해운전자 연령,피해운전자 상해정도
2012083000100403,2012년 8월 30일 18시,목요일,대구광역시 달서구 신당동,경상사고,0,0,2,0,차대차 - 측면직각충돌,교차로운행방법위반,건조,맑음,교차로 - 교차로안,승용,남,50세,상해없음,승용,남,48세,경상
2012083000100447,2012년 8월 30일 19시,목요일,대구광역시 동구 신서동,경상사고,0,0,1,0,차대사람 - 기타,안전운전불이행,건조,맑음,단일로 - 기타,승용,여,40세,상해없음,보행자,남,65세,경상
2012083000100448,2012년 8월 30일 19시,목요일,대구광역시 달성군 논공읍,중상사고,0,1,0,0,차대차 - 측면직각충돌,신호위반,습기,흐림,교차로 - 교차로안,승용,여,39세,상해없음,승용,남,46세,중상
2012083000100449,2012년 8월 30일 19시,목요일,대구광역시 북구 읍내동,경상사고,0,0,1,0,차대차 - 기타,안전운전불이행,습기,비,기타 - 기타,승용,여,34세,기타불명,화물,남,47세,경상
2012083000100450,2012년 8월 30일 19시,목요일,대구광역시 서구 비산동,중상사고,0,1,0,0,차대차 - 기타,안전운전불이행,건조,맑음,교차로 - 교차로부근,승용,여,38세,상해없음,자전거,남,52세,중상
2012083000100451,2012년 8월 30일 19시,목요일,대구광역시 달서구 이곡동,경상사고,0,0,1,0,차대사람 - 횡단중,보행자보호의무위반,습기,흐림,교차로 - 교차로부근,승용,여,31세,상해없음,보행자,남,37세,경상
2012083000100452,2012년 8월 30일 19시,목요일,대구광역시 달서구 감삼동,중상사고,0,1,0,0,차대사람 - 기타,기타,건조,맑음,단일로 - 기타,승용,남,38세,상해없음,보행자,여,43세,중상
2012083000100488,2012년 8월 30일 20시,목요일,대구광역시 서구 내당동,중상사고,0,1,0,0,차대차 - 기타,안전운전불이행,건조,맑음,교차로 - 교차로안,원동기,남,15세,중상,승용,남,33세,상해없음
2012083000100522,2012년 8월 30일 21시,목요일,대구광역시 수성구 범어동,중상사고,0,1,0,0,차대사람 - 차도통행중,안전운전불이행,습기,비,단일로 - 기타,승용,여,42세,상해없음,보행자,남,55세,중상
2012083000100559,2012년 8월 30일 22시,목요일,대구광역시 수성구 범어동,경상사고,0,0,1,0,차대차 - 측면직각충돌,안전운전불이행,습기,비,교차로 - 교차로부근,화물,남,24세,상해없음,승용,남,60세,상해없음
2012083000100560,2012년 8월 30일 22시,목요일,대구광역시 북구 대현동,경상사고,0,0,2,0,차대차 - 측면직각충돌,안전운전불이행,건조,맑음,교차로 - 교차로부근,승용,남,50세,상해없음,승용,남,40세,경상
2012083000100561,2012년 8월 30일 22시,목요일,대구광역시 서구 내당동,경상사고,0,0,1,0,차대차 - 기타,신호위반,습기,흐림,교차로 - 교차로안,승용,남,24세,상해없음,승용,여,29세,경상
2012083000100593,2012년 8월 30일 23시,목요일,대구광역시 달서구 호림동,중상사고,0,1,1,0,차대차 - 추돌 - 진행중,안전거리미확보,건조,맑음,단일로 - 기타,승용,여,41세,중상,승용,남,22세,경상
2012083000100594,2012년 8월 30일 23시,목요일,대구광역시 달서구 용산동,경상사고,0,0,1,0,차대사람 - 기타,보행자보호의무위반,건조,맑음,교차로 - 교차로안,승용,남,21세,상해없음,보행자,남,52세,경상
2012083100100022,2012년 8월 31일 00시,금요일,대구광역시 달서구 송현동,경상사고,0,0,2,0,차대차 - 추돌 - 진행중,안전운전불이행,건조,흐림,단일로 - 기타,승용,남,29세,상해없음,승용,남,62세,경상
2012083100100023,2012년 8월 31일 00시,금요일,대구광역시 서구 평리동,경상사고,0,0,1,0,차대차 - 추돌 - 주정차중,안전운전불이행,건조,맑음,단일로 - 기타,승용,여,45세,상해없음,화물,여,44세,경상
2012083100100024,2012년 8월 31일 00시,금요일,대구광역시 중구 태평로1가,경상사고,0,0,1,0,차대사람 - 기타,기타,건조,맑음,단일로 - 기타,자전거,남,18세,상해없음,보행자,남,59세,경상
2012083100100044,2012년 8월 31일 01시,금요일,대구광역시 수성구 두산동,경상사고,0,0,2,0,차대차 - 기타,안전운전불이행,건조,맑음,단일로 - 기타,승용,남,36세,상해없음,승용,남,64세,경상
2012083100100060,2012년 8월 31일 02시,금요일,대구광역시 서구 원대동1가,경상사고,0,0,1,0,차량단독 - 공작물충돌,안전운전불이행,건조,맑음,단일로 - 횡단보도부근,이륜,남,23세,경상,,,,
2012083100100070,2012년 8월 31일 03시,금요일,대구광역시 수성구 매호동,경상사고,0,0,1,0,차대차 - 기타,중앙선침범,건조,맑음,단일로 - 기타,승용,여,36세,상해없음,승용,남,53세,경상
2012083100100125,2012년 8월 31일 07시,금요일,대구광역시 수성구 범어동,경상사고,0,0,1,0,차대차 - 측면직각충돌,안전운전불이행,건조,맑음,단일로 - 횡단보도상,승용,여,64세,상해없음,자전거,남,15세,경상
2012083100100126,2012년 8월 31일 07시,금요일,대구광역시 달서구 신당동,경상사고,0,0,1,0,차대차 - 정면충돌,중앙선침범,건조,맑음,단일로 - 기타,승용,남,26세,상해없음,화물,남,48세,경상
2012083100100166,2012년 8월 31일 08시,금요일,대구광역시 서구 비산동,중상사고,0,1,0,0,차대차 - 기타,안전거리미확보,건조,맑음,단일로 - 기타,승용,남,53세,상해없음,자전거,남,42세,중상
2012083100100208,2012년 8월 31일 09시,금요일,대구광역시 서구 이현동,경상사고,0,0,1,0,차대사람 - 기타,안전운전불이행,건조,맑음,단일로 - 기타,승용,남,33세,상해없음,보행자,여,65세,경상
2012083100100237,2012년 8월 31일 10시,금요일,대구광역시 북구 산격동,부상신고사고,0,0,0,1,차대차 - 기타,안전운전불이행,건조,맑음,단일로 - 횡단보도상,이륜,남,39세,상해없음,자전거,남,70세,부상신고
2012083100100269,2012년 8월 31일 11시,금요일,대구광역시 남구 대명동,경상사고,0,0,2,0,차대차 - 추돌 - 진행중,안전운전불이행,건조,맑음,단일로 - 기타,승용,여,58세,상해없음,승용,남,41세,경상
2012083100100284,2012년 8월 31일 12시,금요일,대구광역시 남구 대명동,중상사고,0,1,0,0,차대사람 - 횡단중,신호위반,건조,맑음,단일로 - 횡단보도상,승용,남,32세,상해없음,보행자,여,69세,중상
2012083100100333,2012년 8월 31일 14시,금요일,대구광역시 남구 대명동,경상사고,0,0,1,0,차대사람 - 기타,안전운전불이행,건조,흐림,교차로 - 교차로안,승용,남,66세,상해없음,보행자,여,35세,경상
2012083100100334,2012년 8월 31일 14시,금요일,대구광역시 달성군 다사읍,경상사고,0,0,1,0,차대사람 - 보도통행중,신호위반,건조,맑음,교차로 - 교차로부근,건설기계,남,38세,상해없음,보행자,여,8세,경상
2012083100100335,2012년 8월 31일 14시,금요일,대구광역시 북구 태전동,중상사고,0,1,0,1,차대차 - 측면직각충돌,안전운전불이행,건조,맑음,단일로 - 기타,승용,여,58세,중상,화물,남,53세,부상신고
2012083100100336,2012년 8월 31일 14시,금요일,대구광역시 북구 침산동,경상사고,0,0,1,0,차대사람 - 횡단중,보행자보호의무위반,건조,맑음,단일로 - 기타,화물,남,63세,상해없음,보행자,여,8세,경상
2012083100100337,2012년 8월 31일 14시,금요일,대구광역시 북구 산격동,경상사고,0,0,1,0,차대차 - 추돌 - 주정차중,안전운전불이행,건조,맑음,단일로 - 기타,승용,남,19세,상해없음,승용,남,45세,상해없음
2012083100100366,2012년 8월 31일 15시,금요일,대구광역시 수성구 신매동,경상사고,0,0,1,0,차대차 - 기타,차로위반,건조,맑음,단일로 - 기타,승용,여,30세,상해없음,승용,남,62세,경상
2012083100100367,2012년 8월 31일 15시,금요일,대구광역시 달서구 죽전동,경상사고,0,0,2,0,차대차 - 추돌 - 주정차중,안전운전불이행,건조,맑음,단일로 - 기타,승용,남,43세,상해없음,승용,남,58세,경상
2012083100100393,2012년 8월 31일 16시,금요일,대구광역시 북구 산격동,경상사고,0,0,1,0,차대차 - 측면직각충돌,안전운전불이행,건조,맑음,단일로 - 기타,승용,여,36세,상해없음,원동기,남,17세,상해없음
2012083100100433,2012년 8월 31일 17시,금요일,대구광역시 수성구 신매동,경상사고,0,0,2,0,차대차 - 추돌 - 진행중,안전운전불이행,건조,맑음,단일로 - 기타,승합,여,36세,상해없음,화물,남,41세,경상
2012083100100434,2012년 8월 31일 17시,금요일,대구광역시 달서구 진천동,중상사고,0,1,0,0,차대차 - 기타,기타,건조,맑음,단일로 - 기타,승용,여,44세,상해없음,자전거,남,7세,중상
2012083100100435,2012년 8월 31일 17시,금요일,대구광역시 서구 내당동,중상사고,0,1,0,0,차량단독 - 기타,기타,건조,맑음,단일로 - 기타,승합,남,59세,상해없음,,,,
2012083100100483,2012년 8월 31일 18시,금요일,대구광역시 동구 신암동,경상사고,0,0,1,0,차대차 - 추돌 - 진행중,안전거리미확보,건조,맑음,단일로 - 기타,승용,여,43세,상해없음,승용,여,36세,경상
2012083100100484,2012년 8월 31일 18시,금요일,대구광역시 달성군 화원읍,중상사고,0,1,0,0,차대사람 - 기타,안전운전불이행,건조,맑음,단일로 - 기타,승용,남,50세,상해없음,보행자,여,78세,중상
2012083100100485,2012년 8월 31일 18시,금요일,대구광역시 중구 삼덕동2가,중상사고,0,1,0,0,차대사람 - 기타,안전운전불이행,습기,비,단일로 - 기타,승용,여,37세,상해없음,보행자,여,59세,중상
2012083100100486,2012년 8월 31일 18시,금요일,대구광역시 중구 남산동,부상신고사고,0,0,0,1,차대차 - 기타,안전운전불이행,습기,비,단일로 - 기타,이륜,남,33세,부상신고,승용,여,34세,상해없음
2012083100100487,2012년 8월 31일 18시,금요일,대구광역시 달서구 이곡동,경상사고,0,0,2,0,차대차 - 측면직각충돌,신호위반,습기,비,교차로 - 교차로안,승용,남,45세,상해없음,승용,여,29세,경상
2012083100100528,2012년 8월 31일 19시,금요일,대구광역시 남구 봉덕동,경상사고,0,0,3,0,차대차 - 추돌 - 진행중,안전거리미확보,습기,맑음,단일로 - 기타,승용,남,51세,상해없음,승용,남,56세,상해없음
2012083100100529,2012년 8월 31일 19시,금요일,대구광역시 동구 검사동,경상사고,0,0,1,0,차대사람 - 기타,교차로운행방법위반,건조,맑음,교차로 - 교차로안,승용,남,54세,상해없음,보행자,남,42세,경상
2012083100100530,2012년 8월 31일 19시,금요일,대구광역시 수성구 매호동,중상사고,0,1,0,0,차대사람 - 횡단중,보행자보호의무위반,건조,맑음,단일로 - 기타,이륜,남,76세,상해없음,보행자,여,47세,중상
2012083100100531,2012년 8월 31일 19시,금요일,대구광역시 수성구 두산동,중상사고,0,1,5,0,차대차 - 추돌 - 주정차중,안전운전불이행,건조,흐림,단일로 - 기타,승용,남,51세,상해없음,승용,여,25세,경상
2012083100100532,2012년 8월 31일 19시,금요일,대구광역시 달서구 유천동,중상사고,0,1,0,0,차대차 - 기타,불법유턴,습기,비,교차로 - 교차로안,이륜,남,19세,중상,승합,남,29세,상해없음
2012083100100570,2012년 8월 31일 20시,금요일,대구광역시 달서구 송현동,경상사고,0,0,4,0,차대차 - 기타,신호위반,건조,맑음,교차로 - 교차로안,승용,남,52세,상해없음,승합,남,46세,경상
2012083100100571,2012년 8월 31일 20시,금요일,대구광역시 북구 읍내동,경상사고,0,0,1,0,차대차 - 추돌 - 진행중,안전운전불이행,건조,맑음,단일로 - 기타,승용,남,33세,상해없음,이륜,남,19세,경상
2012083100100572,2012년 8월 31일 20시,금요일,대구광역시 북구 태전동,중상사고,0,1,0,0,차대사람 - 기타,안전운전불이행,건조,맑음,단일로 - 기타,승합,남,52세,상해없음,보행자,여,73세,중상
2012083100100573,2012년 8월 31일 20시,금요일,대구광역시 북구 태전동,경상사고,0,0,1,0,차대차 - 측면직각충돌,안전운전불이행,건조,맑음,교차로 - 교차로부근,화물,남,38세,상해없음,승용,남,41세,경상
2012083100100574,2012년 8월 31일 20시,금요일,대구광역시 중구 삼덕동1가,경상사고,0,0,1,0,차대차 - 기타,안전운전불이행,건조,맑음,단일로 - 기타,승용,여,34세,상해없음,승용,남,22세,경상
2012083100100610,2012년 8월 31일 21시,금요일,대구광역시 동구 신암동,경상사고,0,0,1,0,차대차 - 기타,안전운전불이행,건조,맑음,단일로 - 기타,승용,남,30세,상해없음,승용,여,51세,경상
2012083100100611,2012년 8월 31일 21시,금요일,대구광역시 수성구 범어동,경상사고,0,0,1,0,차대차 - 추돌 - 주정차중,안전운전불이행,건조,맑음,교차로 - 교차로부근,승용,남,44세,상해없음,승용,여,43세,경상
2012083100100612,2012년 8월 31일 21시,금요일,대구광역시 북구 동천동,경상사고,0,0,1,0,차대사람 - 기타,안전운전불이행,건조,맑음,교차로 - 교차로안,승용,여,35세,상해없음,보행자,남,53세,경상
2012083100100613,2012년 8월 31일 21시,금요일,대구광역시 중구 봉산동,경상사고,0,0,2,0,차대사람 - 횡단중,안전운전불이행,건조,맑음,단일로 - 기타,승용,남,54세,상해없음,보행자,남,16세,경상
2012083100100657,2012년 8월 31일 22시,금요일,대구광역시 동구 율하동,경상사고,0,0,2,0,차대차 - 기타,안전운전불이행,건조,맑음,단일로 - 기타,승합,남,23세,상해없음,원동기,여,27세,경상
2012083100100658,2012년 8월 31일 22시,금요일,대구광역시 달서구 상인동,경상사고,0,0,2,0,차대차 - 기타,안전운전불이행,건조,맑음,교차로 - 교차로부근,승합,여,48세,상해없음,승용,남,32세,경상
2012083100100659,2012년 8월 31일 22시,금요일,대구광역시 중구 삼덕동1가,경상사고,0,0,2,0,차대차 - 추돌 - 주정차중,안전거리미확보,건조,맑음,단일로 - 기타,승용,남,63세,상해없음,승용,남,29세,상해없음
2012083100100696,2012년 8월 31일 23시,금요일,대구광역시 동구 입석동,중상사고,0,1,0,0,차대차 - 추돌 - 진행중,안전운전불이행,건조,맑음,단일로 - 기타,화물,남,44세,상해없음,승용,남,52세,중상
2012083100100697,2012년 8월 31일 23시,금요일,대구광역시 달서구 이곡동,경상사고,0,0,1,0,차대차 - 추돌 - 주정차중,안전운전불이행,건조,맑음,단일로 - 기타,승용,남,50세,상해없음,승용,남,22세,경상
2012083100100698,2012년 8월 31일 23시,금요일,대구광역시 달서구 성당동,경상사고,0,0,2,0,차대차 - 측면직각충돌,신호위반,건조,맑음,교차로 - 교차로안,승용,남,22세,상해없음,승용,남,63세,경상
2012090100100028,2012년 9월 1일 00시,토요일,대구광역시 동구 신기동,경상사고,0,0,1,0,차대차 - 기타,불법유턴,건조,맑음,교차로 - 교차로부근,승용,여,51세,상해없음,자전거,남,64세,경상
2012090100100029,2012년 9월 1일 00시,토요일,대구광역시 수성구 신매동,경상사고,0,0,2,0,차대차 - 추돌 - 진행중,안전운전불이행,건조,맑음,단일로 - 기타,승용,남,40세,상해없음,승용,남,34세,기타불명
2012090100100063,2012년 9월 1일 01시,토요일,대구광역시 수성구 중동,경상사고,0,0,5,0,차대차 - 추돌 - 주정차중,안전운전불이행,건조,맑음,단일로 - 기타,승용,남,54세,상해없음,승용,남,54세,경상
2012090100100064,2012년 9월 1일 01시,토요일,대구광역시 서구 내당동,경상사고,0,0,1,0,차대차 - 측면직각충돌,안전거리미확보,건조,맑음,단일로 - 기타,승용,남,27세,상해없음,승용,남,47세,경상
2012090100100065,2012년 9월 1일 01시,토요일,대구광역시 중구 태평로3가,중상사고,0,1,0,0,차대사람 - 횡단중,안전운전불이행,건조,맑음,단일로 - 횡단보도상,화물,남,43세,상해없음,보행자,남,52세,중상
2012090100100085,2012년 9월 1일 02시,토요일,대구광역시 수성구 황금동,경상사고,0,0,1,0,차대차 - 측면직각충돌,신호위반,건조,맑음,교차로 - 교차로부근,화물,남,42세,상해없음,승용,남,58세,경상
2012090100100086,2012년 9월 1일 02시,토요일,대구광역시 수성구 만촌동,경상사고,0,0,5,0,차대차 - 기타,중앙선침범,건조,맑음,단일로 - 기타,승용,남,17세,상해없음,승용,남,22세,경상
2012090100100115,2012년 9월 1일 04시,토요일,대구광역시 수성구 범어동,경상사고,0,0,2,0,차대차 - 측면직각충돌,안전운전불이행,건조,맑음,교차로 - 교차로안,승용,남,18세,기타불명,승용,남,22세,경상
2012090100100116,2012년 9월 1일 04시,토요일,대구광역시 북구 서변동,사망사고,1,0,0,0,차대사람 - 기타,안전운전불이행,건조,맑음,단일로 - 기타,화물,남,57세,상해없음,보행자,남,63세,사망
2012090100100140,2012년 9월 1일 05시,토요일,대구광역시 남구 봉덕동,경상사고,0,0,4,0,차대차 - 추돌 - 진행중,안전운전불이행,건조,맑음,단일로 - 기타,승용,남,25세,상해없음,승용,여,29세,경상
2012090100100141,2012년 9월 1일 05시,토요일,대구광역시 수성구 범어동,경상사고,0,0,3,0,차대차 - 추돌 - 주정차중,안전운전불이행,건조,맑음,교차로 - 교차로부근,승용,여,32세,상해없음,승용,여,28세,경상
2012090100100142,2012년 9월 1일 05시,토요일,대구광역시 서구 이현동,경상사고,0,0,1,0,차대차 - 측면직각충돌,신호위반,건조,맑음,교차로 - 교차로안,승용,여,21세,상해없음,승용,남,33세,경상
2012090100100169,2012년 9월 1일 07시,토요일,대구광역시 북구 노원동1가,경상사고,0,0,1,0,차대차 - 측면직각충돌,안전운전불이행,건조,맑음,교차로 - 교차로안,승용,남,30세,상해없음,자전거,남,42세,경상
2012090100100170,2012년 9월 1일 07시,토요일,대구광역시 북구 노원동3가,중상사고,0,1,0,0,차대차 - 측면직각충돌,신호위반,건조,맑음,교차로 - 교차로안,화물,남,47세,상해없음,이륜,남,45세,중상
2012090100100193,2012년 9월 1일 08시,토요일,대구광역시 수성구 지산동,중상사고,0,1,0,0,차대사람 - 횡단중,보행자보호의무위반,건조,맑음,교차로 - 교차로부근,이륜,남,57세,상해없음,보행자,여,34세,중상
2012090100100214,2012년 9월 1일 09시,토요일,대구광역시 남구 봉덕동,중상사고,0,1,0,0,차대차 - 추돌 - 진행중,안전거리미확보,건조,맑음,교차로 - 교차로부근,화물,남,50세,상해없음,승용,여,42세,중상
2012090100100215,2012년 9월 1일 09시,토요일,대구광역시 달서구 장기동,중상사고,0,1,1,0,차대차 - 정면충돌,중앙선침범,건조,흐림,단일로 - 기타,승용,남,23세,중상,승용,남,60세,경상
2012090100100240,2012년 9월 1일 10시,토요일,대구광역시 수성구 범물동,사망사고,1,0,0,0,차대사람 - 보도통행중,보행자보호의무위반,건조,맑음,단일로 - 횡단보도상,화물,여,51세,상해없음,보행자,남,87세,사망
2012090100100241,2012년 9월 1일 10시,토요일,대구광역시 북구 산격동,중상사고,0,1,0,0,차대차 - 기타,안전거리미확보,건조,맑음,단일로 - 기타,승용,여,45세,상해없음,이륜,남,36세,중상
2012090100100271,2012년 9월 1일 11시,토요일,대구광역시 중구 남산동,경상사고,0,0,1,0,차대차 - 기타,안전운전불이행,건조,맑음,교차로 - 교차로부근,이륜,남,80세,경상,승합,남,47세,상해없음
2012090100100305,2012년 9월 1일 12시,토요일,대구광역시 북구 침산동,중상사고,0,1,0,0,차대차 - 추돌 - 진행중,안전거리미확보,건조,맑음,단일로 - 기타,화물,남,53세,상해없음,승용,남,36세,중상
2012090100100306,2012년 9월 1일 12시,토요일,대구광역시 서구 평리동,경상사고,0,0,1,0,차대사람 - 기타,안전운전불이행,건조,맑음,단일로 - 기타,이륜,남,59세,상해없음,보행자,남,5세,경상
2012090100100307,2012년 9월 1일 12시,토요일,대구광역시 서구 내당동,중상사고,0,1,0,0,차대사람 - 기타,안전운전불이행,건조,맑음,교차로 - 교차로안,승합,여,50세,상해없음,보행자,여,52세,중상
2012090100100339,2012년 9월 1일 13시,토요일,대구광역시 남구 봉덕동,중상사고,0,2,0,0,차대차 - 추돌 - 진행중,안전거리미확보,건조,맑음,교차로 - 교차로안,화물,남,52세,상해없음,승용,남,67세,중상
2012090100100340,2012년 9월 1일 13시,토요일,대구광역시 달서구 진천동,경상사고,0,0,2,0,차대차 - 기타,안전거리미확보,건조,맑음,교차로 - 교차로안,승합,여,51세,경상,승용,남,63세,경상
2012090100100341,2012년 9월 1일 13시,토요일,대구광역시 북구 복현동,경상사고,0,0,1,0,차대차 - 기타,안전운전불이행,건조,맑음,단일로 - 기타,승합,남,44세,상해없음,자전거,남,68세,경상
2012090100100368,2012년 9월 1일 14시,토요일,대구광역시 북구 복현동,경상사고,0,0,1,0,차대차 - 측면직각충돌,안전운전불이행,건조,맑음,단일로 - 기타,승용,여,42세,상해없음,이륜,남,74세,경상
2012090100100369,2012년 9월 1일 14시,토요일,대구광역시 달서구 감삼동,중상사고,0,1,0,0,차량단독 - 기타,기타,건조,맑음,단일로 - 기타,승합,남,53세,상해없음,,,,
2012090100100370,2012년 9월 1일 14시,토요일,대구광역시 달서구 두류동,경상사고,0,0,1,0,차대사람 - 횡단중,안전운전불이행,건조,맑음,교차로 - 교차로부근,승용,여,41세,상해없음,보행자,여,59세,경상
2012090100100398,2012년 9월 1일 15시,토요일,대구광역시 남구 대명동,경상사고,0,0,1,0,차대차 - 추돌 - 주정차중,안전운전불이행,건조,맑음,단일로 - 기타,자전거,남,21세,경상,승용,남,33세,기타불명
2012090100100399,2012년 9월 1일 15시,토요일,대구광역시 수성구 만촌동,중상사고,0,1,0,0,차대차 - 측면직각충돌,안전거리미확보,건조,맑음,단일로 - 기타,승용,남,27세,상해없음,이륜,남,22세,중상
2012090100100400,2012년 9월 1일 15시,토요일,대구광역시 달성군 논공읍,경상사고,0,0,1,0,차대사람 - 기타,안전운전불이행,건조,맑음,단일로 - 기타,승용,남,56세,상해없음,보행자,남,2세,경상
2012090100100401,2012년 9월 1일 15시,토요일,대구광역시 서구 비산동,경상사고,0,0,1,0,차대차 - 기타,교차로운행방법위반,건조,맑음,교차로 - 교차로안,승용,여,50세,상해없음,자전거,남,73세,경상
2012090100100402,2012년 9월 1일 15시,토요일,대구광역시 중구 동산동,부상신고사고,0,0,0,1,차대차 - 측면직각충돌,신호위반,건조,맑음,단일로 - 횡단보도상,자전거,여,20세,부상신고,승용,여,42세,상해없음
2012090100100439,2012년 9월 1일 16시,토요일,대구광역시 남구 대명동,경상사고,0,0,1,0,차대사람 - 차도통행중,안전운전불이행,건조,맑음,교차로 - 교차로부근,승용,남,20세,상해없음,보행자,여,28세,경상
2012090100100440,2012년 9월 1일 16시,토요일,대구광역시 달성군 다사읍,경상사고,0,0,1,0,차대차 - 측면직각충돌,안전거리미확보,건조,맑음,단일로 - 기타,화물,남,45세,상해없음,승용,남,67세,경상
2012090100100441,2012년 9월 1일 16시,토요일,대구광역시 서구 평리동,중상사고,0,1,0,0,차대차 - 기타,안전운전불이행,건조,맑음,단일로 - 기타,승용,남,34세,상해없음,원동기,남,36세,중상
2012090100100479,2012년 9월 1일 17시,토요일,대구광역시 북구 산격동,경상사고,0,0,2,0,차대차 - 기타,안전운전불이행,건조,맑음,단일로 - 기타,화물,남,62세,상해없음,승용,여,53세,경상
2012090100100480,2012년 9월 1일 17시,토요일,대구광역시 중구 사일동,경상사고,0,0,3,0,차대차 - 기타,안전거리미확보,건조,맑음,단일로 - 기타,승합,남,37세,경상,승용,남,48세,경상
2012090100100481,2012년 9월 1일 17시,토요일,대구광역시 달서구 성당동,경상사고,0,0,2,0,차대차 - 측면직각충돌,안전운전불이행,건조,맑음,단일로 - 기타,화물,남,33세,상해없음,승용,남,60세,경상
2012090100100519,2012년 9월 1일 18시,토요일,대구광역시 서구 비산동,중상사고,0,1,1,0,차대차 - 측면직각충돌,안전거리미확보,건조,맑음,단일로 - 기타,승용,남,21세,상해없음,승용,남,34세,중상
2012090100100520,2012년 9월 1일 18시,토요일,대구광역시 달서구 신당동,경상사고,0,0,1,0,차대차 - 측면직각충돌,차로위반,건조,맑음,단일로 - 기타,승용,남,63세,상해없음,이륜,남,16세,경상
2012090100100545,2012년 9월 1일 19시,토요일,대구광역시 동구 율하동,중상사고,0,1,0,0,차대차 - 정면충돌,신호위반,건조,맑음,교차로 - 교차로안,승용,남,23세,상해없음,승용,남,51세,중상
2012090100100546,2012년 9월 1일 19시,토요일,대구광역시 북구 대현동,경상사고,0,0,1,0,차대사람 - 차도통행중,안전운전불이행,건조,맑음,단일로 - 기타,승용,여,44세,상해없음,보행자,남,62세,경상
2012090100100582,2012년 9월 1일 20시,토요일,대구광역시 수성구 범어동,경상사고,0,0,1,0,차대차 - 기타,안전운전불이행,건조,맑음,단일로 - 기타,승용,여,49세,상해없음,승용,남,49세,경상
2012090100100583,2012년 9월 1일 20시,토요일,대구광역시 중구 달성동,중상사고,0,1,0,0,차대사람 - 기타,안전운전불이행,건조,맑음,단일로 - 기타,승용,남,42세,상해없음,보행자,남,45세,중상
2012090100100584,2012년 9월 1일 20시,토요일,대구광역시 달서구 본리동,경상사고,0,0,1,0,차대차 - 기타,안전운전불이행,건조,맑음,교차로 - 교차로안,승용,남,28세,상해없음,이륜,남,26세,경상
2012090100100619,2012년 9월 1일 21시,토요일,대구광역시 달서구 상인동,경상사고,0,0,1,0,차대차 - 측면직각충돌,안전운전불이행,건조,맑음,단일로 - 기타,승용,남,37세,상해없음,자전거,남,40세,경상
2012090100100620,2012년 9월 1일 21시,토요일,대구광역시 달성군 화원읍,경상사고,0,0,1,0,차대차 - 추돌 - 주정차중,안전운전불이행,건조,맑음,교차로 - 교차로부근,승용,기타불명,기타불명,기타불명,승합,남,39세,경상
2012090100100676,2012년 9월 1일 23시,토요일,대구광역시 서구 내당동,중상사고,0,2,0,0,차대차 - 측면직각충돌,신호위반,건조,맑음,교차로 - 교차로안,승용,남,53세,상해없음,승용,여,53세,중상
2012090200100028,2012년 9월 2일 01시,일요일,대구광역시 수성구 황금동,중상사고,0,1,0,0,차대차 - 기타,중앙선침범,건조,흐림,단일로 - 횡단보도부근,승용,여,31세,상해없음,승용,남,37세,중상
2012090200100061,2012년 9월 2일 03시,일요일,대구광역시 수성구 황금동,중상사고,0,3,0,0,차대차 - 측면직각충돌,신호위반,건조,맑음,교차로 - 교차로안,승용,남,23세,상해없음,승용,남,58세,중상
2012090200100062,2012년 9월 2일 03시,일요일,대구광역시 달서구 송현동,경상사고,0,0,2,0,차대차 - 추돌 - 진행중,안전운전불이행,건조,맑음,단일로 - 기타,승용,여,17세,상해없음,승용,남,28세,경상
2012090200100067,2012년 9월 2일 04시,일요일,대구광역시 동구 신천동,경상사고,0,0,1,0,차대사람 - 기타,안전운전불이행,건조,맑음,단일로 - 기타,승용,여,33세,기타불명,보행자,남,26세,경상
2012090200100081,2012년 9월 2일 05시,일요일,대구광역시 중구 삼덕동1가,경상사고,0,0,1,0,차대차 - 추돌 - 주정차중,안전운전불이행,건조,맑음,교차로 - 교차로부근,승용,여,24세,상해없음,승용,남,49세,경상
2012090200100096,2012년 9월 2일 06시,일요일,대구광역시 수성구 신매동,경상사고,0,0,1,0,차대차 - 추돌 - 주정차중,안전운전불이행,건조,맑음,교차로 - 교차로부근,승용,남,27세,상해없음,승용,남,61세,경상
2012090200100112,2012년 9월 2일 07시,일요일,대구광역시 달성군 다사읍,사망사고,1,0,0,0,차량단독 - 전도전복,안전운전불이행,건조,맑음,교차로 - 교차로안,승용,남,40세,사망,,,,
2012090200100169,2012년 9월 2일 10시,일요일,대구광역시 중구 태평로1가,부상신고사고,0,0,0,1,차대차 - 기타,신호위반,건조,맑음,교차로 - 교차로안,원동기,남,74세,부상신고,승용,남,70세,상해없음
2012090200100201,2012년 9월 2일 11시,일요일,대구광역시 북구 노원동3가,중상사고,0,2,0,0,차대차 - 추돌 - 진행중,안전거리미확보,건조,맑음,단일로 - 기타,승용,남,29세,상해없음,자전거,남,33세,중상
2012090200100202,2012년 9월 2일 11시,일요일,대구광역시 북구 노원동2가,사망사고,1,0,0,0,차량단독 - 공작물충돌,안전운전불이행,건조,맑음,교차로 - 교차로안,이륜,남,68세,사망,,,,