사고번호,사고일시,요일,시군구,사고내용,사망자수,중상자수,경상자수,부상신고자수,사고유형,법규위반,노면상태,기상상태,도로형태,가해운전자 차종,가해운전자 성별,가해운전자 연령,가해운전자 상해정도,피해운전자 차종,피해운전자 성별,피해운전자 연령,피해운전자 상해정도
2012092400100022,2012년 9월 24일 01시,월요일,대구광역시 북구 칠성동1가,경상사고,0,0,3,1,차대차 - 측면직각충돌,직진우회전진행방해,건조,맑음,교차로 - 교차로안,승용,남,57세,부상신고,승용,남,49세,경상
2012092400100051,2012년 9월 24일 05시,월요일,대구광역시 북구 칠성동1가,중상사고,0,1,0,0,차대사람 - 기타,보행자보호의무위반,건조,맑음,단일로 - 횡단보도상,승용,남,52세,상해없음,보행자,남,50세,중상
2012092400100068,2012년 9월 24일 06시,월요일,대구광역시 남구 대명동,경상사고,0,0,1,0,차대차 - 추돌 - 주정차중,안전거리미확보,건조,맑음,단일로 - 기타,승용,남,38세,상해없음,승용,남,57세,경상
2012092400100069,2012년 9월 24일 06시,월요일,대구광역시 동구 신천동,경상사고,0,0,1,0,차대차 - 측면직각충돌,안전운전불이행,건조,맑음,교차로 - 교차로부근,승용,남,28세,상해없음,승용,남,64세,경상
2012092400100070,2012년 9월 24일 06시,월요일,대구광역시 북구 산격동,부상신고사고,0,0,0,1,차대차 - 측면직각충돌,안전운전불이행,건조,맑음,단일로 - 기타,승용,여,43세,상해없음,자전거,남,71세,부상신고
2012092400100098,2012년 9월 24일 07시,월요일,대구광역시 남구 대명동,경상사고,0,0,1,0,차대차 - 기타,차로위반,건조,맑음,단일로 - 기타,승용,남,31세,상해없음,승용,여,56세,상해없음
2012092400100099,2012년 9월 24일 07시,월요일,대구광역시 동구 지묘동,경상사고,0,0,2,0,차대차 - 측면직각충돌,안전운전불이행,건조,맑음,교차로 - 교차로안,승용,여,28세,상해없음,승합,남,48세,상해없음
2012092400100100,2012년 9월 24일 07시,월요일,대구광역시 달서구 진천동,중상사고,0,1,0,0,차대사람 - 기타,안전운전불이행,건조,맑음,교차로 - 교차로부근,화물,남,55세,상해없음,보행자,여,18세,중상
2012092400100101,2012년 9월 24일 07시,월요일,대구광역시 북구 노원동2가,부상신고사고,0,0,0,1,차대사람 - 횡단중,안전운전불이행,건조,맑음,단일로 - 기타,자전거,남,30세,상해없음,보행자,남,44세,부상신고
2012092400100153,2012년 9월 24일 08시,월요일,대구광역시 남구 대명동,경상사고,0,0,1,0,차대차 - 추돌 - 진행중,안전운전불이행,건조,맑음,교차로 - 교차로부근,승용,기타불명,기타불명,기타불명,승용,남,57세,상해없음
2012092400100154,2012년 9월 24일 08시,월요일,대구광역시 중구 대봉동,중상사고,0,1,0,0,차대사람 - 기타,안전운전불이행,건조,맑음,단일로 - 기타,승용,남,42세,상해없음,보행자,남,45세,중상
2012092400100155,2012년 9월 24일 08시,월요일,대구광역시 달서구 용산동,중상사고,0,1,0,0,차대차 - 추돌 - 진행중,안전운전불이행,건조,맑음,단일로 - 기타,승용,남,50세,상해없음,승용,남,35세,상해없음
2012092400100189,2012년 9월 24일 09시,월요일,대구광역시 수성구 수성동1가,중상사고,0,1,0,0,차량단독 - 기타,안전운전불이행,건조,맑음,교차로 - 교차로안,승용,남,60세,상해없음,,,,
2012092400100190,2012년 9월 24일 09시,월요일,대구광역시 달서구 상인동,중상사고,0,1,0,0,차대사람 - 횡단중,안전운전불이행,건조,맑음,교차로 - 교차로안,승용,여,51세,상해없음,보행자,여,53세,중상
2012092400100218,2012년 9월 24일 10시,월요일,대구광역시 북구 침산동,경상사고,0,0,2,0,차대차 - 기타,안전거리미확보,건조,맑음,단일로 - 기타,화물,남,48세,상해없음,승용,남,45세,경상
2012092400100219,2012년 9월 24일 10시,월요일,대구광역시 달서구 두류동,경상사고,0,0,1,0,차대차 - 추돌 - 주정차중,안전운전불이행,건조,맑음,단일로 - 기타,승용,남,50세,상해없음,화물,남,48세,경상
2012092400100252,2012년 9월 24일 11시,월요일,대구광역시 동구 둔산동,중상사고,0,1,0,0,차대차 - 측면직각충돌,안전운전불이행,건조,맑음,교차로 - 교차로안,승용,남,47세,상해없음,이륜,남,73세,중상
2012092400100253,2012년 9월 24일 11시,월요일,대구광역시 수성구 수성동2가,경상사고,0,0,1,0,차대차 - 추돌 - 진행중,안전거리미확보,건조,맑음,단일로 - 기타,승용,여,22세,상해없음,이륜,남,36세,경상
2012092400100254,2012년 9월 24일 11시,월요일,대구광역시 중구 공평동,중상사고,0,2,0,0,차대차 - 측면직각충돌,안전운전불이행,건조,맑음,단일로 - 기타,승합,남,39세,상해없음,승용,남,35세,상해없음
2012092400100288,2012년 9월 24일 12시,월요일,대구광역시 북구 복현동,경상사고,0,0,3,0,차대차 - 추돌 - 주정차중,안전거리미확보,건조,맑음,단일로 - 기타,승용,여,49세,경상,승용,남,27세,경상
2012092400100289,2012년 9월 24일 12시,월요일,대구광역시 북구 읍내동,중상사고,0,1,0,0,차대차 - 기타,안전운전불이행,건조,맑음,미분류 - 미분류,기타불명,기타불명,기타불명,기타불명,자전거,남,74세,중상
2012092400100290,2012년 9월 24일 12시,월요일,대구광역시 달서구 성당동,중상사고,0,1,0,0,차대차 - 추돌 - 주정차중,안전거리미확보,건조,맑음,단일로 - 기타,승용,남,64세,상해없음,승용,여,55세,중상
2012092400100314,2012년 9월 24일 13시,월요일,대구광역시 남구 대명동,중상사고,0,1,0,0,차대차 - 기타,기타,건조,맑음,교차로 - 교차로부근,승용,남,53세,상해없음,이륜,남,31세,중상
2012092400100315,2012년 9월 24일 13시,월요일,대구광역시 달서구 송현동,경상사고,0,0,2,0,차대차 - 측면직각충돌,교차로운행방법위반,건조,맑음,교차로 - 교차로안,승용,남,34세,상해없음,이륜,남,20세,경상
2012092400100353,2012년 9월 24일 14시,월요일,대구광역시 서구 비산동,경상사고,0,0,2,0,차대차 - 추돌 - 진행중,안전거리미확보,건조,맑음,단일로 - 기타,승용,여,50세,경상,화물,남,36세,경상
2012092400100383,2012년 9월 24일 15시,월요일,대구광역시 달성군 현풍면,경상사고,0,0,1,0,차대사람 - 기타,안전운전불이행,건조,맑음,단일로 - 기타,화물,남,79세,상해없음,보행자,여,21세,경상
2012092400100384,2012년 9월 24일 15시,월요일,대구광역시 북구 동변동,경상사고,0,0,1,0,차대사람 - 횡단중,보행자보호의무위반,건조,맑음,단일로 - 횡단보도상,승용,남,35세,상해없음,보행자,남,30세,경상
2012092400100385,2012년 9월 24일 15시,월요일,대구광역시 서구 비산동,경상사고,0,0,1,0,차대차 - 정면충돌,교차로운행방법위반,건조,맑음,교차로 - 교차로안,승용,여,33세,상해없음,이륜,여,63세,경상
2012092400100414,2012년 9월 24일 16시,월요일,대구광역시 북구 검단동,중상사고,0,1,0,0,차대차 - 측면직각충돌,직진우회전진행방해,건조,맑음,교차로 - 교차로안,화물,남,55세,상해없음,이륜,남,51세,중상
2012092400100415,2012년 9월 24일 16시,월요일,대구광역시 중구 남산동,경상사고,0,0,1,1,차대차 - 기타,안전운전불이행,건조,맑음,단일로 - 기타,이륜,남,41세,부상신고,승용,여,29세,경상
2012092400100416,2012년 9월 24일 16시,월요일,대구광역시 달서구 두류동,중상사고,0,1,0,0,차대사람 - 차도통행중,안전운전불이행,건조,맑음,단일로 - 기타,승용,여,30세,상해없음,보행자,여,62세,중상
2012092400100417,2012년 9월 24일 16시,월요일,대구광역시 달서구 용산동,부상신고사고,0,0,0,1,차대차 - 기타,안전거리미확보,건조,맑음,단일로 - 기타,이륜,여,43세,부상신고,화물,남,48세,상해없음
2012092400100418,2012년 9월 24일 16시,월요일,대구광역시 달서구 용산동,경상사고,0,0,1,0,차대차 - 측면직각충돌,안전거리미확보,건조,맑음,단일로 - 기타,승용,남,60세,상해없음,이륜,남,39세,경상
2012092400100465,2012년 9월 24일 17시,월요일,대구광역시 동구 용계동,경상사고,0,0,1,0,차량단독 - 공작물충돌,안전운전불이행,건조,맑음,단일로 - 기타,승용,남,37세,경상,,,,
2012092400100466,2012년 9월 24일 17시,월요일,대구광역시 수성구 수성동4가,중상사고,0,1,0,0,차대사람 - 횡단중,보행자보호의무위반,건조,맑음,교차로 - 교차로안,승용,남,54세,상해없음,보행자,남,11세,중상
2012092400100467,2012년 9월 24일 17시,월요일,대구광역시 수성구 신매동,경상사고,0,0,2,0,차대차 - 측면직각충돌,교차로운행방법위반,건조,맑음,교차로 - 교차로안,승용,남,47세,상해없음,원동기,남,16세,경상
2012092400100468,2012년 9월 24일 17시,월요일,대구광역시 달서구 본동,경상사고,0,0,1,0,차대차 - 기타,안전운전불이행,건조,맑음,단일로 - 기타,이륜,남,45세,상해없음,승합,남,58세,기타불명
2012092400100469,2012년 9월 24일 17시,월요일,대구광역시 북구 칠성동1가,중상사고,0,1,0,0,차대차 - 측면직각충돌,직진우회전진행방해,건조,맑음,교차로 - 교차로안,승용,여,43세,상해없음,이륜,남,75세,중상
2012092400100470,2012년 9월 24일 17시,월요일,대구광역시 북구 칠성동1가,부상신고사고,0,0,0,1,차대차 - 기타,중앙선침범,건조,맑음,교차로 - 교차로부근,자전거,여,64세,부상신고,승용,남,59세,상해없음
2012092400100515,2012년 9월 24일 18시,월요일,대구광역시 달서구 장기동,중상사고,0,1,0,0,차대차 - 기타,교차로운행방법위반,건조,맑음,단일로 - 기타,화물,남,52세,상해없음,승용,남,55세,상해없음
2012092400100570,2012년 9월 24일 19시,월요일,대구광역시 달서구 죽전동,경상사고,0,0,1,0,차대차 - 기타,안전운전불이행,건조,맑음,단일로 - 기타,승용,남,22세,상해없음,자전거,남,15세,경상
2012092400100597,2012년 9월 24일 20시,월요일,대구광역시 남구 대명동,경상사고,0,0,2,0,차대차 - 기타,신호위반,건조,맑음,교차로 - 교차로안,화물,여,40세,상해없음,승용,남,38세,상해없음
2012092400100634,2012년 9월 24일 21시,월요일,대구광역시 수성구 범어동,경상사고,0,0,1,0,차대사람 - 횡단중,안전운전불이행,건조,맑음,단일로 - 기타,승용,여,47세,상해없음,보행자,남,48세,경상
2012092400100635,2012년 9월 24일 21시,월요일,대구광역시 수성구 범어동,중상사고,0,1,0,0,차대차 - 측면직각충돌,교차로운행방법위반,건조,맑음,교차로 - 교차로부근,화물,남,45세,상해없음,이륜,남,40세,중상
2012092400100636,2012년 9월 24일 21시,월요일,대구광역시 달서구 상인동,경상사고,0,0,1,0,차대차 - 기타,신호위반,건조,맑음,단일로 - 횡단보도부근,이륜,남,22세,상해없음,원동기,남,16세,경상
2012092400100661,2012년 9월 24일 22시,월요일,대구광역시 북구 조야동,중상사고,0,1,0,0,차대차 - 추돌 - 진행중,안전운전불이행,건조,맑음,단일로 - 기타,승용,남,46세,상해없음,화물,남,47세,중상
2012092400100697,2012년 9월 24일 23시,월요일,대구광역시 수성구 황금동,경상사고,0,0,1,0,차대차 - 추돌 - 진행중,안전거리미확보,건조,맑음,단일로 - 기타,원동기,남,30세,상해없음,승용,남,44세,경상
2012092400100698,2012년 9월 24일 23시,월요일,대구광역시 달서구 송현동,경상사고,0,0,1,0,차대차 - 측면직각충돌,안전거리미확보,건조,맑음,교차로 - 교차로안,승용,여,47세,상해없음,승용,남,49세,경상
2012092400100699,2012년 9월 24일 23시,월요일,대구광역시 북구 산격동,경상사고,0,0,1,0,차대차 - 기타,중앙선침범,건조,맑음,단일로 - 교량,승용,기타불명,기타불명,기타불명,승용,남,52세,상해없음
2012092400100700,2012년 9월 24일 23시,월요일,대구광역시 달서구 죽전동,중상사고,0,1,0,0,차대사람 - 횡단중,안전운전불이행,건조,맑음,단일로 - 기타,승용,남,60세,상해없음,보행자,남,40세,중상
2012092500100011,2012년 9월 25일 00시,화요일,대구광역시 북구 대현동,중상사고,0,1,0,0,차대차 - 추돌 - 진행중,교차로운행방법위반,건조,맑음,교차로 - 교차로안,자전거,남,25세,중상,이륜,남,49세,상해없음
2012092500100012,2012년 9월 25일 00시,화요일,대구광역시 달서구 두류동,경상사고,0,0,1,0,차대차 - 기타,안전운전불이행,건조,맑음,기타 - 기타,승용,남,30세,상해없음,승용,남,44세,경상
2012092500100013,2012년 9월 25일 00시,화요일,대구광역시 달서구 두류동,경상사고,0,0,1,0,차대차 - 추돌 - 주정차중,안전운전불이행,건조,맑음,교차로 - 교차로안,승용,남,25세,상해없음,원동기,남,43세,경상
2012092500100014,2012년 9월 25일 00시,화요일,대구광역시 달서구 파호동,사망사고,1,0,0,0,차량단독 - 공작물충돌,안전운전불이행,건조,맑음,교차로 - 교차로안,승용,남,39세,사망,,,,
2012092500100054,2012년 9월 25일 04시,화요일,대구광역시 수성구 황금동,경상사고,0,0,1,0,차대사람 - 기타,안전운전불이행,건조,맑음,교차로 - 교차로부근,승용,남,43세,상해없음,보행자,여,79세,경상
2012092500100062,2012년 9월 25일 05시,화요일,대구광역시 동구 검사동,중상사고,0,1,0,0,차대사람 - 기타,안전운전불이행,건조,맑음,단일로 - 기타,승용,남,48세,상해없음,보행자,남,43세,중상
2012092500100063,2012년 9월 25일 05시,화요일,대구광역시 서구 평리동,중상사고,0,1,0,0,차대사람 - 기타,신호위반,건조,맑음,단일로 - 기타,승용,남,71세,상해없음,보행자,남,61세,중상
2012092500100107,2012년 9월 25일 07시,화요일,대구광역시 동구 대림동,중상사고,0,1,1,0,차대차 - 추돌 - 주정차중,안전운전불이행,건조,맑음,단일로 - 기타,승용,여,44세,상해없음,승용,여,42세,경상
2012092500100108,2012년 9월 25일 07시,화요일,대구광역시 수성구 만촌동,경상사고,0,0,1,0,차대차 - 기타,안전운전불이행,건조,맑음,기타 - 기타,승용,남,59세,상해없음,승용,여,50세,경상
2012092500100109,2012년 9월 25일 07시,화요일,대구광역시 수성구 파동,중상사고,0,1,0,0,차대차 - 기타,안전운전불이행,건조,맑음,단일로 - 횡단보도부근,승용,여,42세,상해없음,자전거,남,79세,중상
2012092500100160,2012년 9월 25일 08시,화요일,대구광역시 달서구 유천동,중상사고,0,1,0,0,차대차 - 측면직각충돌,안전운전불이행,건조,맑음,단일로 - 기타,승용,남,49세,상해없음,이륜,남,74세,중상
2012092500100161,2012년 9월 25일 08시,화요일,대구광역시 북구 산격동,중상사고,0,1,0,0,차대차 - 기타,교차로운행방법위반,건조,맑음,교차로 - 교차로안,이륜,여,47세,중상,승용,여,38세,상해없음
2012092500100162,2012년 9월 25일 08시,화요일,대구광역시 중구 대봉동,경상사고,0,0,2,0,차대차 - 기타,안전운전불이행,건조,맑음,단일로 - 기타,승용,남,36세,경상,승용,남,50세,경상
2012092500100163,2012년 9월 25일 08시,화요일,대구광역시 달서구 호림동,부상신고사고,0,0,0,1,차대차 - 기타,안전운전불이행,건조,맑음,단일로 - 기타,자전거,여,63세,부상신고,승용,남,29세,상해없음
2012092500100211,2012년 9월 25일 09시,화요일,대구광역시 동구 효목동,경상사고,0,0,1,0,차대차 - 기타,안전운전불이행,건조,맑음,단일로 - 기타,승용,남,59세,기타불명,승용,남,42세,경상
2012092500100212,2012년 9월 25일 09시,화요일,대구광역시 수성구 만촌동,중상사고,0,1,0,0,차대차 - 측면직각충돌,교차로운행방법위반,건조,맑음,교차로 - 교차로안,승용,남,36세,상해없음,이륜,남,62세,중상
2012092500100213,2012년 9월 25일 09시,화요일,대구광역시 수성구 지산동,경상사고,0,0,1,0,차대차 - 측면직각충돌,안전운전불이행,건조,맑음,단일로 - 기타,화물,남,43세,상해없음,승용,여,44세,경상
2012092500100241,2012년 9월 25일 10시,화요일,대구광역시 서구 평리동,경상사고,0,0,1,0,차대사람 - 기타,신호위반,건조,맑음,교차로 - 교차로안,승용,남,58세,상해없음,보행자,여,64세,경상
2012092500100276,2012년 9월 25일 11시,화요일,대구광역시 남구 대명동,부상신고사고,0,0,0,1,차대차 - 기타,안전운전불이행,건조,맑음,교차로 - 교차로부근,자전거,남,41세,부상신고,승용,남,34세,상해없음
2012092500100277,2012년 9월 25일 11시,화요일,대구광역시 남구 대명동,경상사고,0,0,1,0,차대차 - 측면직각충돌,교차로운행방법위반,건조,맑음,교차로 - 교차로안,승용,여,43세,상해없음,승용,남,46세,경상
2012092500100278,2012년 9월 25일 11시,화요일,대구광역시 서구 비산동,중상사고,0,1,0,0,차대사람 - 기타,안전운전불이행,건조,맑음,교차로 - 교차로부근,승용,남,51세,상해없음,보행자,여,66세,중상
2012092500100279,2012년 9월 25일 11시,화요일,대구광역시 달서구 감삼동,경상사고,0,0,1,0,차대차 - 추돌 - 주정차중,안전운전불이행,건조,맑음,단일로 - 횡단보도부근,승용,남,59세,상해없음,승용,남,45세,경상
2012092500100303,2012년 9월 25일 12시,화요일,대구광역시 서구 평리동,경상사고,0,0,1,0,차량단독 - 기타,기타,건조,맑음,단일로 - 기타,승합,남,42세,상해없음,,,,
2012092500100304,2012년 9월 25일 12시,화요일,대구광역시 서구 비산동,경상사고,0,0,1,0,차대차 - 추돌 - 진행중,안전운전불이행,건조,맑음,단일로 - 기타,승용,남,45세,상해없음,승용,여,30세,경상
2012092500100305,2012년 9월 25일 12시,화요일,대구광역시 중구 삼덕동1가,경상사고,0,0,1,0,차대사람 - 기타,안전운전불이행,건조,맑음,단일로 - 기타,승용,남,69세,상해없음,보행자,남,41세,경상
2012092500100306,2012년 9월 25일 12시,화요일,대구광역시 달서구 신당동,중상사고,0,1,0,0,차대차 - 측면직각충돌,신호위반,건조,맑음,교차로 - 교차로안,이륜,남,44세,상해없음,자전거,남,69세,중상
2012092500100335,2012년 9월 25일 13시,화요일,대구광역시 동구 괴전동,중상사고,0,1,0,0,차대차 - 측면직각충돌,교차로운행방법위반,건조,맑음,교차로 - 교차로안,승용,여,32세,상해없음,이륜,남,25세,중상
2012092500100336,2012년 9월 25일 13시,화요일,대구광역시 수성구 범어동,중상사고,0,1,1,0,차대차 - 추돌 - 진행중,중앙선침범,건조,맑음,교차로 - 교차로부근,승용,남,23세,상해없음,승용,여,55세,경상
2012092500100337,2012년 9월 25일 13시,화요일,대구광역시 달서구 호산동,중상사고,0,1,0,0,차대차 - 측면직각충돌,안전운전불이행,건조,맑음,교차로 - 교차로안,화물,남,27세,상해없음,화물,남,33세,중상
2012092500100372,2012년 9월 25일 14시,화요일,대구광역시 북구 산격동,중상사고,0,1,2,0,차대차 - 기타,안전운전불이행,건조,맑음,단일로 - 기타,승합,남,71세,상해없음,승용,남,54세,경상
2012092500100373,2012년 9월 25일 14시,화요일,대구광역시 달서구 두류동,중상사고,0,1,0,0,차대차 - 추돌 - 진행중,안전거리미확보,건조,맑음,단일로 - 기타,승용,남,58세,상해없음,승용,여,44세,중상
2012092500100374,2012년 9월 25일 14시,화요일,대구광역시 중구 덕산동,경상사고,0,0,1,0,차량단독 - 기타,안전운전불이행,건조,맑음,단일로 - 기타,승합,남,53세,상해없음,,,,
2012092500100375,2012년 9월 25일 14시,화요일,대구광역시 달서구 장동,경상사고,0,0,2,0,차대차 - 측면직각충돌,교차로운행방법위반,건조,맑음,교차로 - 교차로안,화물,남,55세,상해없음,승용,남,62세,상해없음
2012092500100409,2012년 9월 25일 15시,화요일,대구광역시 수성구 범어동,중상사고,0,1,0,0,차대사람 - 기타,안전운전불이행,건조,맑음,단일로 - 기타,자전거,남,11세,상해없음,보행자,여,30세,중상
2012092500100410,2012년 9월 25일 15시,화요일,대구광역시 중구 교동,부상신고사고,0,0,0,1,차대사람 - 기타,안전운전불이행,건조,맑음,단일로 - 기타,화물,남,63세,상해없음,보행자,남,43세,부상신고
2012092500100455,2012년 9월 25일 16시,화요일,대구광역시 동구 동호동,중상사고,0,1,0,0,차대사람 - 횡단중,보행자보호의무위반,건조,맑음,단일로 - 횡단보도상,승용,남,46세,상해없음,보행자,여,8세,중상
2012092500100456,2012년 9월 25일 16시,화요일,대구광역시 달서구 유천동,경상사고,0,0,1,0,차대차 - 기타,안전운전불이행,건조,맑음,교차로 - 교차로부근,화물,남,58세,상해없음,승용,남,32세,경상
2012092500100457,2012년 9월 25일 16시,화요일,대구광역시 달서구 진천동,중상사고,0,1,0,0,차량단독 - 공작물충돌,안전운전불이행,건조,맑음,단일로 - 횡단보도상,자전거,남,52세,중상,,,,
2012092500100458,2012년 9월 25일 16시,화요일,대구광역시 서구 중리동,경상사고,0,0,1,0,차대사람 - 기타,안전운전불이행,건조,맑음,단일로 - 기타,승용,기타불명,기타불명,기타불명,보행자,남,53세,경상
2012092500100459,2012년 9월 25일 16시,화요일,대구광역시 달서구 이곡동,중상사고,0,1,0,0,차대차 - 추돌 - 주정차중,안전거리미확보,건조,맑음,단일로 - 기타,이륜,남,41세,중상,화물,남,65세,상해없음
2012092500100460,2012년 9월 25일 16시,화요일,대구광역시 달서구 감삼동,경상사고,0,0,1,0,차대사람 - 횡단중,보행자보호의무위반,건조,맑음,단일로 - 횡단보도상,승용,남,65세,상해없음,보행자,여,45세,경상
2012092500100550,2012년 9월 25일 18시,화요일,대구광역시 동구 신암동,중상사고,0,1,0,0,차대차 - 측면직각충돌,신호위반,건조,맑음,단일로 - 횡단보도상,승용,남,59세,상해없음,원동기,남,75세,중상
2012092500100551,2012년 9월 25일 18시,화요일,대구광역시 달서구 죽전동,경상사고,0,0,1,0,차대차 - 측면직각충돌,직진우회전진행방해,건조,맑음,교차로 - 교차로안,승용,여,51세,상해없음,원동기,남,18세,경상
2012092500100586,2012년 9월 25일 19시,화요일,대구광역시 동구 각산동,경상사고,0,0,1,0,차대사람 - 차도통행중,교차로운행방법위반,건조,맑음,교차로 - 교차로안,승용,여,32세,상해없음,보행자,남,69세,경상
2012092500100587,2012년 9월 25일 19시,화요일,대구광역시 동구 신천동,경상사고,0,0,1,0,차대사람 - 차도통행중,중앙선침범,건조,맑음,단일로 - 기타,승용,남,45세,상해없음,보행자,남,88세,경상
2012092500100588,2012년 9월 25일 19시,화요일,대구광역시 수성구 만촌동,경상사고,0,0,1,0,차대차 - 측면직각충돌,기타,건조,맑음,단일로 - 기타,화물,남,44세,상해없음,자전거,남,23세,경상
2012092500100589,2012년 9월 25일 19시,화요일,대구광역시 달서구 장기동,경상사고,0,0,3,0,차대차 - 추돌 - 주정차중,안전운전불이행,건조,맑음,교차로 - 교차로부근,승용,남,46세,상해없음,승용,남,27세,경상
2012092500100633,2012년 9월 25일 20시,화요일,대구광역시 수성구 범어동,경상사고,0,0,1,0,차대차 - 추돌 - 진행중,안전거리미확보,건조,맑음,단일로 - 기타,승합,남,61세,상해없음,승용,남,31세,경상
2012092500100634,2012년 9월 25일 20시,화요일,대구광역시 수성구 황금동,중상사고,0,1,0,0,차대차 - 측면직각충돌,신호위반,건조,맑음,단일로 - 기타,승용,남,64세,상해없음,원동기,남,18세,중상
2012092500100635,2012년 9월 25일 20시,화요일,대구광역시 북구 침산동,부상신고사고,0,0,0,1,차량단독 - 기타,안전운전불이행,건조,맑음,단일로 - 기타,자전거,남,47세,부상신고,,,,
2012092500100636,2012년 9월 25일 20시,화요일,대구광역시 북구 산격동,경상사고,0,0,1,0,차대차 - 측면직각충돌,기타,건조,맑음,단일로 - 기타,승용,여,44세,상해없음,자전거,남,20세,경상
2012092500100669,2012년 9월 25일 21시,화요일,대구광역시 수성구 범물동,경상사고,0,0,1,1,차대차 - 기타,안전운전불이행,건조,맑음,교차로 - 교차로안,승용,여,56세,부상신고,승용,여,34세,경상
2012092500100670,2012년 9월 25일 21시,화요일,대구광역시 서구 평리동,경상사고,0,0,1,0,차대차 - 측면직각충돌,신호위반,건조,맑음,교차로 - 교차로안,승용,남,36세,상해없음,이륜,남,41세,경상
2012092500100671,2012년 9월 25일 21시,화요일,대구광역시 달서구 장기동,경상사고,0,0,1,0,차대차 - 기타,안전운전불이행,건조,맑음,단일로 - 기타,승용,남,44세,상해없음,자전거,남,25세,경상
2012092500100710,2012년 9월 25일 22시,화요일,대구광역시 달서구 송현동,중상사고,0,1,1,0,차대차 - 추돌 - 주정차중,중앙선침범,건조,맑음,교차로 - 교차로부근,승용,남,28세,상해없음,승용,남,27세,중상
2012092600100010,2012년 9월 26일 00시,수요일,대구광역시 달서구 상인동,경상사고,0,0,1,0,차대차 - 기타,교차로운행방법위반,건조,맑음,교차로 - 교차로안,승용,남,31세,상해없음,자전거,남,22세,경상
2012092600100024,2012년 9월 26일 01시,수요일,대구광역시 달서구 두류동,경상사고,0,0,1,0,차대차 - 측면직각충돌,중앙선침범,건조,맑음,단일로 - 기타,승용,여,31세,상해없음,승용,남,44세,경상
2012092600100033,2012년 9월 26일 02시,수요일,대구광역시 달서구 상인동,중상사고,0,4,2,0,차대차 - 기타,중앙선침범,건조,맑음,단일로 - 기타,승용,여,22세,중상,승용,여,47세,경상
2012092600100058,2012년 9월 26일 04시,수요일,대구광역시 북구 산격동,경상사고,0,0,1,0,차대차 - 측면직각충돌,안전운전불이행,건조,맑음,교차로 - 교차로안,승용,남,61세,상해없음,승용,남,27세,경상
2012092600100083,2012년 9월 26일 06시,수요일,대구광역시 서구 원대동1가,중상사고,0,2,0,0,차대차 - 측면직각충돌,교차로운행방법위반,건조,맑음,교차로 - 교차로안,원동기,남,75세,중상,승용,남,62세,상해없음
2012092600100113,2012년 9월 26일 07시,수요일,대구광역시 북구 검단동,경상사고,0,0,2,0,차대차 - 기타,교차로운행방법위반,건조,맑음,교차로 - 교차로안,승용,남,74세,상해없음,승용,남,43세,경상
2012092600100160,2012년 9월 26일 08시,수요일,대구광역시 달성군 하빈면,중상사고,0,1,0,0,차대차 - 측면직각충돌,안전운전불이행,건조,맑음,단일로 - 기타,승용,여,40세,상해없음,이륜,남,71세,중상
2012092600100161,2012년 9월 26일 08시,수요일,대구광역시 북구 노원동3가,중상사고,0,1,0,0,차대차 - 측면직각충돌,안전운전불이행,건조,맑음,교차로 - 교차로부근,승용,남,56세,상해없음,원동기,여,43세,중상
2012092600100194,2012년 9월 26일 09시,수요일,대구광역시 수성구 지산동,중상사고,0,1,0,0,차대차 - 측면직각충돌,안전운전불이행,건조,맑음,단일로 - 기타,승용,여,22세,상해없음,자전거,여,60세,중상
2012092600100195,2012년 9월 26일 09시,수요일,대구광역시 달서구 본동,경상사고,0,0,1,0,차대사람 - 횡단중,안전운전불이행,건조,맑음,단일로 - 기타,승용,여,41세,상해없음,보행자,여,19세,경상
2012092600100196,2012년 9월 26일 09시,수요일,대구광역시 북구 읍내동,중상사고,0,1,0,0,차대차 - 측면직각충돌,신호위반,건조,맑음,교차로 - 교차로안,승용,남,31세,상해없음,승용,여,54세,중상
2012092600100214,2012년 9월 26일 10시,수요일,대구광역시 수성구 중동,중상사고,0,1,0,0,차대차 - 기타,신호위반,건조,맑음,교차로 - 교차로안,승용,남,38세,상해없음,이륜,남,41세,중상
2012092600100238,2012년 9월 26일 11시,수요일,대구광역시 남구 대명동,중상사고,0,1,0,0,차대차 - 측면직각충돌,안전거리미확보,건조,맑음,단일로 - 기타,이륜,남,70세,중상,승용,여,47세,상해없음
2012092600100239,2012년 9월 26일 11시,수요일,대구광역시 동구 율하동,중상사고,0,1,0,0,차량단독 - 기타,안전운전불이행,건조,맑음,교차로 - 교차로안,승합,남,36세,상해없음,,,,
2012092600100240,2012년 9월 26일 11시,수요일,대구광역시 달서구 진천동,경상사고,0,0,1,0,차대사람 - 길가장자리구역통행중,안전운전불이행,건조,맑음,단일로 - 기타,승용,여,53세,상해없음,보행자,여,51세,경상
2012092600100241,2012년 9월 26일 11시,수요일,대구광역시 북구 침산동,중상사고,0,1,0,0,차대차 - 추돌 - 진행중,안전거리미확보,건조,맑음,미분류 - 미분류,승용,여,52세,상해없음,승용,여,39세,중상
2012092600100242,2012년 9월 26일 11시,수요일,대구광역시 달서구 파호동,사망사고,1,0,0,0,차량단독 - 기타,안전운전불이행,건조,맑음,단일로 - 기타,자전거,남,55세,사망,,,,