사고번호,사고일시,요일,시군구,사고내용,사망자수,중상자수,경상자수,부상신고자수,사고유형,법규위반,노면상태,기상상태,도로형태,가해운전자 차종,가해운전자 성별,가해운전자 연령,가해운전자 상해정도,피해운전자 차종,피해운전자 성별,피해운전자 연령,피해운전자 상해정도
2012100100100323,2012년 10월 1일 18시,월요일,대구광역시 서구 원대동1가,경상사고,0,0,1,0,차대차 - 측면직각충돌,중앙선침범,건조,맑음,단일로 - 기타,승용,남,52세,상해없음,승용,남,29세,경상
2012100100100354,2012년 10월 1일 19시,월요일,대구광역시 동구 불로동,경상사고,0,0,1,0,차대차 - 기타,안전운전불이행,건조,맑음,단일로 - 기타,승용,남,43세,상해없음,원동기,남,21세,경상
2012100100100355,2012년 10월 1일 19시,월요일,대구광역시 동구 효목동,경상사고,0,0,1,0,차대차 - 기타,안전운전불이행,건조,맑음,교차로 - 교차로안,승합,남,37세,상해없음,승용,남,31세,경상
2012100100100376,2012년 10월 1일 20시,월요일,대구광역시 중구 삼덕동3가,경상사고,0,0,1,0,차대차 - 기타,안전거리미확보,건조,맑음,단일로 - 기타,승용,남,30세,상해없음,승용,여,32세,경상
2012100100100378,2012년 10월 1일 20시,월요일,대구광역시 달서구 이곡동,경상사고,0,0,1,0,차대차 - 측면직각충돌,교차로운행방법위반,건조,맑음,교차로 - 교차로안,승용,남,33세,상해없음,이륜,남,50세,경상
2012100100100409,2012년 10월 1일 21시,월요일,대구광역시 수성구 범어동,경상사고,0,0,1,0,차대사람 - 차도통행중,안전운전불이행,건조,맑음,단일로 - 기타,승용,여,51세,상해없음,보행자,여,42세,경상
2012100100100410,2012년 10월 1일 21시,월요일,대구광역시 북구 복현동,중상사고,0,1,0,0,차대사람 - 기타,안전운전불이행,건조,맑음,기타 - 기타,승용,남,56세,상해없음,보행자,남,37세,중상
2012100100100431,2012년 10월 1일 22시,월요일,대구광역시 북구 노원동1가,부상신고사고,0,0,0,1,차대차 - 추돌 - 진행중,안전거리미확보,건조,맑음,교차로 - 교차로부근,이륜,남,17세,부상신고,승용,남,57세,상해없음
2012100100100432,2012년 10월 1일 22시,월요일,대구광역시 달서구 본리동,중상사고,0,1,1,0,차대차 - 추돌 - 주정차중,안전거리미확보,건조,맑음,단일로 - 기타,승용,남,52세,상해없음,승용,남,57세,경상
2012100100100450,2012년 10월 1일 23시,월요일,대구광역시 북구 산격동,경상사고,0,0,1,0,차대사람 - 기타,안전운전불이행,건조,맑음,교차로 - 교차로부근,승용,남,26세,상해없음,보행자,남,35세,경상
2012100100100451,2012년 10월 1일 23시,월요일,대구광역시 서구 내당동,경상사고,0,0,1,0,차대차 - 측면직각충돌,안전운전불이행,건조,맑음,단일로 - 기타,승용,남,57세,상해없음,승용,남,28세,상해없음
2012100200100027,2012년 10월 2일 01시,화요일,대구광역시 북구 고성동1가,경상사고,0,0,1,0,차대차 - 측면직각충돌,불법유턴,건조,맑음,단일로 - 기타,자전거,남,70세,경상,승용,남,65세,상해없음
2012100200100041,2012년 10월 2일 02시,화요일,대구광역시 수성구 범어동,경상사고,0,0,1,0,차량단독 - 공작물충돌,안전운전불이행,건조,맑음,단일로 - 기타,승용,남,64세,상해없음,,,,
2012100200100042,2012년 10월 2일 02시,화요일,대구광역시 달서구 유천동,경상사고,0,0,1,0,차대차 - 측면직각충돌,차로위반,건조,맑음,교차로 - 교차로안,원동기,남,16세,상해없음,승용,남,45세,기타불명
2012100200100058,2012년 10월 2일 03시,화요일,대구광역시 동구 신암동,부상신고사고,0,0,0,1,차대차 - 기타,안전거리미확보,건조,맑음,교차로 - 교차로안,원동기,남,15세,부상신고,승용,남,28세,상해없음
2012100200100059,2012년 10월 2일 03시,화요일,대구광역시 동구 신서동,경상사고,0,0,2,0,차대차 - 기타,안전운전불이행,건조,맑음,단일로 - 기타,승용,기타불명,기타불명,기타불명,자전거,남,18세,경상
2012100200100075,2012년 10월 2일 05시,화요일,대구광역시 수성구 성동,중상사고,0,1,0,0,차량단독 - 전도전복,안전운전불이행,건조,맑음,단일로 - 기타,이륜,남,16세,중상,,,,
2012100200100076,2012년 10월 2일 05시,화요일,대구광역시 중구 삼덕동1가,중상사고,0,1,0,0,차대사람 - 기타,안전운전불이행,건조,맑음,단일로 - 기타,승용,남,31세,상해없음,보행자,남,20세,중상
2012100200100084,2012년 10월 2일 06시,화요일,대구광역시 수성구 만촌동,경상사고,0,0,1,0,차대차 - 측면직각충돌,안전거리미확보,건조,맑음,교차로 - 교차로부근,승용,여,47세,상해없음,승용,남,22세,경상
2012100200100100,2012년 10월 2일 07시,화요일,대구광역시 달성군 다사읍,경상사고,0,0,3,0,차대차 - 기타,안전운전불이행,건조,맑음,단일로 - 기타,화물,남,58세,경상,승용,남,46세,경상
2012100200100175,2012년 10월 2일 10시,화요일,대구광역시 달서구 상인동,경상사고,0,0,1,0,차대사람 - 횡단중,중앙선침범,건조,맑음,단일로 - 기타,승용,여,61세,상해없음,보행자,남,25세,경상
2012100200100176,2012년 10월 2일 10시,화요일,대구광역시 달서구 진천동,경상사고,0,0,2,0,차대차 - 추돌 - 주정차중,안전거리미확보,건조,맑음,교차로 - 교차로부근,승합,남,46세,상해없음,승용,여,56세,경상
2012100200100177,2012년 10월 2일 10시,화요일,대구광역시 중구 덕산동,경상사고,0,0,1,0,차대차 - 기타,안전거리미확보,건조,맑음,단일로 - 기타,승용,여,53세,상해없음,승용,남,19세,경상
2012100200100211,2012년 10월 2일 11시,화요일,대구광역시 달서구 송현동,경상사고,0,0,1,0,차대차 - 기타,기타,건조,맑음,단일로 - 기타,승용,남,74세,상해없음,이륜,남,60세,경상
2012100200100232,2012년 10월 2일 12시,화요일,대구광역시 달서구 월성동,경상사고,0,0,1,0,차대차 - 측면직각충돌,안전운전불이행,건조,맑음,단일로 - 기타,화물,남,35세,상해없음,자전거,남,18세,경상
2012100200100233,2012년 10월 2일 12시,화요일,대구광역시 서구 비산동,중상사고,0,1,0,0,차대차 - 측면직각충돌,신호위반,건조,맑음,단일로 - 기타,승용,여,63세,상해없음,이륜,남,65세,중상
2012100200100260,2012년 10월 2일 13시,화요일,대구광역시 서구 이현동,중상사고,0,3,0,0,차대차 - 추돌 - 진행중,안전거리미확보,건조,맑음,단일로 - 기타,승용,남,55세,상해없음,승용,남,78세,중상
2012100200100295,2012년 10월 2일 14시,화요일,대구광역시 남구 이천동,경상사고,0,0,1,0,차대사람 - 기타,안전운전불이행,건조,맑음,교차로 - 교차로부근,특수,남,42세,상해없음,보행자,남,13세,경상
2012100200100296,2012년 10월 2일 14시,화요일,대구광역시 북구 사수동,중상사고,0,1,2,1,차대차 - 추돌 - 주정차중,안전운전불이행,건조,맑음,교차로 - 교차로부근,화물,남,47세,상해없음,승용,여,53세,경상
2012100200100330,2012년 10월 2일 15시,화요일,대구광역시 달서구 송현동,중상사고,0,1,1,0,차대사람 - 기타,안전운전불이행,건조,맑음,단일로 - 기타,자전거,남,32세,경상,보행자,여,71세,중상
2012100200100331,2012년 10월 2일 15시,화요일,대구광역시 달서구 본동,경상사고,0,0,1,0,차대차 - 측면직각충돌,교차로운행방법위반,건조,맑음,교차로 - 교차로안,승용,남,44세,상해없음,승용,여,40세,경상
2012100200100332,2012년 10월 2일 15시,화요일,대구광역시 북구 구암동,경상사고,0,0,1,0,차대차 - 기타,교차로운행방법위반,건조,맑음,교차로 - 교차로부근,자전거,남,15세,경상,승용,남,56세,상해없음
2012100200100333,2012년 10월 2일 15시,화요일,대구광역시 중구 태평로2가,중상사고,0,1,0,0,차대차 - 기타,기타,건조,맑음,단일로 - 기타,승용,남,49세,상해없음,이륜,남,46세,중상
2012100200100364,2012년 10월 2일 16시,화요일,대구광역시 남구 대명동,중상사고,0,1,0,0,차대사람 - 기타,안전운전불이행,건조,맑음,단일로 - 기타,승용,여,43세,상해없음,보행자,남,8세,중상
2012100200100365,2012년 10월 2일 16시,화요일,대구광역시 동구 동호동,경상사고,0,0,1,0,차대차 - 추돌 - 주정차중,안전운전불이행,건조,맑음,기타 - 기타,승용,기타불명,기타불명,기타불명,승용,여,43세,상해없음
2012100200100366,2012년 10월 2일 16시,화요일,대구광역시 북구 칠성동1가,경상사고,0,0,1,0,차대차 - 추돌 - 진행중,안전운전불이행,건조,맑음,단일로 - 기타,기타불명,기타불명,기타불명,기타불명,자전거,남,16세,경상
2012100200100367,2012년 10월 2일 16시,화요일,대구광역시 북구 구암동,중상사고,0,1,0,0,차대사람 - 기타,안전운전불이행,건조,맑음,단일로 - 기타,승용,남,31세,상해없음,보행자,남,60세,중상
2012100200100368,2012년 10월 2일 16시,화요일,대구광역시 중구 삼덕동3가,경상사고,0,0,1,0,차대사람 - 기타,안전운전불이행,건조,맑음,단일로 - 기타,이륜,남,41세,상해없음,보행자,여,23세,경상
2012100200100404,2012년 10월 2일 17시,화요일,대구광역시 달서구 상인동,경상사고,0,0,1,0,차대사람 - 길가장자리구역통행중,중앙선침범,건조,맑음,단일로 - 기타,승용,남,49세,상해없음,보행자,여,53세,경상
2012100200100405,2012년 10월 2일 17시,화요일,대구광역시 북구 서변동,경상사고,0,0,2,0,차대차 - 추돌 - 진행중,안전거리미확보,건조,맑음,교차로 - 교차로부근,승용,여,45세,상해없음,승용,여,35세,경상
2012100200100451,2012년 10월 2일 18시,화요일,대구광역시 남구 대명동,중상사고,0,1,0,0,차대사람 - 기타,안전운전불이행,건조,맑음,교차로 - 교차로부근,기타불명,기타불명,기타불명,기타불명,보행자,여,66세,중상
2012100200100452,2012년 10월 2일 18시,화요일,대구광역시 동구 효목동,중상사고,0,1,0,0,차대사람 - 기타,신호위반,건조,맑음,교차로 - 교차로안,승용,남,53세,상해없음,보행자,여,43세,중상
2012100200100453,2012년 10월 2일 18시,화요일,대구광역시 수성구 범어동,중상사고,0,1,0,0,차대차 - 측면직각충돌,안전운전불이행,건조,맑음,단일로 - 기타,승용,남,56세,상해없음,이륜,남,52세,중상
2012100200100454,2012년 10월 2일 18시,화요일,대구광역시 북구 복현동,경상사고,0,0,1,0,차대차 - 측면직각충돌,안전운전불이행,건조,맑음,교차로 - 교차로부근,원동기,남,50세,경상,승합,남,38세,상해없음
2012100200100497,2012년 10월 2일 19시,화요일,대구광역시 달서구 상인동,중상사고,0,1,0,0,차대사람 - 횡단중,보행자보호의무위반,건조,맑음,단일로 - 횡단보도상,승용,남,50세,상해없음,보행자,여,52세,중상
2012100200100529,2012년 10월 2일 20시,화요일,대구광역시 북구 침산동,경상사고,0,0,3,0,차대차 - 추돌 - 진행중,안전거리미확보,건조,맑음,교차로 - 교차로안,승용,남,58세,상해없음,승용,남,47세,경상
2012100200100530,2012년 10월 2일 20시,화요일,대구광역시 서구 비산동,경상사고,0,0,1,0,차대차 - 기타,교차로운행방법위반,건조,맑음,교차로 - 교차로안,승용,남,65세,상해없음,승용,남,70세,경상
2012100200100554,2012년 10월 2일 21시,화요일,대구광역시 남구 대명동,경상사고,0,0,1,0,차대차 - 측면직각충돌,안전거리미확보,건조,맑음,단일로 - 기타,승용,남,32세,상해없음,승용,남,45세,경상
2012100200100555,2012년 10월 2일 21시,화요일,대구광역시 동구 지저동,경상사고,0,0,1,0,차대차 - 기타,교차로운행방법위반,건조,맑음,교차로 - 교차로부근,승용,남,38세,상해없음,승용,남,65세,상해없음
2012100200100592,2012년 10월 2일 22시,화요일,대구광역시 동구 효목동,경상사고,0,0,1,0,차대차 - 측면직각충돌,안전거리미확보,건조,맑음,단일로 - 기타,승용,남,60세,상해없음,승용,남,47세,경상
2012100200100620,2012년 10월 2일 23시,화요일,대구광역시 달서구 이곡동,경상사고,0,0,1,0,차대차 - 측면직각충돌,안전운전불이행,건조,맑음,교차로 - 교차로안,이륜,남,17세,경상,승용,여,39세,상해없음
2012100300100045,2012년 10월 3일 02시,수요일,대구광역시 중구 달성동,중상사고,0,1,0,0,차대차 - 측면직각충돌,신호위반,건조,맑음,교차로 - 교차로안,이륜,남,33세,중상,승용,남,64세,상해없음
2012100300100120,2012년 10월 3일 08시,수요일,대구광역시 달성군 화원읍,경상사고,0,0,1,0,차대차 - 측면직각충돌,안전운전불이행,건조,맑음,단일로 - 기타,승용,남,69세,상해없음,자전거,여,54세,경상
2012100300100137,2012년 10월 3일 09시,수요일,대구광역시 수성구 범어동,중상사고,0,1,0,0,차대차 - 측면직각충돌,신호위반,건조,맑음,교차로 - 교차로안,승용,남,59세,상해없음,승용,남,52세,중상
2012100300100138,2012년 10월 3일 09시,수요일,대구광역시 달성군 가창면,중상사고,0,2,0,0,차대차 - 기타,안전운전불이행,건조,맑음,교차로 - 교차로안,화물,남,60세,중상,승용,남,74세,중상
2012100300100160,2012년 10월 3일 10시,수요일,대구광역시 수성구 중동,중상사고,0,1,2,1,차대차 - 측면직각충돌,교차로운행방법위반,건조,맑음,교차로 - 교차로안,승용,남,60세,부상신고,승용,남,49세,경상
2012100300100182,2012년 10월 3일 11시,수요일,대구광역시 수성구 지산동,경상사고,0,0,1,0,차대차 - 추돌 - 주정차중,안전운전불이행,건조,맑음,교차로 - 교차로부근,승용,남,84세,상해없음,승용,여,45세,경상
2012100300100183,2012년 10월 3일 11시,수요일,대구광역시 북구 읍내동,경상사고,0,0,2,0,차대차 - 추돌 - 주정차중,안전거리미확보,건조,맑음,단일로 - 기타,승용,남,31세,상해없음,승용,남,41세,경상
2012100300100184,2012년 10월 3일 11시,수요일,대구광역시 중구 봉산동,경상사고,0,0,2,0,차대차 - 측면직각충돌,안전운전불이행,건조,맑음,단일로 - 기타,자전거,남,61세,경상,자전거,여,47세,경상
2012100300100273,2012년 10월 3일 14시,수요일,대구광역시 수성구 범물동,중상사고,0,1,3,0,차대차 - 측면직각충돌,신호위반,건조,맑음,교차로 - 교차로안,승용,여,27세,상해없음,승용,남,47세,경상
2012100300100274,2012년 10월 3일 14시,수요일,대구광역시 수성구 두산동,경상사고,0,0,1,0,차대차 - 측면직각충돌,안전운전불이행,건조,맑음,단일로 - 기타,승용,남,25세,상해없음,승용,남,43세,상해없음
2012100300100275,2012년 10월 3일 14시,수요일,대구광역시 남구 대명동,경상사고,0,0,1,0,차대사람 - 기타,안전운전불이행,건조,맑음,단일로 - 기타,승용,남,54세,상해없음,보행자,여,23세,경상
2012100300100276,2012년 10월 3일 14시,수요일,대구광역시 달서구 이곡동,경상사고,0,0,1,0,차대차 - 기타,불법유턴,건조,맑음,단일로 - 기타,자전거,남,55세,상해없음,원동기,남,19세,경상
2012100300100310,2012년 10월 3일 15시,수요일,대구광역시 달서구 진천동,경상사고,0,0,2,0,차대차 - 기타,안전운전불이행,건조,맑음,교차로 - 교차로부근,승용,남,65세,상해없음,승용,여,55세,경상
2012100300100311,2012년 10월 3일 15시,수요일,대구광역시 달서구 진천동,중상사고,0,1,0,0,차대사람 - 횡단중,보행자보호의무위반,건조,맑음,단일로 - 횡단보도상,승용,여,31세,상해없음,보행자,남,57세,중상
2012100300100344,2012년 10월 3일 16시,수요일,대구광역시 동구 신암동,부상신고사고,0,0,0,1,차대차 - 기타,안전운전불이행,건조,맑음,교차로 - 교차로안,이륜,기타불명,기타불명,기타불명,자전거,여,9세,부상신고
2012100300100374,2012년 10월 3일 17시,수요일,대구광역시 동구 불로동,경상사고,0,0,1,0,차대차 - 추돌 - 진행중,중앙선침범,건조,맑음,단일로 - 기타,승용,남,58세,상해없음,이륜,남,47세,경상
2012100300100375,2012년 10월 3일 17시,수요일,대구광역시 동구 지저동,경상사고,0,0,1,0,차대사람 - 기타,안전운전불이행,건조,맑음,단일로 - 기타,승용,기타불명,기타불명,기타불명,보행자,남,6세,경상
2012100300100410,2012년 10월 3일 18시,수요일,대구광역시 동구 신기동,경상사고,0,0,2,0,차대차 - 기타,직진우회전진행방해,건조,맑음,교차로 - 교차로안,화물,남,60세,기타불명,이륜,남,17세,경상
2012100300100411,2012년 10월 3일 18시,수요일,대구광역시 달서구 신당동,경상사고,0,0,1,0,차대차 - 추돌 - 주정차중,안전거리미확보,건조,맑음,단일로 - 기타,화물,남,46세,상해없음,화물,남,41세,경상
2012100300100442,2012년 10월 3일 19시,수요일,대구광역시 달성군 현풍면,중상사고,0,1,1,0,차대차 - 정면충돌,안전운전불이행,건조,맑음,단일로 - 기타,이륜,남,51세,중상,자전거,남,25세,경상
2012100300100443,2012년 10월 3일 19시,수요일,대구광역시 북구 서변동,경상사고,0,0,1,0,차대사람 - 횡단중,안전운전불이행,건조,맑음,교차로 - 교차로안,승용,남,43세,상해없음,보행자,여,70세,경상
2012100300100467,2012년 10월 3일 20시,수요일,대구광역시 서구 평리동,경상사고,0,0,1,0,차대사람 - 기타,안전운전불이행,건조,맑음,단일로 - 기타,승용,여,37세,상해없음,보행자,여,56세,경상
2012100300100494,2012년 10월 3일 21시,수요일,대구광역시 달서구 상인동,중상사고,0,1,0,0,차대차 - 측면직각충돌,차로위반,건조,맑음,단일로 - 기타,자전거,남,23세,중상,승용,남,29세,상해없음
2012100300100495,2012년 10월 3일 21시,수요일,대구광역시 달서구 호림동,중상사고,0,1,0,0,차대차 - 측면직각충돌,신호위반,건조,맑음,교차로 - 교차로안,원동기,남,16세,중상,승용,남,42세,상해없음
2012100300100533,2012년 10월 3일 23시,수요일,대구광역시 수성구 연호동,중상사고,0,1,0,0,차대차 - 추돌 - 진행중,신호위반,건조,맑음,교차로 - 교차로부근,이륜,남,42세,중상,승용,남,37세,상해없음
2012100300100534,2012년 10월 3일 23시,수요일,대구광역시 북구 관음동,경상사고,0,0,1,0,차대차 - 기타,안전운전불이행,건조,맑음,단일로 - 기타,자전거,남,24세,상해없음,이륜,남,19세,경상
2012100400100034,2012년 10월 4일 03시,목요일,대구광역시 달서구 월성동,경상사고,0,0,1,0,차대차 - 추돌 - 주정차중,안전운전불이행,건조,맑음,기타 - 기타,원동기,기타불명,기타불명,기타불명,승용,남,44세,경상
2012100400100038,2012년 10월 4일 04시,목요일,대구광역시 북구 노원동1가,중상사고,0,1,0,0,차대사람 - 횡단중,신호위반,건조,맑음,교차로 - 교차로안,승용,여,57세,상해없음,보행자,여,55세,중상
2012100400100062,2012년 10월 4일 06시,목요일,대구광역시 북구 국우동,부상신고사고,0,0,0,1,차대차 - 측면직각충돌,신호위반,건조,맑음,교차로 - 교차로안,이륜,남,16세,부상신고,승용,여,39세,상해없음
2012100400100086,2012년 10월 4일 07시,목요일,대구광역시 북구 침산동,경상사고,0,0,1,0,차대사람 - 기타,안전운전불이행,건조,맑음,교차로 - 교차로부근,승용,여,47세,상해없음,보행자,남,49세,경상
2012100400100124,2012년 10월 4일 08시,목요일,대구광역시 북구 칠성동1가,중상사고,0,1,0,0,차대사람 - 기타,신호위반,건조,맑음,단일로 - 기타,자전거,남,29세,상해없음,보행자,여,51세,중상
2012100400100149,2012년 10월 4일 09시,목요일,대구광역시 남구 대명동,경상사고,0,0,2,0,차대차 - 기타,안전운전불이행,건조,맑음,단일로 - 기타,화물,남,41세,상해없음,승용,남,56세,경상
2012100400100150,2012년 10월 4일 09시,목요일,대구광역시 북구 국우동,중상사고,0,1,0,0,차대차 - 추돌 - 진행중,안전거리미확보,건조,맑음,교차로 - 교차로안,승용,여,50세,상해없음,승용,여,39세,중상
2012100400100177,2012년 10월 4일 10시,목요일,대구광역시 수성구 시지동,중상사고,0,2,0,0,차대차 - 측면직각충돌,교차로운행방법위반,건조,맑음,교차로 - 교차로안,승용,남,48세,상해없음,자전거,남,75세,중상
2012100400100178,2012년 10월 4일 10시,목요일,대구광역시 중구 남산동,경상사고,0,0,1,0,차대차 - 측면직각충돌,직진우회전진행방해,건조,맑음,교차로 - 교차로안,화물,남,21세,상해없음,이륜,여,51세,경상
2012100400100202,2012년 10월 4일 11시,목요일,대구광역시 북구 산격동,경상사고,0,0,1,0,차대사람 - 기타,안전운전불이행,건조,맑음,기타 - 기타,기타불명,기타불명,기타불명,기타불명,보행자,여,62세,경상
2012100400100203,2012년 10월 4일 11시,목요일,대구광역시 북구 침산동,경상사고,0,0,1,0,차대차 - 측면직각충돌,불법유턴,건조,맑음,교차로 - 교차로부근,이륜,남,41세,경상,승용,남,43세,상해없음
2012100400100242,2012년 10월 4일 13시,목요일,대구광역시 중구 동산동,경상사고,0,0,2,0,차대차 - 추돌 - 주정차중,안전운전불이행,건조,맑음,단일로 - 기타,승합,남,54세,상해없음,승용,여,56세,경상
2012100400100243,2012년 10월 4일 13시,목요일,대구광역시 달서구 성당동,중상사고,0,1,0,0,차대차 - 기타,안전운전불이행,건조,맑음,단일로 - 기타,승용,여,53세,기타불명,승합,남,60세,상해없음
2012100400100244,2012년 10월 4일 13시,목요일,대구광역시 달서구 용산동,경상사고,0,0,1,0,차대차 - 기타,안전운전불이행,건조,맑음,단일로 - 기타,승용,남,42세,상해없음,승용,남,39세,경상
2012100400100280,2012년 10월 4일 14시,목요일,대구광역시 수성구 시지동,중상사고,0,1,0,0,차대차 - 측면직각충돌,안전운전불이행,건조,맑음,단일로 - 횡단보도상,승용,남,42세,상해없음,자전거,남,36세,중상
2012100400100281,2012년 10월 4일 14시,목요일,대구광역시 달서구 두류동,부상신고사고,0,0,0,1,차대차 - 추돌 - 주정차중,안전운전불이행,건조,맑음,단일로 - 기타,원동기,남,72세,부상신고,승용,남,34세,상해없음
2012100400100320,2012년 10월 4일 15시,목요일,대구광역시 북구 칠성동1가,중상사고,0,1,0,0,차대사람 - 횡단중,안전운전불이행,건조,맑음,단일로 - 기타,승합,남,52세,상해없음,보행자,여,71세,중상
2012100400100321,2012년 10월 4일 15시,목요일,대구광역시 달서구 두류동,경상사고,0,0,1,0,차대차 - 측면직각충돌,차로위반,건조,맑음,단일로 - 기타,승용,기타불명,기타불명,기타불명,이륜,남,17세,경상
2012100400100322,2012년 10월 4일 15시,목요일,대구광역시 달서구 호산동,중상사고,0,1,1,0,차대차 - 추돌 - 주정차중,안전운전불이행,건조,맑음,단일로 - 기타,승용,남,23세,상해없음,승용,남,53세,중상
2012100400100339,2012년 10월 4일 16시,목요일,대구광역시 동구 용계동,경상사고,0,0,2,0,차대차 - 기타,안전운전불이행,건조,맑음,교차로 - 교차로부근,화물,남,27세,상해없음,승용,여,57세,경상
2012100400100340,2012년 10월 4일 16시,목요일,대구광역시 수성구 연호동,중상사고,0,1,0,0,차대차 - 기타,안전운전불이행,건조,맑음,단일로 - 기타,승용,남,55세,상해없음,이륜,남,69세,중상
2012100400100341,2012년 10월 4일 16시,목요일,대구광역시 북구 산격동,경상사고,0,0,1,0,차대차 - 측면직각충돌,안전운전불이행,건조,맑음,단일로 - 기타,승용,여,51세,상해없음,승용,남,25세,경상
2012100400100342,2012년 10월 4일 16시,목요일,대구광역시 달서구 용산동,경상사고,0,0,1,0,차대차 - 기타,신호위반,건조,맑음,단일로 - 횡단보도상,이륜,남,35세,상해없음,자전거,남,15세,경상
2012100400100374,2012년 10월 4일 17시,목요일,대구광역시 동구 방촌동,중상사고,0,2,0,0,차대차 - 정면충돌,중앙선침범,건조,맑음,단일로 - 기타,원동기,남,60세,중상,승용,남,60세,중상
2012100400100375,2012년 10월 4일 17시,목요일,대구광역시 동구 신암동,경상사고,0,0,1,0,차대사람 - 기타,안전운전불이행,건조,맑음,교차로 - 교차로부근,승용,여,58세,상해없음,보행자,여,54세,경상
2012100400100376,2012년 10월 4일 17시,목요일,대구광역시 수성구 사월동,중상사고,0,1,0,0,차대차 - 기타,안전운전불이행,건조,맑음,단일로 - 기타,화물,남,39세,상해없음,승용,남,45세,상해없음
2012100400100377,2012년 10월 4일 17시,목요일,대구광역시 달서구 두류동,경상사고,0,0,1,1,차대차 - 측면직각충돌,교차로운행방법위반,건조,맑음,교차로 - 교차로안,이륜,남,63세,부상신고,이륜,남,41세,경상
2012100400100428,2012년 10월 4일 18시,목요일,대구광역시 북구 산격동,중상사고,0,1,0,1,차대사람 - 차도통행중,안전운전불이행,건조,맑음,단일로 - 기타,이륜,남,22세,부상신고,보행자,남,59세,중상
2012100400100429,2012년 10월 4일 18시,목요일,대구광역시 북구 칠성동1가,경상사고,0,0,1,0,차대차 - 추돌 - 주정차중,안전운전불이행,건조,맑음,교차로 - 교차로안,승용,남,37세,상해없음,승용,여,52세,경상
2012100400100430,2012년 10월 4일 18시,목요일,대구광역시 서구 비산동,중상사고,0,1,0,0,차대사람 - 기타,안전운전불이행,건조,맑음,단일로 - 기타,승용,남,29세,상해없음,보행자,여,77세,중상
2012100400100475,2012년 10월 4일 19시,목요일,대구광역시 북구 복현동,경상사고,0,0,2,0,차대차 - 기타,안전거리미확보,건조,맑음,단일로 - 기타,승용,남,63세,경상,승합,남,55세,경상
2012100400100476,2012년 10월 4일 19시,목요일,대구광역시 북구 구암동,경상사고,0,0,2,0,차대차 - 기타,안전운전불이행,건조,맑음,단일로 - 기타,승용,남,23세,상해없음,이륜,남,58세,경상
2012100400100477,2012년 10월 4일 19시,목요일,대구광역시 북구 산격동,경상사고,0,0,1,0,차대차 - 측면직각충돌,안전거리미확보,건조,맑음,단일로 - 기타,승용,남,57세,기타불명,승용,남,34세,경상
2012100400100509,2012년 10월 4일 20시,목요일,대구광역시 달서구 도원동,경상사고,0,0,1,0,차대차 - 기타,신호위반,건조,맑음,단일로 - 기타,승용,남,38세,상해없음,승용,남,28세,경상
2012100400100510,2012년 10월 4일 20시,목요일,대구광역시 북구 태전동,중상사고,0,1,0,0,차대사람 - 보도통행중,보행자보호의무위반,건조,맑음,교차로 - 교차로안,승용,남,34세,상해없음,보행자,남,52세,중상
2012100400100527,2012년 10월 4일 21시,목요일,대구광역시 달서구 월성동,경상사고,0,0,2,0,차대차 - 기타,교차로운행방법위반,건조,맑음,교차로 - 교차로안,승용,여,48세,상해없음,승용,남,51세,경상
2012100400100528,2012년 10월 4일 21시,목요일,대구광역시 북구 고성동3가,부상신고사고,0,0,0,1,차량단독 - 기타,안전운전불이행,기타,맑음,단일로 - 기타,승용,남,42세,부상신고,,,,
2012100500100008,2012년 10월 5일 00시,금요일,대구광역시 동구 신암동,경상사고,0,0,1,0,차대차 - 기타,안전운전불이행,건조,맑음,단일로 - 기타,승용,남,50세,상해없음,원동기,남,45세,경상
2012100500100009,2012년 10월 5일 00시,금요일,대구광역시 중구 달성동,중상사고,0,1,0,0,차대사람 - 횡단중,보행자보호의무위반,건조,맑음,교차로 - 교차로부근,승합,남,53세,상해없음,보행자,여,49세,중상
2012100500100039,2012년 10월 5일 02시,금요일,대구광역시 북구 읍내동,경상사고,0,0,1,0,차대사람 - 보도통행중,보행자보호의무위반,건조,맑음,교차로 - 교차로부근,승용,남,33세,상해없음,보행자,남,39세,경상
2012100500100045,2012년 10월 5일 03시,금요일,대구광역시 서구 평리동,중상사고,0,1,9,0,차대차 - 추돌 - 주정차중,안전운전불이행,건조,맑음,단일로 - 기타,승용,남,58세,상해없음,승합,남,60세,상해없음
2012100500100088,2012년 10월 5일 07시,금요일,대구광역시 동구 부동,중상사고,0,1,0,0,차대차 - 측면직각충돌,안전거리미확보,건조,맑음,단일로 - 기타,승용,기타불명,기타불명,기타불명,화물,남,37세,중상
2012100500100091,2012년 10월 5일 07시,금요일,대구광역시 북구 침산동,경상사고,0,0,1,0,차대차 - 기타,안전거리미확보,건조,맑음,단일로 - 기타,승합,남,57세,기타불명,이륜,남,51세,경상
2012100500100092,2012년 10월 5일 07시,금요일,대구광역시 서구 비산동,사망사고,1,0,0,0,차대사람 - 횡단중,보행자보호의무위반,건조,맑음,단일로 - 횡단보도상,승용,여,29세,상해없음,보행자,여,72세,사망
2012100500100093,2012년 10월 5일 07시,금요일,대구광역시 중구 대봉동,경상사고,0,0,1,0,차대차 - 추돌 - 진행중,안전운전불이행,건조,맑음,단일로 - 기타,승용,기타불명,기타불명,기타불명,자전거,남,70세,경상