사고번호,사고일시,요일,시군구,사고내용,사망자수,중상자수,경상자수,부상신고자수,사고유형,법규위반,노면상태,기상상태,도로형태,가해운전자 차종,가해운전자 성별,가해운전자 연령,가해운전자 상해정도,피해운전자 차종,피해운전자 성별,피해운전자 연령,피해운전자 상해정도
2012100700100474,2012년 10월 7일 22시,일요일,대구광역시 서구 평리동,경상사고,0,0,1,0,차대차 - 측면직각충돌,안전운전불이행,건조,맑음,교차로 - 교차로부근,원동기,여,16세,상해없음,원동기,남,38세,기타불명
2012100700100492,2012년 10월 7일 23시,일요일,대구광역시 수성구 만촌동,경상사고,0,0,2,0,차대차 - 측면직각충돌,신호위반,건조,맑음,교차로 - 교차로안,승용,남,25세,상해없음,승용,남,62세,경상
2012100800100021,2012년 10월 8일 01시,월요일,대구광역시 남구 대명동,경상사고,0,0,1,0,차대사람 - 기타,안전운전불이행,건조,맑음,단일로 - 기타,승용,남,22세,상해없음,보행자,남,19세,경상
2012100800100022,2012년 10월 8일 01시,월요일,대구광역시 동구 신천동,경상사고,0,0,4,0,차대차 - 추돌 - 진행중,교차로운행방법위반,건조,맑음,교차로 - 교차로안,승용,남,48세,경상,승용,남,35세,경상
2012100800100039,2012년 10월 8일 02시,월요일,대구광역시 중구 동인동2가,경상사고,0,0,1,0,차대차 - 측면직각충돌,안전거리미확보,건조,맑음,교차로 - 교차로안,이륜,남,15세,상해없음,이륜,남,18세,경상
2012100800100046,2012년 10월 8일 03시,월요일,대구광역시 동구 신천동,경상사고,0,0,2,0,차대차 - 기타,기타,건조,맑음,단일로 - 기타,승용,남,23세,상해없음,승용,남,42세,경상
2012100800100047,2012년 10월 8일 03시,월요일,대구광역시 서구 이현동,중상사고,0,1,0,0,차대차 - 측면직각충돌,안전거리미확보,건조,맑음,단일로 - 기타,승용,남,22세,상해없음,승용,남,24세,중상
2012100800100063,2012년 10월 8일 05시,월요일,대구광역시 서구 원대동1가,중상사고,0,1,0,0,차대사람 - 횡단중,신호위반,건조,맑음,단일로 - 기타,승용,남,64세,상해없음,보행자,여,70세,중상
2012100800100100,2012년 10월 8일 07시,월요일,대구광역시 달성군 다사읍,중상사고,0,1,0,0,차대사람 - 횡단중,신호위반,건조,맑음,교차로 - 교차로안,승용,여,30세,상해없음,보행자,여,14세,중상
2012100800100101,2012년 10월 8일 07시,월요일,대구광역시 서구 이현동,경상사고,0,0,2,0,차대차 - 측면직각충돌,교차로운행방법위반,건조,맑음,교차로 - 교차로안,승용,남,52세,상해없음,승용,남,43세,경상
2012100800100139,2012년 10월 8일 08시,월요일,대구광역시 수성구 수성동3가,중상사고,0,1,0,0,차량단독 - 기타,안전운전불이행,건조,맑음,단일로 - 기타,승합,남,41세,상해없음,,,,
2012100800100168,2012년 10월 8일 09시,월요일,대구광역시 동구 신천동,경상사고,0,0,1,0,차대차 - 기타,안전거리미확보,건조,맑음,단일로 - 기타,승용,남,73세,기타불명,이륜,남,59세,경상
2012100800100169,2012년 10월 8일 09시,월요일,대구광역시 수성구 만촌동,경상사고,0,0,1,0,차대차 - 정면충돌,신호위반,건조,맑음,교차로 - 교차로안,승용,여,35세,상해없음,승용,여,51세,경상
2012100800100194,2012년 10월 8일 10시,월요일,대구광역시 동구 신암동,경상사고,0,0,1,0,차대차 - 기타,신호위반,건조,맑음,교차로 - 교차로안,승용,남,70세,상해없음,승용,남,60세,상해없음
2012100800100195,2012년 10월 8일 10시,월요일,대구광역시 서구 평리동,중상사고,0,1,0,0,차대차 - 측면직각충돌,안전운전불이행,건조,맑음,단일로 - 기타,승용,여,33세,상해없음,자전거,남,82세,중상
2012100800100254,2012년 10월 8일 12시,월요일,대구광역시 북구 산격동,경상사고,0,0,1,0,차대사람 - 기타,안전운전불이행,건조,맑음,단일로 - 기타,승용,남,56세,상해없음,보행자,남,81세,경상
2012100800100255,2012년 10월 8일 12시,월요일,대구광역시 중구 동인동4가,부상신고사고,0,0,0,1,차대차 - 기타,안전운전불이행,건조,맑음,단일로 - 기타,이륜,남,29세,부상신고,승용,남,50세,상해없음
2012100800100256,2012년 10월 8일 12시,월요일,대구광역시 달서구 감삼동,경상사고,0,0,1,0,차대차 - 기타,안전운전불이행,건조,맑음,단일로 - 기타,승용,남,32세,상해없음,이륜,여,52세,경상
2012100800100291,2012년 10월 8일 13시,월요일,대구광역시 동구 신암동,중상사고,0,1,1,0,차대차 - 추돌 - 주정차중,안전거리미확보,건조,맑음,교차로 - 교차로안,승용,남,44세,상해없음,승용,남,44세,경상
2012100800100328,2012년 10월 8일 14시,월요일,대구광역시 서구 평리동,경상사고,0,0,2,0,차대차 - 추돌 - 주정차중,안전운전불이행,건조,맑음,단일로 - 기타,승용,남,59세,상해없음,승용,남,63세,경상
2012100800100329,2012년 10월 8일 14시,월요일,대구광역시 달서구 두류동,경상사고,0,0,1,0,차대차 - 기타,안전운전불이행,건조,맑음,단일로 - 기타,승용,여,32세,상해없음,자전거,남,77세,경상
2012100800100363,2012년 10월 8일 15시,월요일,대구광역시 달서구 상인동,경상사고,0,0,1,0,차대차 - 기타,안전운전불이행,건조,맑음,단일로 - 기타,승합,남,53세,상해없음,자전거,남,11세,경상
2012100800100364,2012년 10월 8일 15시,월요일,대구광역시 달서구 본동,경상사고,0,0,1,0,차대사람 - 횡단중,안전운전불이행,건조,맑음,단일로 - 기타,승용,남,59세,상해없음,보행자,남,8세,경상
2012100800100365,2012년 10월 8일 15시,월요일,대구광역시 달서구 장기동,중상사고,0,1,1,0,차대차 - 추돌 - 주정차중,안전운전불이행,건조,맑음,단일로 - 기타,승용,남,52세,상해없음,화물,남,37세,중상
2012100800100393,2012년 10월 8일 16시,월요일,대구광역시 동구 신기동,경상사고,0,0,1,0,차대사람 - 기타,안전운전불이행,건조,맑음,단일로 - 기타,승용,여,54세,상해없음,보행자,남,22세,경상
2012100800100394,2012년 10월 8일 16시,월요일,대구광역시 수성구 지산동,경상사고,0,0,1,0,차대사람 - 횡단중,신호위반,건조,맑음,단일로 - 횡단보도상,승용,여,41세,상해없음,보행자,여,8세,경상
2012100800100395,2012년 10월 8일 16시,월요일,대구광역시 달서구 송현동,중상사고,0,1,0,0,차대차 - 추돌 - 주정차중,안전운전불이행,건조,맑음,단일로 - 기타,승용,남,52세,상해없음,승용,여,41세,중상
2012100800100396,2012년 10월 8일 16시,월요일,대구광역시 북구 구암동,경상사고,0,0,1,0,차대사람 - 기타,안전운전불이행,건조,맑음,기타 - 기타,기타불명,기타불명,기타불명,기타불명,보행자,여,53세,경상
2012100800100426,2012년 10월 8일 17시,월요일,대구광역시 수성구 만촌동,경상사고,0,0,1,0,차대차 - 측면직각충돌,직진우회전진행방해,건조,맑음,교차로 - 교차로부근,승용,남,51세,상해없음,자전거,남,46세,경상
2012100800100427,2012년 10월 8일 17시,월요일,대구광역시 북구 동천동,경상사고,0,0,1,0,차대차 - 기타,안전거리미확보,건조,맑음,단일로 - 기타,승용,남,21세,상해없음,승용,남,36세,경상
2012100800100428,2012년 10월 8일 17시,월요일,대구광역시 달서구 본리동,중상사고,0,1,0,0,차대차 - 측면직각충돌,안전운전불이행,건조,맑음,단일로 - 기타,승용,남,71세,상해없음,승용,여,53세,중상
2012100800100479,2012년 10월 8일 18시,월요일,대구광역시 수성구 두산동,중상사고,0,1,0,0,차대차 - 기타,기타,건조,맑음,단일로 - 기타,승용,남,53세,상해없음,이륜,남,26세,중상
2012100800100480,2012년 10월 8일 18시,월요일,대구광역시 북구 태전동,경상사고,0,0,1,0,차대차 - 추돌 - 주정차중,안전운전불이행,건조,맑음,단일로 - 기타,승합,남,50세,상해없음,승용,여,43세,경상
2012100800100508,2012년 10월 8일 19시,월요일,대구광역시 수성구 수성동1가,중상사고,0,3,1,1,차대차 - 추돌 - 진행중,안전거리미확보,건조,맑음,단일로 - 기타,승용,남,38세,중상,승용,여,46세,부상신고
2012100800100509,2012년 10월 8일 19시,월요일,대구광역시 수성구 지산동,중상사고,0,1,4,0,차대차 - 측면직각충돌,신호위반,건조,맑음,교차로 - 교차로안,승용,여,44세,상해없음,승용,남,53세,경상
2012100800100510,2012년 10월 8일 19시,월요일,대구광역시 수성구 두산동,경상사고,0,0,1,0,차대차 - 측면직각충돌,직진우회전진행방해,건조,맑음,교차로 - 교차로안,기타불명,기타불명,기타불명,기타불명,승용,여,27세,경상
2012100800100511,2012년 10월 8일 19시,월요일,대구광역시 달서구 신당동,경상사고,0,0,1,0,차대차 - 기타,안전운전불이행,건조,맑음,단일로 - 기타,승용,남,27세,상해없음,자전거,남,26세,경상
2012100800100574,2012년 10월 8일 21시,월요일,대구광역시 북구 동변동,경상사고,0,0,1,0,차대차 - 측면직각충돌,안전운전불이행,건조,맑음,단일로 - 기타,화물,남,57세,상해없음,승용,여,44세,경상
2012100800100576,2012년 10월 8일 21시,월요일,대구광역시 북구 동천동,경상사고,0,0,1,0,차대차 - 기타,교차로운행방법위반,건조,맑음,교차로 - 교차로안,승합,남,58세,상해없음,원동기,남,23세,경상
2012100800100605,2012년 10월 8일 22시,월요일,대구광역시 달성군 화원읍,경상사고,0,0,1,0,차대차 - 기타,안전운전불이행,기타,맑음,교차로 - 교차로부근,승용,남,52세,상해없음,승용,여,47세,경상
2012100800100625,2012년 10월 8일 23시,월요일,대구광역시 남구 대명동,중상사고,0,1,0,0,차대차 - 추돌 - 주정차중,안전운전불이행,건조,맑음,교차로 - 교차로부근,승용,남,21세,상해없음,승용,남,29세,중상
2012100800100626,2012년 10월 8일 23시,월요일,대구광역시 수성구 황금동,경상사고,0,0,1,0,차대차 - 기타,안전운전불이행,건조,맑음,단일로 - 기타,승용,남,42세,상해없음,승용,남,33세,경상
2012100900100011,2012년 10월 9일 00시,화요일,대구광역시 달서구 상인동,경상사고,0,0,5,0,차대차 - 측면직각충돌,교차로운행방법위반,건조,맑음,교차로 - 교차로안,승용,남,20세,경상,승용,남,60세,경상
2012100900100025,2012년 10월 9일 01시,화요일,대구광역시 북구 침산동,경상사고,0,0,1,0,차대차 - 기타,안전운전불이행,건조,맑음,단일로 - 기타,승용,남,17세,상해없음,화물,남,36세,경상
2012100900100026,2012년 10월 9일 01시,화요일,대구광역시 달서구 감삼동,경상사고,0,0,1,0,차대차 - 기타,안전운전불이행,건조,맑음,교차로 - 교차로부근,승용,남,29세,상해없음,승용,남,42세,경상
2012100900100040,2012년 10월 9일 03시,화요일,대구광역시 수성구 지산동,경상사고,0,0,4,0,차대차 - 측면직각충돌,기타,건조,맑음,교차로 - 교차로안,승용,남,40세,상해없음,승용,남,19세,경상
2012100900100060,2012년 10월 9일 05시,화요일,대구광역시 중구 동인동4가,중상사고,0,1,1,0,차대사람 - 기타,안전운전불이행,건조,맑음,단일로 - 기타,승용,여,52세,상해없음,보행자,여,47세,중상
2012100900100061,2012년 10월 9일 05시,화요일,대구광역시 중구 동인동1가,경상사고,0,0,4,0,차대차 - 기타,안전운전불이행,건조,맑음,단일로 - 기타,승용,남,63세,기타불명,승용,남,45세,경상
2012100900100069,2012년 10월 9일 06시,화요일,대구광역시 북구 서변동,경상사고,0,0,1,0,차대차 - 기타,중앙선침범,건조,맑음,교차로 - 교차로부근,자전거,남,77세,경상,화물,여,49세,상해없음
2012100900100088,2012년 10월 9일 07시,화요일,대구광역시 서구 평리동,경상사고,0,0,2,0,차대차 - 기타,안전운전불이행,건조,맑음,교차로 - 교차로부근,승용,남,63세,상해없음,승용,남,52세,경상
2012100900100089,2012년 10월 9일 07시,화요일,대구광역시 중구 대신동,중상사고,0,1,0,0,차대사람 - 기타,안전운전불이행,건조,맑음,교차로 - 교차로부근,승합,남,59세,상해없음,보행자,여,60세,중상
2012100900100138,2012년 10월 9일 08시,화요일,대구광역시 남구 이천동,경상사고,0,0,2,0,차대차 - 추돌 - 주정차중,안전운전불이행,건조,맑음,교차로 - 교차로부근,승용,남,18세,경상,건설기계,남,66세,상해없음
2012100900100139,2012년 10월 9일 08시,화요일,대구광역시 수성구 만촌동,중상사고,0,1,1,0,차대차 - 기타,신호위반,건조,맑음,교차로 - 교차로안,승용,여,62세,상해없음,승합,남,52세,경상
2012100900100140,2012년 10월 9일 08시,화요일,대구광역시 달서구 유천동,경상사고,0,0,1,0,차량단독 - 기타,기타,건조,맑음,단일로 - 기타,승합,남,56세,상해없음,,,,
2012100900100141,2012년 10월 9일 08시,화요일,대구광역시 북구 침산동,경상사고,0,0,1,0,차대차 - 정면충돌,교차로운행방법위반,건조,맑음,교차로 - 교차로안,화물,남,33세,상해없음,자전거,남,14세,경상
2012100900100177,2012년 10월 9일 09시,화요일,대구광역시 수성구 황금동,중상사고,0,2,2,0,차대차 - 추돌 - 주정차중,안전거리미확보,건조,맑음,단일로 - 기타,승합,남,67세,상해없음,승용,여,57세,중상
2012100900100178,2012년 10월 9일 09시,화요일,대구광역시 북구 침산동,중상사고,0,1,0,0,차대사람 - 횡단중,안전운전불이행,건조,맑음,단일로 - 기타,승용,여,24세,상해없음,보행자,여,86세,중상
2012100900100201,2012년 10월 9일 10시,화요일,대구광역시 동구 지묘동,경상사고,0,0,1,0,차대차 - 기타,불법유턴,건조,맑음,교차로 - 교차로부근,승용,여,52세,상해없음,승용,남,33세,경상
2012100900100202,2012년 10월 9일 10시,화요일,대구광역시 동구 신천동,경상사고,0,0,1,0,차대차 - 측면직각충돌,안전거리미확보,건조,맑음,단일로 - 기타,승용,여,32세,상해없음,승용,여,53세,경상
2012100900100222,2012년 10월 9일 11시,화요일,대구광역시 달서구 용산동,경상사고,0,0,1,0,차대사람 - 횡단중,보행자보호의무위반,건조,맑음,교차로 - 교차로안,승합,여,58세,상해없음,보행자,여,17세,경상
2012100900100270,2012년 10월 9일 13시,화요일,대구광역시 동구 신천동,경상사고,0,0,1,0,차대차 - 측면직각충돌,신호위반,건조,맑음,교차로 - 교차로안,승용,남,51세,상해없음,원동기,남,62세,경상
2012100900100272,2012년 10월 9일 13시,화요일,대구광역시 중구 태평로1가,경상사고,0,0,1,0,차대차 - 추돌 - 진행중,안전거리미확보,건조,맑음,단일로 - 기타,승용,남,38세,상해없음,승용,남,74세,경상
2012100900100309,2012년 10월 9일 14시,화요일,대구광역시 북구 동천동,경상사고,0,0,1,0,차대사람 - 기타,안전운전불이행,건조,맑음,교차로 - 교차로부근,승용,여,43세,상해없음,보행자,남,51세,경상
2012100900100310,2012년 10월 9일 14시,화요일,대구광역시 북구 구암동,경상사고,0,0,1,0,차대차 - 기타,중앙선침범,건조,맑음,단일로 - 기타,자전거,남,70세,경상,이륜,남,32세,상해없음
2012100900100311,2012년 10월 9일 14시,화요일,대구광역시 서구 비산동,중상사고,0,1,0,0,차대차 - 측면직각충돌,안전운전불이행,건조,맑음,단일로 - 횡단보도상,화물,남,37세,상해없음,자전거,남,75세,중상
2012100900100312,2012년 10월 9일 14시,화요일,대구광역시 중구 대봉동,경상사고,0,0,1,0,차대차 - 추돌 - 진행중,안전거리미확보,건조,맑음,단일로 - 기타,승용,남,56세,상해없음,승용,남,27세,경상
2012100900100333,2012년 10월 9일 15시,화요일,대구광역시 북구 태전동,중상사고,0,2,1,0,차대차 - 추돌 - 진행중,안전거리미확보,건조,맑음,단일로 - 기타,승용,남,73세,상해없음,승용,남,50세,경상
2012100900100365,2012년 10월 9일 16시,화요일,대구광역시 수성구 수성동3가,경상사고,0,0,1,0,차대차 - 측면직각충돌,안전운전불이행,건조,맑음,단일로 - 기타,승용,여,54세,상해없음,이륜,남,46세,경상
2012100900100366,2012년 10월 9일 16시,화요일,대구광역시 달서구 송현동,경상사고,0,0,1,0,차대차 - 기타,기타,건조,맑음,단일로 - 기타,화물,남,24세,경상,승용,여,40세,상해없음
2012100900100408,2012년 10월 9일 17시,화요일,대구광역시 달성군 가창면,중상사고,0,1,0,0,차대차 - 기타,안전운전불이행,건조,맑음,단일로 - 기타,승용,남,39세,상해없음,자전거,남,69세,중상
2012100900100409,2012년 10월 9일 17시,화요일,대구광역시 달성군 화원읍,중상사고,0,1,0,0,차대차 - 측면직각충돌,안전운전불이행,건조,맑음,교차로 - 교차로안,승합,여,54세,상해없음,이륜,남,15세,중상
2012100900100456,2012년 10월 9일 18시,화요일,대구광역시 남구 대명동,경상사고,0,0,1,0,차대차 - 기타,안전운전불이행,건조,맑음,교차로 - 교차로부근,승용,남,48세,상해없음,이륜,남,43세,경상
2012100900100457,2012년 10월 9일 18시,화요일,대구광역시 중구 포정동,중상사고,0,2,0,0,차대차 - 측면직각충돌,신호위반,건조,맑음,단일로 - 기타,자전거,남,69세,중상,자전거,남,33세,중상
2012100900100458,2012년 10월 9일 18시,화요일,대구광역시 중구 대신동,경상사고,0,0,1,0,차대사람 - 보도통행중,기타,건조,맑음,단일로 - 기타,승용,남,55세,기타불명,보행자,남,62세,경상
2012100900100498,2012년 10월 9일 19시,화요일,대구광역시 남구 대명동,부상신고사고,0,0,0,1,차대차 - 측면직각충돌,안전운전불이행,건조,맑음,단일로 - 기타,이륜,남,79세,부상신고,승용,여,37세,상해없음
2012100900100499,2012년 10월 9일 19시,화요일,대구광역시 달서구 월성동,경상사고,0,0,1,0,차대차 - 측면직각충돌,교차로운행방법위반,건조,맑음,교차로 - 교차로안,승용,남,46세,기타불명,승용,남,47세,경상
2012100900100500,2012년 10월 9일 19시,화요일,대구광역시 달성군 다사읍,중상사고,0,1,0,0,차대차 - 측면직각충돌,차로위반,건조,맑음,단일로 - 기타,승용,여,45세,상해없음,승용,여,33세,중상
2012100900100501,2012년 10월 9일 19시,화요일,대구광역시 북구 대현동,경상사고,0,0,1,0,차대차 - 측면직각충돌,직진우회전진행방해,건조,맑음,교차로 - 교차로안,승용,남,27세,상해없음,이륜,남,21세,경상
2012100900100502,2012년 10월 9일 19시,화요일,대구광역시 서구 비산동,중상사고,0,1,0,0,차대사람 - 기타,중앙선침범,건조,맑음,단일로 - 기타,원동기,남,18세,상해없음,보행자,여,70세,중상
2012100900100503,2012년 10월 9일 19시,화요일,대구광역시 달서구 용산동,경상사고,0,0,1,0,차대차 - 기타,안전운전불이행,건조,맑음,단일로 - 기타,승용,남,44세,상해없음,승합,남,52세,기타불명
2012100900100534,2012년 10월 9일 20시,화요일,대구광역시 수성구 범어동,중상사고,0,1,0,0,차대차 - 기타,교차로운행방법위반,건조,맑음,교차로 - 교차로안,자전거,남,33세,중상,승용,남,52세,기타불명
2012100900100535,2012년 10월 9일 20시,화요일,대구광역시 수성구 만촌동,경상사고,0,0,1,0,차대사람 - 길가장자리구역통행중,보행자보호의무위반,건조,맑음,교차로 - 교차로안,승용,남,47세,상해없음,보행자,남,37세,경상
2012100900100536,2012년 10월 9일 20시,화요일,대구광역시 달성군 다사읍,경상사고,0,0,1,0,차대차 - 측면직각충돌,안전운전불이행,건조,맑음,단일로 - 기타,승용,남,47세,상해없음,이륜,남,17세,경상
2012100900100575,2012년 10월 9일 21시,화요일,대구광역시 동구 신천동,경상사고,0,0,1,0,차대차 - 추돌 - 진행중,안전운전불이행,건조,맑음,단일로 - 기타,승용,기타불명,기타불명,기타불명,이륜,남,17세,경상
2012100900100576,2012년 10월 9일 21시,화요일,대구광역시 수성구 두산동,중상사고,0,1,1,0,차대사람 - 횡단중,안전운전불이행,건조,맑음,교차로 - 교차로부근,승용,남,27세,상해없음,보행자,남,51세,중상
2012100900100577,2012년 10월 9일 21시,화요일,대구광역시 수성구 황금동,중상사고,0,1,0,0,차대사람 - 횡단중,신호위반,건조,맑음,단일로 - 횡단보도상,승용,여,47세,상해없음,보행자,남,11세,중상
2012100900100578,2012년 10월 9일 21시,화요일,대구광역시 북구 구암동,경상사고,0,0,1,0,차대차 - 기타,안전거리미확보,건조,맑음,단일로 - 기타,승용,남,45세,상해없음,이륜,남,18세,경상
2012100900100604,2012년 10월 9일 22시,화요일,대구광역시 동구 용계동,경상사고,0,0,1,0,차대차 - 추돌 - 주정차중,안전운전불이행,건조,맑음,단일로 - 기타,이륜,남,21세,상해없음,화물,남,39세,경상
2012100900100621,2012년 10월 9일 23시,화요일,대구광역시 동구 신천동,경상사고,0,0,1,0,차대차 - 기타,신호위반,건조,맑음,교차로 - 교차로안,승용,남,57세,상해없음,이륜,남,18세,경상
2012100900100622,2012년 10월 9일 23시,화요일,대구광역시 서구 평리동,경상사고,0,0,1,0,차대차 - 기타,안전운전불이행,건조,맑음,교차로 - 교차로부근,승용,남,52세,상해없음,승용,남,55세,경상
2012101000100015,2012년 10월 10일 00시,수요일,대구광역시 서구 비산동,경상사고,0,0,2,0,차대차 - 측면직각충돌,직진우회전진행방해,건조,맑음,교차로 - 교차로안,승용,여,45세,상해없음,승용,남,40세,상해없음
2012101000100173,2012년 10월 10일 09시,수요일,대구광역시 달서구 상인동,중상사고,0,1,1,0,차대차 - 기타,안전거리미확보,건조,맑음,단일로 - 기타,승용,여,57세,상해없음,승용,남,41세,경상
2012101000100174,2012년 10월 10일 09시,수요일,대구광역시 북구 침산동,경상사고,0,0,1,0,차대차 - 측면직각충돌,중앙선침범,건조,맑음,단일로 - 기타,승용,남,28세,상해없음,승용,남,64세,경상
2012101000100194,2012년 10월 10일 10시,수요일,대구광역시 서구 비산동,경상사고,0,0,1,0,차대사람 - 차도통행중,안전운전불이행,건조,맑음,단일로 - 기타,승합,남,57세,상해없음,보행자,여,2세,경상
2012101000100216,2012년 10월 10일 11시,수요일,대구광역시 북구 산격동,경상사고,0,0,1,0,차대차 - 기타,안전거리미확보,건조,맑음,교차로 - 교차로부근,승용,남,50세,상해없음,승용,남,66세,상해없음
2012101000100217,2012년 10월 10일 11시,수요일,대구광역시 북구 구암동,경상사고,0,0,1,0,차대차 - 기타,안전운전불이행,건조,맑음,교차로 - 교차로안,승용,여,44세,상해없음,이륜,남,17세,경상
2012101000100218,2012년 10월 10일 11시,수요일,대구광역시 서구 평리동,경상사고,0,0,1,0,차대차 - 측면직각충돌,신호위반,건조,맑음,교차로 - 교차로안,승용,여,57세,상해없음,이륜,남,35세,경상
2012101000100242,2012년 10월 10일 12시,수요일,대구광역시 북구 침산동,부상신고사고,0,0,0,1,차대차 - 기타,안전운전불이행,건조,맑음,단일로 - 기타,자전거,남,72세,부상신고,승용,남,40세,상해없음
2012101000100243,2012년 10월 10일 12시,수요일,대구광역시 서구 내당동,경상사고,0,0,1,0,차대사람 - 횡단중,안전운전불이행,건조,맑음,단일로 - 기타,승용,남,30세,기타불명,보행자,여,52세,경상
2012101000100273,2012년 10월 10일 13시,수요일,대구광역시 북구 복현동,중상사고,0,1,0,0,차대사람 - 기타,안전운전불이행,건조,맑음,단일로 - 기타,승용,여,39세,상해없음,보행자,여,7세,중상
2012101000100300,2012년 10월 10일 14시,수요일,대구광역시 달서구 갈산동,경상사고,0,0,5,0,차대차 - 기타,안전거리미확보,건조,맑음,단일로 - 기타,승용,남,47세,상해없음,승용,남,23세,경상
2012101000100338,2012년 10월 10일 15시,수요일,대구광역시 북구 읍내동,경상사고,0,0,1,0,차대차 - 기타,교차로운행방법위반,건조,맑음,교차로 - 교차로안,승용,남,52세,상해없음,승용,남,65세,상해없음
2012101000100369,2012년 10월 10일 16시,수요일,대구광역시 동구 서호동,경상사고,0,0,2,0,차대차 - 추돌 - 주정차중,안전운전불이행,건조,맑음,단일로 - 기타,승용,남,39세,상해없음,승용,여,49세,경상
2012101000100370,2012년 10월 10일 16시,수요일,대구광역시 수성구 만촌동,경상사고,0,0,1,0,차대사람 - 횡단중,안전운전불이행,건조,맑음,단일로 - 기타,승용,여,53세,상해없음,보행자,여,9세,경상
2012101000100371,2012년 10월 10일 16시,수요일,대구광역시 서구 평리동,경상사고,0,0,1,0,차대차 - 추돌 - 주정차중,안전운전불이행,건조,맑음,단일로 - 기타,화물,남,53세,상해없음,승용,여,36세,경상
2012101000100407,2012년 10월 10일 17시,수요일,대구광역시 북구 노원동1가,경상사고,0,0,1,0,차대사람 - 횡단중,안전운전불이행,건조,맑음,단일로 - 횡단보도상,이륜,남,25세,상해없음,보행자,남,80세,경상
2012101000100408,2012년 10월 10일 17시,수요일,대구광역시 서구 비산동,경상사고,0,0,1,0,차대차 - 측면직각충돌,중앙선침범,건조,맑음,교차로 - 교차로부근,이륜,남,65세,상해없음,이륜,남,16세,경상
2012101000100468,2012년 10월 10일 18시,수요일,대구광역시 달서구 상인동,중상사고,0,1,0,0,차대사람 - 횡단중,안전운전불이행,건조,맑음,단일로 - 기타,승용,여,55세,상해없음,보행자,남,51세,중상
2012101000100469,2012년 10월 10일 18시,수요일,대구광역시 달성군 다사읍,경상사고,0,0,1,0,차대사람 - 기타,안전운전불이행,건조,맑음,단일로 - 기타,승용,남,46세,상해없음,보행자,남,43세,경상
2012101000100470,2012년 10월 10일 18시,수요일,대구광역시 서구 비산동,경상사고,0,0,1,0,차대차 - 기타,안전운전불이행,건조,맑음,단일로 - 기타,승용,남,31세,상해없음,자전거,남,61세,경상
2012101000100507,2012년 10월 10일 19시,수요일,대구광역시 수성구 황금동,중상사고,0,1,0,0,차대사람 - 횡단중,중앙선침범,건조,맑음,단일로 - 횡단보도부근,승용,남,54세,상해없음,보행자,여,32세,중상
2012101000100508,2012년 10월 10일 19시,수요일,대구광역시 달서구 송현동,경상사고,0,0,1,0,차대차 - 추돌 - 주정차중,안전거리미확보,건조,맑음,교차로 - 교차로부근,승용,여,59세,기타불명,승용,여,55세,경상
2012101000100543,2012년 10월 10일 20시,수요일,대구광역시 달서구 진천동,중상사고,0,1,0,0,차대사람 - 기타,안전운전불이행,건조,맑음,기타 - 기타,화물,남,57세,상해없음,보행자,여,50세,중상
2012101000100544,2012년 10월 10일 20시,수요일,대구광역시 북구 산격동,경상사고,0,0,1,0,차대차 - 기타,교차로운행방법위반,건조,맑음,교차로 - 교차로안,승용,여,26세,상해없음,원동기,남,19세,경상
2012101000100578,2012년 10월 10일 21시,수요일,대구광역시 동구 방촌동,중상사고,0,1,0,0,차대사람 - 보도통행중,보행자보호의무위반,건조,맑음,교차로 - 교차로부근,화물,남,58세,상해없음,보행자,여,59세,중상
2012101000100579,2012년 10월 10일 21시,수요일,대구광역시 달서구 상인동,경상사고,0,0,2,0,차대차 - 기타,안전거리미확보,건조,맑음,교차로 - 교차로부근,승용,남,37세,상해없음,이륜,남,16세,경상
2012101000100580,2012년 10월 10일 21시,수요일,대구광역시 북구 매천동,중상사고,0,1,0,1,차량단독 - 기타,안전운전불이행,건조,맑음,단일로 - 기타,승용,남,61세,부상신고,,,,
2012101000100581,2012년 10월 10일 21시,수요일,대구광역시 서구 평리동,중상사고,0,2,0,0,차대사람 - 차도통행중,안전운전불이행,건조,맑음,단일로 - 기타,이륜,남,42세,상해없음,보행자,남,77세,중상
2012101000100582,2012년 10월 10일 21시,수요일,대구광역시 달서구 장동,경상사고,0,0,1,0,차대차 - 측면직각충돌,교차로운행방법위반,건조,맑음,단일로 - 기타,승합,남,41세,상해없음,자전거,남,38세,경상
2012101000100606,2012년 10월 10일 22시,수요일,대구광역시 북구 관음동,경상사고,0,0,1,0,차대차 - 추돌 - 주정차중,안전운전불이행,건조,맑음,단일로 - 기타,승용,남,54세,상해없음,승합,남,44세,상해없음
2012101000100607,2012년 10월 10일 22시,수요일,대구광역시 서구 비산동,중상사고,0,1,0,0,차대차 - 기타,안전거리미확보,건조,맑음,단일로 - 기타,승용,남,51세,상해없음,이륜,남,18세,중상
2012101000100622,2012년 10월 10일 23시,수요일,대구광역시 북구 구암동,경상사고,0,0,5,0,차대차 - 추돌 - 진행중,안전운전불이행,건조,맑음,교차로 - 교차로부근,승용,남,37세,기타불명,승용,남,31세,경상