사고번호,사고일시,요일,시군구,사고내용,사망자수,중상자수,경상자수,부상신고자수,사고유형,법규위반,노면상태,기상상태,도로형태,가해운전자 차종,가해운전자 성별,가해운전자 연령,가해운전자 상해정도,피해운전자 차종,피해운전자 성별,피해운전자 연령,피해운전자 상해정도
2012102000100158,2012년 10월 20일 08시,토요일,대구광역시 달성군 현풍면,경상사고,0,0,3,0,차대차 - 측면직각충돌,안전운전불이행,건조,맑음,단일로 - 기타,화물,남,70세,상해없음,승용,남,43세,경상
2012102000100159,2012년 10월 20일 08시,토요일,대구광역시 서구 내당동,경상사고,0,0,1,0,차대사람 - 횡단중,보행자보호의무위반,건조,맑음,교차로 - 교차로안,원동기,남,39세,상해없음,보행자,남,11세,경상
2012102000100183,2012년 10월 20일 09시,토요일,대구광역시 동구 신천동,중상사고,0,1,0,0,차대차 - 추돌 - 진행중,신호위반,건조,맑음,교차로 - 교차로부근,이륜,남,72세,상해없음,원동기,여,46세,중상
2012102000100184,2012년 10월 20일 09시,토요일,대구광역시 북구 태전동,경상사고,0,0,1,0,차대사람 - 기타,안전운전불이행,건조,맑음,기타 - 기타,승용,남,49세,상해없음,보행자,여,70세,경상
2012102000100185,2012년 10월 20일 09시,토요일,대구광역시 서구 내당동,경상사고,0,0,1,0,차대차 - 기타,안전거리미확보,건조,맑음,교차로 - 교차로부근,이륜,남,33세,상해없음,승용,남,63세,경상
2012102000100234,2012년 10월 20일 11시,토요일,대구광역시 북구 구암동,경상사고,0,0,2,0,차대차 - 측면직각충돌,직진우회전진행방해,건조,맑음,교차로 - 교차로안,승용,여,52세,상해없음,승용,남,47세,경상
2012102000100235,2012년 10월 20일 11시,토요일,대구광역시 서구 이현동,중상사고,0,2,0,0,차대차 - 측면직각충돌,직진우회전진행방해,건조,맑음,교차로 - 교차로안,승용,남,47세,중상,승용,남,49세,중상
2012102000100262,2012년 10월 20일 12시,토요일,대구광역시 동구 불로동,중상사고,0,1,0,0,차대차 - 추돌 - 진행중,안전운전불이행,건조,맑음,단일로 - 기타,승용,여,55세,상해없음,자전거,여,61세,중상
2012102000100263,2012년 10월 20일 12시,토요일,대구광역시 북구 칠성동2가,부상신고사고,0,0,0,1,차대사람 - 횡단중,보행자보호의무위반,건조,맑음,단일로 - 횡단보도상,승용,남,60세,상해없음,보행자,남,8세,부상신고
2012102000100264,2012년 10월 20일 12시,토요일,대구광역시 북구 침산동,경상사고,0,0,4,0,차대차 - 추돌 - 주정차중,안전운전불이행,건조,맑음,단일로 - 기타,승용,남,74세,상해없음,승용,남,61세,경상
2012102000100265,2012년 10월 20일 12시,토요일,대구광역시 달서구 두류동,경상사고,0,0,1,0,차대차 - 기타,안전운전불이행,건조,맑음,단일로 - 기타,화물,남,31세,상해없음,이륜,남,55세,경상
2012102000100300,2012년 10월 20일 13시,토요일,대구광역시 달서구 성당동,중상사고,0,1,0,0,차대사람 - 기타,안전운전불이행,건조,맑음,단일로 - 기타,승용,여,46세,기타불명,보행자,여,47세,중상
2012102000100337,2012년 10월 20일 14시,토요일,대구광역시 남구 봉덕동,경상사고,0,0,1,0,차대차 - 측면직각충돌,안전운전불이행,건조,맑음,교차로 - 교차로부근,승용,여,53세,상해없음,승용,남,45세,경상
2012102000100338,2012년 10월 20일 14시,토요일,대구광역시 북구 침산동,중상사고,0,2,3,0,차대차 - 추돌 - 주정차중,안전거리미확보,건조,맑음,단일로 - 기타,승용,남,31세,중상,화물,남,40세,경상
2012102000100339,2012년 10월 20일 14시,토요일,대구광역시 달서구 성당동,경상사고,0,0,1,0,차대사람 - 기타,안전운전불이행,건조,맑음,단일로 - 기타,승용,여,45세,상해없음,보행자,남,6세,경상
2012102000100340,2012년 10월 20일 14시,토요일,대구광역시 달서구 용산동,중상사고,0,1,0,0,차량단독 - 기타,기타,건조,맑음,단일로 - 기타,승합,남,57세,상해없음,,,,
2012102000100375,2012년 10월 20일 15시,토요일,대구광역시 달서구 두류동,경상사고,0,0,1,0,차대차 - 정면충돌,신호위반,건조,맑음,교차로 - 교차로안,이륜,남,19세,상해없음,승용,남,25세,상해없음
2012102000100409,2012년 10월 20일 16시,토요일,대구광역시 수성구 대흥동,경상사고,0,0,1,0,차대사람 - 기타,안전운전불이행,건조,맑음,단일로 - 기타,승용,여,36세,상해없음,보행자,여,5세,경상
2012102000100410,2012년 10월 20일 16시,토요일,대구광역시 달성군 화원읍,중상사고,0,1,0,0,차대차 - 측면직각충돌,신호위반,건조,맑음,교차로 - 교차로안,건설기계,남,49세,상해없음,승용,여,43세,중상
2012102000100411,2012년 10월 20일 16시,토요일,대구광역시 중구 남산동,경상사고,0,0,1,0,차대사람 - 횡단중,신호위반,건조,맑음,교차로 - 교차로부근,승용,여,50세,상해없음,보행자,여,17세,경상
2012102000100443,2012년 10월 20일 17시,토요일,대구광역시 수성구 수성동1가,경상사고,0,0,1,0,차대사람 - 횡단중,보행자보호의무위반,건조,맑음,단일로 - 기타,승합,남,60세,상해없음,보행자,여,77세,경상
2012102000100489,2012년 10월 20일 18시,토요일,대구광역시 수성구 범물동,경상사고,0,0,1,0,차대차 - 추돌 - 진행중,중앙선침범,건조,맑음,단일로 - 기타,승용,남,36세,상해없음,이륜,남,31세,경상
2012102000100490,2012년 10월 20일 18시,토요일,대구광역시 수성구 두산동,중상사고,0,1,0,0,차대차 - 측면직각충돌,안전운전불이행,건조,맑음,단일로 - 횡단보도상,승용,남,21세,상해없음,자전거,남,37세,중상
2012102000100491,2012년 10월 20일 18시,토요일,대구광역시 수성구 만촌동,경상사고,0,0,1,0,차대차 - 측면직각충돌,안전거리미확보,건조,맑음,단일로 - 기타,승용,여,49세,상해없음,승용,여,40세,경상
2012102000100492,2012년 10월 20일 18시,토요일,대구광역시 달성군 화원읍,경상사고,0,0,1,0,차대차 - 측면직각충돌,중앙선침범,건조,맑음,단일로 - 기타,승용,남,47세,상해없음,승용,남,40세,경상
2012102000100493,2012년 10월 20일 18시,토요일,대구광역시 달서구 장동,부상신고사고,0,0,0,1,차대차 - 기타,중앙선침범,건조,맑음,단일로 - 기타,원동기,여,23세,부상신고,화물,남,43세,상해없음
2012102000100530,2012년 10월 20일 19시,토요일,대구광역시 북구 금호동,중상사고,0,2,0,0,차대차 - 추돌 - 진행중,안전거리미확보,건조,맑음,단일로 - 기타,화물,남,45세,상해없음,승용,남,38세,중상
2012102000100535,2012년 10월 20일 19시,토요일,대구광역시 북구 산격동,경상사고,0,0,1,0,차대차 - 기타,안전운전불이행,건조,맑음,교차로 - 교차로안,승용,남,28세,상해없음,승용,남,45세,경상
2012102000100536,2012년 10월 20일 19시,토요일,대구광역시 달서구 신당동,경상사고,0,0,1,0,차대차 - 측면직각충돌,안전운전불이행,건조,맑음,단일로 - 기타,승용,남,50세,상해없음,승용,여,45세,경상
2012102000100569,2012년 10월 20일 20시,토요일,대구광역시 동구 신천동,경상사고,0,0,1,0,차대차 - 추돌 - 진행중,안전거리미확보,건조,맑음,교차로 - 교차로부근,승용,남,32세,상해없음,이륜,남,30세,경상
2012102000100596,2012년 10월 20일 21시,토요일,대구광역시 북구 국우동,경상사고,0,0,3,0,차대차 - 기타,신호위반,건조,맑음,단일로 - 기타,승용,남,57세,상해없음,승용,남,21세,경상
2012102000100645,2012년 10월 20일 23시,토요일,대구광역시 동구 동호동,경상사고,0,0,1,0,차대차 - 측면직각충돌,안전거리미확보,건조,맑음,단일로 - 기타,승용,남,41세,상해없음,승용,남,28세,경상
2012102000100646,2012년 10월 20일 23시,토요일,대구광역시 서구 평리동,중상사고,0,5,1,1,차대차 - 기타,신호위반,건조,맑음,교차로 - 교차로안,승용,남,60세,부상신고,승용,남,46세,중상
2012102100100022,2012년 10월 21일 00시,일요일,대구광역시 서구 평리동,중상사고,0,1,0,0,차대사람 - 기타,신호위반,건조,맑음,단일로 - 기타,승용,남,27세,상해없음,보행자,여,4세,중상
2012102100100023,2012년 10월 21일 00시,일요일,대구광역시 달서구 용산동,경상사고,0,0,2,0,차대차 - 기타,차로위반,건조,맑음,단일로 - 기타,승용,남,39세,상해없음,승용,남,30세,경상
2012102100100051,2012년 10월 21일 01시,일요일,대구광역시 북구 산격동,경상사고,0,0,2,0,차대차 - 측면직각충돌,신호위반,건조,맑음,단일로 - 기타,승용,남,26세,상해없음,승용,남,27세,경상
2012102100100067,2012년 10월 21일 02시,일요일,대구광역시 동구 신천동,경상사고,0,0,2,0,차대차 - 측면직각충돌,안전거리미확보,건조,맑음,단일로 - 기타,승용,남,33세,상해없음,승용,남,48세,경상
2012102100100068,2012년 10월 21일 02시,일요일,대구광역시 달서구 송현동,경상사고,0,0,1,0,차대차 - 기타,안전운전불이행,건조,맑음,단일로 - 기타,승용,남,32세,상해없음,승용,남,32세,경상
2012102100100069,2012년 10월 21일 02시,일요일,대구광역시 달성군 현풍면,경상사고,0,0,1,0,차대사람 - 차도통행중,안전운전불이행,건조,맑음,단일로 - 기타,승용,남,49세,상해없음,보행자,남,60세,경상
2012102100100070,2012년 10월 21일 02시,일요일,대구광역시 중구 향촌동,경상사고,0,0,1,0,차대차 - 기타,교차로운행방법위반,건조,맑음,교차로 - 교차로안,승용,남,24세,상해없음,승용,남,50세,경상
2012102100100098,2012년 10월 21일 04시,일요일,대구광역시 남구 대명동,중상사고,0,1,0,0,차대차 - 측면직각충돌,안전운전불이행,건조,맑음,교차로 - 교차로부근,승용,남,52세,상해없음,승용,남,69세,중상
2012102100100099,2012년 10월 21일 04시,일요일,대구광역시 동구 용계동,사망사고,1,1,0,0,차대차 - 추돌 - 주정차중,안전운전불이행,건조,맑음,단일로 - 기타,승용,남,26세,상해없음,화물,남,55세,기타불명
2012102100100100,2012년 10월 21일 04시,일요일,대구광역시 달서구 진천동,경상사고,0,0,2,0,차대차 - 측면직각충돌,신호위반,건조,맑음,교차로 - 교차로안,승용,남,53세,상해없음,승용,남,51세,경상
2012102100100123,2012년 10월 21일 06시,일요일,대구광역시 달성군 화원읍,중상사고,0,1,0,0,차대차 - 측면직각충돌,안전운전불이행,건조,맑음,교차로 - 교차로안,승용,남,44세,상해없음,자전거,남,65세,중상
2012102100100133,2012년 10월 21일 07시,일요일,대구광역시 남구 봉덕동,중상사고,0,1,1,0,차대차 - 정면충돌,교차로운행방법위반,건조,맑음,교차로 - 교차로안,승용,여,70세,중상,승용,남,38세,경상
2012102100100134,2012년 10월 21일 07시,일요일,대구광역시 달서구 본동,경상사고,0,0,1,0,차량단독 - 기타,안전운전불이행,건조,맑음,기타 - 기타,화물,남,31세,경상,,,,
2012102100100158,2012년 10월 21일 09시,일요일,대구광역시 북구 서변동,경상사고,0,0,2,0,차대차 - 추돌 - 진행중,안전운전불이행,건조,맑음,단일로 - 교량,승용,남,64세,경상,승합,미분류,기타불명,기타불명
2012102100100181,2012년 10월 21일 10시,일요일,대구광역시 동구 동호동,경상사고,0,0,1,0,차대사람 - 기타,안전운전불이행,건조,맑음,단일로 - 기타,이륜,기타불명,기타불명,기타불명,보행자,여,47세,경상
2012102100100182,2012년 10월 21일 10시,일요일,대구광역시 동구 도학동,경상사고,0,0,1,0,차대차 - 기타,안전운전불이행,건조,맑음,단일로 - 기타,승용,남,52세,상해없음,자전거,여,54세,경상
2012102100100206,2012년 10월 21일 11시,일요일,대구광역시 수성구 황금동,중상사고,0,1,1,0,차대차 - 기타,신호위반,건조,맑음,교차로 - 교차로안,승용,남,44세,상해없음,승용,여,43세,중상
2012102100100207,2012년 10월 21일 11시,일요일,대구광역시 중구 남산동,중상사고,0,1,0,0,차량단독 - 기타,안전운전불이행,건조,맑음,단일로 - 기타,이륜,남,47세,중상,,,,
2012102100100224,2012년 10월 21일 12시,일요일,대구광역시 서구 이현동,경상사고,0,0,2,0,차대차 - 기타,안전거리미확보,건조,맑음,단일로 - 기타,화물,남,39세,상해없음,승용,남,51세,경상
2012102100100225,2012년 10월 21일 12시,일요일,대구광역시 서구 내당동,경상사고,0,0,1,0,차대차 - 추돌 - 주정차중,안전거리미확보,건조,맑음,단일로 - 기타,승용,남,52세,상해없음,승용,남,45세,경상
2012102100100267,2012년 10월 21일 14시,일요일,대구광역시 남구 봉덕동,경상사고,0,0,2,0,차대차 - 기타,교차로운행방법위반,건조,맑음,교차로 - 교차로안,승용,남,61세,상해없음,승용,여,49세,경상
2012102100100268,2012년 10월 21일 14시,일요일,대구광역시 달서구 월성동,부상신고사고,0,0,0,1,차대차 - 기타,교차로운행방법위반,건조,맑음,교차로 - 교차로안,이륜,남,26세,부상신고,화물,남,54세,상해없음
2012102100100269,2012년 10월 21일 14시,일요일,대구광역시 서구 평리동,경상사고,0,0,1,0,차대차 - 기타,차로위반,건조,맑음,단일로 - 기타,승용,여,37세,상해없음,승합,남,56세,상해없음
2012102100100270,2012년 10월 21일 14시,일요일,대구광역시 달서구 장기동,경상사고,0,0,2,0,차대차 - 추돌 - 주정차중,안전운전불이행,건조,맑음,단일로 - 횡단보도부근,이륜,남,18세,상해없음,승용,남,30세,경상
2012102100100306,2012년 10월 21일 15시,일요일,대구광역시 북구 읍내동,부상신고사고,0,0,0,1,차대차 - 기타,안전거리미확보,건조,맑음,단일로 - 기타,자전거,남,90세 이상,부상신고,승합,남,90세 이상,상해없음
2012102100100307,2012년 10월 21일 15시,일요일,대구광역시 달서구 죽전동,경상사고,0,0,3,0,차대차 - 추돌 - 진행중,안전운전불이행,건조,맑음,교차로 - 교차로부근,화물,남,43세,상해없음,승용,남,38세,경상
2012102100100308,2012년 10월 21일 15시,일요일,대구광역시 달서구 성당동,경상사고,0,0,1,0,차대사람 - 횡단중,보행자보호의무위반,건조,맑음,단일로 - 횡단보도상,승용,여,41세,상해없음,보행자,남,4세,경상
2012102100100309,2012년 10월 21일 15시,일요일,대구광역시 달서구 두류동,중상사고,0,1,0,0,차대차 - 추돌 - 주정차중,안전거리미확보,건조,맑음,단일로 - 기타,승용,남,55세,상해없음,승용,남,23세,중상
2012102100100310,2012년 10월 21일 15시,일요일,대구광역시 달서구 감삼동,중상사고,0,1,0,0,차대사람 - 기타,안전운전불이행,건조,맑음,단일로 - 기타,승용,남,46세,상해없음,보행자,여,65세,중상
2012102100100342,2012년 10월 21일 16시,일요일,대구광역시 수성구 수성동1가,중상사고,0,1,0,0,차대차 - 기타,안전운전불이행,건조,맑음,교차로 - 교차로안,승용,여,43세,상해없음,자전거,남,76세,중상
2012102100100375,2012년 10월 21일 17시,일요일,대구광역시 수성구 범어동,경상사고,0,0,1,0,차대차 - 기타,안전운전불이행,건조,맑음,교차로 - 교차로부근,승용,여,56세,상해없음,자전거,남,64세,경상
2012102100100376,2012년 10월 21일 17시,일요일,대구광역시 달성군 화원읍,경상사고,0,0,3,0,차대차 - 정면충돌,중앙선침범,건조,맑음,단일로 - 기타,승용,여,43세,상해없음,승용,남,51세,경상
2012102100100377,2012년 10월 21일 17시,일요일,대구광역시 달성군 화원읍,중상사고,0,1,0,0,차대차 - 측면직각충돌,안전운전불이행,건조,맑음,단일로 - 기타,승용,남,41세,상해없음,자전거,남,46세,중상
2012102100100378,2012년 10월 21일 17시,일요일,대구광역시 달성군 현풍면,경상사고,0,0,1,0,차대차 - 측면직각충돌,안전운전불이행,건조,맑음,교차로 - 교차로안,농기계,남,70세,기타불명,승용,남,32세,경상
2012102100100415,2012년 10월 21일 18시,일요일,대구광역시 북구 태전동,부상신고사고,0,0,0,1,차대차 - 측면직각충돌,안전거리미확보,건조,맑음,단일로 - 기타,이륜,남,16세,부상신고,승용,남,67세,상해없음
2012102100100416,2012년 10월 21일 18시,일요일,대구광역시 북구 칠성동1가,경상사고,0,0,2,0,차대차 - 기타,교차로운행방법위반,건조,맑음,교차로 - 교차로안,승용,남,60세,상해없음,승용,남,33세,경상
2012102100100417,2012년 10월 21일 18시,일요일,대구광역시 북구 구암동,경상사고,0,0,1,0,차대차 - 추돌 - 진행중,안전운전불이행,건조,맑음,단일로 - 기타,이륜,남,17세,경상,승용,남,38세,상해없음
2012102100100452,2012년 10월 21일 19시,일요일,대구광역시 동구 신암동,경상사고,0,0,2,0,차대차 - 추돌 - 주정차중,안전운전불이행,건조,맑음,교차로 - 교차로부근,승용,남,42세,상해없음,화물,남,59세,경상
2012102100100453,2012년 10월 21일 19시,일요일,대구광역시 달서구 진천동,경상사고,0,0,1,0,차대사람 - 기타,안전운전불이행,건조,맑음,단일로 - 횡단보도상,화물,남,40세,상해없음,보행자,남,59세,경상
2012102100100454,2012년 10월 21일 19시,일요일,대구광역시 달서구 두류동,중상사고,0,1,0,0,차대사람 - 기타,신호위반,건조,맑음,단일로 - 횡단보도상,승용,남,35세,상해없음,보행자,여,54세,중상
2012102100100487,2012년 10월 21일 20시,일요일,대구광역시 수성구 수성동1가,경상사고,0,0,1,0,차대차 - 추돌 - 진행중,안전운전불이행,건조,맑음,단일로 - 기타,승합,남,50세,상해없음,승용,남,57세,경상
2012102100100507,2012년 10월 21일 21시,일요일,대구광역시 동구 신암동,경상사고,0,0,1,0,차대차 - 기타,안전운전불이행,건조,맑음,단일로 - 횡단보도상,자전거,남,31세,기타불명,원동기,남,17세,상해없음
2012102100100534,2012년 10월 21일 22시,일요일,대구광역시 서구 평리동,중상사고,0,1,0,0,차대차 - 기타,안전거리미확보,건조,흐림,단일로 - 기타,승용,남,37세,상해없음,원동기,남,45세,중상
2012102100100552,2012년 10월 21일 23시,일요일,대구광역시 달성군 다사읍,사망사고,1,0,1,0,차대차 - 측면직각충돌,중앙선침범,건조,맑음,단일로 - 기타,승용,남,48세,사망,승합,남,45세,경상
2012102200100020,2012년 10월 22일 01시,월요일,대구광역시 수성구 연호동,중상사고,0,2,1,0,차대차 - 측면직각충돌,신호위반,건조,맑음,교차로 - 교차로안,승용,여,33세,중상,승용,남,29세,중상
2012102200100087,2012년 10월 22일 06시,월요일,대구광역시 중구 삼덕동1가,경상사고,0,0,1,0,차대사람 - 차도통행중,안전운전불이행,건조,맑음,단일로 - 기타,승용,남,22세,상해없음,보행자,여,19세,경상
2012102200100112,2012년 10월 22일 07시,월요일,대구광역시 수성구 지산동,중상사고,0,1,0,0,차대사람 - 차도통행중,안전운전불이행,건조,맑음,단일로 - 기타,승용,여,52세,상해없음,보행자,여,18세,중상
2012102200100113,2012년 10월 22일 07시,월요일,대구광역시 북구 산격동,중상사고,0,1,0,0,차대사람 - 기타,안전운전불이행,건조,맑음,교차로 - 교차로안,승용,남,73세,상해없음,보행자,남,14세,중상
2012102200100145,2012년 10월 22일 08시,월요일,대구광역시 남구 대명동,경상사고,0,0,3,0,차대차 - 추돌 - 주정차중,안전거리미확보,건조,맑음,단일로 - 기타,승용,남,61세,상해없음,승용,남,40세,경상
2012102200100146,2012년 10월 22일 08시,월요일,대구광역시 수성구 욱수동,경상사고,0,0,1,0,차대사람 - 횡단중,안전운전불이행,건조,맑음,단일로 - 기타,승용,남,77세,상해없음,보행자,남,13세,경상
2012102200100185,2012년 10월 22일 09시,월요일,대구광역시 북구 복현동,경상사고,0,0,1,0,차대차 - 추돌 - 주정차중,안전운전불이행,건조,맑음,단일로 - 기타,승용,남,64세,상해없음,승용,여,57세,경상
2012102200100186,2012년 10월 22일 09시,월요일,대구광역시 중구 덕산동,경상사고,0,0,1,0,차대차 - 기타,안전운전불이행,건조,맑음,교차로 - 교차로부근,승용,남,60세,상해없음,승용,여,38세,경상
2012102200100245,2012년 10월 22일 11시,월요일,대구광역시 남구 봉덕동,경상사고,0,0,1,0,차대차 - 기타,안전운전불이행,건조,맑음,단일로 - 기타,승용,남,58세,상해없음,승용,남,43세,경상
2012102200100246,2012년 10월 22일 11시,월요일,대구광역시 동구 율하동,중상사고,0,2,0,0,차대차 - 측면직각충돌,교차로운행방법위반,건조,맑음,교차로 - 교차로안,승용,여,38세,상해없음,승용,여,47세,중상
2012102200100247,2012년 10월 22일 11시,월요일,대구광역시 북구 칠성동1가,경상사고,0,0,1,0,차대차 - 기타,기타,건조,맑음,단일로 - 기타,승용,여,52세,상해없음,원동기,남,51세,경상
2012102200100278,2012년 10월 22일 12시,월요일,대구광역시 동구 효목동,중상사고,0,1,0,0,차대사람 - 보도통행중,기타,건조,맑음,기타 - 기타,승용,남,47세,상해없음,보행자,여,76세,중상
2012102200100279,2012년 10월 22일 12시,월요일,대구광역시 동구 용계동,경상사고,0,0,5,0,차대차 - 추돌 - 진행중,안전운전불이행,건조,맑음,단일로 - 기타,승용,여,26세,상해없음,승용,남,46세,경상
2012102200100280,2012년 10월 22일 12시,월요일,대구광역시 북구 구암동,경상사고,0,0,1,0,차대차 - 기타,직진우회전진행방해,건조,흐림,교차로 - 교차로안,승용,남,54세,상해없음,이륜,남,49세,경상
2012102200100313,2012년 10월 22일 13시,월요일,대구광역시 수성구 상동,중상사고,0,1,1,0,차대차 - 측면직각충돌,교차로운행방법위반,건조,맑음,교차로 - 교차로안,승용,여,46세,상해없음,화물,남,25세,중상
2012102200100314,2012년 10월 22일 13시,월요일,대구광역시 수성구 수성동1가,중상사고,0,1,0,0,차대차 - 측면직각충돌,안전운전불이행,건조,맑음,단일로 - 기타,승용,여,78세,상해없음,승용,여,51세,중상
2012102200100315,2012년 10월 22일 13시,월요일,대구광역시 북구 태전동,중상사고,0,2,0,0,차대차 - 측면직각충돌,신호위반,건조,흐림,단일로 - 기타,승용,여,44세,상해없음,이륜,남,16세,중상
2012102200100316,2012년 10월 22일 13시,월요일,대구광역시 서구 내당동,부상신고사고,0,0,0,1,차대차 - 측면직각충돌,안전거리미확보,건조,맑음,단일로 - 기타,승용,여,28세,상해없음,이륜,남,37세,부상신고
2012102200100317,2012년 10월 22일 13시,월요일,대구광역시 중구 남산동,중상사고,0,1,0,0,차대사람 - 기타,안전운전불이행,건조,맑음,단일로 - 기타,승용,여,31세,상해없음,보행자,여,71세,중상
2012102200100348,2012년 10월 22일 14시,월요일,대구광역시 중구 대신동,경상사고,0,0,1,0,차대사람 - 기타,안전운전불이행,건조,맑음,단일로 - 기타,승용,남,51세,상해없음,보행자,남,36세,경상
2012102200100388,2012년 10월 22일 15시,월요일,대구광역시 남구 대명동,경상사고,0,0,1,0,차대차 - 추돌 - 주정차중,안전운전불이행,습기,비,단일로 - 기타,승용,남,79세,상해없음,화물,남,53세,기타불명
2012102200100389,2012년 10월 22일 15시,월요일,대구광역시 동구 신암동,중상사고,0,1,0,0,차대차 - 추돌 - 주정차중,안전운전불이행,건조,맑음,단일로 - 기타,화물,남,32세,상해없음,승용,여,31세,중상
2012102200100390,2012년 10월 22일 15시,월요일,대구광역시 북구 태전동,중상사고,0,1,0,0,차대사람 - 기타,안전운전불이행,습기,비,교차로 - 교차로부근,화물,남,51세,상해없음,보행자,남,30세,중상
2012102200100422,2012년 10월 22일 16시,월요일,대구광역시 동구 신암동,경상사고,0,0,1,0,차대차 - 추돌 - 진행중,안전운전불이행,습기,비,단일로 - 기타,화물,남,46세,상해없음,원동기,남,32세,경상
2012102200100423,2012년 10월 22일 16시,월요일,대구광역시 수성구 범어동,중상사고,0,1,0,0,차대차 - 측면직각충돌,신호위반,습기,비,교차로 - 교차로안,승용,여,30세,상해없음,승용,남,73세,중상
2012102200100424,2012년 10월 22일 16시,월요일,대구광역시 북구 구암동,경상사고,0,0,2,0,차대차 - 측면직각충돌,중앙선침범,습기,비,단일로 - 기타,승용,여,47세,상해없음,승용,남,24세,경상
2012102200100425,2012년 10월 22일 16시,월요일,대구광역시 서구 평리동,경상사고,0,0,2,0,차대차 - 추돌 - 진행중,안전거리미확보,건조,맑음,교차로 - 교차로안,승용,남,61세,상해없음,승용,남,39세,경상
2012102200100426,2012년 10월 22일 16시,월요일,대구광역시 중구 동산동,경상사고,0,0,2,1,차대차 - 측면직각충돌,안전거리미확보,습기,비,교차로 - 교차로부근,승용,여,60세,상해없음,승용,남,47세,부상신고
2012102200100472,2012년 10월 22일 17시,월요일,대구광역시 동구 신무동,사망사고,1,0,0,0,차량단독 - 도로외이탈 - 추락,안전운전불이행,습기,비,단일로 - 기타,승용,남,74세,사망,,,,
2012102200100473,2012년 10월 22일 17시,월요일,대구광역시 달서구 대천동,경상사고,0,0,2,0,차대차 - 측면직각충돌,안전거리미확보,습기,비,단일로 - 기타,화물,남,36세,경상,승용,여,31세,경상
2012102200100474,2012년 10월 22일 17시,월요일,대구광역시 북구 칠성동2가,중상사고,0,1,0,0,차대사람 - 횡단중,보행자보호의무위반,습기,비,단일로 - 횡단보도상,승용,남,41세,상해없음,보행자,남,69세,중상
2012102200100475,2012년 10월 22일 17시,월요일,대구광역시 서구 평리동,경상사고,0,0,1,0,차대차 - 추돌 - 주정차중,안전거리미확보,습기,비,단일로 - 기타,승용,여,32세,상해없음,승용,여,39세,경상
2012102200100541,2012년 10월 22일 18시,월요일,대구광역시 동구 효목동,부상신고사고,0,0,0,1,차대차 - 기타,안전운전불이행,습기,비,교차로 - 교차로부근,승용,남,64세,상해없음,승용,남,31세,부상신고
2012102200100542,2012년 10월 22일 18시,월요일,대구광역시 동구 신암동,경상사고,0,0,1,0,차대사람 - 횡단중,보행자보호의무위반,습기,비,단일로 - 횡단보도상,승용,여,30세,상해없음,보행자,남,52세,경상
2012102200100543,2012년 10월 22일 18시,월요일,대구광역시 동구 율하동,중상사고,0,1,0,0,차대사람 - 기타,안전운전불이행,건조,맑음,교차로 - 교차로부근,승용,남,57세,상해없음,보행자,남,53세,중상
2012102200100544,2012년 10월 22일 18시,월요일,대구광역시 달서구 대천동,경상사고,0,0,1,0,차대차 - 기타,안전운전불이행,습기,비,단일로 - 횡단보도상,승용,여,41세,상해없음,자전거,남,18세,경상
2012102200100547,2012년 10월 22일 18시,월요일,대구광역시 달성군 현풍면,중상사고,0,1,1,0,차대사람 - 기타,기타,건조,맑음,단일로 - 기타,화물,기타불명,기타불명,기타불명,보행자,여,13세,중상
2012102200100548,2012년 10월 22일 18시,월요일,대구광역시 북구 산격동,경상사고,0,0,1,0,차대차 - 측면직각충돌,불법유턴,습기,비,단일로 - 기타,화물,남,46세,기타불명,승용,남,58세,경상
2012102200100549,2012년 10월 22일 18시,월요일,대구광역시 달서구 이곡동,중상사고,0,1,0,0,차대사람 - 기타,보행자보호의무위반,습기,비,단일로 - 기타,승용,남,39세,상해없음,보행자,남,55세,중상
2012102200100597,2012년 10월 22일 19시,월요일,대구광역시 달서구 송현동,부상신고사고,0,0,0,1,차대사람 - 보도통행중,기타,습기,비,기타 - 기타,승용,여,48세,상해없음,보행자,남,10세,부상신고
2012102200100598,2012년 10월 22일 19시,월요일,대구광역시 달서구 상인동,중상사고,0,1,0,0,차대차 - 기타,안전거리미확보,습기,비,교차로 - 교차로부근,승용,남,62세,상해없음,이륜,남,55세,중상
2012102200100599,2012년 10월 22일 19시,월요일,대구광역시 달서구 송현동,경상사고,0,0,1,0,차대차 - 기타,안전운전불이행,습기,비,교차로 - 교차로부근,승용,남,46세,상해없음,승용,남,45세,경상
2012102200100600,2012년 10월 22일 19시,월요일,대구광역시 북구 침산동,중상사고,0,2,0,0,차대차 - 추돌 - 주정차중,안전운전불이행,습기,비,단일로 - 기타,승합,남,50세,상해없음,승용,여,39세,상해없음
2012102200100601,2012년 10월 22일 19시,월요일,대구광역시 북구 복현동,경상사고,0,0,1,0,차대차 - 추돌 - 진행중,안전거리미확보,습기,비,교차로 - 교차로부근,승용,남,32세,상해없음,승용,여,45세,경상
2012102200100638,2012년 10월 22일 20시,월요일,대구광역시 수성구 지산동,경상사고,0,0,1,0,차대차 - 추돌 - 진행중,안전운전불이행,습기,흐림,단일로 - 기타,승용,기타불명,기타불명,기타불명,이륜,남,38세,경상