사고번호,사고일시,요일,시군구,사고내용,사망자수,중상자수,경상자수,부상신고자수,사고유형,법규위반,노면상태,기상상태,도로형태,가해운전자 차종,가해운전자 성별,가해운전자 연령,가해운전자 상해정도,피해운전자 차종,피해운전자 성별,피해운전자 연령,피해운전자 상해정도
2012102200100639,2012년 10월 22일 20시,월요일,대구광역시 달서구 월암동,중상사고,0,1,0,0,차대사람 - 기타,중앙선침범,건조,맑음,단일로 - 기타,화물,남,34세,상해없음,보행자,여,58세,중상
2012102200100640,2012년 10월 22일 20시,월요일,대구광역시 달서구 송현동,중상사고,0,1,0,0,차대차 - 기타,교차로운행방법위반,건조,맑음,교차로 - 교차로부근,승용,남,53세,상해없음,자전거,남,73세,중상
2012102200100641,2012년 10월 22일 20시,월요일,대구광역시 달성군 다사읍,경상사고,0,0,1,0,차대차 - 기타,안전운전불이행,건조,맑음,교차로 - 교차로안,이륜,남,16세,경상,승용,남,38세,상해없음
2012102200100642,2012년 10월 22일 20시,월요일,대구광역시 중구 삼덕동3가,경상사고,0,0,1,0,차대사람 - 기타,안전운전불이행,건조,맑음,단일로 - 기타,승용,기타불명,기타불명,기타불명,보행자,여,38세,경상
2012102200100643,2012년 10월 22일 20시,월요일,대구광역시 달서구 신당동,경상사고,0,0,1,0,차대차 - 측면직각충돌,안전운전불이행,습기,비,교차로 - 교차로부근,승용,남,42세,상해없음,자전거,남,31세,경상
2012102200100644,2012년 10월 22일 20시,월요일,대구광역시 달서구 이곡동,경상사고,0,0,1,0,차대차 - 추돌 - 주정차중,안전운전불이행,건조,맑음,단일로 - 기타,승용,여,40세,상해없음,승용,남,43세,경상
2012102200100676,2012년 10월 22일 21시,월요일,대구광역시 달성군 다사읍,경상사고,0,0,2,0,차대차 - 기타,신호위반,건조,맑음,교차로 - 교차로안,특수,남,38세,상해없음,승용,남,44세,경상
2012102200100677,2012년 10월 22일 21시,월요일,대구광역시 달서구 감삼동,중상사고,0,1,1,0,차대사람 - 기타,안전운전불이행,건조,맑음,단일로 - 기타,승용,여,42세,상해없음,보행자,남,17세,중상
2012102200100712,2012년 10월 22일 22시,월요일,대구광역시 수성구 범어동,중상사고,0,1,0,0,차대차 - 추돌 - 진행중,안전운전불이행,건조,맑음,단일로 - 기타,승용,남,42세,상해없음,승용,남,30세,중상
2012102200100713,2012년 10월 22일 22시,월요일,대구광역시 달서구 월성동,경상사고,0,0,1,0,차대차 - 추돌 - 주정차중,안전운전불이행,건조,맑음,단일로 - 기타,승용,남,35세,경상,화물,남,47세,기타불명
2012102200100714,2012년 10월 22일 22시,월요일,대구광역시 북구 구암동,경상사고,0,0,1,0,차대차 - 기타,안전운전불이행,건조,맑음,기타 - 기타,승용,여,49세,상해없음,승용,여,43세,경상
2012102200100739,2012년 10월 22일 23시,월요일,대구광역시 달서구 이곡동,중상사고,0,1,0,0,차대차 - 추돌 - 주정차중,안전운전불이행,건조,맑음,단일로 - 기타,승용,남,36세,중상,특수,남,50세,기타불명
2012102300100014,2012년 10월 23일 00시,화요일,대구광역시 달서구 도원동,경상사고,0,0,1,0,차대차 - 기타,안전운전불이행,건조,맑음,교차로 - 교차로부근,승용,남,36세,상해없음,승용,남,53세,경상
2012102300100015,2012년 10월 23일 00시,화요일,대구광역시 북구 구암동,경상사고,0,0,4,0,차대차 - 측면직각충돌,신호위반,건조,맑음,교차로 - 교차로안,승용,남,50세,상해없음,승용,남,30세,경상
2012102300100016,2012년 10월 23일 00시,화요일,대구광역시 중구 삼덕동1가,경상사고,0,0,2,0,차대차 - 측면직각충돌,교차로운행방법위반,건조,맑음,교차로 - 교차로안,승용,남,54세,경상,승용,남,53세,경상
2012102300100027,2012년 10월 23일 01시,화요일,대구광역시 달서구 용산동,중상사고,0,1,0,0,차대사람 - 횡단중,보행자보호의무위반,건조,맑음,단일로 - 횡단보도상,승용,남,23세,상해없음,보행자,남,47세,중상
2012102300100036,2012년 10월 23일 02시,화요일,대구광역시 수성구 지산동,경상사고,0,0,1,0,차대차 - 추돌 - 주정차중,안전운전불이행,건조,맑음,교차로 - 교차로부근,승용,남,26세,상해없음,승용,남,39세,경상
2012102300100037,2012년 10월 23일 02시,화요일,대구광역시 서구 내당동,중상사고,0,1,1,0,차대차 - 추돌 - 주정차중,안전운전불이행,건조,흐림,교차로 - 교차로부근,승용,남,34세,상해없음,승용,남,30세,경상
2012102300100038,2012년 10월 23일 02시,화요일,대구광역시 달서구 용산동,경상사고,0,0,2,0,차대차 - 측면직각충돌,교차로운행방법위반,건조,맑음,교차로 - 교차로안,승용,남,23세,상해없음,승용,남,52세,경상
2012102300100086,2012년 10월 23일 06시,화요일,대구광역시 남구 봉덕동,경상사고,0,0,1,0,차대차 - 기타,안전거리미확보,건조,맑음,교차로 - 교차로부근,승용,남,49세,상해없음,승용,여,42세,경상
2012102300100087,2012년 10월 23일 06시,화요일,대구광역시 동구 신천동,중상사고,0,1,1,0,차대차 - 측면직각충돌,신호위반,건조,맑음,교차로 - 교차로안,승용,남,64세,상해없음,승용,남,37세,중상
2012102300100170,2012년 10월 23일 08시,화요일,대구광역시 수성구 지산동,경상사고,0,0,1,0,차대사람 - 횡단중,보행자보호의무위반,건조,맑음,교차로 - 교차로안,승용,여,45세,상해없음,보행자,여,11세,경상
2012102300100171,2012년 10월 23일 08시,화요일,대구광역시 북구 노원동1가,중상사고,0,1,0,0,차대차 - 기타,안전운전불이행,건조,맑음,단일로 - 기타,이륜,남,58세,중상,승용,여,33세,상해없음
2012102300100172,2012년 10월 23일 08시,화요일,대구광역시 달서구 두류동,경상사고,0,0,2,0,차대차 - 추돌 - 주정차중,안전운전불이행,건조,맑음,단일로 - 기타,승용,여,51세,상해없음,승용,남,29세,경상
2012102300100218,2012년 10월 23일 09시,화요일,대구광역시 수성구 연호동,경상사고,0,0,2,0,차대차 - 측면직각충돌,안전운전불이행,건조,맑음,단일로 - 기타,승용,여,41세,상해없음,이륜,남,74세,경상
2012102300100256,2012년 10월 23일 10시,화요일,대구광역시 달성군 화원읍,경상사고,0,0,1,0,차대차 - 측면직각충돌,안전운전불이행,건조,맑음,교차로 - 교차로안,승용,여,36세,상해없음,이륜,남,45세,경상
2012102300100322,2012년 10월 23일 13시,화요일,대구광역시 달성군 유가면,경상사고,0,0,1,0,차대차 - 측면직각충돌,직진우회전진행방해,건조,맑음,교차로 - 교차로안,화물,남,68세,상해없음,승용,여,49세,경상
2012102300100356,2012년 10월 23일 14시,화요일,대구광역시 수성구 두산동,중상사고,0,1,0,0,차대차 - 기타,안전운전불이행,건조,맑음,단일로 - 기타,승용,남,60세,상해없음,자전거,남,56세,중상
2012102300100357,2012년 10월 23일 14시,화요일,대구광역시 달서구 송현동,경상사고,0,0,1,0,차대차 - 측면직각충돌,안전거리미확보,건조,맑음,교차로 - 교차로부근,기타불명,기타불명,기타불명,기타불명,승용,남,62세,경상
2012102300100400,2012년 10월 23일 15시,화요일,대구광역시 북구 동천동,중상사고,0,1,1,0,차대사람 - 기타,보행자보호의무위반,건조,맑음,단일로 - 기타,승용,남,36세,상해없음,보행자,여,43세,중상
2012102300100437,2012년 10월 23일 16시,화요일,대구광역시 달서구 상인동,경상사고,0,0,1,0,차대사람 - 횡단중,기타,건조,맑음,단일로 - 기타,승용,여,41세,상해없음,보행자,남,11세,경상
2012102300100439,2012년 10월 23일 16시,화요일,대구광역시 달서구 이곡동,경상사고,0,0,1,0,차대차 - 측면직각충돌,안전운전불이행,건조,맑음,기타 - 기타,이륜,남,47세,경상,화물,남,41세,상해없음
2012102300100440,2012년 10월 23일 16시,화요일,대구광역시 달서구 장동,경상사고,0,0,1,0,차대차 - 추돌 - 주정차중,안전운전불이행,건조,맑음,단일로 - 기타,승용,남,63세,경상,승용,남,36세,기타불명
2012102300100484,2012년 10월 23일 17시,화요일,대구광역시 동구 신천동,부상신고사고,0,0,0,1,차대사람 - 기타,신호위반,건조,맑음,단일로 - 횡단보도상,기타불명,기타불명,기타불명,기타불명,보행자,여,17세,부상신고
2012102300100485,2012년 10월 23일 17시,화요일,대구광역시 수성구 범물동,경상사고,0,0,1,0,차대사람 - 차도통행중,안전운전불이행,건조,맑음,단일로 - 기타,승용,여,47세,상해없음,보행자,남,11세,경상
2012102300100486,2012년 10월 23일 17시,화요일,대구광역시 수성구 만촌동,경상사고,0,0,1,0,차대사람 - 기타,보행자보호의무위반,건조,맑음,단일로 - 횡단보도상,승합,남,70세,상해없음,보행자,남,70세,경상
2012102300100487,2012년 10월 23일 17시,화요일,대구광역시 북구 노원동1가,중상사고,0,1,0,0,차대차 - 측면직각충돌,신호위반,건조,맑음,교차로 - 교차로안,이륜,남,65세,중상,화물,남,48세,상해없음
2012102300100542,2012년 10월 23일 18시,화요일,대구광역시 동구 봉무동,경상사고,0,0,1,0,차대사람 - 횡단중,보행자보호의무위반,건조,맑음,단일로 - 횡단보도상,승용,남,57세,상해없음,보행자,여,65세,경상
2012102300100543,2012년 10월 23일 18시,화요일,대구광역시 북구 태전동,부상신고사고,0,0,0,1,차대사람 - 기타,안전운전불이행,건조,맑음,교차로 - 교차로부근,자전거,남,19세,상해없음,보행자,여,21세,부상신고
2012102300100544,2012년 10월 23일 18시,화요일,대구광역시 달서구 두류동,중상사고,0,1,0,0,차대사람 - 횡단중,안전운전불이행,건조,맑음,단일로 - 기타,승용,남,63세,상해없음,보행자,남,71세,중상
2012102300100545,2012년 10월 23일 18시,화요일,대구광역시 달서구 두류동,경상사고,0,0,3,0,차대차 - 측면직각충돌,직진우회전진행방해,건조,맑음,교차로 - 교차로안,승용,여,31세,상해없음,이륜,남,18세,경상
2012102300100588,2012년 10월 23일 19시,화요일,대구광역시 남구 봉덕동,중상사고,0,1,0,0,차량단독 - 기타,안전운전불이행,습기,비,단일로 - 기타,승합,남,36세,상해없음,,,,
2012102300100589,2012년 10월 23일 19시,화요일,대구광역시 달서구 송현동,중상사고,0,1,0,0,차대차 - 기타,안전운전불이행,건조,맑음,기타 - 기타,기타불명,기타불명,기타불명,기타불명,자전거,남,17세,중상
2012102300100616,2012년 10월 23일 20시,화요일,대구광역시 수성구 범어동,경상사고,0,0,2,0,차대차 - 추돌 - 주정차중,안전운전불이행,건조,맑음,단일로 - 기타,승용,남,22세,상해없음,승용,여,53세,경상
2012102300100648,2012년 10월 23일 21시,화요일,대구광역시 동구 신천동,경상사고,0,0,1,0,차량단독 - 기타,안전운전불이행,건조,맑음,단일로 - 기타,승합,남,38세,상해없음,,,,
2012102300100649,2012년 10월 23일 21시,화요일,대구광역시 북구 침산동,부상신고사고,0,0,0,1,차량단독 - 공작물충돌,안전운전불이행,건조,맑음,단일로 - 기타,화물,남,53세,부상신고,,,,
2012102300100650,2012년 10월 23일 21시,화요일,대구광역시 서구 비산동,중상사고,0,1,0,0,차대사람 - 보도통행중,기타,건조,맑음,기타 - 기타,자전거,남,40세,상해없음,보행자,여,54세,중상
2012102300100683,2012년 10월 23일 22시,화요일,대구광역시 달성군 화원읍,경상사고,0,0,1,0,차대사람 - 횡단중,신호위반,건조,맑음,단일로 - 횡단보도상,승용,여,37세,상해없음,보행자,남,51세,경상
2012102400100019,2012년 10월 24일 00시,수요일,대구광역시 동구 방촌동,중상사고,0,1,0,0,차대사람 - 기타,안전운전불이행,건조,맑음,단일로 - 기타,승용,남,31세,상해없음,보행자,남,55세,중상
2012102400100091,2012년 10월 24일 06시,수요일,대구광역시 북구 동천동,경상사고,0,0,1,0,차대차 - 측면직각충돌,신호위반,건조,맑음,교차로 - 교차로안,승용,남,42세,상해없음,승용,여,65세,경상
2012102400100155,2012년 10월 24일 08시,수요일,대구광역시 달서구 본동,중상사고,0,1,0,0,차대차 - 측면직각충돌,기타,건조,맑음,단일로 - 기타,승용,남,44세,상해없음,자전거,여,42세,중상
2012102400100156,2012년 10월 24일 08시,수요일,대구광역시 북구 태전동,경상사고,0,0,1,0,차대차 - 기타,교차로운행방법위반,건조,맑음,교차로 - 교차로안,승용,남,53세,상해없음,자전거,여,54세,경상
2012102400100157,2012년 10월 24일 08시,수요일,대구광역시 중구 삼덕동1가,중상사고,0,1,0,0,차대차 - 기타,안전운전불이행,건조,맑음,단일로 - 횡단보도상,승용,남,53세,상해없음,자전거,남,54세,중상
2012102400100158,2012년 10월 24일 08시,수요일,대구광역시 중구 동인동1가,중상사고,0,1,0,0,차대차 - 측면직각충돌,안전운전불이행,건조,맑음,교차로 - 교차로안,승용,남,58세,상해없음,자전거,여,37세,중상
2012102400100207,2012년 10월 24일 10시,수요일,대구광역시 동구 신암동,중상사고,0,1,1,0,차대차 - 기타,안전거리미확보,건조,맑음,단일로 - 기타,승용,여,54세,상해없음,승용,여,33세,경상
2012102400100208,2012년 10월 24일 10시,수요일,대구광역시 동구 효목동,중상사고,0,1,0,0,차대사람 - 보도통행중,안전운전불이행,건조,맑음,단일로 - 기타,승용,여,45세,기타불명,보행자,여,60세,중상
2012102400100209,2012년 10월 24일 10시,수요일,대구광역시 동구 신천동,경상사고,0,0,2,0,차대차 - 기타,안전운전불이행,건조,맑음,교차로 - 교차로부근,승용,남,69세,상해없음,승용,남,48세,경상
2012102400100210,2012년 10월 24일 10시,수요일,대구광역시 수성구 연호동,경상사고,0,0,1,0,차대차 - 추돌 - 진행중,안전운전불이행,건조,맑음,교차로 - 교차로안,승용,남,33세,상해없음,승용,여,52세,경상
2012102400100240,2012년 10월 24일 11시,수요일,대구광역시 남구 대명동,부상신고사고,0,0,0,1,차대사람 - 기타,안전운전불이행,건조,맑음,단일로 - 기타,기타불명,기타불명,기타불명,기타불명,보행자,여,61세,부상신고
2012102400100241,2012년 10월 24일 11시,수요일,대구광역시 수성구 범어동,경상사고,0,0,3,0,차대차 - 추돌 - 주정차중,보행자보호의무위반,건조,맑음,단일로 - 횡단보도상,승용,여,45세,상해없음,승용,여,38세,상해없음
2012102400100242,2012년 10월 24일 11시,수요일,대구광역시 북구 침산동,중상사고,0,1,0,0,차대차 - 측면직각충돌,안전운전불이행,건조,맑음,단일로 - 기타,화물,남,54세,상해없음,자전거,남,64세,중상
2012102400100267,2012년 10월 24일 12시,수요일,대구광역시 남구 봉덕동,경상사고,0,0,1,0,차대사람 - 기타,안전운전불이행,건조,맑음,단일로 - 기타,승용,남,42세,상해없음,보행자,남,32세,경상
2012102400100315,2012년 10월 24일 14시,수요일,대구광역시 수성구 수성동1가,경상사고,0,0,1,0,차대차 - 측면직각충돌,안전거리미확보,건조,맑음,교차로 - 교차로부근,승용,여,19세,상해없음,승용,여,48세,경상
2012102400100403,2012년 10월 24일 17시,수요일,대구광역시 달서구 월성동,경상사고,0,0,1,0,차대사람 - 횡단중,기타,건조,맑음,단일로 - 기타,승용,남,46세,상해없음,보행자,남,10세,경상
2012102400100446,2012년 10월 24일 18시,수요일,대구광역시 달성군 가창면,중상사고,0,1,0,0,차량단독 - 기타,안전운전불이행,건조,맑음,단일로 - 기타,승합,남,40세,상해없음,,,,
2012102400100447,2012년 10월 24일 18시,수요일,대구광역시 북구 대현동,경상사고,0,0,1,0,차대사람 - 기타,안전운전불이행,건조,맑음,단일로 - 기타,이륜,남,49세,상해없음,보행자,남,10세,경상
2012102400100448,2012년 10월 24일 18시,수요일,대구광역시 북구 태전동,경상사고,0,0,2,0,차대차 - 측면직각충돌,안전거리미확보,건조,맑음,교차로 - 교차로부근,원동기,남,48세,경상,승용,여,32세,경상
2012102400100483,2012년 10월 24일 19시,수요일,대구광역시 남구 대명동,경상사고,0,0,1,0,차대차 - 기타,안전운전불이행,건조,맑음,교차로 - 교차로안,승용,남,52세,상해없음,자전거,남,73세,경상
2012102400100484,2012년 10월 24일 19시,수요일,대구광역시 동구 신암동,중상사고,0,2,2,0,차대차 - 추돌 - 주정차중,안전운전불이행,건조,맑음,교차로 - 교차로부근,승용,남,41세,상해없음,승용,남,53세,경상
2012102400100485,2012년 10월 24일 19시,수요일,대구광역시 수성구 두산동,경상사고,0,0,1,0,차대사람 - 기타,안전운전불이행,건조,맑음,단일로 - 기타,승용,남,56세,상해없음,보행자,남,4세,경상
2012102400100486,2012년 10월 24일 19시,수요일,대구광역시 달서구 상인동,경상사고,0,0,1,0,차대사람 - 길가장자리구역통행중,안전운전불이행,건조,맑음,단일로 - 기타,승용,여,40세,상해없음,보행자,남,16세,경상
2012102400100487,2012년 10월 24일 19시,수요일,대구광역시 달성군 논공읍,경상사고,0,0,1,0,차대차 - 측면직각충돌,직진우회전진행방해,건조,맑음,교차로 - 교차로안,이륜,남,17세,상해없음,이륜,남,17세,경상
2012102400100523,2012년 10월 24일 20시,수요일,대구광역시 북구 칠성동2가,중상사고,0,1,0,0,차대사람 - 횡단중,안전운전불이행,건조,맑음,교차로 - 교차로안,승용,남,74세,상해없음,보행자,남,49세,중상
2012102400100524,2012년 10월 24일 20시,수요일,대구광역시 서구 평리동,중상사고,0,1,0,0,차대차 - 기타,신호위반,건조,맑음,교차로 - 교차로부근,원동기,남,15세,상해없음,승용,남,49세,상해없음
2012102400100557,2012년 10월 24일 21시,수요일,대구광역시 달서구 월성동,경상사고,0,0,3,0,차대차 - 기타,안전운전불이행,건조,맑음,단일로 - 기타,이륜,남,16세,상해없음,승용,남,25세,경상
2012102400100588,2012년 10월 24일 22시,수요일,대구광역시 북구 매천동,경상사고,0,0,1,0,차대차 - 측면직각충돌,신호위반,건조,맑음,단일로 - 기타,승용,남,52세,상해없음,이륜,남,18세,경상
2012102400100589,2012년 10월 24일 22시,수요일,대구광역시 달서구 용산동,경상사고,0,0,2,0,차대차 - 측면직각충돌,안전거리미확보,건조,맑음,단일로 - 기타,승용,남,47세,상해없음,승용,남,50세,경상
2012102400100617,2012년 10월 24일 23시,수요일,대구광역시 달서구 대천동,경상사고,0,0,1,0,차대차 - 추돌 - 주정차중,안전운전불이행,건조,맑음,교차로 - 교차로안,승용,남,32세,상해없음,승용,남,38세,경상
2012102400100618,2012년 10월 24일 23시,수요일,대구광역시 달성군 논공읍,경상사고,0,0,1,0,차대차 - 기타,안전운전불이행,건조,맑음,단일로 - 기타,승합,남,42세,상해없음,승용,여,42세,경상
2012102400100619,2012년 10월 24일 23시,수요일,대구광역시 북구 서변동,경상사고,0,0,1,0,차대차 - 기타,안전운전불이행,건조,맑음,단일로 - 기타,승용,남,49세,상해없음,자전거,남,30세,경상
2012102500100018,2012년 10월 25일 00시,목요일,대구광역시 북구 산격동,경상사고,0,0,1,0,차대차 - 기타,안전운전불이행,건조,맑음,단일로 - 기타,승용,남,43세,상해없음,승용,여,51세,경상
2012102500100019,2012년 10월 25일 00시,목요일,대구광역시 중구 동성로3가,경상사고,0,0,2,0,차대차 - 기타,안전운전불이행,건조,맑음,단일로 - 기타,승용,남,31세,상해없음,승용,여,37세,경상
2012102500100029,2012년 10월 25일 01시,목요일,대구광역시 수성구 만촌동,경상사고,0,0,3,0,차대차 - 측면직각충돌,기타,건조,맑음,교차로 - 교차로안,승용,남,55세,경상,승용,남,24세,경상
2012102500100030,2012년 10월 25일 01시,목요일,대구광역시 달서구 송현동,경상사고,0,0,2,0,차대차 - 기타,불법유턴,건조,맑음,단일로 - 기타,승용,남,42세,상해없음,원동기,남,16세,경상
2012102500100041,2012년 10월 25일 02시,목요일,대구광역시 중구 삼덕동2가,경상사고,0,0,2,0,차대차 - 기타,안전거리미확보,건조,맑음,단일로 - 기타,승용,남,21세,상해없음,승용,남,37세,경상
2012102500100050,2012년 10월 25일 03시,목요일,대구광역시 남구 봉덕동,중상사고,0,1,1,0,차대차 - 추돌 - 주정차중,안전운전불이행,건조,맑음,교차로 - 교차로부근,화물,남,24세,상해없음,승용,남,54세,중상
2012102500100091,2012년 10월 25일 06시,목요일,대구광역시 북구 복현동,중상사고,0,1,0,0,차대차 - 기타,안전운전불이행,건조,맑음,기타 - 기타,승용,남,39세,상해없음,자전거,남,46세,중상
2012102500100092,2012년 10월 25일 06시,목요일,대구광역시 서구 내당동,중상사고,0,1,0,0,차대사람 - 횡단중,안전운전불이행,건조,맑음,단일로 - 횡단보도부근,화물,남,65세,상해없음,보행자,여,84세,중상
2012102500100093,2012년 10월 25일 06시,목요일,대구광역시 중구 동인동1가,중상사고,0,1,7,0,차대차 - 기타,안전운전불이행,건조,맑음,단일로 - 기타,승용,남,36세,상해없음,승용,남,56세,경상
2012102500100119,2012년 10월 25일 07시,목요일,대구광역시 북구 태전동,중상사고,0,1,0,0,차대차 - 측면직각충돌,신호위반,건조,맑음,교차로 - 교차로안,승용,남,57세,상해없음,승용,남,52세,상해없음
2012102500100168,2012년 10월 25일 08시,목요일,대구광역시 서구 중리동,경상사고,0,0,1,0,차대차 - 측면직각충돌,안전운전불이행,건조,맑음,단일로 - 기타,승용,여,47세,상해없음,이륜,남,54세,경상
2012102500100189,2012년 10월 25일 09시,목요일,대구광역시 남구 봉덕동,중상사고,0,3,4,0,차대차 - 추돌 - 진행중,안전거리미확보,건조,맑음,단일로 - 기타,승용,여,44세,경상,승용,남,46세,중상
2012102500100216,2012년 10월 25일 10시,목요일,대구광역시 북구 동천동,중상사고,0,2,2,0,차대차 - 추돌 - 주정차중,안전운전불이행,건조,맑음,교차로 - 교차로부근,승용,남,43세,상해없음,승용,남,62세,경상
2012102500100217,2012년 10월 25일 10시,목요일,대구광역시 달서구 두류동,경상사고,0,0,1,0,차량단독 - 기타,기타,건조,맑음,단일로 - 기타,승용,남,59세,상해없음,,,,
2012102500100240,2012년 10월 25일 11시,목요일,대구광역시 수성구 상동,중상사고,0,2,0,0,차대차 - 기타,교차로운행방법위반,건조,맑음,교차로 - 교차로안,승용,남,26세,상해없음,승용,여,38세,중상
2012102500100241,2012년 10월 25일 11시,목요일,대구광역시 북구 산격동,중상사고,0,1,0,0,차량단독 - 기타,안전운전불이행,건조,맑음,교차로 - 교차로부근,승합,남,53세,상해없음,,,,
2012102500100242,2012년 10월 25일 11시,목요일,대구광역시 서구 비산동,경상사고,0,0,1,0,차대사람 - 차도통행중,안전운전불이행,건조,맑음,단일로 - 기타,승용,남,48세,상해없음,보행자,남,46세,경상
2012102500100267,2012년 10월 25일 12시,목요일,대구광역시 수성구 황금동,경상사고,0,0,1,0,차대차 - 추돌 - 주정차중,안전운전불이행,건조,맑음,교차로 - 교차로부근,승용,남,80세,상해없음,승용,남,33세,경상
2012102500100297,2012년 10월 25일 13시,목요일,대구광역시 수성구 지산동,중상사고,0,1,0,0,차량단독 - 기타,기타,건조,맑음,단일로 - 기타,승합,남,55세,상해없음,,,,
2012102500100298,2012년 10월 25일 13시,목요일,대구광역시 달서구 본동,중상사고,0,1,0,0,차대차 - 기타,안전거리미확보,건조,맑음,단일로 - 기타,화물,남,23세,상해없음,승용,남,58세,중상
2012102500100299,2012년 10월 25일 13시,목요일,대구광역시 북구 노원동3가,사망사고,1,0,0,0,차대차 - 기타,안전운전불이행,건조,맑음,단일로 - 기타,건설기계,남,46세,상해없음,자전거,남,80세,사망
2012102500100300,2012년 10월 25일 13시,목요일,대구광역시 북구 팔달동,경상사고,0,0,1,0,차대차 - 기타,안전운전불이행,건조,맑음,단일로 - 기타,승용,남,56세,상해없음,승용,남,44세,경상
2012102500100326,2012년 10월 25일 14시,목요일,대구광역시 동구 용계동,경상사고,0,0,2,0,차대차 - 추돌 - 주정차중,안전거리미확보,건조,맑음,단일로 - 기타,승용,남,34세,상해없음,승용,남,50세,경상
2012102500100327,2012년 10월 25일 14시,목요일,대구광역시 서구 평리동,경상사고,0,0,1,0,차대차 - 측면직각충돌,중앙선침범,건조,맑음,단일로 - 기타,이륜,남,67세,경상,승용,여,28세,상해없음
2012102500100350,2012년 10월 25일 15시,목요일,대구광역시 달서구 월성동,경상사고,0,0,1,0,차대차 - 기타,불법유턴,건조,맑음,교차로 - 교차로안,이륜,여,45세,경상,승용,여,38세,상해없음
2012102500100372,2012년 10월 25일 16시,목요일,대구광역시 달성군 논공읍,경상사고,0,0,1,0,차대차 - 기타,안전운전불이행,건조,맑음,교차로 - 교차로부근,승용,여,46세,경상,건설기계,남,68세,상해없음
2012102500100406,2012년 10월 25일 17시,목요일,대구광역시 달서구 월성동,경상사고,0,0,1,0,차대사람 - 횡단중,보행자보호의무위반,건조,맑음,단일로 - 횡단보도상,기타불명,기타불명,기타불명,기타불명,보행자,여,10세,경상
2012102500100460,2012년 10월 25일 18시,목요일,대구광역시 남구 대명동,부상신고사고,0,0,0,1,차대사람 - 기타,안전운전불이행,건조,맑음,교차로 - 교차로부근,승용,기타불명,기타불명,기타불명,보행자,남,7세,부상신고
2012102500100461,2012년 10월 25일 18시,목요일,대구광역시 달성군 화원읍,중상사고,0,1,0,0,차대사람 - 횡단중,안전운전불이행,건조,맑음,교차로 - 교차로안,특수,남,62세,상해없음,보행자,여,14세,중상
2012102500100462,2012년 10월 25일 18시,목요일,대구광역시 북구 복현동,경상사고,0,0,2,0,차대차 - 추돌 - 주정차중,안전운전불이행,건조,맑음,교차로 - 교차로부근,승용,남,21세,상해없음,승용,여,46세,경상
2012102500100495,2012년 10월 25일 19시,목요일,대구광역시 동구 백안동,중상사고,0,1,0,0,차대사람 - 횡단중,보행자보호의무위반,건조,맑음,교차로 - 교차로안,승용,남,56세,상해없음,보행자,여,61세,중상
2012102500100496,2012년 10월 25일 19시,목요일,대구광역시 달서구 도원동,중상사고,0,1,0,0,차대사람 - 기타,기타,건조,맑음,단일로 - 기타,승합,남,57세,상해없음,보행자,여,71세,중상
2012102500100497,2012년 10월 25일 19시,목요일,대구광역시 중구 태평로1가,사망사고,1,0,0,0,차대사람 - 횡단중,안전운전불이행,건조,맑음,단일로 - 기타,승용,남,69세,상해없음,보행자,남,57세,사망
2012102500100498,2012년 10월 25일 19시,목요일,대구광역시 중구 동산동,경상사고,0,0,1,0,차대사람 - 기타,안전운전불이행,건조,맑음,단일로 - 기타,승용,여,41세,상해없음,보행자,남,63세,경상
2012102500100530,2012년 10월 25일 20시,목요일,대구광역시 수성구 지산동,중상사고,0,1,0,0,차대차 - 기타,안전운전불이행,건조,맑음,교차로 - 교차로안,승용,남,55세,상해없음,자전거,남,24세,중상
2012102500100559,2012년 10월 25일 21시,목요일,대구광역시 수성구 상동,경상사고,0,0,1,0,차대차 - 추돌 - 진행중,안전거리미확보,건조,맑음,교차로 - 교차로안,승용,여,32세,상해없음,승용,여,49세,경상
2012102500100560,2012년 10월 25일 21시,목요일,대구광역시 달성군 다사읍,중상사고,0,1,1,0,차대차 - 측면직각충돌,안전운전불이행,건조,맑음,교차로 - 교차로안,승합,남,48세,상해없음,승용,남,32세,경상
2012102500100561,2012년 10월 25일 21시,목요일,대구광역시 북구 산격동,경상사고,0,0,2,0,차대차 - 추돌 - 진행중,안전운전불이행,건조,맑음,교차로 - 교차로부근,승용,남,63세,상해없음,승용,여,44세,경상
2012102500100562,2012년 10월 25일 21시,목요일,대구광역시 북구 구암동,경상사고,0,0,1,0,차대사람 - 보도통행중,중앙선침범,건조,맑음,단일로 - 기타,자전거,여,54세,상해없음,보행자,남,7세,경상
2012102500100563,2012년 10월 25일 21시,목요일,대구광역시 북구 구암동,중상사고,0,1,0,0,차대사람 - 기타,안전운전불이행,건조,맑음,단일로 - 기타,화물,남,36세,상해없음,보행자,여,51세,중상
2012102500100564,2012년 10월 25일 21시,목요일,대구광역시 달서구 두류동,경상사고,0,0,2,0,차대차 - 측면직각충돌,안전운전불이행,건조,맑음,교차로 - 교차로부근,승용,남,54세,상해없음,이륜,남,19세,경상