사고번호,사고일시,요일,시군구,사고내용,사망자수,중상자수,경상자수,부상신고자수,사고유형,법규위반,노면상태,기상상태,도로형태,가해운전자 차종,가해운전자 성별,가해운전자 연령,가해운전자 상해정도,피해운전자 차종,피해운전자 성별,피해운전자 연령,피해운전자 상해정도
2012102800100338,2012년 10월 28일 15시,일요일,대구광역시 북구 태전동,중상사고,0,2,0,1,차대차 - 측면직각충돌,안전운전불이행,건조,맑음,교차로 - 교차로안,승용,남,34세,부상신고,승용,여,31세,중상
2012102800100377,2012년 10월 28일 16시,일요일,대구광역시 북구 칠성동1가,경상사고,0,0,1,0,차대차 - 추돌 - 주정차중,기타,건조,맑음,교차로 - 교차로부근,승용,남,71세,상해없음,자전거,여,51세,경상
2012102800100378,2012년 10월 28일 16시,일요일,대구광역시 북구 산격동,경상사고,0,0,1,0,차대차 - 추돌 - 주정차중,안전운전불이행,건조,맑음,단일로 - 기타,승용,남,62세,상해없음,승용,남,41세,상해없음
2012102800100410,2012년 10월 28일 17시,일요일,대구광역시 동구 숙천동,중상사고,0,2,2,0,차대차 - 기타,안전운전불이행,건조,맑음,교차로 - 교차로부근,승용,남,69세,상해없음,승용,남,41세,경상
2012102800100411,2012년 10월 28일 17시,일요일,대구광역시 동구 신암동,경상사고,0,0,1,0,차량단독 - 기타,안전운전불이행,건조,맑음,교차로 - 교차로안,승합,남,53세,기타불명,,,,
2012102800100412,2012년 10월 28일 17시,일요일,대구광역시 북구 칠성동1가,경상사고,0,0,2,0,차대사람 - 횡단중,안전운전불이행,건조,맑음,단일로 - 기타,승합,남,56세,상해없음,보행자,여,30세,경상
2012102800100461,2012년 10월 28일 18시,일요일,대구광역시 북구 대현동,부상신고사고,0,0,0,3,차대차 - 기타,안전운전불이행,건조,맑음,기타 - 기타,승용,남,47세,기타불명,승용,남,52세,부상신고
2012102800100462,2012년 10월 28일 18시,일요일,대구광역시 중구 동성로2가,경상사고,0,0,1,0,차대차 - 기타,안전운전불이행,건조,맑음,단일로 - 기타,이륜,남,31세,상해없음,이륜,남,44세,경상
2012102800100505,2012년 10월 28일 19시,일요일,대구광역시 남구 대명동,경상사고,0,0,1,0,차대차 - 측면직각충돌,안전거리미확보,건조,맑음,단일로 - 기타,승용,남,49세,상해없음,자전거,남,31세,경상
2012102800100506,2012년 10월 28일 19시,일요일,대구광역시 동구 신천동,부상신고사고,0,0,0,1,차대차 - 측면직각충돌,안전거리미확보,건조,맑음,단일로 - 기타,승용,여,44세,상해없음,승용,남,33세,상해없음
2012102800100507,2012년 10월 28일 19시,일요일,대구광역시 달성군 가창면,중상사고,0,1,0,0,차대사람 - 길가장자리구역통행중,안전운전불이행,건조,맑음,단일로 - 기타,화물,남,41세,상해없음,보행자,남,60세,중상
2012102800100508,2012년 10월 28일 19시,일요일,대구광역시 달서구 성당동,경상사고,0,0,2,1,차대차 - 추돌 - 주정차중,안전운전불이행,건조,맑음,단일로 - 기타,화물,남,64세,상해없음,승합,남,34세,경상
2012102800100535,2012년 10월 28일 20시,일요일,대구광역시 북구 서변동,경상사고,0,0,5,0,차대차 - 추돌 - 주정차중,안전운전불이행,건조,맑음,기타 - 기타,승용,여,41세,상해없음,승용,여,41세,경상
2012102800100584,2012년 10월 28일 22시,일요일,대구광역시 남구 대명동,사망사고,1,0,0,0,차대사람 - 횡단중,안전운전불이행,건조,맑음,단일로 - 기타,승용,남,71세,상해없음,보행자,남,35세,사망
2012102800100585,2012년 10월 28일 22시,일요일,대구광역시 수성구 상동,경상사고,0,0,4,0,차대차 - 기타,안전운전불이행,건조,맑음,교차로 - 교차로부근,승용,여,37세,경상,승합,남,56세,상해없음
2012102800100586,2012년 10월 28일 22시,일요일,대구광역시 중구 동인동1가,경상사고,0,0,3,0,차대차 - 기타,안전거리미확보,건조,맑음,교차로 - 교차로부근,승용,남,59세,상해없음,승용,여,41세,경상
2012102900100025,2012년 10월 29일 01시,월요일,대구광역시 남구 대명동,중상사고,0,1,0,0,차대사람 - 보도통행중,안전운전불이행,건조,맑음,단일로 - 횡단보도상,승용,남,50세,상해없음,보행자,여,19세,중상
2012102900100048,2012년 10월 29일 05시,월요일,대구광역시 동구 효목동,경상사고,0,0,1,0,차대차 - 추돌 - 주정차중,안전운전불이행,건조,맑음,교차로 - 교차로부근,승용,남,28세,상해없음,승용,남,49세,경상
2012102900100049,2012년 10월 29일 05시,월요일,대구광역시 수성구 수성동3가,중상사고,0,1,0,0,차대사람 - 기타,안전운전불이행,건조,맑음,단일로 - 기타,기타불명,기타불명,기타불명,기타불명,보행자,남,26세,중상
2012102900100050,2012년 10월 29일 05시,월요일,대구광역시 달성군 옥포면,중상사고,0,1,0,0,차량단독 - 공작물충돌,안전운전불이행,건조,맑음,단일로 - 기타,승용,남,54세,중상,,,,
2012102900100051,2012년 10월 29일 05시,월요일,대구광역시 중구 동인동1가,경상사고,0,0,1,0,차대차 - 기타,신호위반,건조,맑음,교차로 - 교차로안,승용,여,44세,상해없음,승용,여,64세,경상
2012102900100071,2012년 10월 29일 06시,월요일,대구광역시 남구 대명동,경상사고,0,0,1,0,차대차 - 측면직각충돌,교차로운행방법위반,건조,맑음,교차로 - 교차로안,화물,남,36세,상해없음,승용,남,37세,상해없음
2012102900100094,2012년 10월 29일 07시,월요일,대구광역시 동구 율하동,경상사고,0,0,2,0,차대차 - 측면직각충돌,교차로운행방법위반,건조,맑음,교차로 - 교차로안,승용,남,30세,경상,승용,여,30세,경상
2012102900100095,2012년 10월 29일 07시,월요일,대구광역시 동구 검사동,경상사고,0,0,2,0,차대차 - 추돌 - 진행중,안전거리미확보,건조,맑음,단일로 - 교량,승용,남,57세,상해없음,승용,남,38세,경상
2012102900100144,2012년 10월 29일 08시,월요일,대구광역시 달성군 구지면,경상사고,0,0,1,0,차대차 - 측면직각충돌,직진우회전진행방해,건조,맑음,교차로 - 교차로안,화물,남,33세,상해없음,승용,남,53세,경상
2012102900100145,2012년 10월 29일 08시,월요일,대구광역시 북구 노원동3가,경상사고,0,0,1,0,차대차 - 기타,교차로운행방법위반,건조,맑음,교차로 - 교차로안,승용,남,29세,상해없음,승용,남,35세,경상
2012102900100146,2012년 10월 29일 08시,월요일,대구광역시 북구 침산동,중상사고,0,1,0,0,차대사람 - 길가장자리구역통행중,보행자보호의무위반,건조,맑음,교차로 - 교차로안,승용,남,29세,상해없음,보행자,여,69세,중상
2012102900100147,2012년 10월 29일 08시,월요일,대구광역시 중구 태평로2가,경상사고,0,0,1,0,차대사람 - 횡단중,신호위반,건조,맑음,단일로 - 횡단보도상,승용,여,62세,상해없음,보행자,여,49세,경상
2012102900100175,2012년 10월 29일 09시,월요일,대구광역시 수성구 범어동,중상사고,0,1,0,0,차대차 - 기타,안전운전불이행,건조,맑음,단일로 - 기타,화물,남,34세,상해없음,자전거,여,69세,중상
2012102900100176,2012년 10월 29일 09시,월요일,대구광역시 수성구 만촌동,부상신고사고,0,0,0,1,차대차 - 추돌 - 진행중,교차로운행방법위반,건조,맑음,교차로 - 교차로부근,승용,남,50세,기타불명,승용,남,53세,부상신고
2012102900100177,2012년 10월 29일 09시,월요일,대구광역시 달서구 두류동,경상사고,0,0,2,0,차대차 - 추돌 - 주정차중,안전거리미확보,건조,맑음,교차로 - 교차로부근,승용,남,66세,상해없음,승용,남,55세,경상
2012102900100200,2012년 10월 29일 10시,월요일,대구광역시 남구 대명동,경상사고,0,0,1,0,차대차 - 추돌 - 진행중,안전거리미확보,건조,맑음,단일로 - 기타,이륜,남,18세,상해없음,승용,여,40세,경상
2012102900100201,2012년 10월 29일 10시,월요일,대구광역시 북구 복현동,경상사고,0,0,1,0,차대차 - 기타,안전운전불이행,건조,맑음,기타 - 기타,승용,남,41세,상해없음,이륜,남,31세,경상
2012102900100202,2012년 10월 29일 10시,월요일,대구광역시 북구 태전동,부상신고사고,0,0,0,1,차대차 - 측면직각충돌,중앙선침범,건조,맑음,단일로 - 기타,이륜,남,30세,부상신고,승용,남,42세,상해없음
2012102900100223,2012년 10월 29일 11시,월요일,대구광역시 수성구 만촌동,경상사고,0,0,1,0,차대사람 - 길가장자리구역통행중,안전운전불이행,건조,맑음,교차로 - 교차로부근,화물,남,39세,기타불명,보행자,여,21세,경상
2012102900100251,2012년 10월 29일 12시,월요일,대구광역시 수성구 범어동,경상사고,0,0,2,0,차대차 - 기타,안전거리미확보,건조,맑음,단일로 - 기타,승용,여,71세,상해없음,승용,여,49세,경상
2012102900100279,2012년 10월 29일 13시,월요일,대구광역시 수성구 수성동4가,경상사고,0,0,2,0,차대차 - 기타,안전거리미확보,건조,맑음,기타 - 기타,자전거,남,46세,경상,자전거,남,54세,경상
2012102900100303,2012년 10월 29일 14시,월요일,대구광역시 달성군 옥포면,중상사고,0,3,0,0,차대차 - 기타,안전운전불이행,건조,맑음,교차로 - 교차로부근,화물,남,53세,중상,화물,남,49세,중상
2012102900100333,2012년 10월 29일 15시,월요일,대구광역시 동구 신암동,경상사고,0,0,1,0,차대차 - 기타,신호위반,건조,맑음,교차로 - 교차로안,승용,남,69세,상해없음,원동기,남,54세,경상
2012102900100334,2012년 10월 29일 15시,월요일,대구광역시 달성군 화원읍,중상사고,0,1,0,0,차대사람 - 보도통행중,안전운전불이행,건조,맑음,교차로 - 교차로안,자전거,기타불명,기타불명,기타불명,보행자,여,80세,중상
2012102900100335,2012년 10월 29일 15시,월요일,대구광역시 북구 구암동,경상사고,0,0,1,0,차대사람 - 기타,신호위반,건조,맑음,단일로 - 횡단보도상,승용,남,26세,상해없음,보행자,여,11세,경상
2012102900100381,2012년 10월 29일 16시,월요일,대구광역시 북구 칠성동2가,경상사고,0,0,1,0,차대차 - 정면충돌,중앙선침범,건조,맑음,교차로 - 교차로안,자전거,여,53세,경상,화물,남,59세,상해없음
2012102900100425,2012년 10월 29일 17시,월요일,대구광역시 수성구 수성동1가,경상사고,0,0,1,0,차대사람 - 횡단중,보행자보호의무위반,건조,맑음,단일로 - 횡단보도상,승용,남,71세,상해없음,보행자,여,10세,경상
2012102900100426,2012년 10월 29일 17시,월요일,대구광역시 수성구 황금동,중상사고,0,1,0,0,차대차 - 추돌 - 진행중,안전거리미확보,건조,맑음,단일로 - 기타,승용,남,22세,상해없음,승용,여,37세,중상
2012102900100427,2012년 10월 29일 17시,월요일,대구광역시 수성구 범어동,중상사고,0,1,0,0,차대사람 - 차도통행중,안전운전불이행,건조,맑음,단일로 - 기타,승용,남,66세,상해없음,보행자,여,13세,중상
2012102900100428,2012년 10월 29일 17시,월요일,대구광역시 달서구 진천동,경상사고,0,0,1,0,차대차 - 기타,안전운전불이행,건조,맑음,단일로 - 기타,승용,남,39세,상해없음,자전거,남,65세,경상
2012102900100429,2012년 10월 29일 17시,월요일,대구광역시 북구 동천동,중상사고,0,1,0,0,차대사람 - 횡단중,안전운전불이행,건조,맑음,단일로 - 기타,승용,여,34세,상해없음,보행자,남,15세,중상
2012102900100495,2012년 10월 29일 18시,월요일,대구광역시 남구 대명동,경상사고,0,0,1,0,차대사람 - 기타,안전운전불이행,건조,맑음,교차로 - 교차로부근,승용,남,60세,상해없음,보행자,남,16세,경상
2012102900100496,2012년 10월 29일 18시,월요일,대구광역시 달서구 진천동,경상사고,0,0,1,0,차대차 - 추돌 - 주정차중,안전운전불이행,건조,맑음,단일로 - 기타,승합,여,50세,상해없음,원동기,남,22세,경상
2012102900100497,2012년 10월 29일 18시,월요일,대구광역시 북구 노원동2가,경상사고,0,0,1,0,차대차 - 기타,기타,건조,맑음,단일로 - 기타,기타불명,남,69세,경상,승용,여,34세,상해없음
2012102900100534,2012년 10월 29일 19시,월요일,대구광역시 북구 복현동,중상사고,0,1,0,0,차대사람 - 기타,안전운전불이행,건조,맑음,단일로 - 기타,승용,여,32세,상해없음,보행자,남,21세,중상
2012102900100535,2012년 10월 29일 19시,월요일,대구광역시 서구 비산동,경상사고,0,0,1,0,차대차 - 기타,교차로운행방법위반,건조,맑음,교차로 - 교차로안,승용,여,40세,상해없음,이륜,남,51세,경상
2012102900100536,2012년 10월 29일 19시,월요일,대구광역시 달서구 용산동,중상사고,0,1,0,0,차대사람 - 기타,보행자보호의무위반,건조,맑음,단일로 - 횡단보도상,승용,남,60세,상해없음,보행자,여,15세,중상
2012102900100564,2012년 10월 29일 20시,월요일,대구광역시 수성구 범어동,중상사고,0,1,0,0,차대차 - 측면직각충돌,신호위반,건조,맑음,교차로 - 교차로안,승용,여,52세,상해없음,승용,여,42세,중상
2012102900100594,2012년 10월 29일 21시,월요일,대구광역시 동구 지저동,중상사고,0,1,0,0,차대차 - 기타,안전운전불이행,건조,맑음,단일로 - 기타,특수,남,35세,상해없음,자전거,남,52세,중상
2012102900100595,2012년 10월 29일 21시,월요일,대구광역시 수성구 범어동,중상사고,0,2,3,0,차대차 - 추돌 - 주정차중,안전운전불이행,건조,맑음,교차로 - 교차로부근,승용,여,44세,상해없음,승용,여,32세,경상
2012102900100596,2012년 10월 29일 21시,월요일,대구광역시 서구 중리동,경상사고,0,0,3,0,차대차 - 추돌 - 주정차중,안전운전불이행,건조,흐림,단일로 - 기타,승용,남,51세,상해없음,승용,남,30세,경상
2012102900100625,2012년 10월 29일 22시,월요일,대구광역시 서구 비산동,경상사고,0,0,1,0,차대차 - 기타,안전운전불이행,건조,맑음,단일로 - 기타,승용,남,55세,상해없음,승용,남,47세,경상
2012102900100641,2012년 10월 29일 23시,월요일,대구광역시 남구 봉덕동,중상사고,0,2,1,0,차대차 - 측면직각충돌,교차로운행방법위반,건조,맑음,교차로 - 교차로안,승용,남,68세,상해없음,승용,여,31세,중상
2012102900100642,2012년 10월 29일 23시,월요일,대구광역시 달서구 본리동,경상사고,0,0,1,0,차대차 - 측면직각충돌,중앙선침범,건조,맑음,단일로 - 기타,승용,남,42세,상해없음,이륜,남,17세,경상
2012103000100017,2012년 10월 30일 00시,화요일,대구광역시 동구 지저동,중상사고,0,1,0,0,차대차 - 추돌 - 주정차중,안전운전불이행,건조,맑음,단일로 - 기타,승용,여,22세,상해없음,승용,여,58세,중상
2012103000100018,2012년 10월 30일 00시,화요일,대구광역시 북구 침산동,경상사고,0,0,1,0,차대차 - 측면직각충돌,안전운전불이행,건조,맑음,단일로 - 기타,승용,남,51세,경상,승용,남,57세,상해없음
2012103000100031,2012년 10월 30일 01시,화요일,대구광역시 서구 상리동,경상사고,0,0,1,0,차대차 - 기타,안전거리미확보,건조,맑음,단일로 - 기타,화물,남,49세,상해없음,화물,남,57세,경상
2012103000100032,2012년 10월 30일 01시,화요일,대구광역시 중구 삼덕동2가,경상사고,0,0,1,0,차대사람 - 기타,안전운전불이행,건조,맑음,단일로 - 기타,승용,남,57세,상해없음,보행자,남,21세,경상
2012103000100041,2012년 10월 30일 02시,화요일,대구광역시 달서구 상인동,경상사고,0,0,1,1,차대차 - 추돌 - 진행중,안전운전불이행,건조,맑음,교차로 - 교차로부근,승용,남,34세,상해없음,승용,남,48세,부상신고
2012103000100064,2012년 10월 30일 05시,화요일,대구광역시 중구 공평동,경상사고,0,0,2,0,차대사람 - 기타,신호위반,건조,맑음,단일로 - 기타,승용,남,21세,기타불명,보행자,남,37세,경상
2012103000100082,2012년 10월 30일 06시,화요일,대구광역시 남구 봉덕동,경상사고,0,0,1,0,차대차 - 기타,불법유턴,건조,맑음,단일로 - 횡단보도상,자전거,남,66세,경상,승용,여,46세,상해없음
2012103000100104,2012년 10월 30일 07시,화요일,대구광역시 남구 봉덕동,경상사고,0,0,1,0,차대사람 - 횡단중,신호위반,건조,맑음,단일로 - 횡단보도상,승용,기타불명,기타불명,기타불명,보행자,남,55세,경상
2012103000100105,2012년 10월 30일 07시,화요일,대구광역시 북구 칠성동1가,부상신고사고,0,0,0,1,차대차 - 측면직각충돌,직진우회전진행방해,건조,맑음,교차로 - 교차로안,자전거,여,79세,부상신고,승용,여,41세,상해없음
2012103000100106,2012년 10월 30일 07시,화요일,대구광역시 달서구 성당동,중상사고,0,1,0,0,차대차 - 정면충돌,중앙선침범,건조,맑음,단일로 - 기타,승용,남,39세,상해없음,승용,여,28세,중상
2012103000100132,2012년 10월 30일 08시,화요일,대구광역시 동구 신암동,경상사고,0,0,1,0,차대사람 - 횡단중,안전운전불이행,건조,맑음,단일로 - 횡단보도부근,승용,여,55세,상해없음,보행자,여,11세,경상
2012103000100133,2012년 10월 30일 08시,화요일,대구광역시 수성구 중동,경상사고,0,0,2,0,차대차 - 기타,안전운전불이행,건조,맑음,단일로 - 기타,기타불명,기타불명,기타불명,기타불명,승용,남,36세,경상
2012103000100134,2012년 10월 30일 08시,화요일,대구광역시 달서구 이곡동,경상사고,0,0,2,0,차대차 - 추돌 - 주정차중,안전운전불이행,건조,맑음,단일로 - 기타,승용,남,26세,상해없음,승용,남,27세,경상
2012103000100135,2012년 10월 30일 08시,화요일,대구광역시 달서구 본리동,부상신고사고,0,0,0,1,차대차 - 기타,안전운전불이행,건조,맑음,단일로 - 기타,기타불명,기타불명,기타불명,기타불명,승용,남,58세,상해없음
2012103000100169,2012년 10월 30일 09시,화요일,대구광역시 동구 효목동,중상사고,0,1,0,0,차대차 - 추돌 - 주정차중,안전운전불이행,건조,맑음,단일로 - 기타,승용,남,66세,상해없음,승용,남,49세,중상
2012103000100170,2012년 10월 30일 09시,화요일,대구광역시 동구 용계동,경상사고,0,0,2,0,차대차 - 추돌 - 주정차중,안전운전불이행,건조,맑음,교차로 - 교차로부근,승용,여,35세,상해없음,승용,남,35세,경상
2012103000100171,2012년 10월 30일 09시,화요일,대구광역시 달서구 진천동,경상사고,0,0,1,0,차대차 - 기타,안전거리미확보,건조,맑음,단일로 - 기타,승용,남,54세,상해없음,이륜,남,52세,경상
2012103000100204,2012년 10월 30일 10시,화요일,대구광역시 남구 봉덕동,경상사고,0,0,1,0,차대차 - 측면직각충돌,차로위반,건조,맑음,단일로 - 기타,승용,남,72세,상해없음,승용,남,45세,경상
2012103000100205,2012년 10월 30일 10시,화요일,대구광역시 수성구 수성동1가,중상사고,0,1,0,0,차대차 - 측면직각충돌,안전운전불이행,건조,맑음,단일로 - 기타,승용,남,46세,상해없음,원동기,남,45세,중상
2012103000100251,2012년 10월 30일 12시,화요일,대구광역시 동구 신천동,경상사고,0,0,1,0,차대차 - 기타,안전운전불이행,건조,맑음,단일로 - 횡단보도부근,기타불명,기타불명,기타불명,기타불명,기타불명,미분류,기타불명,기타불명
2012103000100252,2012년 10월 30일 12시,화요일,대구광역시 동구 용계동,경상사고,0,0,1,0,차대차 - 추돌 - 진행중,안전거리미확보,건조,맑음,단일로 - 기타,승용,남,55세,상해없음,승용,여,54세,경상
2012103000100253,2012년 10월 30일 12시,화요일,대구광역시 수성구 만촌동,중상사고,0,2,0,0,차량단독 - 기타,안전운전불이행,건조,맑음,단일로 - 기타,승용,남,23세,상해없음,,,,
2012103000100254,2012년 10월 30일 12시,화요일,대구광역시 달서구 송현동,사망사고,1,0,0,0,차대사람 - 차도통행중,안전운전불이행,건조,맑음,교차로 - 교차로안,승용,남,65세,상해없음,보행자,여,86세,사망
2012103000100255,2012년 10월 30일 12시,화요일,대구광역시 달서구 본동,경상사고,0,0,1,0,차대차 - 기타,교차로운행방법위반,건조,맑음,교차로 - 교차로안,승용,남,44세,상해없음,승용,여,42세,경상
2012103000100282,2012년 10월 30일 13시,화요일,대구광역시 동구 신암동,중상사고,0,1,0,0,차대사람 - 기타,불법유턴,건조,맑음,단일로 - 기타,승용,여,47세,상해없음,보행자,여,83세,중상
2012103000100283,2012년 10월 30일 13시,화요일,대구광역시 달성군 현풍면,경상사고,0,0,1,0,차대차 - 측면직각충돌,안전운전불이행,건조,맑음,단일로 - 기타,승용,남,59세,상해없음,승용,남,52세,상해없음
2012103000100307,2012년 10월 30일 14시,화요일,대구광역시 남구 대명동,경상사고,0,0,1,0,차대사람 - 기타,안전운전불이행,건조,맑음,단일로 - 기타,화물,남,71세,상해없음,보행자,남,53세,경상
2012103000100308,2012년 10월 30일 14시,화요일,대구광역시 달서구 죽전동,경상사고,0,0,3,0,차대차 - 측면직각충돌,교차로운행방법위반,건조,맑음,교차로 - 교차로안,화물,남,37세,상해없음,승합,남,42세,경상
2012103000100341,2012년 10월 30일 15시,화요일,대구광역시 수성구 황금동,경상사고,0,0,1,0,차대차 - 기타,안전운전불이행,건조,맑음,단일로 - 기타,승용,여,36세,상해없음,승합,여,46세,상해없음
2012103000100342,2012년 10월 30일 15시,화요일,대구광역시 달성군 옥포면,경상사고,0,0,1,0,차대차 - 추돌 - 진행중,안전운전불이행,건조,맑음,교차로 - 교차로부근,승용,남,49세,상해없음,승용,남,32세,경상
2012103000100343,2012년 10월 30일 15시,화요일,대구광역시 북구 태전동,중상사고,0,1,0,0,차대사람 - 기타,안전운전불이행,건조,맑음,교차로 - 교차로부근,승합,남,45세,상해없음,보행자,여,8세,중상
2012103000100414,2012년 10월 30일 17시,화요일,대구광역시 서구 평리동,중상사고,0,1,1,0,차대차 - 측면직각충돌,안전운전불이행,건조,맑음,교차로 - 교차로안,승용,여,52세,상해없음,승용,남,50세,경상
2012103000100415,2012년 10월 30일 17시,화요일,대구광역시 달서구 신당동,부상신고사고,0,0,0,1,차대차 - 기타,신호위반,건조,맑음,교차로 - 교차로안,자전거,여,22세,부상신고,화물,남,53세,상해없음
2012103000100457,2012년 10월 30일 18시,화요일,대구광역시 남구 봉덕동,중상사고,0,1,0,0,차대사람 - 기타,안전운전불이행,건조,맑음,단일로 - 기타,승용,남,42세,상해없음,보행자,여,80세,중상
2012103000100458,2012년 10월 30일 18시,화요일,대구광역시 달성군 화원읍,중상사고,0,1,0,0,차대사람 - 기타,안전운전불이행,건조,맑음,단일로 - 기타,자전거,기타불명,기타불명,기타불명,보행자,여,49세,중상
2012103000100459,2012년 10월 30일 18시,화요일,대구광역시 달서구 죽전동,경상사고,0,0,3,0,차대차 - 추돌 - 주정차중,안전운전불이행,건조,맑음,단일로 - 기타,승용,남,25세,상해없음,승합,남,49세,경상
2012103000100523,2012년 10월 30일 20시,화요일,대구광역시 달서구 송현동,경상사고,0,0,1,0,차대차 - 측면직각충돌,차로위반,건조,맑음,교차로 - 교차로안,승용,남,46세,상해없음,승용,남,38세,경상
2012103000100524,2012년 10월 30일 20시,화요일,대구광역시 서구 이현동,경상사고,0,0,1,0,차대사람 - 횡단중,보행자보호의무위반,건조,맑음,단일로 - 횡단보도상,이륜,남,56세,상해없음,보행자,남,7세,경상
2012103000100566,2012년 10월 30일 21시,화요일,대구광역시 달서구 감삼동,경상사고,0,0,1,0,차대차 - 측면직각충돌,신호위반,건조,맑음,교차로 - 교차로안,승용,여,57세,상해없음,승용,남,57세,경상
2012103000100594,2012년 10월 30일 22시,화요일,대구광역시 수성구 황금동,경상사고,0,0,1,0,차대차 - 측면직각충돌,신호위반,건조,맑음,교차로 - 교차로안,승용,남,29세,상해없음,승용,남,54세,경상
2012103000100595,2012년 10월 30일 22시,화요일,대구광역시 수성구 수성동1가,중상사고,0,2,0,0,차대차 - 기타,안전거리미확보,건조,맑음,단일로 - 기타,승용,여,41세,상해없음,승용,남,40세,중상
2012103000100596,2012년 10월 30일 22시,화요일,대구광역시 북구 침산동,부상신고사고,0,0,0,1,차대차 - 기타,안전운전불이행,건조,맑음,단일로 - 기타,이륜,남,54세,부상신고,승합,남,41세,상해없음
2012103000100627,2012년 10월 30일 23시,화요일,대구광역시 남구 봉덕동,경상사고,0,0,3,0,차대차 - 추돌 - 진행중,안전거리미확보,건조,맑음,단일로 - 기타,승용,남,23세,상해없음,승용,남,65세,경상
2012103100100022,2012년 10월 31일 01시,수요일,대구광역시 북구 서변동,경상사고,0,0,1,0,차량단독 - 기타,안전운전불이행,건조,맑음,단일로 - 기타,승용,남,45세,상해없음,,,,
2012103100100023,2012년 10월 31일 01시,수요일,대구광역시 중구 동산동,경상사고,0,0,3,0,차대차 - 기타,신호위반,건조,맑음,교차로 - 교차로안,승용,남,51세,상해없음,승용,남,62세,경상
2012103100100024,2012년 10월 31일 01시,수요일,대구광역시 달서구 신당동,경상사고,0,0,1,0,차대차 - 추돌 - 진행중,안전운전불이행,건조,맑음,단일로 - 기타,승용,남,45세,상해없음,승용,남,35세,경상
2012103100100061,2012년 10월 31일 05시,수요일,대구광역시 달서구 송현동,중상사고,0,1,2,0,차대차 - 측면직각충돌,신호위반,건조,맑음,교차로 - 교차로안,승용,여,50세,경상,승용,여,36세,경상
2012103100100062,2012년 10월 31일 05시,수요일,대구광역시 서구 이현동,중상사고,0,1,0,0,차대차 - 기타,신호위반,건조,맑음,교차로 - 교차로안,자전거,남,75세,중상,승용,남,57세,상해없음
2012103100100092,2012년 10월 31일 07시,수요일,대구광역시 달서구 도원동,경상사고,0,0,1,0,차대차 - 추돌 - 주정차중,안전거리미확보,건조,맑음,교차로 - 교차로부근,승용,여,46세,상해없음,승용,여,43세,경상
2012103100100093,2012년 10월 31일 07시,수요일,대구광역시 달성군 다사읍,경상사고,0,0,2,0,차대차 - 측면직각충돌,안전운전불이행,건조,맑음,단일로 - 기타,승용,남,47세,상해없음,승용,여,26세,경상
2012103100100094,2012년 10월 31일 07시,수요일,대구광역시 중구 삼덕동2가,중상사고,0,1,0,0,차대차 - 측면직각충돌,안전거리미확보,건조,맑음,단일로 - 기타,승용,남,60세,상해없음,화물,남,52세,상해없음
2012103100100127,2012년 10월 31일 08시,수요일,대구광역시 남구 봉덕동,경상사고,0,0,1,0,차대사람 - 길가장자리구역통행중,안전운전불이행,건조,맑음,단일로 - 기타,승용,남,65세,상해없음,보행자,남,47세,경상
2012103100100128,2012년 10월 31일 08시,수요일,대구광역시 북구 국우동,중상사고,0,1,0,0,차대사람 - 횡단중,안전운전불이행,건조,맑음,단일로 - 기타,승용,여,37세,상해없음,보행자,여,36세,중상
2012103100100152,2012년 10월 31일 09시,수요일,대구광역시 달성군 현풍면,부상신고사고,0,0,0,1,차대차 - 기타,안전운전불이행,건조,맑음,교차로 - 교차로부근,이륜,남,77세,부상신고,승합,남,42세,상해없음
2012103100100153,2012년 10월 31일 09시,수요일,대구광역시 서구 평리동,중상사고,0,1,0,0,차대사람 - 기타,안전운전불이행,건조,맑음,교차로 - 교차로안,화물,남,50세,상해없음,보행자,여,84세,중상
2012103100100154,2012년 10월 31일 09시,수요일,대구광역시 서구 비산동,경상사고,0,0,1,0,차대차 - 추돌 - 진행중,안전거리미확보,건조,맑음,교차로 - 교차로부근,승용,남,56세,상해없음,승용,남,50세,경상
2012103100100182,2012년 10월 31일 10시,수요일,대구광역시 남구 대명동,중상사고,0,1,0,0,차대차 - 측면직각충돌,교차로운행방법위반,건조,맑음,교차로 - 교차로안,화물,남,40세,상해없음,이륜,남,55세,중상
2012103100100183,2012년 10월 31일 10시,수요일,대구광역시 중구 대봉동,경상사고,0,0,3,0,차대차 - 기타,안전거리미확보,건조,맑음,단일로 - 기타,승용,여,55세,상해없음,승용,남,39세,경상
2012103100100213,2012년 10월 31일 11시,수요일,대구광역시 수성구 두산동,경상사고,0,0,2,0,차대차 - 정면충돌,교차로운행방법위반,건조,맑음,교차로 - 교차로안,승용,남,50세,상해없음,승용,여,37세,경상
2012103100100214,2012년 10월 31일 11시,수요일,대구광역시 달서구 송현동,경상사고,0,0,1,0,차대차 - 기타,안전운전불이행,건조,맑음,교차로 - 교차로부근,승용,여,51세,상해없음,자전거,남,20세,경상
2012103100100237,2012년 10월 31일 12시,수요일,대구광역시 동구 각산동,경상사고,0,0,1,0,차대차 - 추돌 - 진행중,안전운전불이행,건조,맑음,교차로 - 교차로부근,승합,남,44세,상해없음,원동기,남,83세,경상