사고번호,사고일시,요일,시군구,사고내용,사망자수,중상자수,경상자수,부상신고자수,사고유형,법규위반,노면상태,기상상태,도로형태,가해운전자 차종,가해운전자 성별,가해운전자 연령,가해운전자 상해정도,피해운전자 차종,피해운전자 성별,피해운전자 연령,피해운전자 상해정도
2012103100100238,2012년 10월 31일 12시,수요일,대구광역시 달서구 성당동,경상사고,0,0,1,0,차대차 - 기타,안전운전불이행,건조,맑음,교차로 - 교차로부근,승용,남,56세,상해없음,승용,여,38세,경상
2012103100100255,2012년 10월 31일 13시,수요일,대구광역시 수성구 만촌동,경상사고,0,0,1,0,차대차 - 추돌 - 주정차중,안전운전불이행,건조,맑음,단일로 - 기타,승용,여,55세,상해없음,승용,여,55세,경상
2012103100100282,2012년 10월 31일 14시,수요일,대구광역시 달성군 하빈면,경상사고,0,0,1,0,차대차 - 측면직각충돌,안전운전불이행,건조,맑음,단일로 - 기타,승용,여,51세,경상,승용,여,40세,기타불명
2012103100100283,2012년 10월 31일 14시,수요일,대구광역시 달서구 두류동,중상사고,0,1,0,0,차대사람 - 기타,안전운전불이행,건조,맑음,단일로 - 기타,원동기,남,26세,상해없음,보행자,남,11세,중상
2012103100100315,2012년 10월 31일 15시,수요일,대구광역시 달서구 상인동,경상사고,0,0,1,0,차대차 - 기타,교차로운행방법위반,건조,맑음,교차로 - 교차로안,승용,남,55세,상해없음,승용,남,43세,경상
2012103100100316,2012년 10월 31일 15시,수요일,대구광역시 북구 산격동,경상사고,0,0,1,0,차대차 - 측면직각충돌,안전운전불이행,건조,맑음,단일로 - 기타,승용,남,59세,상해없음,승용,여,29세,경상
2012103100100389,2012년 10월 31일 17시,수요일,대구광역시 남구 대명동,경상사고,0,0,1,0,차대사람 - 보도통행중,기타,건조,맑음,단일로 - 기타,자전거,남,19세,상해없음,보행자,여,27세,경상
2012103100100390,2012년 10월 31일 17시,수요일,대구광역시 중구 덕산동,경상사고,0,0,1,0,차대차 - 기타,안전운전불이행,건조,맑음,단일로 - 기타,이륜,남,58세,상해없음,승합,남,60세,상해없음
2012103100100459,2012년 10월 31일 18시,수요일,대구광역시 남구 봉덕동,경상사고,0,0,1,0,차대차 - 측면직각충돌,교차로운행방법위반,건조,맑음,교차로 - 교차로안,이륜,남,47세,경상,승용,남,59세,상해없음
2012103100100460,2012년 10월 31일 18시,수요일,대구광역시 동구 신천동,경상사고,0,0,1,0,차대차 - 추돌 - 주정차중,안전운전불이행,건조,맑음,단일로 - 기타,승용,여,31세,상해없음,승용,남,59세,경상
2012103100100515,2012년 10월 31일 19시,수요일,대구광역시 수성구 지산동,중상사고,0,1,0,0,차대사람 - 기타,안전운전불이행,건조,맑음,단일로 - 기타,승용,여,45세,상해없음,보행자,남,66세,중상
2012103100100516,2012년 10월 31일 19시,수요일,대구광역시 수성구 만촌동,경상사고,0,0,1,0,차대차 - 기타,안전운전불이행,건조,맑음,단일로 - 기타,승용,여,43세,상해없음,승용,여,32세,경상
2012103100100517,2012년 10월 31일 19시,수요일,대구광역시 북구 동천동,경상사고,0,0,1,0,차대차 - 기타,안전운전불이행,건조,맑음,교차로 - 교차로부근,이륜,남,19세,경상,승용,남,60세,상해없음
2012103100100551,2012년 10월 31일 20시,수요일,대구광역시 북구 노원동1가,경상사고,0,0,1,0,차대사람 - 기타,교차로운행방법위반,건조,맑음,교차로 - 교차로안,승용,여,44세,상해없음,보행자,여,54세,경상
2012103100100628,2012년 10월 31일 22시,수요일,대구광역시 수성구 중동,경상사고,0,0,2,0,차대차 - 측면직각충돌,중앙선침범,건조,맑음,교차로 - 교차로부근,승용,남,52세,상해없음,승용,남,64세,경상
2012103100100629,2012년 10월 31일 22시,수요일,대구광역시 수성구 황금동,경상사고,0,0,1,0,차대차 - 측면직각충돌,안전거리미확보,건조,맑음,단일로 - 기타,승용,여,42세,상해없음,승용,남,75세,경상
2012103100100630,2012년 10월 31일 22시,수요일,대구광역시 북구 칠성동1가,경상사고,0,0,2,0,차대차 - 추돌 - 주정차중,안전거리미확보,건조,맑음,교차로 - 교차로부근,승용,남,28세,상해없음,승용,남,65세,경상
2012110100100018,2012년 11월 1일 00시,목요일,대구광역시 수성구 지산동,중상사고,0,1,0,0,차대차 - 추돌 - 진행중,안전운전불이행,건조,맑음,단일로 - 기타,승용,남,54세,상해없음,승용,남,39세,중상
2012110100100071,2012년 11월 1일 04시,목요일,대구광역시 북구 노원동3가,중상사고,0,1,0,0,차대차 - 측면직각충돌,불법유턴,건조,맑음,교차로 - 교차로부근,이륜,남,63세,중상,화물,남,62세,상해없음
2012110100100081,2012년 11월 1일 05시,목요일,대구광역시 북구 서변동,부상신고사고,0,0,0,1,차량단독 - 공작물충돌,안전운전불이행,건조,맑음,단일로 - 기타,승용,남,20세,부상신고,,,,
2012110100100097,2012년 11월 1일 06시,목요일,대구광역시 남구 봉덕동,중상사고,0,1,0,0,차대차 - 기타,안전거리미확보,건조,맑음,교차로 - 교차로부근,승용,여,61세,상해없음,원동기,여,63세,중상
2012110100100098,2012년 11월 1일 06시,목요일,대구광역시 동구 검사동,사망사고,1,0,0,0,차량단독 - 기타,안전운전불이행,건조,맑음,단일로 - 기타,승용,남,57세,사망,,,,
2012110100100158,2012년 11월 1일 08시,목요일,대구광역시 수성구 매호동,경상사고,0,0,1,0,차대사람 - 기타,안전운전불이행,건조,맑음,기타 - 기타,승용,여,47세,기타불명,보행자,여,84세,경상
2012110100100183,2012년 11월 1일 09시,목요일,대구광역시 남구 대명동,중상사고,0,1,0,0,차대사람 - 횡단중,안전운전불이행,건조,맑음,단일로 - 기타,승용,남,20세,상해없음,보행자,여,41세,중상
2012110100100185,2012년 11월 1일 09시,목요일,대구광역시 달성군 다사읍,중상사고,0,1,0,0,차대차 - 추돌 - 진행중,안전거리미확보,건조,맑음,단일로 - 기타,승용,남,49세,상해없음,승용,남,41세,중상
2012110100100249,2012년 11월 1일 11시,목요일,대구광역시 서구 평리동,중상사고,0,1,0,0,차대사람 - 기타,안전운전불이행,건조,맑음,교차로 - 교차로안,화물,남,72세,상해없음,보행자,남,95세,중상
2012110100100312,2012년 11월 1일 13시,목요일,대구광역시 달서구 월암동,경상사고,0,0,1,0,차대차 - 측면직각충돌,중앙선침범,건조,맑음,단일로 - 기타,화물,남,55세,상해없음,승용,남,54세,상해없음
2012110100100334,2012년 11월 1일 14시,목요일,대구광역시 달서구 상인동,경상사고,0,0,1,0,차대사람 - 차도통행중,안전운전불이행,건조,맑음,단일로 - 기타,승용,여,39세,상해없음,보행자,남,11세,경상
2012110100100335,2012년 11월 1일 14시,목요일,대구광역시 서구 비산동,중상사고,0,1,0,0,차대차 - 기타,안전운전불이행,건조,맑음,교차로 - 교차로부근,기타불명,기타불명,기타불명,기타불명,원동기,남,18세,중상
2012110100100357,2012년 11월 1일 15시,목요일,대구광역시 수성구 황금동,중상사고,0,1,0,0,차대차 - 기타,기타,건조,맑음,단일로 - 기타,승합,남,53세,상해없음,기타불명,여,82세,중상
2012110100100358,2012년 11월 1일 15시,목요일,대구광역시 달서구 상인동,경상사고,0,0,1,0,차대사람 - 기타,안전운전불이행,건조,맑음,기타 - 기타,자전거,남,26세,상해없음,보행자,남,42세,경상
2012110100100396,2012년 11월 1일 16시,목요일,대구광역시 남구 대명동,중상사고,0,1,0,0,차대차 - 기타,기타,건조,맑음,교차로 - 교차로부근,승용,남,40세,상해없음,원동기,남,41세,중상
2012110100100398,2012년 11월 1일 16시,목요일,대구광역시 수성구 파동,부상신고사고,0,0,0,1,차대사람 - 기타,안전운전불이행,건조,맑음,교차로 - 교차로안,화물,기타불명,기타불명,기타불명,보행자,여,11세,부상신고
2012110100100399,2012년 11월 1일 16시,목요일,대구광역시 북구 검단동,경상사고,0,0,1,1,차대차 - 측면직각충돌,안전운전불이행,건조,맑음,단일로 - 기타,승합,남,42세,상해없음,이륜,남,18세,경상
2012110100100400,2012년 11월 1일 16시,목요일,대구광역시 서구 비산동,경상사고,0,0,1,0,차대사람 - 보도통행중,기타,기타,맑음,단일로 - 기타,승용,남,43세,상해없음,보행자,여,39세,경상
2012110100100436,2012년 11월 1일 17시,목요일,대구광역시 달성군 다사읍,경상사고,0,0,1,0,차대차 - 측면직각충돌,안전운전불이행,건조,맑음,교차로 - 교차로부근,화물,남,63세,상해없음,승용,남,62세,상해없음
2012110100100437,2012년 11월 1일 17시,목요일,대구광역시 서구 평리동,경상사고,0,0,1,0,차대사람 - 길가장자리구역통행중,안전운전불이행,건조,맑음,단일로 - 기타,승용,여,50세,상해없음,보행자,여,16세,경상
2012110100100496,2012년 11월 1일 18시,목요일,대구광역시 동구 입석동,경상사고,0,0,1,0,차대사람 - 횡단중,보행자보호의무위반,건조,맑음,단일로 - 횡단보도상,화물,남,49세,상해없음,보행자,여,60세,경상
2012110100100497,2012년 11월 1일 18시,목요일,대구광역시 수성구 사월동,경상사고,0,0,1,0,차대차 - 추돌 - 진행중,안전운전불이행,건조,맑음,교차로 - 교차로부근,화물,남,59세,상해없음,승용,여,23세,경상
2012110100100499,2012년 11월 1일 18시,목요일,대구광역시 달성군 다사읍,중상사고,0,1,0,0,차대사람 - 보도통행중,신호위반,건조,맑음,단일로 - 횡단보도상,승용,남,55세,상해없음,보행자,여,27세,중상
2012110100100544,2012년 11월 1일 19시,목요일,대구광역시 남구 봉덕동,중상사고,0,1,0,0,차대사람 - 횡단중,안전운전불이행,건조,맑음,단일로 - 기타,원동기,남,49세,상해없음,보행자,여,70세,중상
2012110100100545,2012년 11월 1일 19시,목요일,대구광역시 달성군 구지면,경상사고,0,0,1,0,차대차 - 측면직각충돌,안전운전불이행,건조,맑음,단일로 - 기타,승용,남,24세,상해없음,이륜,남,31세,경상
2012110100100582,2012년 11월 1일 20시,목요일,대구광역시 북구 읍내동,경상사고,0,0,1,0,차대차 - 측면직각충돌,안전운전불이행,건조,맑음,단일로 - 기타,승용,여,51세,상해없음,자전거,남,64세,경상
2012110100100583,2012년 11월 1일 20시,목요일,대구광역시 북구 산격동,경상사고,0,0,1,0,차대차 - 추돌 - 주정차중,안전운전불이행,건조,맑음,교차로 - 교차로부근,승용,남,43세,상해없음,승합,남,27세,경상
2012110100100584,2012년 11월 1일 20시,목요일,대구광역시 중구 공평동,경상사고,0,0,1,0,차대사람 - 기타,신호위반,건조,맑음,단일로 - 기타,이륜,남,23세,상해없음,보행자,여,21세,경상
2012110100100585,2012년 11월 1일 20시,목요일,대구광역시 달서구 감삼동,경상사고,0,0,1,0,차대차 - 추돌 - 주정차중,안전운전불이행,건조,맑음,교차로 - 교차로부근,승용,기타불명,기타불명,기타불명,승용,여,40세,경상
2012110100100610,2012년 11월 1일 21시,목요일,대구광역시 달성군 옥포면,경상사고,0,0,1,0,차대차 - 기타,안전운전불이행,건조,맑음,단일로 - 교량,승합,남,53세,기타불명,승용,남,35세,경상
2012110100100648,2012년 11월 1일 22시,목요일,대구광역시 수성구 두산동,경상사고,0,0,1,0,차대차 - 측면직각충돌,교차로운행방법위반,건조,맑음,교차로 - 교차로부근,승용,남,62세,상해없음,이륜,남,29세,경상
2012110100100649,2012년 11월 1일 22시,목요일,대구광역시 중구 태평로1가,경상사고,0,0,1,0,차대사람 - 기타,안전운전불이행,건조,맑음,교차로 - 교차로안,승용,남,69세,상해없음,보행자,남,63세,경상
2012110100100679,2012년 11월 1일 23시,목요일,대구광역시 수성구 수성동3가,중상사고,0,1,0,0,차대차 - 측면직각충돌,안전운전불이행,건조,맑음,단일로 - 횡단보도상,승용,여,20세,상해없음,자전거,남,24세,중상
2012110100100680,2012년 11월 1일 23시,목요일,대구광역시 중구 상서동,경상사고,0,0,1,0,차대사람 - 기타,안전운전불이행,건조,맑음,단일로 - 기타,승용,여,48세,상해없음,보행자,여,52세,경상
2012110200100017,2012년 11월 2일 00시,금요일,대구광역시 수성구 만촌동,경상사고,0,0,1,0,차대차 - 추돌 - 진행중,신호위반,건조,맑음,교차로 - 교차로안,승용,여,49세,상해없음,승용,남,48세,경상
2012110200100045,2012년 11월 2일 02시,금요일,대구광역시 동구 효목동,부상신고사고,0,0,0,1,차대차 - 측면직각충돌,안전운전불이행,건조,맑음,교차로 - 교차로부근,자전거,남,48세,부상신고,승용,남,44세,상해없음
2012110200100046,2012년 11월 2일 02시,금요일,대구광역시 북구 노원동1가,중상사고,0,1,0,0,차대사람 - 차도통행중,안전운전불이행,습기,비,단일로 - 기타,승용,남,34세,상해없음,보행자,남,41세,중상
2012110200100056,2012년 11월 2일 04시,금요일,대구광역시 수성구 노변동,사망사고,1,2,1,0,차대차 - 추돌 - 진행중,안전운전불이행,건조,맑음,단일로 - 기타,승용,남,22세,중상,화물,남,57세,상해없음
2012110200100062,2012년 11월 2일 05시,금요일,대구광역시 남구 대명동,경상사고,0,0,1,0,차대차 - 추돌 - 주정차중,안전운전불이행,건조,맑음,교차로 - 교차로부근,승용,남,28세,상해없음,승용,남,54세,경상
2012110200100063,2012년 11월 2일 05시,금요일,대구광역시 달서구 성당동,경상사고,0,0,1,0,차대차 - 추돌 - 주정차중,안전운전불이행,건조,맑음,교차로 - 교차로부근,승용,남,25세,상해없음,승용,남,62세,경상
2012110200100080,2012년 11월 2일 06시,금요일,대구광역시 수성구 중동,중상사고,0,1,1,0,차대차 - 측면직각충돌,안전거리미확보,건조,맑음,단일로 - 기타,승용,남,24세,중상,건설기계,남,54세,경상
2012110200100105,2012년 11월 2일 07시,금요일,대구광역시 동구 각산동,부상신고사고,0,0,0,1,차대차 - 측면직각충돌,신호위반,건조,맑음,교차로 - 교차로안,이륜,남,82세,부상신고,승용,여,57세,상해없음
2012110200100106,2012년 11월 2일 07시,금요일,대구광역시 달서구 이곡동,경상사고,0,0,1,0,차대사람 - 기타,안전운전불이행,건조,맑음,단일로 - 기타,이륜,남,66세,상해없음,보행자,남,25세,경상
2012110200100142,2012년 11월 2일 08시,금요일,대구광역시 서구 내당동,중상사고,0,1,2,0,차대차 - 추돌 - 주정차중,안전거리미확보,건조,맑음,교차로 - 교차로부근,화물,남,41세,상해없음,승용,남,44세,상해없음
2012110200100210,2012년 11월 2일 10시,금요일,대구광역시 남구 봉덕동,경상사고,0,0,1,0,차대차 - 측면직각충돌,기타,건조,맑음,단일로 - 기타,승용,남,61세,상해없음,이륜,남,75세,경상
2012110200100212,2012년 11월 2일 10시,금요일,대구광역시 수성구 신매동,경상사고,0,0,2,0,차대차 - 기타,신호위반,건조,맑음,교차로 - 교차로안,승용,남,21세,상해없음,승용,남,33세,경상
2012110200100245,2012년 11월 2일 11시,금요일,대구광역시 남구 대명동,중상사고,0,1,0,0,차대차 - 기타,안전운전불이행,건조,맑음,교차로 - 교차로부근,승용,남,53세,상해없음,자전거,남,45세,중상
2012110200100310,2012년 11월 2일 13시,금요일,대구광역시 북구 침산동,경상사고,0,0,5,2,차대차 - 추돌 - 주정차중,안전운전불이행,건조,맑음,단일로 - 기타,승용,남,67세,상해없음,승용,여,38세,경상
2012110200100311,2012년 11월 2일 13시,금요일,대구광역시 중구 대신동,경상사고,0,0,1,0,차량단독 - 기타,안전운전불이행,건조,맑음,단일로 - 기타,승합,남,39세,상해없음,,,,
2012110200100346,2012년 11월 2일 14시,금요일,대구광역시 동구 신서동,중상사고,0,1,0,0,차대차 - 추돌 - 진행중,안전운전불이행,건조,맑음,단일로 - 기타,승용,남,39세,상해없음,승용,남,35세,중상
2012110200100347,2012년 11월 2일 14시,금요일,대구광역시 달서구 성당동,중상사고,0,1,0,0,차대차 - 추돌 - 주정차중,안전운전불이행,건조,맑음,교차로 - 교차로부근,이륜,남,60세,중상,화물,남,39세,상해없음
2012110200100380,2012년 11월 2일 15시,금요일,대구광역시 수성구 두산동,중상사고,0,1,2,0,차대차 - 기타,안전거리미확보,건조,맑음,교차로 - 교차로부근,승용,여,72세,상해없음,승용,남,66세,경상
2012110200100381,2012년 11월 2일 15시,금요일,대구광역시 수성구 지산동,경상사고,0,0,1,0,차대차 - 기타,안전운전불이행,건조,맑음,교차로 - 교차로안,화물,남,33세,상해없음,자전거,남,13세,경상
2012110200100382,2012년 11월 2일 15시,금요일,대구광역시 수성구 지산동,경상사고,0,0,1,0,차대차 - 측면직각충돌,안전운전불이행,건조,맑음,단일로 - 기타,승용,여,41세,상해없음,자전거,남,12세,경상
2012110200100383,2012년 11월 2일 15시,금요일,대구광역시 서구 중리동,중상사고,0,2,1,0,차대차 - 측면직각충돌,교차로운행방법위반,건조,맑음,교차로 - 교차로안,승용,남,53세,상해없음,승용,여,53세,중상
2012110200100384,2012년 11월 2일 15시,금요일,대구광역시 서구 평리동,경상사고,0,0,1,0,차대차 - 측면직각충돌,안전거리미확보,건조,맑음,단일로 - 기타,화물,남,33세,상해없음,승용,남,53세,경상
2012110200100410,2012년 11월 2일 16시,금요일,대구광역시 남구 대명동,중상사고,0,1,0,0,차대사람 - 횡단중,안전운전불이행,건조,맑음,단일로 - 기타,승합,여,24세,상해없음,보행자,남,24세,중상
2012110200100411,2012년 11월 2일 16시,금요일,대구광역시 동구 율하동,경상사고,0,0,1,0,차대차 - 기타,안전운전불이행,건조,맑음,단일로 - 기타,승용,남,62세,상해없음,자전거,여,52세,경상
2012110200100412,2012년 11월 2일 16시,금요일,대구광역시 달서구 대곡동,경상사고,0,0,1,0,차대차 - 추돌 - 주정차중,안전운전불이행,건조,맑음,교차로 - 교차로부근,승용,남,59세,상해없음,승용,남,58세,경상
2012110200100449,2012년 11월 2일 17시,금요일,대구광역시 달서구 진천동,경상사고,0,0,1,0,차대사람 - 길가장자리구역통행중,안전운전불이행,건조,맑음,단일로 - 기타,승용,여,40세,상해없음,보행자,남,18세,경상
2012110200100450,2012년 11월 2일 17시,금요일,대구광역시 달성군 화원읍,중상사고,0,1,9,0,차대차 - 추돌 - 진행중,안전운전불이행,건조,맑음,단일로 - 기타,승합,남,38세,상해없음,화물,남,69세,경상
2012110200100451,2012년 11월 2일 17시,금요일,대구광역시 중구 남산동,경상사고,0,0,1,0,차대차 - 측면직각충돌,안전거리미확보,건조,맑음,단일로 - 기타,승용,남,47세,상해없음,이륜,남,61세,경상
2012110200100506,2012년 11월 2일 18시,금요일,대구광역시 달성군 다사읍,경상사고,0,0,1,0,차대차 - 추돌 - 주정차중,안전운전불이행,건조,맑음,단일로 - 기타,승용,남,62세,상해없음,승용,남,42세,경상
2012110200100507,2012년 11월 2일 18시,금요일,대구광역시 달성군 화원읍,경상사고,0,0,1,0,차대사람 - 기타,안전운전불이행,건조,맑음,교차로 - 교차로안,화물,남,25세,상해없음,보행자,남,59세,경상
2012110200100508,2012년 11월 2일 18시,금요일,대구광역시 중구 수창동,중상사고,0,1,0,0,차대차 - 기타,교차로운행방법위반,건조,맑음,교차로 - 교차로안,이륜,남,16세,중상,승용,남,33세,상해없음
2012110200100509,2012년 11월 2일 18시,금요일,대구광역시 달서구 장기동,경상사고,0,0,1,0,차대차 - 기타,차로위반,건조,맑음,단일로 - 기타,승용,남,44세,상해없음,이륜,남,39세,경상
2012110200100558,2012년 11월 2일 19시,금요일,대구광역시 동구 도동,경상사고,0,0,1,0,차대차 - 추돌 - 진행중,안전운전불이행,건조,맑음,단일로 - 기타,승용,남,52세,상해없음,승용,남,34세,경상
2012110200100563,2012년 11월 2일 19시,금요일,대구광역시 수성구 범어동,경상사고,0,0,3,0,차대차 - 기타,안전운전불이행,건조,맑음,단일로 - 기타,승용,여,26세,상해없음,승용,남,31세,경상
2012110200100564,2012년 11월 2일 19시,금요일,대구광역시 달서구 신당동,경상사고,0,0,1,0,차대차 - 기타,불법유턴,건조,맑음,단일로 - 기타,승용,남,64세,상해없음,이륜,남,35세,경상
2012110200100608,2012년 11월 2일 20시,금요일,대구광역시 북구 태전동,경상사고,0,0,1,0,차대차 - 추돌 - 진행중,안전거리미확보,건조,맑음,단일로 - 기타,승용,남,19세,상해없음,승용,남,43세,경상
2012110200100612,2012년 11월 2일 20시,금요일,대구광역시 수성구 황금동,중상사고,0,1,0,0,차대차 - 기타,안전운전불이행,건조,맑음,단일로 - 기타,이륜,여,24세,상해없음,승용,남,42세,상해없음
2012110200100645,2012년 11월 2일 21시,금요일,대구광역시 동구 신암동,중상사고,0,1,0,0,차대사람 - 횡단중,안전운전불이행,건조,맑음,단일로 - 기타,이륜,남,15세,상해없음,보행자,여,68세,중상
2012110200100646,2012년 11월 2일 21시,금요일,대구광역시 동구 신천동,경상사고,0,0,1,0,차대차 - 추돌 - 주정차중,안전거리미확보,건조,맑음,교차로 - 교차로부근,승용,남,52세,상해없음,승용,남,63세,경상
2012110200100647,2012년 11월 2일 21시,금요일,대구광역시 북구 침산동,경상사고,0,0,2,0,차대차 - 측면직각충돌,안전운전불이행,건조,맑음,교차로 - 교차로부근,승용,남,48세,상해없음,승용,남,57세,경상
2012110200100681,2012년 11월 2일 22시,금요일,대구광역시 북구 매천동,중상사고,0,1,1,0,차대사람 - 기타,안전운전불이행,건조,맑음,교차로 - 교차로부근,승용,여,41세,상해없음,보행자,여,37세,중상
2012110200100682,2012년 11월 2일 22시,금요일,대구광역시 서구 평리동,경상사고,0,0,1,0,차대차 - 기타,기타,건조,맑음,단일로 - 기타,승합,남,41세,상해없음,이륜,미분류,기타불명,기타불명
2012110200100706,2012년 11월 2일 23시,금요일,대구광역시 남구 대명동,경상사고,0,0,3,0,차대차 - 측면직각충돌,중앙선침범,건조,맑음,단일로 - 기타,승용,남,45세,상해없음,승용,남,46세,경상
2012110200100707,2012년 11월 2일 23시,금요일,대구광역시 북구 산격동,경상사고,0,0,1,0,차대차 - 정면충돌,중앙선침범,건조,맑음,단일로 - 기타,이륜,남,44세,상해없음,이륜,남,23세,경상
2012110300100024,2012년 11월 3일 00시,토요일,대구광역시 동구 신천동,경상사고,0,0,1,0,차대차 - 추돌 - 진행중,안전거리미확보,건조,맑음,단일로 - 기타,화물,남,19세,상해없음,승용,남,36세,경상
2012110300100025,2012년 11월 3일 00시,토요일,대구광역시 달서구 송현동,경상사고,0,0,2,0,차대차 - 측면직각충돌,직진우회전진행방해,건조,맑음,교차로 - 교차로안,승용,남,48세,경상,승용,남,30세,상해없음
2012110300100026,2012년 11월 3일 00시,토요일,대구광역시 달서구 대천동,중상사고,0,1,2,0,차대차 - 측면직각충돌,직진우회전진행방해,건조,맑음,교차로 - 교차로안,승용,남,30세,상해없음,승용,남,49세,경상
2012110300100048,2012년 11월 3일 01시,토요일,대구광역시 동구 신기동,경상사고,0,0,1,0,차대차 - 측면직각충돌,안전운전불이행,건조,맑음,단일로 - 기타,승용,남,46세,상해없음,원동기,남,17세,경상
2012110300100064,2012년 11월 3일 02시,토요일,대구광역시 중구 공평동,경상사고,0,0,1,0,차대차 - 기타,안전운전불이행,건조,맑음,교차로 - 교차로부근,승용,남,26세,상해없음,이륜,남,28세,경상
2012110300100065,2012년 11월 3일 02시,토요일,대구광역시 달서구 성당동,중상사고,0,1,0,0,차대차 - 측면직각충돌,중앙선침범,건조,맑음,단일로 - 기타,화물,남,35세,상해없음,승용,남,49세,중상
2012110300100099,2012년 11월 3일 04시,토요일,대구광역시 남구 대명동,경상사고,0,0,1,0,차대차 - 측면직각충돌,안전거리미확보,건조,맑음,단일로 - 기타,승용,남,24세,상해없음,승용,남,54세,경상
2012110300100100,2012년 11월 3일 04시,토요일,대구광역시 북구 동천동,경상사고,0,0,1,0,차대차 - 추돌 - 주정차중,안전운전불이행,건조,맑음,기타 - 기타,승용,남,21세,기타불명,승용,남,31세,경상
2012110300100117,2012년 11월 3일 05시,토요일,대구광역시 동구 율하동,중상사고,0,1,0,0,차량단독 - 공작물충돌,안전운전불이행,건조,맑음,단일로 - 기타,화물,남,38세,중상,,,,
2012110300100158,2012년 11월 3일 07시,토요일,대구광역시 수성구 황금동,중상사고,0,1,0,0,차대차 - 기타,안전운전불이행,건조,맑음,단일로 - 기타,승용,남,35세,기타불명,승용,남,26세,중상
2012110300100159,2012년 11월 3일 07시,토요일,대구광역시 서구 내당동,경상사고,0,0,1,0,차대차 - 추돌 - 진행중,안전운전불이행,건조,맑음,교차로 - 교차로부근,기타불명,기타불명,기타불명,기타불명,승용,남,35세,경상
2012110300100213,2012년 11월 3일 09시,토요일,대구광역시 동구 송정동,중상사고,0,1,0,0,차량단독 - 기타,기타,건조,맑음,단일로 - 기타,승합,남,45세,상해없음,,,,
2012110300100214,2012년 11월 3일 09시,토요일,대구광역시 북구 읍내동,경상사고,0,0,1,0,차대사람 - 횡단중,안전운전불이행,건조,맑음,단일로 - 기타,승용,기타불명,기타불명,기타불명,보행자,여,48세,경상
2012110300100252,2012년 11월 3일 10시,토요일,대구광역시 동구 신암동,경상사고,0,0,2,0,차대차 - 측면직각충돌,직진우회전진행방해,건조,맑음,교차로 - 교차로안,승용,여,32세,경상,승용,여,56세,경상
2012110300100253,2012년 11월 3일 10시,토요일,대구광역시 중구 덕산동,사망사고,1,0,0,0,차대차 - 측면직각충돌,신호위반,건조,맑음,단일로 - 횡단보도상,승용,남,28세,상해없음,원동기,남,64세,사망
2012110300100254,2012년 11월 3일 10시,토요일,대구광역시 달서구 감삼동,경상사고,0,0,1,0,차대사람 - 기타,안전운전불이행,건조,맑음,단일로 - 기타,화물,남,41세,상해없음,보행자,여,77세,경상
2012110300100255,2012년 11월 3일 10시,토요일,대구광역시 달서구 본리동,경상사고,0,0,1,0,차대차 - 추돌 - 진행중,신호위반,건조,맑음,교차로 - 교차로안,이륜,기타불명,기타불명,기타불명,이륜,남,26세,경상
2012110300100291,2012년 11월 3일 11시,토요일,대구광역시 남구 이천동,중상사고,0,1,0,0,차대사람 - 기타,안전운전불이행,건조,맑음,단일로 - 기타,승용,남,65세,상해없음,보행자,여,83세,중상
2012110300100292,2012년 11월 3일 11시,토요일,대구광역시 북구 노원동3가,중상사고,0,1,0,0,차대차 - 측면직각충돌,교차로운행방법위반,건조,맑음,교차로 - 교차로안,화물,남,65세,상해없음,이륜,남,75세,중상
2012110300100293,2012년 11월 3일 11시,토요일,대구광역시 서구 중리동,경상사고,0,0,1,0,차대차 - 측면직각충돌,직진우회전진행방해,건조,맑음,교차로 - 교차로안,승용,여,59세,상해없음,승용,여,43세,경상
2012110300100294,2012년 11월 3일 11시,토요일,대구광역시 달서구 갈산동,경상사고,0,0,2,0,차대차 - 측면직각충돌,안전거리미확보,건조,맑음,단일로 - 기타,화물,남,44세,기타불명,승용,남,30세,경상
2012110300100333,2012년 11월 3일 12시,토요일,대구광역시 수성구 상동,경상사고,0,0,1,0,차대차 - 기타,안전거리미확보,건조,맑음,단일로 - 기타,승용,여,47세,상해없음,승용,여,29세,경상
2012110300100334,2012년 11월 3일 12시,토요일,대구광역시 북구 서변동,중상사고,0,1,0,0,차대차 - 기타,안전운전불이행,건조,맑음,단일로 - 기타,승용,남,65세,상해없음,이륜,남,31세,중상
2012110300100335,2012년 11월 3일 12시,토요일,대구광역시 중구 동성로2가,경상사고,0,0,1,0,차대차 - 추돌 - 진행중,안전운전불이행,건조,맑음,단일로 - 기타,원동기,남,18세,상해없음,승용,여,35세,상해없음
2012110300100367,2012년 11월 3일 13시,토요일,대구광역시 달서구 본동,경상사고,0,0,1,0,차대사람 - 기타,안전운전불이행,건조,맑음,단일로 - 기타,승용,남,59세,상해없음,보행자,남,17세,경상
2012110300100368,2012년 11월 3일 13시,토요일,대구광역시 중구 대신동,경상사고,0,0,1,0,차대사람 - 횡단중,보행자보호의무위반,건조,맑음,단일로 - 횡단보도상,원동기,남,75세,상해없음,보행자,여,23세,경상
2012110300100416,2012년 11월 3일 14시,토요일,대구광역시 수성구 범어동,경상사고,0,0,2,0,차대차 - 측면직각충돌,교차로운행방법위반,건조,맑음,교차로 - 교차로안,승합,남,53세,상해없음,승용,남,29세,경상