사고번호,사고일시,요일,시군구,사고내용,사망자수,중상자수,경상자수,부상신고자수,사고유형,법규위반,노면상태,기상상태,도로형태,가해운전자 차종,가해운전자 성별,가해운전자 연령,가해운전자 상해정도,피해운전자 차종,피해운전자 성별,피해운전자 연령,피해운전자 상해정도
2012110300100417,2012년 11월 3일 14시,토요일,대구광역시 달서구 월암동,경상사고,0,0,1,0,차대차 - 추돌 - 진행중,안전운전불이행,건조,맑음,교차로 - 교차로부근,승용,남,74세,상해없음,승용,남,53세,경상
2012110300100418,2012년 11월 3일 14시,토요일,대구광역시 북구 동천동,경상사고,0,0,1,0,차대차 - 측면직각충돌,안전운전불이행,건조,맑음,단일로 - 기타,승용,남,34세,상해없음,이륜,남,17세,경상
2012110300100456,2012년 11월 3일 15시,토요일,대구광역시 수성구 만촌동,경상사고,0,0,1,0,차대차 - 기타,안전운전불이행,건조,맑음,단일로 - 기타,승용,기타불명,기타불명,기타불명,승합,남,51세,기타불명
2012110300100457,2012년 11월 3일 15시,토요일,대구광역시 북구 노원동3가,중상사고,0,1,0,0,차대차 - 기타,교차로운행방법위반,건조,맑음,교차로 - 교차로안,특수,남,46세,상해없음,자전거,남,73세,중상
2012110300100458,2012년 11월 3일 15시,토요일,대구광역시 중구 대신동,중상사고,0,1,0,0,차대사람 - 기타,안전운전불이행,건조,맑음,교차로 - 교차로부근,원동기,남,29세,상해없음,보행자,여,52세,중상
2012110300100494,2012년 11월 3일 16시,토요일,대구광역시 수성구 범어동,중상사고,0,1,0,0,차대차 - 기타,안전운전불이행,건조,맑음,단일로 - 기타,승용,여,44세,상해없음,자전거,남,60세,중상
2012110300100495,2012년 11월 3일 16시,토요일,대구광역시 달서구 진천동,경상사고,0,0,1,0,차대사람 - 기타,안전운전불이행,건조,맑음,기타 - 기타,승용,기타불명,기타불명,기타불명,보행자,여,36세,경상
2012110300100530,2012년 11월 3일 17시,토요일,대구광역시 동구 율하동,경상사고,0,0,1,0,차대차 - 측면직각충돌,직진우회전진행방해,건조,맑음,교차로 - 교차로안,화물,남,31세,상해없음,이륜,남,62세,경상
2012110300100531,2012년 11월 3일 17시,토요일,대구광역시 수성구 두산동,경상사고,0,0,3,0,차대차 - 추돌 - 진행중,안전운전불이행,건조,맑음,단일로 - 기타,승용,남,60세,상해없음,승용,남,49세,경상
2012110300100532,2012년 11월 3일 17시,토요일,대구광역시 북구 고성동3가,중상사고,0,1,0,0,차대차 - 측면직각충돌,안전운전불이행,건조,맑음,교차로 - 교차로부근,승용,남,51세,상해없음,이륜,남,29세,중상
2012110300100594,2012년 11월 3일 18시,토요일,대구광역시 동구 입석동,중상사고,0,1,2,0,차대차 - 기타,안전운전불이행,건조,맑음,단일로 - 기타,승용,남,48세,상해없음,승합,남,36세,상해없음
2012110300100595,2012년 11월 3일 18시,토요일,대구광역시 수성구 범어동,중상사고,0,1,3,0,차대차 - 추돌 - 주정차중,안전운전불이행,건조,맑음,단일로 - 기타,승용,여,31세,상해없음,승용,남,60세,중상
2012110300100596,2012년 11월 3일 18시,토요일,대구광역시 수성구 만촌동,경상사고,0,0,1,0,차대차 - 추돌 - 진행중,안전운전불이행,건조,맑음,단일로 - 기타,승용,여,37세,상해없음,승용,남,48세,경상
2012110300100597,2012년 11월 3일 18시,토요일,대구광역시 달서구 진천동,경상사고,0,0,1,0,차대차 - 측면직각충돌,직진우회전진행방해,건조,맑음,교차로 - 교차로안,이륜,남,67세,경상,승용,남,57세,상해없음
2012110300100598,2012년 11월 3일 18시,토요일,대구광역시 중구 남산동,경상사고,0,0,4,0,차대차 - 추돌 - 주정차중,안전운전불이행,건조,맑음,단일로 - 기타,승용,남,56세,상해없음,승용,남,25세,경상
2012110300100632,2012년 11월 3일 19시,토요일,대구광역시 동구 신암동,중상사고,0,1,0,0,차대차 - 기타,안전운전불이행,건조,맑음,단일로 - 기타,승용,여,54세,상해없음,승합,남,66세,중상
2012110300100633,2012년 11월 3일 19시,토요일,대구광역시 수성구 상동,경상사고,0,0,1,0,차대차 - 측면직각충돌,안전거리미확보,건조,맑음,단일로 - 기타,승용,남,23세,상해없음,승용,남,67세,경상
2012110300100634,2012년 11월 3일 19시,토요일,대구광역시 수성구 만촌동,경상사고,0,0,1,0,차대차 - 추돌 - 진행중,안전운전불이행,건조,맑음,단일로 - 기타,승용,남,69세,상해없음,승용,남,43세,경상
2012110300100635,2012년 11월 3일 19시,토요일,대구광역시 달서구 상인동,경상사고,0,0,1,0,차대차 - 측면직각충돌,안전운전불이행,건조,맑음,단일로 - 기타,자전거,남,63세,경상,원동기,남,18세,상해없음
2012110300100636,2012년 11월 3일 19시,토요일,대구광역시 달서구 송현동,경상사고,0,0,1,0,차대차 - 기타,신호위반,건조,맑음,교차로 - 교차로안,승용,남,28세,상해없음,이륜,남,18세,경상
2012110300100637,2012년 11월 3일 19시,토요일,대구광역시 달서구 죽전동,경상사고,0,0,4,0,차대차 - 추돌 - 주정차중,안전운전불이행,건조,맑음,단일로 - 기타,승용,남,23세,상해없음,승용,남,27세,경상
2012110300100675,2012년 11월 3일 20시,토요일,대구광역시 북구 태전동,경상사고,0,0,1,0,차대차 - 추돌 - 진행중,신호위반,건조,맑음,교차로 - 교차로부근,이륜,남,17세,경상,승용,남,44세,상해없음
2012110300100676,2012년 11월 3일 20시,토요일,대구광역시 북구 동천동,경상사고,0,0,1,0,차대차 - 측면직각충돌,안전운전불이행,건조,맑음,교차로 - 교차로안,승용,여,36세,상해없음,이륜,남,31세,경상
2012110300100714,2012년 11월 3일 21시,토요일,대구광역시 남구 대명동,경상사고,0,0,1,0,차대사람 - 횡단중,신호위반,건조,맑음,교차로 - 교차로부근,이륜,남,17세,상해없음,보행자,여,13세,경상
2012110300100715,2012년 11월 3일 21시,토요일,대구광역시 동구 율하동,경상사고,0,0,2,0,차대차 - 추돌 - 주정차중,안전운전불이행,건조,맑음,단일로 - 기타,승용,남,25세,상해없음,승용,남,33세,경상
2012110300100716,2012년 11월 3일 21시,토요일,대구광역시 달서구 감삼동,부상신고사고,0,0,0,1,차대차 - 측면직각충돌,안전운전불이행,건조,맑음,교차로 - 교차로부근,이륜,남,22세,부상신고,승용,남,46세,상해없음
2012110300100750,2012년 11월 3일 22시,토요일,대구광역시 수성구 만촌동,중상사고,0,1,0,0,차대차 - 기타,교차로운행방법위반,건조,맑음,교차로 - 교차로안,승용,남,39세,상해없음,이륜,남,17세,중상
2012110300100751,2012년 11월 3일 22시,토요일,대구광역시 달서구 성당동,경상사고,0,0,1,0,차대차 - 기타,안전운전불이행,건조,맑음,단일로 - 기타,승용,남,25세,상해없음,원동기,남,33세,경상
2012110300100752,2012년 11월 3일 22시,토요일,대구광역시 달서구 용산동,중상사고,0,1,0,0,차대사람 - 횡단중,안전운전불이행,건조,맑음,단일로 - 기타,승용,남,52세,상해없음,보행자,남,52세,중상
2012110400100021,2012년 11월 4일 00시,일요일,대구광역시 수성구 황금동,부상신고사고,0,0,0,1,차대사람 - 기타,안전운전불이행,건조,맑음,단일로 - 기타,승용,남,32세,상해없음,보행자,남,39세,부상신고
2012110400100022,2012년 11월 4일 00시,일요일,대구광역시 수성구 수성동1가,경상사고,0,0,1,0,차대차 - 측면직각충돌,교차로운행방법위반,건조,맑음,교차로 - 교차로안,승용,남,49세,상해없음,승용,남,45세,경상
2012110400100023,2012년 11월 4일 00시,일요일,대구광역시 달서구 감삼동,경상사고,0,0,1,0,차대사람 - 기타,안전운전불이행,건조,맑음,단일로 - 기타,이륜,기타불명,기타불명,기타불명,보행자,남,43세,경상
2012110400100068,2012년 11월 4일 03시,일요일,대구광역시 서구 비산동,경상사고,0,0,1,0,차대차 - 측면직각충돌,안전운전불이행,건조,맑음,단일로 - 기타,승용,남,54세,상해없음,승용,여,55세,경상
2012110400100083,2012년 11월 4일 04시,일요일,대구광역시 수성구 파동,경상사고,0,0,2,0,차대차 - 기타,안전거리미확보,건조,맑음,단일로 - 기타,승용,남,58세,상해없음,승용,남,45세,경상
2012110400100142,2012년 11월 4일 09시,일요일,대구광역시 남구 이천동,경상사고,0,0,2,0,차대차 - 추돌 - 주정차중,안전운전불이행,건조,맑음,단일로 - 기타,승용,여,25세,경상,승용,남,32세,경상
2012110400100143,2012년 11월 4일 09시,일요일,대구광역시 달서구 이곡동,경상사고,0,0,1,0,차대차 - 측면직각충돌,안전거리미확보,건조,맑음,단일로 - 기타,승용,남,62세,기타불명,승용,여,34세,경상
2012110400100181,2012년 11월 4일 11시,일요일,대구광역시 동구 율하동,경상사고,0,0,1,0,차대차 - 기타,안전운전불이행,건조,맑음,기타 - 기타,승용,여,30세,상해없음,승용,여,32세,경상
2012110400100201,2012년 11월 4일 12시,일요일,대구광역시 수성구 수성동4가,경상사고,0,0,2,0,차대차 - 측면직각충돌,안전거리미확보,건조,맑음,단일로 - 기타,승용,남,55세,상해없음,승합,남,44세,경상
2012110400100202,2012년 11월 4일 12시,일요일,대구광역시 달성군 유가면,중상사고,0,1,1,0,차대차 - 측면직각충돌,안전운전불이행,건조,맑음,교차로 - 교차로안,화물,남,45세,기타불명,승용,남,56세,중상
2012110400100203,2012년 11월 4일 12시,일요일,대구광역시 중구 남산동,중상사고,0,1,0,0,차대차 - 기타,신호위반,건조,맑음,교차로 - 교차로안,승용,남,59세,상해없음,승용,남,41세,중상
2012110400100225,2012년 11월 4일 13시,일요일,대구광역시 달서구 본동,경상사고,0,0,1,0,차대사람 - 길가장자리구역통행중,안전운전불이행,건조,맑음,단일로 - 기타,승용,남,46세,상해없음,보행자,남,26세,경상
2012110400100289,2012년 11월 4일 15시,일요일,대구광역시 동구 신서동,중상사고,0,1,0,0,차대사람 - 기타,보행자보호의무위반,건조,흐림,단일로 - 횡단보도상,승용,여,45세,상해없음,보행자,여,46세,중상
2012110400100290,2012년 11월 4일 15시,일요일,대구광역시 북구 국우동,중상사고,0,1,0,0,차대차 - 추돌 - 주정차중,안전운전불이행,건조,맑음,단일로 - 기타,이륜,남,17세,중상,승용,남,27세,상해없음
2012110400100320,2012년 11월 4일 16시,일요일,대구광역시 수성구 상동,중상사고,0,1,0,0,차대사람 - 기타,안전운전불이행,습기,비,기타 - 기타,기타불명,기타불명,기타불명,기타불명,보행자,여,73세,중상
2012110400100321,2012년 11월 4일 16시,일요일,대구광역시 달서구 본동,경상사고,0,0,2,0,차대차 - 측면직각충돌,안전운전불이행,습기,비,단일로 - 기타,승용,남,38세,경상,승용,여,57세,경상
2012110400100322,2012년 11월 4일 16시,일요일,대구광역시 달성군 논공읍,경상사고,0,0,1,0,차대사람 - 횡단중,안전운전불이행,습기,비,단일로 - 기타,승용,남,44세,상해없음,보행자,남,4세,경상
2012110400100323,2012년 11월 4일 16시,일요일,대구광역시 중구 달성동,중상사고,0,1,0,0,차량단독 - 기타,안전운전불이행,습기,비,단일로 - 기타,이륜,남,59세,중상,,,,
2012110400100366,2012년 11월 4일 17시,일요일,대구광역시 남구 대명동,중상사고,0,1,0,0,차대사람 - 횡단중,신호위반,습기,비,단일로 - 횡단보도상,이륜,기타불명,기타불명,기타불명,보행자,여,62세,중상
2012110400100367,2012년 11월 4일 17시,일요일,대구광역시 동구 신암동,경상사고,0,0,1,0,차대차 - 측면직각충돌,안전운전불이행,건조,맑음,단일로 - 기타,승용,남,23세,상해없음,승용,남,43세,경상
2012110400100368,2012년 11월 4일 17시,일요일,대구광역시 서구 내당동,중상사고,0,1,0,0,차대사람 - 횡단중,안전운전불이행,습기,비,단일로 - 기타,승용,남,57세,상해없음,보행자,여,57세,중상
2012110400100437,2012년 11월 4일 18시,일요일,대구광역시 달서구 상인동,경상사고,0,0,1,0,차대차 - 측면직각충돌,안전거리미확보,습기,비,단일로 - 기타,기타불명,기타불명,기타불명,기타불명,원동기,남,23세,경상
2012110400100438,2012년 11월 4일 18시,일요일,대구광역시 서구 원대동1가,중상사고,0,1,0,0,차대차 - 기타,불법유턴,건조,맑음,단일로 - 기타,승용,남,57세,상해없음,승용,여,51세,중상
2012110400100439,2012년 11월 4일 18시,일요일,대구광역시 중구 봉산동,중상사고,0,1,0,0,차대차 - 측면직각충돌,안전운전불이행,습기,비,단일로 - 횡단보도부근,자전거,여,65세,중상,이륜,남,35세,상해없음
2012110400100440,2012년 11월 4일 18시,일요일,대구광역시 달서구 용산동,경상사고,0,0,3,0,차대차 - 측면직각충돌,신호위반,습기,비,교차로 - 교차로안,승용,남,55세,상해없음,승용,남,55세,경상
2012110400100501,2012년 11월 4일 19시,일요일,대구광역시 남구 대명동,경상사고,0,0,1,0,차대차 - 추돌 - 진행중,안전거리미확보,습기,흐림,교차로 - 교차로부근,승용,남,51세,상해없음,승용,여,64세,경상
2012110400100502,2012년 11월 4일 19시,일요일,대구광역시 동구 신천동,경상사고,0,0,1,0,차대차 - 정면충돌,안전운전불이행,습기,비,단일로 - 기타,승용,남,49세,상해없음,이륜,남,49세,경상
2012110400100503,2012년 11월 4일 19시,일요일,대구광역시 동구 신천동,경상사고,0,0,1,0,차대차 - 추돌 - 주정차중,안전거리미확보,건조,맑음,교차로 - 교차로부근,승용,남,42세,상해없음,승용,남,56세,경상
2012110400100504,2012년 11월 4일 19시,일요일,대구광역시 수성구 성동,중상사고,0,2,0,0,차량단독 - 공작물충돌,안전운전불이행,습기,비,교차로 - 교차로안,화물,남,70세,중상,,,,
2012110400100505,2012년 11월 4일 19시,일요일,대구광역시 달서구 상인동,경상사고,0,0,2,0,차대차 - 기타,안전운전불이행,건조,맑음,교차로 - 교차로부근,승용,남,46세,상해없음,승용,남,25세,경상
2012110400100506,2012년 11월 4일 19시,일요일,대구광역시 북구 침산동,부상신고사고,0,0,0,1,차대차 - 측면직각충돌,중앙선침범,건조,맑음,단일로 - 기타,이륜,남,47세,부상신고,승용,남,27세,상해없음
2012110400100507,2012년 11월 4일 19시,일요일,대구광역시 북구 산격동,부상신고사고,0,0,0,1,차대사람 - 횡단중,안전운전불이행,습기,비,교차로 - 교차로안,기타불명,기타불명,기타불명,기타불명,보행자,남,16세,부상신고
2012110400100508,2012년 11월 4일 19시,일요일,대구광역시 중구 삼덕동1가,경상사고,0,0,2,0,차대차 - 추돌 - 진행중,안전운전불이행,습기,비,교차로 - 교차로부근,승용,남,56세,상해없음,승용,남,38세,경상
2012110400100509,2012년 11월 4일 19시,일요일,대구광역시 달서구 장기동,경상사고,0,0,2,0,차대차 - 측면직각충돌,직진우회전진행방해,습기,비,교차로 - 교차로안,승합,남,52세,상해없음,승용,남,58세,경상
2012110400100561,2012년 11월 4일 20시,일요일,대구광역시 수성구 대흥동,중상사고,0,3,0,0,차대차 - 추돌 - 진행중,안전운전불이행,습기,비,단일로 - 기타,승용,여,50세,상해없음,승용,남,47세,중상
2012110400100562,2012년 11월 4일 20시,일요일,대구광역시 북구 복현동,부상신고사고,0,0,0,1,차량단독 - 기타,안전운전불이행,습기,흐림,단일로 - 기타,원동기,남,46세,부상신고,,,,
2012110400100601,2012년 11월 4일 21시,일요일,대구광역시 달서구 상인동,중상사고,0,1,0,0,차대사람 - 횡단중,안전운전불이행,습기,비,교차로 - 교차로부근,이륜,남,51세,상해없음,보행자,남,55세,중상
2012110400100602,2012년 11월 4일 21시,일요일,대구광역시 중구 계산동2가,경상사고,0,0,3,0,차대차 - 측면직각충돌,안전거리미확보,습기,비,단일로 - 기타,승용,남,27세,상해없음,승용,남,43세,경상
2012110400100637,2012년 11월 4일 22시,일요일,대구광역시 동구 각산동,경상사고,0,0,1,0,차대차 - 기타,안전운전불이행,건조,맑음,교차로 - 교차로부근,승용,남,59세,상해없음,승용,여,33세,경상
2012110400100638,2012년 11월 4일 22시,일요일,대구광역시 서구 평리동,경상사고,0,0,2,0,차대차 - 추돌 - 주정차중,안전운전불이행,습기,비,교차로 - 교차로부근,화물,남,49세,상해없음,승용,남,47세,경상
2012110400100668,2012년 11월 4일 23시,일요일,대구광역시 수성구 만촌동,경상사고,0,0,3,0,차대차 - 추돌 - 주정차중,안전운전불이행,건조,맑음,교차로 - 교차로부근,승용,남,68세,상해없음,승용,남,30세,경상
2012110400100669,2012년 11월 4일 23시,일요일,대구광역시 달서구 두류동,경상사고,0,0,1,0,차대사람 - 기타,안전운전불이행,건조,맑음,단일로 - 기타,승용,여,44세,상해없음,보행자,남,24세,경상
2012110500100027,2012년 11월 5일 02시,월요일,대구광역시 동구 신천동,경상사고,0,0,1,0,차대차 - 기타,안전운전불이행,건조,맑음,단일로 - 기타,승용,여,38세,상해없음,승용,남,39세,경상
2012110500100149,2012년 11월 5일 08시,월요일,대구광역시 남구 대명동,중상사고,0,1,0,0,차대사람 - 기타,안전운전불이행,건조,맑음,단일로 - 기타,화물,남,32세,상해없음,보행자,남,16세,중상
2012110500100150,2012년 11월 5일 08시,월요일,대구광역시 달서구 상인동,중상사고,0,1,0,0,차대차 - 기타,안전운전불이행,습기,흐림,단일로 - 기타,승용,기타불명,기타불명,기타불명,자전거,여,23세,중상
2012110500100151,2012년 11월 5일 08시,월요일,대구광역시 달성군 현풍면,중상사고,0,1,0,0,차대차 - 기타,안전운전불이행,건조,맑음,단일로 - 기타,원동기,남,71세,중상,승용,여,51세,상해없음
2012110500100152,2012년 11월 5일 08시,월요일,대구광역시 북구 동변동,경상사고,0,0,1,0,차대차 - 기타,중앙선침범,건조,맑음,기타 - 기타,승용,여,29세,상해없음,자전거,남,40세,경상
2012110500100153,2012년 11월 5일 08시,월요일,대구광역시 북구 노원동3가,경상사고,0,0,1,0,차대차 - 측면직각충돌,안전운전불이행,건조,맑음,단일로 - 기타,승합,남,52세,상해없음,자전거,남,36세,경상
2012110500100154,2012년 11월 5일 08시,월요일,대구광역시 달서구 신당동,중상사고,0,1,0,0,차대차 - 측면직각충돌,중앙선침범,건조,맑음,단일로 - 기타,자전거,남,56세,중상,승용,남,21세,상해없음
2012110500100186,2012년 11월 5일 09시,월요일,대구광역시 북구 복현동,부상신고사고,0,0,0,1,차대차 - 측면직각충돌,안전거리미확보,건조,맑음,단일로 - 기타,이륜,남,78세,부상신고,승용,여,37세,상해없음
2012110500100187,2012년 11월 5일 09시,월요일,대구광역시 서구 원대동1가,중상사고,0,1,0,0,차대차 - 측면직각충돌,신호위반,건조,맑음,교차로 - 교차로안,승합,남,48세,상해없음,승용,남,69세,중상
2012110500100213,2012년 11월 5일 10시,월요일,대구광역시 달서구 유천동,경상사고,0,0,3,0,차대차 - 추돌 - 주정차중,안전거리미확보,건조,맑음,단일로 - 기타,화물,남,53세,상해없음,화물,남,55세,경상
2012110500100214,2012년 11월 5일 10시,월요일,대구광역시 달서구 본리동,경상사고,0,0,2,0,차대차 - 추돌 - 주정차중,안전운전불이행,건조,맑음,단일로 - 기타,승용,남,34세,상해없음,승용,여,63세,경상
2012110500100238,2012년 11월 5일 11시,월요일,대구광역시 달서구 송현동,중상사고,0,1,0,0,차대차 - 측면직각충돌,신호위반,건조,맑음,단일로 - 횡단보도상,승용,여,44세,상해없음,이륜,남,51세,중상
2012110500100239,2012년 11월 5일 11시,월요일,대구광역시 북구 검단동,중상사고,0,1,0,0,차대차 - 추돌 - 진행중,안전거리미확보,건조,맑음,교차로 - 교차로부근,화물,남,39세,상해없음,이륜,남,35세,중상
2012110500100268,2012년 11월 5일 12시,월요일,대구광역시 동구 신천동,경상사고,0,0,1,0,차대사람 - 기타,안전운전불이행,건조,맑음,단일로 - 기타,승용,남,41세,상해없음,보행자,여,74세,경상
2012110500100297,2012년 11월 5일 13시,월요일,대구광역시 동구 입석동,경상사고,0,0,1,0,차대차 - 기타,안전운전불이행,건조,맑음,단일로 - 교량,승용,기타불명,기타불명,기타불명,원동기,남,48세,경상
2012110500100298,2012년 11월 5일 13시,월요일,대구광역시 달서구 송현동,경상사고,0,0,2,0,차대차 - 측면직각충돌,차로위반,건조,맑음,교차로 - 교차로부근,승용,남,55세,상해없음,승용,남,47세,경상
2012110500100320,2012년 11월 5일 14시,월요일,대구광역시 남구 봉덕동,중상사고,0,1,2,0,차대차 - 추돌 - 진행중,안전운전불이행,건조,맑음,단일로 - 기타,이륜,남,45세,중상,승용,남,56세,경상
2012110500100321,2012년 11월 5일 14시,월요일,대구광역시 남구 봉덕동,중상사고,0,1,0,0,차대사람 - 길가장자리구역통행중,안전운전불이행,건조,맑음,교차로 - 교차로안,승용,남,33세,상해없음,보행자,여,68세,중상
2012110500100322,2012년 11월 5일 14시,월요일,대구광역시 동구 괴전동,경상사고,0,0,1,0,차대차 - 추돌 - 주정차중,안전거리미확보,건조,맑음,교차로 - 교차로부근,특수,남,45세,상해없음,승용,남,50세,경상
2012110500100355,2012년 11월 5일 15시,월요일,대구광역시 북구 노원동3가,중상사고,0,1,0,0,차대차 - 측면직각충돌,안전운전불이행,건조,맑음,단일로 - 횡단보도부근,승용,남,33세,상해없음,자전거,남,66세,중상
2012110500100398,2012년 11월 5일 16시,월요일,대구광역시 수성구 시지동,경상사고,0,0,1,0,차대차 - 기타,안전운전불이행,건조,맑음,단일로 - 기타,승용,여,71세,상해없음,자전거,남,11세,경상
2012110500100399,2012년 11월 5일 16시,월요일,대구광역시 북구 대현동,중상사고,0,1,0,0,차대사람 - 기타,안전운전불이행,건조,맑음,단일로 - 기타,승용,여,51세,상해없음,보행자,남,8세,중상
2012110500100442,2012년 11월 5일 17시,월요일,대구광역시 동구 용수동,경상사고,0,0,1,0,차대사람 - 기타,안전운전불이행,건조,맑음,교차로 - 교차로안,화물,남,55세,상해없음,보행자,여,23세,경상
2012110500100443,2012년 11월 5일 17시,월요일,대구광역시 달서구 이곡동,경상사고,0,0,1,0,차대차 - 측면직각충돌,안전운전불이행,건조,맑음,단일로 - 기타,화물,남,49세,상해없음,승용,남,25세,경상
2012110500100496,2012년 11월 5일 18시,월요일,대구광역시 수성구 지산동,중상사고,0,1,0,0,차대차 - 기타,직진우회전진행방해,건조,맑음,교차로 - 교차로안,승용,여,44세,상해없음,이륜,남,19세,중상
2012110500100497,2012년 11월 5일 18시,월요일,대구광역시 달서구 송현동,중상사고,0,1,0,0,차대사람 - 횡단중,안전운전불이행,건조,맑음,단일로 - 횡단보도부근,화물,남,50세,상해없음,보행자,남,30세,중상
2012110500100498,2012년 11월 5일 18시,월요일,대구광역시 달성군 논공읍,중상사고,0,1,0,0,차대차 - 측면직각충돌,안전운전불이행,건조,맑음,단일로 - 기타,승용,남,46세,상해없음,원동기,남,15세,중상
2012110500100499,2012년 11월 5일 18시,월요일,대구광역시 달성군 다사읍,경상사고,0,0,3,1,차대차 - 추돌 - 주정차중,안전운전불이행,건조,맑음,단일로 - 기타,화물,여,58세,상해없음,승용,남,44세,경상
2012110500100530,2012년 11월 5일 19시,월요일,대구광역시 달서구 송현동,경상사고,0,0,1,0,차대사람 - 기타,안전운전불이행,건조,맑음,단일로 - 기타,자전거,남,61세,상해없음,보행자,여,54세,경상
2012110500100531,2012년 11월 5일 19시,월요일,대구광역시 서구 비산동,경상사고,0,0,1,0,차대차 - 측면직각충돌,안전거리미확보,건조,맑음,단일로 - 기타,승용,남,38세,상해없음,원동기,남,31세,경상
2012110500100532,2012년 11월 5일 19시,월요일,대구광역시 서구 내당동,경상사고,0,0,2,0,차대차 - 추돌 - 진행중,안전거리미확보,건조,맑음,단일로 - 기타,승용,여,47세,상해없음,승용,남,34세,경상
2012110500100533,2012년 11월 5일 19시,월요일,대구광역시 서구 내당동,경상사고,0,0,1,0,차대사람 - 차도통행중,안전운전불이행,건조,흐림,단일로 - 기타,승용,남,60세,상해없음,보행자,남,60세,경상
2012110500100534,2012년 11월 5일 19시,월요일,대구광역시 달서구 신당동,경상사고,0,0,1,0,차대차 - 측면직각충돌,차로위반,건조,맑음,단일로 - 기타,승용,남,53세,상해없음,이륜,남,34세,경상
2012110500100535,2012년 11월 5일 19시,월요일,대구광역시 달서구 장기동,부상신고사고,0,0,0,1,차대사람 - 횡단중,안전운전불이행,건조,맑음,교차로 - 교차로안,승용,기타불명,기타불명,기타불명,보행자,남,23세,부상신고
2012110500100574,2012년 11월 5일 20시,월요일,대구광역시 북구 침산동,중상사고,0,1,0,0,차대차 - 기타,안전운전불이행,건조,맑음,단일로 - 기타,승용,여,40세,상해없음,자전거,남,11세,중상
2012110500100643,2012년 11월 5일 22시,월요일,대구광역시 동구 신천동,중상사고,0,1,0,0,차대사람 - 횡단중,보행자보호의무위반,건조,맑음,단일로 - 횡단보도상,승용,남,57세,상해없음,보행자,여,47세,중상
2012110500100644,2012년 11월 5일 22시,월요일,대구광역시 달성군 다사읍,중상사고,0,1,0,0,차대사람 - 횡단중,안전운전불이행,건조,맑음,교차로 - 교차로안,이륜,남,50세,상해없음,보행자,여,21세,중상
2012110500100680,2012년 11월 5일 23시,월요일,대구광역시 달성군 현풍면,중상사고,0,2,1,0,차대차 - 추돌 - 진행중,안전운전불이행,건조,맑음,단일로 - 기타,승용,남,39세,경상,화물,남,53세,중상
2012110600100073,2012년 11월 6일 02시,화요일,대구광역시 남구 대명동,경상사고,0,0,2,0,차대차 - 측면직각충돌,안전거리미확보,건조,맑음,교차로 - 교차로부근,화물,남,43세,상해없음,승용,남,47세,경상
2012110600100155,2012년 11월 6일 07시,화요일,대구광역시 달서구 상인동,중상사고,0,1,0,0,차대차 - 측면직각충돌,직진우회전진행방해,건조,맑음,교차로 - 교차로안,이륜,여,37세,중상,승용,남,53세,상해없음
2012110600100156,2012년 11월 6일 07시,화요일,대구광역시 북구 태전동,경상사고,0,0,1,0,차대차 - 기타,안전운전불이행,건조,맑음,단일로 - 기타,승합,남,50세,상해없음,원동기,남,66세,경상
2012110600100157,2012년 11월 6일 07시,화요일,대구광역시 달서구 갈산동,경상사고,0,0,1,0,차대차 - 기타,안전운전불이행,건조,맑음,교차로 - 교차로안,화물,남,33세,상해없음,승용,남,47세,경상
2012110600100190,2012년 11월 6일 08시,화요일,대구광역시 동구 미대동,중상사고,0,1,0,0,차대차 - 측면직각충돌,안전운전불이행,습기,흐림,단일로 - 기타,승용,남,63세,상해없음,승용,여,52세,중상
2012110600100191,2012년 11월 6일 08시,화요일,대구광역시 동구 검사동,경상사고,0,0,1,0,차대차 - 기타,안전거리미확보,습기,흐림,교차로 - 교차로부근,승용,남,63세,상해없음,승용,남,47세,경상
2012110600100192,2012년 11월 6일 08시,화요일,대구광역시 서구 평리동,중상사고,0,1,1,0,차대차 - 추돌 - 진행중,안전운전불이행,습기,흐림,단일로 - 기타,승용,남,48세,상해없음,승용,남,63세,중상
2012110600100225,2012년 11월 6일 09시,화요일,대구광역시 남구 대명동,중상사고,0,1,0,0,차대차 - 기타,교차로운행방법위반,건조,맑음,교차로 - 교차로안,승용,여,35세,상해없음,자전거,남,76세,중상
2012110600100243,2012년 11월 6일 10시,화요일,대구광역시 남구 대명동,부상신고사고,0,0,0,1,차대차 - 측면직각충돌,안전운전불이행,건조,맑음,단일로 - 기타,자전거,남,56세,부상신고,승용,남,35세,상해없음
2012110600100244,2012년 11월 6일 10시,화요일,대구광역시 달서구 용산동,경상사고,0,0,2,0,차대차 - 추돌 - 진행중,기타,건조,맑음,단일로 - 기타,승용,남,52세,경상,승용,남,50세,경상
2012110600100285,2012년 11월 6일 12시,화요일,대구광역시 달성군 유가면,중상사고,0,2,0,0,차대차 - 추돌 - 주정차중,안전운전불이행,건조,맑음,단일로 - 교량,화물,남,66세,중상,승용,여,42세,중상
2012110600100286,2012년 11월 6일 12시,화요일,대구광역시 서구 내당동,경상사고,0,0,2,0,차대사람 - 기타,안전운전불이행,건조,맑음,단일로 - 기타,자전거,남,49세,경상,보행자,여,58세,경상