사고번호,사고일시,요일,시군구,사고내용,사망자수,중상자수,경상자수,부상신고자수,사고유형,법규위반,노면상태,기상상태,도로형태,가해운전자 차종,가해운전자 성별,가해운전자 연령,가해운전자 상해정도,피해운전자 차종,피해운전자 성별,피해운전자 연령,피해운전자 상해정도
2012110900100400,2012년 11월 9일 16시,금요일,대구광역시 달서구 상인동,중상사고,0,1,0,0,차대사람 - 횡단중,보행자보호의무위반,건조,맑음,단일로 - 횡단보도상,화물,남,51세,상해없음,보행자,여,70세,중상
2012110900100401,2012년 11월 9일 16시,금요일,대구광역시 달서구 상인동,경상사고,0,0,1,0,차대사람 - 횡단중,안전운전불이행,건조,맑음,교차로 - 교차로부근,이륜,남,37세,상해없음,보행자,남,16세,경상
2012110900100443,2012년 11월 9일 17시,금요일,대구광역시 달서구 월암동,중상사고,0,1,1,0,차대차 - 기타,교차로운행방법위반,건조,맑음,교차로 - 교차로안,승용,남,33세,경상,화물,남,30세,중상
2012110900100444,2012년 11월 9일 17시,금요일,대구광역시 북구 매천동,경상사고,0,0,2,0,차대차 - 기타,안전운전불이행,건조,맑음,기타 - 기타,승용,남,21세,상해없음,승용,남,40세,경상
2012110900100445,2012년 11월 9일 17시,금요일,대구광역시 북구 침산동,경상사고,0,0,1,0,차대차 - 측면직각충돌,안전운전불이행,기타,기타,단일로 - 횡단보도상,승용,여,44세,상해없음,자전거,여,21세,경상
2012110900100446,2012년 11월 9일 17시,금요일,대구광역시 중구 북성로1가,경상사고,0,0,1,0,차대사람 - 기타,안전운전불이행,건조,맑음,단일로 - 횡단보도부근,승용,여,50세,상해없음,보행자,여,22세,경상
2012110900100505,2012년 11월 9일 18시,금요일,대구광역시 동구 신기동,경상사고,0,0,1,0,차대차 - 추돌 - 진행중,안전운전불이행,건조,맑음,단일로 - 기타,승용,남,53세,상해없음,화물,남,52세,경상
2012110900100506,2012년 11월 9일 18시,금요일,대구광역시 수성구 수성동4가,경상사고,0,0,1,0,차대사람 - 기타,안전운전불이행,건조,맑음,기타 - 기타,승용,남,52세,상해없음,보행자,여,12세,경상
2012110900100507,2012년 11월 9일 18시,금요일,대구광역시 달성군 화원읍,중상사고,0,1,0,0,차대사람 - 기타,안전운전불이행,건조,맑음,교차로 - 교차로부근,승용,여,32세,상해없음,보행자,남,68세,중상
2012110900100508,2012년 11월 9일 18시,금요일,대구광역시 중구 계산동2가,중상사고,0,1,0,0,차대사람 - 기타,신호위반,건조,맑음,단일로 - 횡단보도상,승용,여,33세,상해없음,보행자,여,62세,상해없음
2012110900100540,2012년 11월 9일 19시,금요일,대구광역시 수성구 범어동,경상사고,0,0,1,0,차대사람 - 횡단중,안전운전불이행,건조,맑음,교차로 - 교차로부근,승용,여,41세,상해없음,보행자,여,47세,경상
2012110900100541,2012년 11월 9일 19시,금요일,대구광역시 수성구 범어동,경상사고,0,0,1,0,차대차 - 측면직각충돌,안전거리미확보,건조,맑음,단일로 - 기타,승용,남,41세,상해없음,승용,남,45세,경상
2012110900100542,2012년 11월 9일 19시,금요일,대구광역시 서구 내당동,경상사고,0,0,1,0,차대차 - 기타,안전운전불이행,건조,맑음,기타 - 기타,승용,여,59세,상해없음,이륜,남,54세,경상
2012110900100612,2012년 11월 9일 21시,금요일,대구광역시 동구 신암동,경상사고,0,0,1,0,차대사람 - 횡단중,안전운전불이행,건조,맑음,교차로 - 교차로부근,승용,남,49세,상해없음,보행자,남,41세,경상
2012110900100613,2012년 11월 9일 21시,금요일,대구광역시 중구 동인동1가,경상사고,0,0,1,0,차대차 - 기타,안전거리미확보,건조,맑음,단일로 - 기타,승용,남,47세,상해없음,승용,남,45세,경상
2012110900100652,2012년 11월 9일 22시,금요일,대구광역시 동구 지저동,경상사고,0,0,1,0,차대차 - 측면직각충돌,교차로운행방법위반,건조,맑음,교차로 - 교차로안,승용,남,48세,상해없음,자전거,남,46세,경상
2012110900100653,2012년 11월 9일 22시,금요일,대구광역시 서구 비산동,경상사고,0,0,1,0,차대차 - 측면직각충돌,신호위반,건조,맑음,교차로 - 교차로안,승용,남,49세,상해없음,승용,남,56세,경상
2012110900100686,2012년 11월 9일 23시,금요일,대구광역시 북구 서변동,경상사고,0,0,1,0,차대차 - 추돌 - 진행중,안전거리미확보,건조,맑음,단일로 - 기타,원동기,남,16세,경상,승합,남,49세,상해없음
2012111000100031,2012년 11월 10일 00시,토요일,대구광역시 수성구 범어동,중상사고,0,2,0,0,차대차 - 기타,안전운전불이행,건조,맑음,단일로 - 기타,승용,남,32세,상해없음,승용,남,26세,중상
2012111000100032,2012년 11월 10일 00시,토요일,대구광역시 수성구 만촌동,사망사고,1,0,0,0,차대사람 - 기타,안전운전불이행,건조,맑음,단일로 - 기타,화물,남,52세,상해없음,보행자,여,49세,사망
2012111000100033,2012년 11월 10일 00시,토요일,대구광역시 달서구 대곡동,경상사고,0,0,1,0,차대차 - 기타,안전운전불이행,건조,맑음,단일로 - 기타,승용,남,55세,상해없음,승용,남,29세,경상
2012111000100034,2012년 11월 10일 00시,토요일,대구광역시 달서구 신당동,경상사고,0,0,4,0,차대차 - 기타,안전운전불이행,건조,맑음,단일로 - 기타,승용,남,56세,상해없음,원동기,남,59세,경상
2012111000100035,2012년 11월 10일 00시,토요일,대구광역시 달서구 본리동,경상사고,0,0,1,0,차대차 - 추돌 - 주정차중,안전운전불이행,건조,맑음,단일로 - 기타,승용,남,46세,상해없음,승용,남,52세,경상
2012111000100072,2012년 11월 10일 02시,토요일,대구광역시 수성구 수성동4가,경상사고,0,0,2,0,차대차 - 추돌 - 진행중,안전거리미확보,건조,맑음,단일로 - 기타,승용,여,34세,상해없음,승용,남,44세,경상
2012111000100073,2012년 11월 10일 02시,토요일,대구광역시 서구 내당동,중상사고,0,1,1,0,차대차 - 추돌 - 주정차중,안전운전불이행,건조,맑음,단일로 - 기타,승용,남,32세,상해없음,승용,남,52세,중상
2012111000100095,2012년 11월 10일 03시,토요일,대구광역시 남구 봉덕동,경상사고,0,0,1,0,차대사람 - 기타,안전운전불이행,건조,맑음,단일로 - 기타,승용,남,33세,상해없음,보행자,남,77세,경상
2012111000100096,2012년 11월 10일 03시,토요일,대구광역시 달서구 본동,경상사고,0,0,1,0,차대차 - 측면직각충돌,차로위반,습기,비,교차로 - 교차로부근,화물,남,53세,상해없음,승용,남,43세,경상
2012111000100097,2012년 11월 10일 03시,토요일,대구광역시 중구 대봉동,경상사고,0,0,1,0,차대차 - 기타,교차로운행방법위반,건조,맑음,교차로 - 교차로안,승용,남,25세,상해없음,승용,여,56세,경상
2012111000100098,2012년 11월 10일 03시,토요일,대구광역시 달서구 두류동,경상사고,0,0,1,1,차대차 - 측면직각충돌,신호위반,건조,맑음,교차로 - 교차로안,이륜,남,53세,부상신고,승용,남,26세,경상
2012111000100111,2012년 11월 10일 04시,토요일,대구광역시 동구 서호동,경상사고,0,0,1,0,차대차 - 기타,안전운전불이행,건조,맑음,단일로 - 기타,승용,남,20세,상해없음,승용,남,24세,경상
2012111000100128,2012년 11월 10일 05시,토요일,대구광역시 수성구 만촌동,중상사고,0,1,0,0,차량단독 - 공작물충돌,안전운전불이행,건조,맑음,단일로 - 기타,화물,남,46세,중상,,,,
2012111000100129,2012년 11월 10일 05시,토요일,대구광역시 수성구 두산동,경상사고,0,0,1,0,차대차 - 추돌 - 주정차중,안전운전불이행,건조,맑음,단일로 - 기타,승용,남,63세,기타불명,승용,남,55세,경상
2012111000100130,2012년 11월 10일 05시,토요일,대구광역시 북구 고성동2가,중상사고,0,1,0,0,차대차 - 측면직각충돌,안전운전불이행,건조,흐림,단일로 - 기타,승용,남,26세,상해없음,승용,미분류,기타불명,기타불명
2012111000100148,2012년 11월 10일 06시,토요일,대구광역시 수성구 범어동,경상사고,0,0,1,0,차대차 - 측면직각충돌,안전운전불이행,건조,맑음,교차로 - 교차로부근,승용,남,48세,상해없음,승용,남,46세,경상
2012111000100195,2012년 11월 10일 08시,토요일,대구광역시 동구 신암동,경상사고,0,0,1,0,차량단독 - 기타,교차로운행방법위반,습기,비,교차로 - 교차로안,승용,남,56세,상해없음,,,,
2012111000100196,2012년 11월 10일 08시,토요일,대구광역시 수성구 황금동,경상사고,0,0,1,0,차대차 - 기타,교차로운행방법위반,건조,맑음,교차로 - 교차로안,승용,여,44세,상해없음,승용,남,51세,경상
2012111000100197,2012년 11월 10일 08시,토요일,대구광역시 달서구 월성동,경상사고,0,0,1,0,차대차 - 기타,안전거리미확보,건조,맑음,교차로 - 교차로부근,이륜,남,28세,경상,승용,남,37세,상해없음
2012111000100252,2012년 11월 10일 10시,토요일,대구광역시 수성구 시지동,중상사고,0,1,0,0,차대차 - 기타,안전운전불이행,건조,맑음,단일로 - 기타,화물,남,44세,상해없음,이륜,남,80세,중상
2012111000100253,2012년 11월 10일 10시,토요일,대구광역시 달서구 월성동,중상사고,0,1,0,0,차대차 - 추돌 - 진행중,안전운전불이행,건조,맑음,교차로 - 교차로부근,승용,남,60세,중상,화물,남,32세,상해없음
2012111000100254,2012년 11월 10일 10시,토요일,대구광역시 북구 노원동2가,중상사고,0,1,0,0,차대사람 - 기타,안전운전불이행,건조,맑음,단일로 - 기타,승용,남,53세,상해없음,보행자,남,39세,중상
2012111000100303,2012년 11월 10일 11시,토요일,대구광역시 달성군 화원읍,경상사고,0,0,1,0,차대사람 - 기타,안전운전불이행,건조,맑음,단일로 - 기타,화물,남,52세,상해없음,보행자,남,41세,경상
2012111000100304,2012년 11월 10일 11시,토요일,대구광역시 중구 동인동1가,중상사고,0,1,0,0,차대차 - 기타,교차로운행방법위반,건조,맑음,교차로 - 교차로안,승용,남,56세,상해없음,이륜,남,49세,중상
2012111000100335,2012년 11월 10일 12시,토요일,대구광역시 남구 봉덕동,중상사고,0,1,0,0,차대차 - 측면직각충돌,안전거리미확보,건조,맑음,교차로 - 교차로안,화물,남,64세,상해없음,승용,남,71세,중상
2012111000100336,2012년 11월 10일 12시,토요일,대구광역시 달서구 월성동,중상사고,0,1,0,0,차대사람 - 횡단중,보행자보호의무위반,건조,맑음,단일로 - 횡단보도상,승용,남,61세,상해없음,보행자,여,52세,중상
2012111000100337,2012년 11월 10일 12시,토요일,대구광역시 중구 덕산동,경상사고,0,0,4,0,차대차 - 측면직각충돌,안전거리미확보,건조,맑음,단일로 - 기타,승용,남,59세,경상,승용,남,44세,경상
2012111000100384,2012년 11월 10일 13시,토요일,대구광역시 달서구 송현동,경상사고,0,0,1,0,차대사람 - 기타,안전운전불이행,건조,맑음,단일로 - 기타,승용,남,31세,상해없음,보행자,남,58세,경상
2012111000100385,2012년 11월 10일 13시,토요일,대구광역시 달서구 월성동,경상사고,0,0,2,0,차대차 - 기타,교차로운행방법위반,건조,맑음,교차로 - 교차로안,승용,여,48세,상해없음,승용,남,61세,경상
2012111000100386,2012년 11월 10일 13시,토요일,대구광역시 북구 조야동,경상사고,0,0,1,0,차대사람 - 기타,불법유턴,건조,흐림,단일로 - 기타,승용,남,49세,기타불명,보행자,남,46세,경상
2012111000100407,2012년 11월 10일 14시,토요일,대구광역시 중구 동인동2가,중상사고,0,1,0,0,차대차 - 기타,안전운전불이행,건조,맑음,단일로 - 횡단보도상,화물,남,45세,상해없음,자전거,남,74세,중상
2012111000100444,2012년 11월 10일 15시,토요일,대구광역시 남구 봉덕동,경상사고,0,0,1,0,차대차 - 측면직각충돌,교차로운행방법위반,건조,맑음,단일로 - 기타,승합,남,60세,상해없음,이륜,남,30세,경상
2012111000100445,2012년 11월 10일 15시,토요일,대구광역시 수성구 황금동,경상사고,0,0,1,0,차대차 - 기타,안전운전불이행,건조,맑음,단일로 - 기타,승용,여,46세,상해없음,승용,여,44세,기타불명
2012111000100446,2012년 11월 10일 15시,토요일,대구광역시 달서구 본동,중상사고,0,1,0,0,차대사람 - 기타,안전운전불이행,건조,맑음,교차로 - 교차로부근,승용,남,50세,상해없음,보행자,남,75세,중상
2012111000100481,2012년 11월 10일 16시,토요일,대구광역시 달성군 화원읍,경상사고,0,0,1,0,차대차 - 측면직각충돌,안전운전불이행,건조,맑음,단일로 - 기타,승용,남,41세,상해없음,승용,남,67세,상해없음
2012111000100482,2012년 11월 10일 16시,토요일,대구광역시 북구 국우동,경상사고,0,0,1,0,차대차 - 기타,안전운전불이행,건조,맑음,단일로 - 기타,승합,남,47세,상해없음,승용,남,39세,경상
2012111000100483,2012년 11월 10일 16시,토요일,대구광역시 북구 읍내동,중상사고,0,2,0,0,차대차 - 측면직각충돌,차로위반,건조,맑음,단일로 - 기타,승용,남,54세,상해없음,승용,남,52세,중상
2012111000100484,2012년 11월 10일 16시,토요일,대구광역시 서구 평리동,중상사고,0,1,0,0,차대차 - 기타,안전운전불이행,건조,흐림,교차로 - 교차로안,자전거,남,54세,중상,화물,남,48세,상해없음
2012111000100512,2012년 11월 10일 17시,토요일,대구광역시 서구 상리동,경상사고,0,0,1,0,차대차 - 측면직각충돌,안전거리미확보,건조,맑음,단일로 - 기타,건설기계,남,41세,상해없음,승용,남,30세,경상
2012111000100516,2012년 11월 10일 17시,토요일,대구광역시 남구 봉덕동,중상사고,0,1,0,0,차대차 - 추돌 - 주정차중,안전운전불이행,건조,맑음,단일로 - 기타,승용,여,24세,상해없음,승합,남,57세,중상
2012111000100517,2012년 11월 10일 17시,토요일,대구광역시 동구 신기동,경상사고,0,0,1,0,차대사람 - 기타,교차로운행방법위반,건조,맑음,교차로 - 교차로안,승용,남,29세,상해없음,보행자,남,42세,경상
2012111000100518,2012년 11월 10일 17시,토요일,대구광역시 동구 괴전동,중상사고,0,1,0,0,차대차 - 기타,안전운전불이행,건조,맑음,단일로 - 기타,승용,남,56세,상해없음,이륜,남,71세,중상
2012111000100519,2012년 11월 10일 17시,토요일,대구광역시 서구 평리동,경상사고,0,0,1,0,차대사람 - 횡단중,보행자보호의무위반,건조,맑음,단일로 - 횡단보도상,이륜,남,16세,상해없음,보행자,여,54세,경상
2012111000100520,2012년 11월 10일 17시,토요일,대구광역시 중구 대봉동,중상사고,0,1,0,0,차대차 - 추돌 - 진행중,안전운전불이행,건조,맑음,단일로 - 기타,승용,여,42세,상해없음,승용,여,37세,중상
2012111000100521,2012년 11월 10일 17시,토요일,대구광역시 중구 동성로2가,경상사고,0,0,1,0,차대차 - 추돌 - 진행중,안전거리미확보,건조,맑음,단일로 - 기타,승용,남,35세,상해없음,승용,여,45세,경상
2012111000100581,2012년 11월 10일 18시,토요일,대구광역시 수성구 황금동,경상사고,0,0,1,0,차대차 - 측면직각충돌,안전거리미확보,건조,맑음,단일로 - 기타,승용,여,42세,상해없음,승용,남,38세,상해없음
2012111000100582,2012년 11월 10일 18시,토요일,대구광역시 달서구 송현동,경상사고,0,0,1,0,차대차 - 측면직각충돌,교차로운행방법위반,건조,맑음,교차로 - 교차로안,승용,남,73세,상해없음,승용,남,32세,경상
2012111000100583,2012년 11월 10일 18시,토요일,대구광역시 서구 내당동,중상사고,0,2,0,0,차대차 - 정면충돌,신호위반,건조,흐림,교차로 - 교차로안,화물,남,69세,상해없음,이륜,남,14세,중상
2012111000100584,2012년 11월 10일 18시,토요일,대구광역시 중구 남산동,경상사고,0,0,1,0,차대차 - 기타,안전거리미확보,건조,맑음,단일로 - 기타,승용,남,60세,상해없음,승용,여,28세,경상
2012111000100636,2012년 11월 10일 19시,토요일,대구광역시 수성구 매호동,경상사고,0,0,1,0,차대차 - 추돌 - 진행중,안전거리미확보,건조,맑음,단일로 - 기타,승용,여,26세,상해없음,승용,남,69세,경상
2012111000100637,2012년 11월 10일 19시,토요일,대구광역시 북구 노원동3가,사망사고,1,0,0,0,차대사람 - 기타,안전운전불이행,건조,맑음,단일로 - 횡단보도상,승용,남,61세,상해없음,보행자,남,53세,사망
2012111000100638,2012년 11월 10일 19시,토요일,대구광역시 북구 매천동,경상사고,0,0,2,0,차대차 - 측면직각충돌,차로위반,건조,맑음,단일로 - 기타,승용,남,38세,상해없음,승용,남,51세,경상
2012111000100639,2012년 11월 10일 19시,토요일,대구광역시 북구 동천동,중상사고,0,1,0,0,차대차 - 측면직각충돌,안전운전불이행,건조,맑음,교차로 - 교차로안,승용,남,42세,상해없음,이륜,남,21세,중상
2012111000100677,2012년 11월 10일 20시,토요일,대구광역시 북구 산격동,경상사고,0,0,4,0,차대차 - 측면직각충돌,안전거리미확보,건조,맑음,단일로 - 기타,승용,여,45세,상해없음,승용,남,64세,상해없음
2012111000100678,2012년 11월 10일 20시,토요일,대구광역시 서구 내당동,경상사고,0,0,1,0,차대차 - 기타,안전거리미확보,건조,맑음,단일로 - 기타,화물,남,42세,상해없음,승용,남,46세,경상
2012111000100715,2012년 11월 10일 21시,토요일,대구광역시 수성구 두산동,중상사고,0,1,0,0,차대차 - 정면충돌,안전운전불이행,건조,맑음,단일로 - 기타,승용,여,24세,상해없음,승용,남,31세,중상
2012111000100716,2012년 11월 10일 21시,토요일,대구광역시 서구 원대동3가,중상사고,0,1,0,0,차대차 - 기타,안전운전불이행,건조,맑음,교차로 - 교차로안,승용,여,37세,상해없음,자전거,남,18세,중상
2012111000100759,2012년 11월 10일 22시,토요일,대구광역시 달서구 본동,경상사고,0,0,1,0,차대사람 - 기타,안전운전불이행,건조,맑음,단일로 - 기타,승용,남,29세,상해없음,보행자,남,39세,경상
2012111000100760,2012년 11월 10일 22시,토요일,대구광역시 중구 대봉동,중상사고,0,1,0,0,차량단독 - 공작물충돌,안전운전불이행,건조,맑음,단일로 - 기타,자전거,남,62세,중상,,,,
2012111000100797,2012년 11월 10일 23시,토요일,대구광역시 동구 신천동,중상사고,0,1,0,0,차대사람 - 기타,안전운전불이행,습기,비,단일로 - 횡단보도상,승용,여,23세,상해없음,보행자,여,23세,중상
2012111000100798,2012년 11월 10일 23시,토요일,대구광역시 수성구 신매동,중상사고,0,1,1,0,차대사람 - 횡단중,보행자보호의무위반,습기,비,교차로 - 교차로부근,승합,남,54세,상해없음,보행자,여,48세,중상
2012111000100799,2012년 11월 10일 23시,토요일,대구광역시 수성구 범물동,경상사고,0,0,2,0,차대사람 - 횡단중,안전운전불이행,습기,비,단일로 - 기타,승용,남,51세,상해없음,보행자,여,83세,경상
2012111000100800,2012년 11월 10일 23시,토요일,대구광역시 수성구 범어동,경상사고,0,0,4,0,차대차 - 추돌 - 진행중,안전운전불이행,습기,맑음,단일로 - 기타,승용,남,47세,상해없음,승용,남,36세,경상
2012111000100801,2012년 11월 10일 23시,토요일,대구광역시 북구 태전동,중상사고,0,1,0,0,차대사람 - 보도통행중,신호위반,습기,비,단일로 - 횡단보도상,승용,여,46세,상해없음,보행자,남,22세,중상
2012111000100802,2012년 11월 10일 23시,토요일,대구광역시 달서구 죽전동,경상사고,0,0,5,0,차대차 - 추돌 - 주정차중,안전운전불이행,습기,비,단일로 - 기타,승용,남,52세,상해없음,승용,남,46세,경상
2012111100100023,2012년 11월 11일 00시,일요일,대구광역시 남구 대명동,중상사고,0,1,0,0,차량단독 - 공작물충돌,안전운전불이행,습기,비,단일로 - 기타,화물,남,58세,상해없음,,,,
2012111100100024,2012년 11월 11일 00시,일요일,대구광역시 남구 봉덕동,중상사고,0,1,1,0,차대차 - 추돌 - 주정차중,안전운전불이행,습기,비,단일로 - 기타,승용,남,25세,경상,승용,남,50세,기타불명
2012111100100025,2012년 11월 11일 00시,일요일,대구광역시 서구 내당동,경상사고,0,0,3,0,차대차 - 기타,신호위반,습기,비,교차로 - 교차로안,원동기,남,15세,상해없음,승용,남,53세,상해없음
2012111100100067,2012년 11월 11일 01시,일요일,대구광역시 동구 효목동,중상사고,0,2,0,0,차대차 - 기타,교차로운행방법위반,건조,맑음,교차로 - 교차로안,승용,남,33세,기타불명,승용,남,57세,중상
2012111100100068,2012년 11월 11일 01시,일요일,대구광역시 수성구 중동,중상사고,0,1,0,0,차대차 - 추돌 - 주정차중,안전거리미확보,습기,비,교차로 - 교차로부근,승용,남,39세,상해없음,승용,남,57세,중상
2012111100100069,2012년 11월 11일 01시,일요일,대구광역시 북구 침산동,경상사고,0,0,2,0,차대차 - 측면직각충돌,신호위반,습기,비,교차로 - 교차로안,승용,남,47세,상해없음,승용,남,28세,경상
2012111100100070,2012년 11월 11일 01시,일요일,대구광역시 북구 서변동,중상사고,0,1,0,0,차량단독 - 공작물충돌,안전운전불이행,습기,비,단일로 - 기타,승용,남,58세,상해없음,,,,
2012111100100110,2012년 11월 11일 02시,일요일,대구광역시 남구 대명동,중상사고,0,2,0,0,차대차 - 기타,안전거리미확보,습기,비,단일로 - 기타,기타불명,기타불명,기타불명,기타불명,승용,남,39세,중상
2012111100100111,2012년 11월 11일 02시,일요일,대구광역시 수성구 신매동,중상사고,0,2,0,0,차대사람 - 횡단중,안전운전불이행,습기,비,단일로 - 횡단보도부근,승용,남,47세,상해없음,보행자,남,42세,중상
2012111100100112,2012년 11월 11일 02시,일요일,대구광역시 북구 동천동,경상사고,0,0,4,0,차대차 - 추돌 - 진행중,안전운전불이행,습기,비,단일로 - 기타,승용,여,46세,상해없음,승용,남,19세,경상
2012111100100113,2012년 11월 11일 02시,일요일,대구광역시 서구 평리동,중상사고,0,1,0,0,차대사람 - 횡단중,안전운전불이행,습기,비,단일로 - 횡단보도상,승용,남,44세,상해없음,보행자,남,44세,중상
2012111100100114,2012년 11월 11일 02시,일요일,대구광역시 서구 내당동,중상사고,0,1,0,0,차대사람 - 기타,안전운전불이행,습기,비,단일로 - 기타,승용,남,47세,상해없음,보행자,남,59세,중상
2012111100100115,2012년 11월 11일 02시,일요일,대구광역시 중구 공평동,경상사고,0,0,1,0,차대차 - 기타,안전거리미확보,습기,비,단일로 - 기타,승용,남,42세,상해없음,승용,남,39세,경상
2012111100100147,2012년 11월 11일 03시,일요일,대구광역시 달성군 논공읍,중상사고,0,2,2,0,차대차 - 측면직각충돌,안전운전불이행,습기,비,교차로 - 교차로안,승용,남,43세,상해없음,승용,남,46세,경상
2012111100100148,2012년 11월 11일 03시,일요일,대구광역시 달서구 두류동,경상사고,0,0,2,0,차대차 - 측면직각충돌,차로위반,습기,비,교차로 - 교차로안,승용,남,25세,상해없음,승용,남,49세,경상
2012111100100176,2012년 11월 11일 04시,일요일,대구광역시 북구 동천동,경상사고,0,0,1,0,차대사람 - 횡단중,안전운전불이행,습기,비,교차로 - 교차로부근,승용,남,20세,상해없음,보행자,남,34세,경상
2012111100100196,2012년 11월 11일 05시,일요일,대구광역시 중구 남산동,중상사고,0,3,1,0,차대차 - 측면직각충돌,신호위반,습기,비,교차로 - 교차로안,승합,남,45세,중상,승용,남,54세,중상
2012111100100248,2012년 11월 11일 08시,일요일,대구광역시 달서구 감삼동,경상사고,0,0,1,0,차대차 - 측면직각충돌,안전거리미확보,건조,맑음,단일로 - 기타,승용,여,50세,상해없음,승용,남,34세,경상
2012111100100277,2012년 11월 11일 09시,일요일,대구광역시 서구 이현동,중상사고,0,1,3,0,차대차 - 측면직각충돌,안전운전불이행,습기,비,단일로 - 기타,승용,남,51세,상해없음,승용,남,46세,경상
2012111100100278,2012년 11월 11일 09시,일요일,대구광역시 달서구 본리동,경상사고,0,0,2,0,차대차 - 측면직각충돌,신호위반,습기,흐림,교차로 - 교차로안,승용,남,58세,경상,승용,남,51세,경상
2012111100100296,2012년 11월 11일 10시,일요일,대구광역시 남구 봉덕동,경상사고,0,0,1,1,차대차 - 기타,안전운전불이행,습기,비,단일로 - 기타,승용,남,33세,상해없음,승용,남,40세,상해없음
2012111100100297,2012년 11월 11일 10시,일요일,대구광역시 동구 효목동,경상사고,0,0,2,0,차대차 - 추돌 - 진행중,안전거리미확보,건조,맑음,교차로 - 교차로부근,승용,남,46세,상해없음,승용,여,29세,경상
2012111100100298,2012년 11월 11일 10시,일요일,대구광역시 달서구 본동,경상사고,0,0,2,0,차대차 - 기타,안전운전불이행,습기,비,단일로 - 기타,승용,남,20세,상해없음,승합,남,56세,경상
2012111100100334,2012년 11월 11일 12시,일요일,대구광역시 서구 이현동,경상사고,0,0,1,0,차대차 - 기타,안전거리미확보,습기,비,교차로 - 교차로안,화물,남,30세,상해없음,승합,남,47세,경상
2012111100100358,2012년 11월 11일 13시,일요일,대구광역시 동구 신암동,경상사고,0,0,1,0,차대차 - 기타,안전운전불이행,건조,맑음,단일로 - 기타,승용,남,28세,상해없음,승용,남,64세,경상
2012111100100359,2012년 11월 11일 13시,일요일,대구광역시 달성군 다사읍,경상사고,0,0,3,0,차대차 - 추돌 - 진행중,안전운전불이행,건조,맑음,단일로 - 기타,승용,남,74세,상해없음,승용,남,40세,경상
2012111100100360,2012년 11월 11일 13시,일요일,대구광역시 북구 침산동,경상사고,0,0,3,0,차대차 - 기타,안전운전불이행,건조,맑음,교차로 - 교차로부근,승용,남,60세,상해없음,승용,여,44세,경상
2012111100100361,2012년 11월 11일 13시,일요일,대구광역시 북구 대현동,경상사고,0,0,2,0,차대차 - 기타,안전거리미확보,습기,비,교차로 - 교차로안,승용,남,29세,경상,승용,남,50세,상해없음
2012111100100390,2012년 11월 11일 14시,일요일,대구광역시 달서구 본동,경상사고,0,0,1,0,차대차 - 기타,교차로운행방법위반,건조,맑음,교차로 - 교차로안,승용,남,30세,상해없음,이륜,남,25세,경상
2012111100100482,2012년 11월 11일 17시,일요일,대구광역시 달성군 현풍면,경상사고,0,0,1,0,차량단독 - 공작물충돌,안전운전불이행,건조,맑음,단일로 - 기타,화물,남,51세,경상,,,,
2012111100100483,2012년 11월 11일 17시,일요일,대구광역시 달서구 이곡동,중상사고,0,1,0,0,차대사람 - 횡단중,안전운전불이행,건조,맑음,단일로 - 기타,승용,남,18세,상해없음,보행자,남,15세,중상
2012111100100533,2012년 11월 11일 18시,일요일,대구광역시 북구 고성동1가,부상신고사고,0,0,0,1,차대차 - 측면직각충돌,교차로운행방법위반,건조,맑음,교차로 - 교차로안,승용,남,35세,상해없음,이륜,남,81세,부상신고
2012111100100576,2012년 11월 11일 19시,일요일,대구광역시 북구 관음동,중상사고,0,1,0,0,차대차 - 추돌 - 주정차중,안전운전불이행,건조,맑음,교차로 - 교차로부근,승용,남,46세,상해없음,이륜,남,50세,중상
2012111100100577,2012년 11월 11일 19시,일요일,대구광역시 달서구 장기동,경상사고,0,0,1,0,차대사람 - 기타,안전운전불이행,건조,맑음,단일로 - 기타,승용,남,47세,상해없음,보행자,남,53세,경상
2012111100100578,2012년 11월 11일 19시,일요일,대구광역시 달서구 두류동,중상사고,0,1,0,0,차대차 - 기타,신호위반,건조,맑음,교차로 - 교차로안,승용,여,34세,상해없음,승용,여,65세,중상
2012111100100611,2012년 11월 11일 20시,일요일,대구광역시 달서구 유천동,중상사고,0,1,0,0,차대사람 - 횡단중,안전운전불이행,건조,맑음,교차로 - 교차로안,승용,남,53세,상해없음,보행자,남,47세,중상
2012111100100641,2012년 11월 11일 21시,일요일,대구광역시 북구 침산동,중상사고,0,1,2,0,차대차 - 기타,안전거리미확보,건조,맑음,단일로 - 기타,승용,남,22세,상해없음,승용,남,46세,중상
2012111100100667,2012년 11월 11일 22시,일요일,대구광역시 동구 신암동,중상사고,0,1,0,0,차대차 - 추돌 - 진행중,신호위반,건조,맑음,교차로 - 교차로안,승용,남,49세,상해없음,이륜,남,55세,중상
2012111100100668,2012년 11월 11일 22시,일요일,대구광역시 수성구 대흥동,중상사고,0,1,0,0,차대차 - 추돌 - 주정차중,안전운전불이행,건조,맑음,교차로 - 교차로부근,화물,남,46세,상해없음,승용,여,52세,상해없음