사고번호,사고일시,요일,시군구,사고내용,사망자수,중상자수,경상자수,부상신고자수,사고유형,법규위반,노면상태,기상상태,도로형태,가해운전자 차종,가해운전자 성별,가해운전자 연령,가해운전자 상해정도,피해운전자 차종,피해운전자 성별,피해운전자 연령,피해운전자 상해정도
2012111100100669,2012년 11월 11일 22시,일요일,대구광역시 수성구 파동,경상사고,0,0,2,0,차대차 - 측면직각충돌,안전거리미확보,건조,맑음,교차로 - 교차로부근,승용,여,43세,상해없음,승용,남,41세,경상
2012111100100670,2012년 11월 11일 22시,일요일,대구광역시 서구 비산동,경상사고,0,0,1,0,차대차 - 측면직각충돌,안전거리미확보,건조,맑음,단일로 - 기타,승용,남,23세,상해없음,이륜,남,52세,경상
2012111200100060,2012년 11월 12일 04시,월요일,대구광역시 동구 신서동,중상사고,0,1,0,0,차대사람 - 횡단중,안전운전불이행,건조,맑음,단일로 - 기타,승용,남,54세,상해없음,보행자,여,85세,중상
2012111200100061,2012년 11월 12일 04시,월요일,대구광역시 수성구 신매동,경상사고,0,0,3,0,차대차 - 기타,안전거리미확보,건조,맑음,단일로 - 기타,승용,남,19세,상해없음,승용,남,59세,경상
2012111200100098,2012년 11월 12일 06시,월요일,대구광역시 수성구 황금동,경상사고,0,0,1,0,차대차 - 기타,안전운전불이행,건조,맑음,단일로 - 횡단보도부근,승용,남,48세,상해없음,승용,남,47세,경상
2012111200100099,2012년 11월 12일 06시,월요일,대구광역시 중구 남산동,사망사고,1,0,0,0,차대사람 - 횡단중,신호위반,건조,맑음,단일로 - 기타,승용,남,29세,상해없음,보행자,여,75세,사망
2012111200100113,2012년 11월 12일 07시,월요일,대구광역시 북구 산격동,중상사고,0,1,0,0,차대차 - 정면충돌,중앙선침범,건조,맑음,단일로 - 기타,승용,남,24세,상해없음,자전거,남,22세,중상
2012111200100114,2012년 11월 12일 07시,월요일,대구광역시 북구 매천동,경상사고,0,0,1,0,차대사람 - 횡단중,보행자보호의무위반,건조,맑음,단일로 - 횡단보도상,화물,남,45세,상해없음,보행자,여,59세,경상
2012111200100115,2012년 11월 12일 07시,월요일,대구광역시 달서구 갈산동,경상사고,0,0,3,0,차대차 - 추돌 - 진행중,안전거리미확보,건조,맑음,단일로 - 기타,승용,남,41세,경상,승용,남,41세,상해없음
2012111200100145,2012년 11월 12일 08시,월요일,대구광역시 수성구 만촌동,중상사고,0,1,1,0,차대차 - 측면직각충돌,신호위반,건조,맑음,교차로 - 교차로안,이륜,남,71세,중상,승용,여,45세,경상
2012111200100146,2012년 11월 12일 08시,월요일,대구광역시 달서구 월성동,경상사고,0,0,1,0,차대차 - 기타,불법유턴,건조,맑음,교차로 - 교차로안,자전거,남,11세,경상,승합,남,67세,상해없음
2012111200100147,2012년 11월 12일 08시,월요일,대구광역시 서구 평리동,경상사고,0,0,1,0,차대사람 - 길가장자리구역통행중,안전운전불이행,건조,맑음,단일로 - 기타,승용,기타불명,기타불명,기타불명,보행자,여,28세,경상
2012111200100148,2012년 11월 12일 08시,월요일,대구광역시 달서구 두류동,경상사고,0,0,1,0,차대차 - 기타,교차로운행방법위반,건조,맑음,교차로 - 교차로안,승용,남,68세,상해없음,승합,남,34세,상해없음
2012111200100168,2012년 11월 12일 09시,월요일,대구광역시 남구 봉덕동,중상사고,0,1,0,0,차대사람 - 차도통행중,안전운전불이행,건조,맑음,단일로 - 기타,승용,남,58세,상해없음,보행자,여,55세,중상
2012111200100169,2012년 11월 12일 09시,월요일,대구광역시 북구 관음동,경상사고,0,0,1,0,차대사람 - 횡단중,기타,건조,맑음,기타 - 기타,자전거,여,43세,상해없음,보행자,남,19세,경상
2012111200100170,2012년 11월 12일 09시,월요일,대구광역시 중구 남산동,경상사고,0,0,1,0,차대차 - 추돌 - 진행중,안전운전불이행,건조,맑음,기타 - 기타,승용,남,58세,상해없음,승용,여,61세,경상
2012111200100193,2012년 11월 12일 10시,월요일,대구광역시 중구 동산동,경상사고,0,0,1,0,차대차 - 측면직각충돌,안전운전불이행,건조,맑음,단일로 - 기타,이륜,남,53세,상해없음,자전거,남,34세,경상
2012111200100212,2012년 11월 12일 11시,월요일,대구광역시 남구 대명동,경상사고,0,0,1,0,차대차 - 추돌 - 주정차중,안전운전불이행,건조,맑음,교차로 - 교차로안,승용,남,60세,상해없음,승용,남,35세,경상
2012111200100213,2012년 11월 12일 11시,월요일,대구광역시 수성구 만촌동,중상사고,0,1,0,0,차대사람 - 기타,보행자보호의무위반,건조,맑음,교차로 - 교차로안,승용,여,36세,상해없음,보행자,여,73세,중상
2012111200100234,2012년 11월 12일 12시,월요일,대구광역시 북구 침산동,경상사고,0,0,2,1,차대차 - 측면직각충돌,안전거리미확보,건조,맑음,교차로 - 교차로부근,승용,여,44세,부상신고,승용,남,66세,경상
2012111200100235,2012년 11월 12일 12시,월요일,대구광역시 북구 매천동,경상사고,0,0,1,0,차대차 - 기타,안전운전불이행,건조,맑음,기타 - 기타,화물,남,51세,상해없음,화물,남,77세,경상
2012111200100236,2012년 11월 12일 12시,월요일,대구광역시 중구 봉산동,경상사고,0,0,2,0,차대차 - 추돌 - 진행중,안전운전불이행,건조,맑음,교차로 - 교차로부근,승용,여,30세,상해없음,승용,여,50세,경상
2012111200100237,2012년 11월 12일 12시,월요일,대구광역시 달서구 이곡동,경상사고,0,0,1,0,차대차 - 측면직각충돌,안전운전불이행,건조,맑음,단일로 - 기타,원동기,남,23세,경상,승용,남,47세,상해없음
2012111200100261,2012년 11월 12일 13시,월요일,대구광역시 동구 각산동,중상사고,0,1,2,0,차대차 - 기타,안전거리미확보,건조,맑음,단일로 - 기타,화물,남,42세,상해없음,승용,여,39세,경상
2012111200100292,2012년 11월 12일 14시,월요일,대구광역시 북구 동천동,경상사고,0,0,1,0,차대차 - 측면직각충돌,안전운전불이행,건조,맑음,교차로 - 교차로안,승용,남,56세,상해없음,자전거,여,10세,경상
2012111200100293,2012년 11월 12일 14시,월요일,대구광역시 북구 태전동,중상사고,0,1,0,0,차량단독 - 전도전복,안전운전불이행,건조,맑음,단일로 - 기타,원동기,남,79세,중상,,,,
2012111200100294,2012년 11월 12일 14시,월요일,대구광역시 서구 평리동,경상사고,0,0,2,0,차대차 - 측면직각충돌,교차로운행방법위반,건조,맑음,교차로 - 교차로안,승용,여,33세,상해없음,승용,남,25세,경상
2012111200100295,2012년 11월 12일 14시,월요일,대구광역시 중구 대봉동,중상사고,0,1,1,0,차대차 - 추돌 - 진행중,신호위반,건조,맑음,교차로 - 교차로안,원동기,남,52세,중상,승용,여,57세,경상
2012111200100329,2012년 11월 12일 15시,월요일,대구광역시 동구 신암동,중상사고,0,1,0,0,차대차 - 측면직각충돌,안전운전불이행,건조,맑음,단일로 - 횡단보도상,승용,남,68세,상해없음,자전거,남,68세,중상
2012111200100330,2012년 11월 12일 15시,월요일,대구광역시 북구 동천동,경상사고,0,0,1,2,차대차 - 측면직각충돌,신호위반,건조,맑음,교차로 - 교차로안,승용,남,34세,상해없음,승용,여,38세,경상
2012111200100331,2012년 11월 12일 15시,월요일,대구광역시 북구 침산동,경상사고,0,0,1,0,차대차 - 기타,안전운전불이행,건조,맑음,기타 - 기타,승용,남,31세,상해없음,자전거,남,37세,경상
2012111200100332,2012년 11월 12일 15시,월요일,대구광역시 달서구 호산동,경상사고,0,0,1,0,차대차 - 추돌 - 주정차중,안전운전불이행,건조,맑음,단일로 - 기타,승용,남,36세,상해없음,승용,여,43세,경상
2012111200100366,2012년 11월 12일 16시,월요일,대구광역시 중구 남산동,경상사고,0,0,1,0,차대차 - 측면직각충돌,차로위반,건조,맑음,단일로 - 기타,승합,남,25세,상해없음,승용,남,66세,상해없음
2012111200100403,2012년 11월 12일 17시,월요일,대구광역시 남구 봉덕동,경상사고,0,0,1,0,차대차 - 측면직각충돌,불법유턴,건조,맑음,교차로 - 교차로안,자전거,남,55세,경상,승용,남,57세,상해없음
2012111200100404,2012년 11월 12일 17시,월요일,대구광역시 수성구 범어동,경상사고,0,0,1,0,차대차 - 측면직각충돌,안전거리미확보,건조,맑음,단일로 - 기타,승용,남,69세,상해없음,승용,여,29세,경상
2012111200100405,2012년 11월 12일 17시,월요일,대구광역시 서구 이현동,경상사고,0,0,1,0,차대사람 - 기타,안전운전불이행,건조,맑음,단일로 - 기타,화물,남,38세,상해없음,보행자,남,50세,경상
2012111200100406,2012년 11월 12일 17시,월요일,대구광역시 달서구 신당동,경상사고,0,0,1,0,차대차 - 추돌 - 주정차중,안전거리미확보,건조,맑음,단일로 - 기타,승용,남,26세,상해없음,승용,남,49세,경상
2012111200100467,2012년 11월 12일 18시,월요일,대구광역시 남구 대명동,중상사고,0,1,0,0,차대사람 - 기타,안전운전불이행,건조,맑음,교차로 - 교차로부근,승용,남,56세,상해없음,보행자,여,73세,중상
2012111200100468,2012년 11월 12일 18시,월요일,대구광역시 달서구 월성동,중상사고,0,1,0,0,차대사람 - 기타,안전운전불이행,건조,맑음,단일로 - 기타,승합,남,31세,상해없음,보행자,남,9세,중상
2012111200100469,2012년 11월 12일 18시,월요일,대구광역시 서구 평리동,경상사고,0,0,2,0,차대차 - 측면직각충돌,안전운전불이행,건조,맑음,단일로 - 기타,승용,남,58세,상해없음,원동기,남,16세,경상
2012111200100470,2012년 11월 12일 18시,월요일,대구광역시 서구 비산동,경상사고,0,0,1,0,차대사람 - 횡단중,신호위반,건조,맑음,단일로 - 횡단보도상,기타불명,기타불명,기타불명,기타불명,보행자,남,11세,경상
2012111200100471,2012년 11월 12일 18시,월요일,대구광역시 서구 비산동,경상사고,0,0,1,0,차대사람 - 기타,안전운전불이행,건조,맑음,단일로 - 기타,승용,남,31세,상해없음,보행자,남,40세,경상
2012111200100514,2012년 11월 12일 19시,월요일,대구광역시 달서구 이곡동,중상사고,0,1,2,0,차대차 - 측면직각충돌,교차로운행방법위반,건조,맑음,교차로 - 교차로안,승용,남,62세,상해없음,승용,남,56세,경상
2012111200100547,2012년 11월 12일 20시,월요일,대구광역시 수성구 매호동,중상사고,0,1,0,0,차대사람 - 기타,안전운전불이행,건조,맑음,단일로 - 기타,승용,남,21세,기타불명,보행자,여,56세,중상
2012111200100548,2012년 11월 12일 20시,월요일,대구광역시 북구 태전동,경상사고,0,0,1,0,차대차 - 기타,신호위반,건조,맑음,교차로 - 교차로안,승용,남,60세,상해없음,승용,남,57세,경상
2012111200100596,2012년 11월 12일 21시,월요일,대구광역시 달성군 화원읍,경상사고,0,0,1,0,차대차 - 측면직각충돌,중앙선침범,건조,맑음,단일로 - 기타,승합,여,51세,상해없음,이륜,남,16세,경상
2012111200100597,2012년 11월 12일 21시,월요일,대구광역시 달서구 장기동,경상사고,0,0,1,0,차대차 - 추돌 - 진행중,안전운전불이행,건조,맑음,단일로 - 기타,이륜,남,30세,경상,승용,남,63세,상해없음
2012111200100598,2012년 11월 12일 21시,월요일,대구광역시 달서구 장기동,경상사고,0,0,1,0,차대차 - 추돌 - 진행중,안전운전불이행,건조,맑음,단일로 - 기타,자전거,남,14세,경상,승용,남,49세,상해없음
2012111200100639,2012년 11월 12일 22시,월요일,대구광역시 북구 복현동,부상신고사고,0,0,0,1,차대사람 - 횡단중,신호위반,건조,맑음,단일로 - 횡단보도상,기타불명,기타불명,기타불명,기타불명,보행자,남,16세,부상신고
2012111300100025,2012년 11월 13일 00시,화요일,대구광역시 중구 동인동1가,부상신고사고,0,0,0,1,차대사람 - 길가장자리구역통행중,안전운전불이행,건조,맑음,단일로 - 기타,승용,기타불명,기타불명,기타불명,보행자,남,49세,부상신고
2012111300100041,2012년 11월 13일 01시,화요일,대구광역시 동구 신암동,중상사고,0,1,1,0,차대차 - 추돌 - 진행중,신호위반,건조,맑음,교차로 - 교차로안,승용,여,35세,상해없음,승용,남,34세,중상
2012111300100042,2012년 11월 13일 01시,화요일,대구광역시 달서구 이곡동,중상사고,0,1,0,0,차대사람 - 횡단중,보행자보호의무위반,건조,맑음,단일로 - 기타,승용,남,49세,상해없음,보행자,남,33세,중상
2012111300100062,2012년 11월 13일 03시,화요일,대구광역시 중구 삼덕동1가,경상사고,0,0,1,0,차대차 - 측면직각충돌,안전거리미확보,건조,맑음,단일로 - 기타,승합,남,60세,경상,승용,여,19세,상해없음
2012111300100118,2012년 11월 13일 07시,화요일,대구광역시 북구 칠성동2가,부상신고사고,0,0,0,1,차대차 - 정면충돌,중앙선침범,건조,맑음,단일로 - 기타,이륜,남,34세,부상신고,승용,남,44세,상해없음
2012111300100156,2012년 11월 13일 08시,화요일,대구광역시 남구 봉덕동,경상사고,0,0,1,0,차대사람 - 기타,안전운전불이행,건조,맑음,단일로 - 기타,승용,기타불명,기타불명,기타불명,보행자,남,27세,경상
2012111300100157,2012년 11월 13일 08시,화요일,대구광역시 수성구 만촌동,경상사고,0,0,1,0,차대차 - 측면직각충돌,신호위반,건조,맑음,교차로 - 교차로안,승합,남,57세,상해없음,화물,남,56세,경상
2012111300100158,2012년 11월 13일 08시,화요일,대구광역시 수성구 노변동,중상사고,0,1,0,0,차대사람 - 기타,안전운전불이행,건조,맑음,단일로 - 기타,승용,여,28세,상해없음,보행자,여,50세,중상
2012111300100159,2012년 11월 13일 08시,화요일,대구광역시 북구 고성동2가,경상사고,0,0,1,0,차대차 - 추돌 - 진행중,안전운전불이행,건조,맑음,교차로 - 교차로안,승용,남,37세,상해없음,승용,남,36세,경상
2012111300100196,2012년 11월 13일 09시,화요일,대구광역시 서구 내당동,중상사고,0,1,0,0,차대사람 - 보도통행중,기타,건조,맑음,단일로 - 기타,이륜,남,40세,상해없음,보행자,남,70세,중상
2012111300100219,2012년 11월 13일 10시,화요일,대구광역시 동구 신천동,중상사고,0,1,0,0,차대차 - 측면직각충돌,신호위반,건조,맑음,교차로 - 교차로안,승용,남,47세,상해없음,이륜,남,80세,중상
2012111300100220,2012년 11월 13일 10시,화요일,대구광역시 동구 지묘동,중상사고,0,1,0,0,차대사람 - 기타,기타,건조,맑음,단일로 - 기타,승합,남,54세,기타불명,보행자,여,57세,중상
2012111300100237,2012년 11월 13일 11시,화요일,대구광역시 북구 대현동,경상사고,0,0,1,1,차대차 - 측면직각충돌,안전거리미확보,건조,맑음,단일로 - 기타,승용,여,62세,부상신고,화물,남,50세,경상
2012111300100238,2012년 11월 13일 11시,화요일,대구광역시 북구 읍내동,경상사고,0,0,2,0,차대차 - 측면직각충돌,안전운전불이행,건조,맑음,교차로 - 교차로부근,승용,여,29세,상해없음,승용,여,27세,경상
2012111300100256,2012년 11월 13일 12시,화요일,대구광역시 달서구 상인동,경상사고,0,0,1,0,차대사람 - 길가장자리구역통행중,안전운전불이행,건조,맑음,기타 - 기타,승용,기타불명,기타불명,기타불명,보행자,여,81세,경상
2012111300100257,2012년 11월 13일 12시,화요일,대구광역시 중구 삼덕동2가,중상사고,0,1,0,0,차대차 - 측면직각충돌,불법유턴,건조,맑음,단일로 - 기타,자전거,남,73세,중상,승용,남,31세,상해없음
2012111300100278,2012년 11월 13일 13시,화요일,대구광역시 북구 침산동,중상사고,0,1,0,0,차대사람 - 기타,안전운전불이행,건조,맑음,교차로 - 교차로안,화물,남,47세,상해없음,보행자,남,72세,중상
2012111300100309,2012년 11월 13일 14시,화요일,대구광역시 남구 봉덕동,중상사고,0,1,0,0,차대차 - 측면직각충돌,불법유턴,건조,맑음,단일로 - 기타,이륜,남,77세,중상,승용,남,39세,상해없음
2012111300100310,2012년 11월 13일 14시,화요일,대구광역시 북구 서변동,부상신고사고,0,0,0,1,차량단독 - 공작물충돌,안전운전불이행,건조,흐림,단일로 - 기타,이륜,남,16세,부상신고,,,,
2012111300100341,2012년 11월 13일 15시,화요일,대구광역시 북구 침산동,경상사고,0,0,1,0,차대차 - 측면직각충돌,안전운전불이행,건조,맑음,교차로 - 교차로안,승용,여,33세,상해없음,자전거,여,67세,경상
2012111300100342,2012년 11월 13일 15시,화요일,대구광역시 달서구 성당동,경상사고,0,0,1,0,차대차 - 정면충돌,교차로운행방법위반,건조,맑음,교차로 - 교차로안,승용,여,39세,상해없음,화물,남,44세,상해없음
2012111300100372,2012년 11월 13일 16시,화요일,대구광역시 북구 노원동3가,부상신고사고,0,0,0,1,차대차 - 측면직각충돌,안전거리미확보,건조,맑음,단일로 - 기타,원동기,남,59세,부상신고,승용,남,58세,상해없음
2012111300100411,2012년 11월 13일 17시,화요일,대구광역시 북구 노원동2가,경상사고,0,0,1,0,차대사람 - 기타,안전운전불이행,건조,맑음,단일로 - 기타,화물,남,44세,상해없음,보행자,남,53세,경상
2012111300100412,2012년 11월 13일 17시,화요일,대구광역시 서구 평리동,경상사고,0,0,2,0,차대차 - 기타,교차로운행방법위반,건조,맑음,교차로 - 교차로안,승용,남,51세,상해없음,승용,남,52세,기타불명
2012111300100462,2012년 11월 13일 18시,화요일,대구광역시 달서구 월성동,경상사고,0,0,1,0,차대차 - 기타,안전운전불이행,건조,맑음,교차로 - 교차로부근,자전거,남,55세,경상,승용,여,42세,상해없음
2012111300100463,2012년 11월 13일 18시,화요일,대구광역시 서구 비산동,경상사고,0,0,1,0,차대사람 - 횡단중,신호위반,건조,맑음,단일로 - 횡단보도상,승용,여,34세,상해없음,보행자,여,42세,경상
2012111300100464,2012년 11월 13일 18시,화요일,대구광역시 서구 비산동,경상사고,0,0,1,0,차대차 - 추돌 - 진행중,안전거리미확보,건조,맑음,교차로 - 교차로부근,승용,남,48세,상해없음,승용,남,43세,경상
2012111300100465,2012년 11월 13일 18시,화요일,대구광역시 중구 대봉동,경상사고,0,0,1,0,차대차 - 측면직각충돌,안전운전불이행,건조,맑음,단일로 - 기타,승용,여,52세,상해없음,자전거,여,46세,경상
2012111300100522,2012년 11월 13일 19시,화요일,대구광역시 동구 불로동,중상사고,0,1,0,0,차대사람 - 기타,보행자보호의무위반,건조,맑음,단일로 - 횡단보도상,승용,남,51세,상해없음,보행자,남,38세,중상
2012111300100523,2012년 11월 13일 19시,화요일,대구광역시 수성구 지산동,경상사고,0,0,1,0,차대사람 - 횡단중,안전운전불이행,건조,맑음,교차로 - 교차로안,승용,남,50세,상해없음,보행자,남,68세,경상
2012111300100524,2012년 11월 13일 19시,화요일,대구광역시 달서구 상인동,중상사고,0,1,0,0,차대사람 - 횡단중,신호위반,건조,맑음,단일로 - 횡단보도상,승용,남,53세,상해없음,보행자,여,69세,중상
2012111300100525,2012년 11월 13일 19시,화요일,대구광역시 북구 고성동1가,중상사고,0,1,0,0,차대차 - 측면직각충돌,신호위반,건조,맑음,교차로 - 교차로안,원동기,남,40세,중상,승용,남,42세,상해없음
2012111300100527,2012년 11월 13일 19시,화요일,대구광역시 서구 평리동,중상사고,0,1,0,0,차대사람 - 길가장자리구역통행중,안전운전불이행,건조,맑음,단일로 - 기타,승합,남,50세,상해없음,보행자,남,49세,중상
2012111300100565,2012년 11월 13일 20시,화요일,대구광역시 북구 침산동,경상사고,0,0,1,0,차대사람 - 횡단중,보행자보호의무위반,건조,맑음,교차로 - 교차로부근,승용,여,59세,상해없음,보행자,여,20세,경상
2012111300100566,2012년 11월 13일 20시,화요일,대구광역시 북구 태전동,경상사고,0,0,1,0,차대차 - 기타,안전운전불이행,건조,맑음,단일로 - 기타,승합,남,57세,상해없음,자전거,남,59세,경상
2012111300100567,2012년 11월 13일 20시,화요일,대구광역시 서구 비산동,경상사고,0,0,1,0,차대사람 - 기타,안전운전불이행,건조,맑음,단일로 - 기타,승용,남,54세,상해없음,보행자,남,16세,경상
2012111300100568,2012년 11월 13일 20시,화요일,대구광역시 달서구 감삼동,중상사고,0,1,1,0,차대차 - 측면직각충돌,안전운전불이행,건조,맑음,단일로 - 기타,승용,남,42세,상해없음,이륜,남,16세,중상
2012111300100601,2012년 11월 13일 21시,화요일,대구광역시 남구 봉덕동,중상사고,0,1,0,0,차대사람 - 보도통행중,보행자보호의무위반,건조,맑음,단일로 - 기타,승용,남,49세,상해없음,보행자,여,24세,중상
2012111300100602,2012년 11월 13일 21시,화요일,대구광역시 수성구 두산동,중상사고,0,1,0,0,차대사람 - 횡단중,보행자보호의무위반,건조,맑음,교차로 - 교차로안,승용,남,45세,상해없음,보행자,여,17세,중상
2012111300100643,2012년 11월 13일 22시,화요일,대구광역시 달성군 다사읍,중상사고,0,1,0,0,차대사람 - 기타,안전운전불이행,건조,흐림,단일로 - 기타,승합,남,54세,상해없음,보행자,남,50세,중상
2012111300100644,2012년 11월 13일 22시,화요일,대구광역시 북구 팔달동,경상사고,0,0,1,1,차대차 - 측면직각충돌,안전거리미확보,건조,맑음,단일로 - 기타,승용,여,41세,부상신고,승용,남,25세,경상
2012111300100645,2012년 11월 13일 22시,화요일,대구광역시 서구 평리동,경상사고,0,0,1,0,차대사람 - 길가장자리구역통행중,안전운전불이행,건조,맑음,단일로 - 기타,특수,남,44세,상해없음,보행자,남,57세,경상
2012111300100646,2012년 11월 13일 22시,화요일,대구광역시 중구 상서동,경상사고,0,0,1,0,차대차 - 추돌 - 진행중,안전거리미확보,건조,맑음,교차로 - 교차로부근,화물,남,31세,상해없음,승용,남,42세,경상
2012111300100668,2012년 11월 13일 23시,화요일,대구광역시 동구 효목동,중상사고,0,2,0,0,차대차 - 측면직각충돌,신호위반,건조,맑음,교차로 - 교차로안,승용,남,56세,상해없음,승용,남,30세,중상
2012111300100669,2012년 11월 13일 23시,화요일,대구광역시 동구 신기동,경상사고,0,0,1,0,차대차 - 추돌 - 진행중,교차로운행방법위반,건조,맑음,교차로 - 교차로안,승용,남,48세,상해없음,승용,남,36세,상해없음
2012111300100670,2012년 11월 13일 23시,화요일,대구광역시 수성구 황금동,경상사고,0,0,1,0,차대사람 - 횡단중,신호위반,건조,맑음,단일로 - 횡단보도상,승용,남,33세,상해없음,보행자,남,38세,경상
2012111400100022,2012년 11월 14일 00시,수요일,대구광역시 서구 평리동,경상사고,0,0,2,0,차대차 - 기타,신호위반,건조,맑음,교차로 - 교차로안,승용,남,66세,상해없음,승용,남,55세,경상
2012111400100056,2012년 11월 14일 02시,수요일,대구광역시 동구 신암동,중상사고,0,1,0,0,차대차 - 추돌 - 주정차중,안전운전불이행,건조,맑음,교차로 - 교차로부근,승용,남,27세,상해없음,승용,남,65세,중상
2012111400100068,2012년 11월 14일 04시,수요일,대구광역시 동구 신암동,경상사고,0,0,1,0,차대차 - 추돌 - 진행중,안전거리미확보,건조,맑음,단일로 - 기타,승용,여,56세,상해없음,승용,남,74세,경상
2012111400100121,2012년 11월 14일 07시,수요일,대구광역시 달서구 월암동,경상사고,0,0,3,0,차대차 - 기타,안전거리미확보,건조,맑음,단일로 - 기타,승용,남,41세,상해없음,승용,남,22세,경상
2012111400100122,2012년 11월 14일 07시,수요일,대구광역시 달성군 다사읍,경상사고,0,0,2,0,차대차 - 측면직각충돌,안전운전불이행,건조,맑음,교차로 - 교차로안,승용,남,22세,상해없음,승용,남,62세,경상
2012111400100162,2012년 11월 14일 08시,수요일,대구광역시 북구 침산동,경상사고,0,0,1,0,차대차 - 측면직각충돌,교차로운행방법위반,건조,맑음,교차로 - 교차로안,자전거,남,64세,상해없음,원동기,남,25세,경상
2012111400100163,2012년 11월 14일 08시,수요일,대구광역시 서구 내당동,경상사고,0,0,1,0,차대사람 - 횡단중,안전운전불이행,건조,맑음,단일로 - 기타,이륜,남,49세,상해없음,보행자,여,64세,경상
2012111400100164,2012년 11월 14일 08시,수요일,대구광역시 중구 동인동1가,중상사고,0,2,1,0,차대차 - 측면직각충돌,신호위반,건조,맑음,교차로 - 교차로안,승용,여,26세,경상,승용,남,75세,중상
2012111400100190,2012년 11월 14일 09시,수요일,대구광역시 남구 봉덕동,경상사고,0,0,1,0,차대차 - 기타,안전운전불이행,건조,맑음,교차로 - 교차로부근,승합,남,42세,상해없음,자전거,남,60세,경상
2012111400100191,2012년 11월 14일 09시,수요일,대구광역시 동구 신천동,경상사고,0,0,1,0,차대차 - 측면직각충돌,안전운전불이행,건조,맑음,단일로 - 기타,승용,남,56세,상해없음,승용,남,37세,상해없음
2012111400100192,2012년 11월 14일 09시,수요일,대구광역시 달서구 성당동,중상사고,0,1,0,0,차대사람 - 횡단중,신호위반,건조,맑음,단일로 - 기타,이륜,남,57세,상해없음,보행자,여,53세,중상
2012111400100193,2012년 11월 14일 09시,수요일,대구광역시 달서구 두류동,중상사고,0,1,0,0,차대사람 - 기타,신호위반,건조,맑음,단일로 - 횡단보도상,승용,남,58세,상해없음,보행자,남,69세,중상
2012111400100226,2012년 11월 14일 10시,수요일,대구광역시 서구 평리동,경상사고,0,0,1,0,차대차 - 추돌 - 진행중,안전거리미확보,건조,맑음,단일로 - 기타,승용,남,58세,상해없음,승용,남,38세,경상
2012111400100304,2012년 11월 14일 13시,수요일,대구광역시 달서구 월성동,중상사고,0,1,1,0,차대차 - 측면직각충돌,안전거리미확보,건조,맑음,교차로 - 교차로부근,승용,남,52세,상해없음,승용,여,52세,중상
2012111400100413,2012년 11월 14일 16시,수요일,대구광역시 서구 원대동1가,경상사고,0,0,1,0,차대차 - 추돌 - 진행중,안전거리미확보,건조,맑음,단일로 - 기타,승용,남,51세,상해없음,승용,여,31세,경상
2012111400100414,2012년 11월 14일 16시,수요일,대구광역시 중구 남산동,경상사고,0,0,1,0,차대차 - 추돌 - 주정차중,안전운전불이행,건조,맑음,단일로 - 기타,승용,남,59세,상해없음,승용,여,48세,경상
2012111400100415,2012년 11월 14일 16시,수요일,대구광역시 달서구 죽전동,경상사고,0,0,2,0,차대차 - 기타,신호위반,건조,맑음,교차로 - 교차로부근,화물,남,31세,상해없음,승용,여,38세,경상
2012111400100451,2012년 11월 14일 17시,수요일,대구광역시 북구 동천동,경상사고,0,0,1,0,차대차 - 기타,직진우회전진행방해,건조,맑음,교차로 - 교차로안,승용,여,51세,상해없음,승합,남,56세,상해없음
2012111400100452,2012년 11월 14일 17시,수요일,대구광역시 달서구 본리동,중상사고,0,1,0,0,차대차 - 측면직각충돌,안전운전불이행,건조,맑음,교차로 - 교차로부근,승용,남,61세,상해없음,자전거,남,67세,중상
2012111400100496,2012년 11월 14일 18시,수요일,대구광역시 동구 방촌동,중상사고,0,1,0,0,차대차 - 추돌 - 진행중,교차로운행방법위반,건조,맑음,교차로 - 교차로안,승용,남,53세,상해없음,원동기,남,69세,중상
2012111400100497,2012년 11월 14일 18시,수요일,대구광역시 달서구 월성동,경상사고,0,0,1,0,차대차 - 기타,기타,건조,맑음,교차로 - 교차로안,승용,여,42세,상해없음,자전거,남,10세,경상
2012111400100498,2012년 11월 14일 18시,수요일,대구광역시 북구 침산동,경상사고,0,0,3,0,차대차 - 기타,신호위반,건조,맑음,교차로 - 교차로안,승용,남,42세,상해없음,승용,남,35세,경상
2012111400100499,2012년 11월 14일 18시,수요일,대구광역시 북구 복현동,경상사고,0,0,1,0,차대차 - 정면충돌,안전운전불이행,건조,맑음,단일로 - 기타,승용,남,48세,상해없음,승용,남,42세,경상
2012111400100500,2012년 11월 14일 18시,수요일,대구광역시 북구 산격동,중상사고,0,1,0,0,차대사람 - 횡단중,안전운전불이행,건조,맑음,교차로 - 교차로부근,승용,남,29세,상해없음,보행자,여,15세,중상
2012111400100501,2012년 11월 14일 18시,수요일,대구광역시 달서구 호산동,중상사고,0,2,0,0,차대차 - 기타,안전운전불이행,건조,맑음,단일로 - 기타,승용,남,37세,상해없음,승용,남,56세,중상
2012111400100540,2012년 11월 14일 19시,수요일,대구광역시 수성구 상동,중상사고,0,1,1,0,차대차 - 측면직각충돌,안전운전불이행,건조,맑음,단일로 - 기타,승용,남,31세,상해없음,승용,남,41세,중상