사고번호,사고일시,요일,시군구,사고내용,사망자수,중상자수,경상자수,부상신고자수,사고유형,법규위반,노면상태,기상상태,도로형태,가해운전자 차종,가해운전자 성별,가해운전자 연령,가해운전자 상해정도,피해운전자 차종,피해운전자 성별,피해운전자 연령,피해운전자 상해정도
2012112900100063,2012년 11월 29일 04시,목요일,대구광역시 수성구 황금동,사망사고,1,0,0,0,차대사람 - 기타,안전운전불이행,건조,맑음,단일로 - 기타,승용,남,28세,상해없음,보행자,여,70세,사망
2012112900100090,2012년 11월 29일 06시,목요일,대구광역시 북구 칠성동1가,경상사고,0,0,1,0,차대차 - 측면직각충돌,직진우회전진행방해,건조,맑음,교차로 - 교차로안,승용,남,31세,상해없음,이륜,남,70세,경상
2012112900100091,2012년 11월 29일 06시,목요일,대구광역시 서구 평리동,경상사고,0,0,1,0,차대차 - 추돌 - 진행중,안전운전불이행,건조,맑음,단일로 - 기타,승용,남,30세,상해없음,승용,남,39세,경상
2012112900100148,2012년 11월 29일 08시,목요일,대구광역시 서구 원대동1가,경상사고,0,0,1,0,차대차 - 기타,안전운전불이행,건조,맑음,단일로 - 기타,화물,남,40세,상해없음,자전거,남,44세,경상
2012112900100192,2012년 11월 29일 10시,목요일,대구광역시 서구 비산동,경상사고,0,0,1,0,차대차 - 기타,안전운전불이행,건조,맑음,기타 - 기타,승용,여,27세,상해없음,승용,남,56세,경상
2012112900100222,2012년 11월 29일 11시,목요일,대구광역시 달서구 송현동,경상사고,0,0,1,0,차대사람 - 차도통행중,안전운전불이행,건조,맑음,단일로 - 기타,승용,남,50세,상해없음,보행자,여,37세,경상
2012112900100243,2012년 11월 29일 12시,목요일,대구광역시 북구 노원동1가,경상사고,0,0,1,0,차대차 - 기타,직진우회전진행방해,건조,맑음,교차로 - 교차로안,이륜,남,26세,상해없음,자전거,여,44세,경상
2012112900100244,2012년 11월 29일 12시,목요일,대구광역시 달서구 용산동,중상사고,0,1,0,0,차대사람 - 횡단중,보행자보호의무위반,건조,맑음,단일로 - 횡단보도상,화물,남,56세,상해없음,보행자,여,70세,중상
2012112900100274,2012년 11월 29일 13시,목요일,대구광역시 동구 입석동,경상사고,0,0,2,0,차대차 - 기타,신호위반,건조,맑음,교차로 - 교차로안,승용,남,30세,경상,승용,여,56세,상해없음
2012112900100275,2012년 11월 29일 13시,목요일,대구광역시 달서구 유천동,경상사고,0,0,1,0,차대차 - 추돌 - 진행중,교차로운행방법위반,건조,맑음,교차로 - 교차로부근,건설기계,남,60세,상해없음,승용,여,33세,경상
2012112900100300,2012년 11월 29일 14시,목요일,대구광역시 수성구 지산동,중상사고,0,1,0,0,차대사람 - 기타,안전운전불이행,건조,맑음,단일로 - 기타,승용,여,54세,상해없음,보행자,여,18세,중상
2012112900100301,2012년 11월 29일 14시,목요일,대구광역시 수성구 범물동,경상사고,0,0,1,0,차대사람 - 횡단중,보행자보호의무위반,건조,맑음,단일로 - 횡단보도상,승용,여,60세,상해없음,보행자,여,51세,경상
2012112900100302,2012년 11월 29일 14시,목요일,대구광역시 수성구 범어동,중상사고,0,1,0,0,차대차 - 추돌 - 진행중,차로위반,건조,맑음,단일로 - 기타,승용,남,35세,상해없음,승용,남,39세,중상
2012112900100303,2012년 11월 29일 14시,목요일,대구광역시 중구 동인동1가,중상사고,0,1,0,0,차대차 - 측면직각충돌,신호위반,건조,맑음,교차로 - 교차로안,이륜,남,59세,중상,승용,남,50세,상해없음
2012112900100304,2012년 11월 29일 14시,목요일,대구광역시 달서구 두류동,경상사고,0,0,1,0,차대차 - 기타,안전운전불이행,건조,맑음,단일로 - 기타,승용,남,26세,상해없음,자전거,남,67세,경상
2012112900100336,2012년 11월 29일 15시,목요일,대구광역시 달서구 월성동,경상사고,0,0,2,0,차대차 - 추돌 - 진행중,안전운전불이행,건조,맑음,교차로 - 교차로부근,승용,여,45세,경상,이륜,남,57세,경상
2012112900100369,2012년 11월 29일 16시,목요일,대구광역시 달서구 진천동,경상사고,0,0,1,0,차대사람 - 길가장자리구역통행중,안전운전불이행,건조,맑음,단일로 - 기타,화물,남,62세,상해없음,보행자,남,14세,경상
2012112900100402,2012년 11월 29일 17시,목요일,대구광역시 남구 봉덕동,경상사고,0,0,4,0,차대차 - 측면직각충돌,신호위반,건조,맑음,교차로 - 교차로안,화물,남,38세,상해없음,승용,남,72세,경상
2012112900100403,2012년 11월 29일 17시,목요일,대구광역시 중구 대신동,부상신고사고,0,0,0,1,차대차 - 기타,안전운전불이행,건조,맑음,단일로 - 기타,승용,여,32세,상해없음,자전거,남,82세,부상신고
2012112900100445,2012년 11월 29일 18시,목요일,대구광역시 수성구 상동,중상사고,0,1,5,0,차대차 - 추돌 - 주정차중,안전거리미확보,건조,맑음,단일로 - 기타,승용,여,64세,상해없음,승용,남,43세,경상
2012112900100446,2012년 11월 29일 18시,목요일,대구광역시 북구 침산동,경상사고,0,0,3,0,차대차 - 추돌 - 진행중,안전거리미확보,건조,맑음,단일로 - 기타,승용,남,24세,상해없음,승용,남,36세,상해없음
2012112900100447,2012년 11월 29일 18시,목요일,대구광역시 중구 태평로2가,중상사고,0,1,0,0,차대차 - 기타,신호위반,건조,맑음,교차로 - 교차로안,승용,남,37세,상해없음,이륜,남,40세,중상
2012112900100477,2012년 11월 29일 19시,목요일,대구광역시 수성구 범물동,중상사고,0,1,0,0,차대차 - 기타,신호위반,건조,맑음,교차로 - 교차로안,승용,여,24세,상해없음,원동기,남,51세,중상
2012112900100478,2012년 11월 29일 19시,목요일,대구광역시 달성군 다사읍,중상사고,0,1,0,0,차대차 - 측면직각충돌,중앙선침범,건조,맑음,단일로 - 기타,화물,남,41세,상해없음,승용,여,48세,중상
2012112900100479,2012년 11월 29일 19시,목요일,대구광역시 북구 칠성동1가,경상사고,0,0,1,0,차대사람 - 길가장자리구역통행중,안전운전불이행,건조,맑음,단일로 - 기타,승용,남,30세,상해없음,보행자,남,53세,경상
2012112900100480,2012년 11월 29일 19시,목요일,대구광역시 달서구 장동,중상사고,0,1,0,0,차대사람 - 차도통행중,안전운전불이행,건조,맑음,단일로 - 기타,승용,남,51세,상해없음,보행자,남,62세,중상
2012112900100513,2012년 11월 29일 20시,목요일,대구광역시 서구 평리동,경상사고,0,0,1,0,차대차 - 추돌 - 진행중,안전운전불이행,건조,맑음,단일로 - 기타,승용,남,53세,상해없음,화물,남,36세,경상
2012112900100514,2012년 11월 29일 20시,목요일,대구광역시 달서구 죽전동,경상사고,0,0,1,0,차대차 - 기타,안전운전불이행,건조,맑음,단일로 - 기타,승용,남,69세,상해없음,자전거,남,64세,경상
2012112900100550,2012년 11월 29일 21시,목요일,대구광역시 수성구 범어동,중상사고,0,1,1,0,차대차 - 추돌 - 진행중,안전운전불이행,건조,맑음,단일로 - 기타,승용,남,31세,기타불명,승용,남,25세,중상
2012112900100551,2012년 11월 29일 21시,목요일,대구광역시 달성군 화원읍,경상사고,0,0,1,0,차대차 - 측면직각충돌,차로위반,건조,맑음,단일로 - 기타,승합,남,69세,상해없음,승용,남,43세,경상
2012112900100552,2012년 11월 29일 21시,목요일,대구광역시 달서구 호산동,경상사고,0,0,3,0,차대차 - 기타,중앙선침범,건조,맑음,단일로 - 기타,승용,남,61세,상해없음,승용,남,54세,경상
2012112900100616,2012년 11월 29일 23시,목요일,대구광역시 북구 관음동,경상사고,0,0,2,0,차대차 - 측면직각충돌,안전운전불이행,건조,맑음,교차로 - 교차로부근,화물,남,53세,상해없음,승용,여,45세,경상
2012113000100055,2012년 11월 30일 03시,금요일,대구광역시 수성구 상동,중상사고,0,2,1,0,차대차 - 측면직각충돌,교차로운행방법위반,건조,맑음,교차로 - 교차로안,승용,남,47세,중상,승용,남,53세,경상
2012113000100104,2012년 11월 30일 07시,금요일,대구광역시 남구 대명동,중상사고,0,1,0,0,차대차 - 기타,안전운전불이행,건조,맑음,단일로 - 기타,건설기계,남,45세,상해없음,승용,남,67세,상해없음
2012113000100105,2012년 11월 30일 07시,금요일,대구광역시 동구 신암동,경상사고,0,0,1,0,차대사람 - 횡단중,보행자보호의무위반,건조,맑음,단일로 - 횡단보도상,승용,남,38세,상해없음,보행자,여,12세,경상
2012113000100106,2012년 11월 30일 07시,금요일,대구광역시 수성구 상동,경상사고,0,0,2,0,차대차 - 측면직각충돌,불법유턴,건조,맑음,단일로 - 기타,승합,남,59세,상해없음,화물,남,58세,경상
2012113000100107,2012년 11월 30일 07시,금요일,대구광역시 달성군 논공읍,경상사고,0,0,1,0,차대차 - 측면직각충돌,안전운전불이행,건조,맑음,교차로 - 교차로부근,화물,남,38세,상해없음,승용,남,54세,경상
2012113000100108,2012년 11월 30일 07시,금요일,대구광역시 달서구 호림동,중상사고,0,1,0,0,차대사람 - 횡단중,신호위반,건조,맑음,단일로 - 기타,승용,남,39세,상해없음,보행자,여,40세,중상
2012113000100132,2012년 11월 30일 08시,금요일,대구광역시 남구 대명동,경상사고,0,0,1,0,차대사람 - 기타,안전운전불이행,건조,맑음,교차로 - 교차로부근,승합,남,44세,상해없음,보행자,남,44세,경상
2012113000100155,2012년 11월 30일 09시,금요일,대구광역시 중구 동산동,경상사고,0,0,1,0,차대차 - 추돌 - 진행중,안전거리미확보,건조,맑음,단일로 - 기타,승용,남,64세,상해없음,승용,여,48세,경상
2012113000100173,2012년 11월 30일 10시,금요일,대구광역시 서구 평리동,중상사고,0,1,0,0,차대차 - 측면직각충돌,안전운전불이행,건조,맑음,단일로 - 기타,승용,남,49세,상해없음,자전거,여,61세,중상
2012113000100195,2012년 11월 30일 11시,금요일,대구광역시 동구 신암동,중상사고,0,1,0,0,차대차 - 기타,안전운전불이행,건조,맑음,단일로 - 횡단보도부근,승용,남,57세,상해없음,자전거,남,75세,중상
2012113000100196,2012년 11월 30일 11시,금요일,대구광역시 달성군 화원읍,경상사고,0,0,1,0,차대차 - 측면직각충돌,안전운전불이행,건조,맑음,교차로 - 교차로안,승용,남,65세,상해없음,승용,여,40세,경상
2012113000100219,2012년 11월 30일 12시,금요일,대구광역시 수성구 만촌동,경상사고,0,0,2,0,차대차 - 기타,안전거리미확보,건조,맑음,단일로 - 기타,승용,여,57세,상해없음,승용,남,52세,경상
2012113000100220,2012년 11월 30일 12시,금요일,대구광역시 북구 칠성동1가,중상사고,0,1,0,0,차량단독 - 기타,기타,건조,맑음,단일로 - 기타,승합,남,54세,상해없음,,,,
2012113000100221,2012년 11월 30일 12시,금요일,대구광역시 북구 산격동,경상사고,0,0,1,0,차대차 - 측면직각충돌,불법유턴,건조,맑음,교차로 - 교차로부근,자전거,남,44세,경상,승용,남,39세,상해없음
2012113000100222,2012년 11월 30일 12시,금요일,대구광역시 달서구 장기동,경상사고,0,0,1,0,차대차 - 기타,안전거리미확보,건조,맑음,단일로 - 기타,승용,여,41세,상해없음,승합,남,69세,경상
2012113000100223,2012년 11월 30일 12시,금요일,대구광역시 달서구 신당동,경상사고,0,0,1,0,차대사람 - 기타,안전운전불이행,건조,맑음,교차로 - 교차로안,화물,남,42세,상해없음,보행자,남,26세,경상
2012113000100247,2012년 11월 30일 13시,금요일,대구광역시 달성군 다사읍,중상사고,0,1,0,0,차대차 - 기타,기타,건조,맑음,단일로 - 기타,승용,여,57세,상해없음,자전거,여,45세,중상
2012113000100248,2012년 11월 30일 13시,금요일,대구광역시 북구 노원동3가,경상사고,0,0,1,0,차대차 - 측면직각충돌,안전운전불이행,건조,맑음,단일로 - 기타,특수,남,53세,상해없음,자전거,남,54세,경상
2012113000100249,2012년 11월 30일 13시,금요일,대구광역시 달서구 성당동,경상사고,0,0,1,0,차대차 - 기타,안전운전불이행,건조,맑음,교차로 - 교차로안,이륜,기타불명,기타불명,기타불명,이륜,남,34세,경상
2012113000100268,2012년 11월 30일 14시,금요일,대구광역시 중구 봉산동,중상사고,0,1,0,0,차대사람 - 보도통행중,기타,기타,맑음,기타 - 기타,승용,여,38세,상해없음,보행자,여,7세,중상
2012113000100269,2012년 11월 30일 14시,금요일,대구광역시 중구 하서동,경상사고,0,0,2,0,차대차 - 추돌 - 주정차중,안전거리미확보,건조,맑음,단일로 - 기타,승용,남,57세,상해없음,승용,남,43세,경상
2012113000100296,2012년 11월 30일 15시,금요일,대구광역시 중구 사일동,부상신고사고,0,0,0,1,차대사람 - 횡단중,안전운전불이행,건조,맑음,단일로 - 횡단보도상,원동기,남,29세,상해없음,보행자,여,78세,부상신고
2012113000100328,2012년 11월 30일 16시,금요일,대구광역시 북구 태전동,중상사고,0,1,1,1,차대차 - 기타,안전운전불이행,건조,맑음,교차로 - 교차로부근,승용,남,59세,부상신고,승용,여,56세,중상
2012113000100377,2012년 11월 30일 17시,금요일,대구광역시 북구 매천동,중상사고,0,2,1,1,차대차 - 추돌 - 주정차중,안전운전불이행,건조,맑음,교차로 - 교차로부근,화물,남,40세,상해없음,승용,남,43세,경상
2012113000100378,2012년 11월 30일 17시,금요일,대구광역시 달서구 호산동,부상신고사고,0,0,0,1,차대차 - 기타,안전거리미확보,건조,맑음,교차로 - 교차로부근,승용,남,56세,상해없음,승용,남,61세,상해없음
2012113000100379,2012년 11월 30일 17시,금요일,대구광역시 달서구 용산동,경상사고,0,0,1,0,차대사람 - 기타,안전운전불이행,건조,맑음,단일로 - 기타,승용,기타불명,기타불명,기타불명,보행자,남,48세,경상
2012113000100428,2012년 11월 30일 18시,금요일,대구광역시 달서구 상인동,중상사고,0,1,0,0,차대사람 - 기타,안전운전불이행,건조,맑음,단일로 - 기타,승용,남,52세,상해없음,보행자,남,75세,중상
2012113000100429,2012년 11월 30일 18시,금요일,대구광역시 달성군 논공읍,경상사고,0,0,1,0,차대차 - 측면직각충돌,안전운전불이행,건조,맑음,교차로 - 교차로안,화물,남,54세,상해없음,승용,여,50세,경상
2012113000100430,2012년 11월 30일 18시,금요일,대구광역시 북구 산격동,중상사고,0,1,0,0,차대사람 - 횡단중,안전운전불이행,건조,맑음,단일로 - 횡단보도상,승용,남,60세,상해없음,보행자,남,10세,중상
2012113000100470,2012년 11월 30일 19시,금요일,대구광역시 달서구 상인동,경상사고,0,0,2,0,차대차 - 기타,안전거리미확보,건조,맑음,교차로 - 교차로안,승용,남,47세,상해없음,승용,남,32세,경상
2012113000100471,2012년 11월 30일 19시,금요일,대구광역시 중구 수동,경상사고,0,0,1,0,차대차 - 기타,안전거리미확보,건조,흐림,단일로 - 기타,승용,여,27세,상해없음,승용,남,66세,상해없음
2012113000100472,2012년 11월 30일 19시,금요일,대구광역시 달서구 호산동,중상사고,0,1,0,0,차대차 - 측면직각충돌,교차로운행방법위반,건조,맑음,교차로 - 교차로안,화물,남,30세,상해없음,자전거,남,51세,중상
2012113000100510,2012년 11월 30일 20시,금요일,대구광역시 수성구 지산동,중상사고,0,1,5,0,차대차 - 측면직각충돌,교차로운행방법위반,건조,맑음,교차로 - 교차로안,승용,남,58세,상해없음,승용,남,27세,경상
2012113000100548,2012년 11월 30일 21시,금요일,대구광역시 달서구 송현동,경상사고,0,0,3,0,차대차 - 추돌 - 주정차중,안전거리미확보,건조,맑음,교차로 - 교차로부근,승용,여,37세,상해없음,승용,남,31세,경상
2012113000100591,2012년 11월 30일 22시,금요일,대구광역시 달서구 대천동,경상사고,0,0,2,0,차대차 - 추돌 - 진행중,안전운전불이행,건조,맑음,교차로 - 교차로부근,화물,남,42세,상해없음,승용,남,24세,경상
2012113000100592,2012년 11월 30일 22시,금요일,대구광역시 달서구 성당동,경상사고,0,0,1,0,차대차 - 기타,안전운전불이행,건조,맑음,단일로 - 기타,승용,남,30세,상해없음,승용,여,19세,경상
2012113000100633,2012년 11월 30일 23시,금요일,대구광역시 남구 대명동,경상사고,0,0,2,0,차대차 - 측면직각충돌,직진우회전진행방해,건조,맑음,교차로 - 교차로안,승용,남,42세,경상,승용,남,39세,경상
2012113000100634,2012년 11월 30일 23시,금요일,대구광역시 수성구 상동,중상사고,0,1,0,0,차대차 - 추돌 - 주정차중,안전운전불이행,건조,맑음,단일로 - 기타,승용,남,31세,상해없음,이륜,남,49세,중상
2012113000100635,2012년 11월 30일 23시,금요일,대구광역시 북구 복현동,중상사고,0,1,0,0,차대사람 - 길가장자리구역통행중,안전운전불이행,건조,맑음,교차로 - 교차로부근,승용,남,21세,상해없음,보행자,여,21세,중상
2012113000100636,2012년 11월 30일 23시,금요일,대구광역시 달서구 갈산동,중상사고,0,1,1,0,차대차 - 측면직각충돌,신호위반,건조,맑음,교차로 - 교차로안,화물,남,43세,상해없음,승용,남,62세,경상
2012113000100637,2012년 11월 30일 23시,금요일,대구광역시 달서구 이곡동,중상사고,0,1,0,0,차대차 - 측면직각충돌,불법유턴,건조,맑음,단일로 - 횡단보도상,자전거,여,19세,중상,승용,남,31세,상해없음
2012120100100023,2012년 12월 1일 00시,토요일,대구광역시 동구 지저동,경상사고,0,0,2,0,차대차 - 기타,안전운전불이행,건조,맑음,단일로 - 기타,승용,여,41세,상해없음,승용,남,53세,경상
2012120100100024,2012년 12월 1일 00시,토요일,대구광역시 달서구 본리동,부상신고사고,0,0,0,1,차대사람 - 기타,안전운전불이행,건조,맑음,단일로 - 기타,이륜,남,17세,부상신고,보행자,남,34세,상해없음
2012120100100057,2012년 12월 1일 01시,토요일,대구광역시 수성구 신매동,중상사고,0,1,4,0,차대차 - 추돌 - 주정차중,안전거리미확보,건조,맑음,교차로 - 교차로부근,승용,남,32세,상해없음,승용,남,19세,경상
2012120100100058,2012년 12월 1일 01시,토요일,대구광역시 달성군 다사읍,부상신고사고,0,0,0,1,차대차 - 측면직각충돌,안전운전불이행,건조,맑음,단일로 - 기타,원동기,남,16세,부상신고,승용,남,47세,상해없음
2012120100100059,2012년 12월 1일 01시,토요일,대구광역시 서구 중리동,중상사고,0,1,0,0,차대차 - 기타,교차로운행방법위반,건조,맑음,교차로 - 교차로안,승용,남,18세,상해없음,승용,여,50세,중상
2012120100100060,2012년 12월 1일 01시,토요일,대구광역시 달서구 호산동,경상사고,0,0,1,0,차대차 - 측면직각충돌,안전운전불이행,건조,맑음,기타 - 기타,승용,남,22세,상해없음,승용,남,57세,경상
2012120100100061,2012년 12월 1일 01시,토요일,대구광역시 달서구 두류동,경상사고,0,0,1,0,차대사람 - 기타,안전운전불이행,건조,맑음,단일로 - 기타,승용,남,25세,상해없음,보행자,남,18세,경상
2012120100100089,2012년 12월 1일 02시,토요일,대구광역시 중구 대봉동,중상사고,0,1,0,0,차대차 - 기타,신호위반,건조,맑음,교차로 - 교차로안,승용,남,33세,상해없음,승용,남,61세,중상
2012120100100103,2012년 12월 1일 03시,토요일,대구광역시 수성구 만촌동,중상사고,0,1,0,0,차대차 - 측면직각충돌,안전운전불이행,건조,맑음,교차로 - 교차로부근,승용,남,23세,상해없음,승용,남,26세,중상
2012120100100104,2012년 12월 1일 03시,토요일,대구광역시 달서구 본리동,경상사고,0,0,3,0,차대차 - 측면직각충돌,중앙선침범,건조,맑음,단일로 - 기타,승용,남,23세,상해없음,승용,남,20세,경상
2012120100100181,2012년 12월 1일 08시,토요일,대구광역시 중구 대봉동,중상사고,0,1,1,0,차대차 - 측면직각충돌,신호위반,건조,맑음,교차로 - 교차로안,승용,여,43세,경상,승용,남,29세,중상
2012120100100182,2012년 12월 1일 08시,토요일,대구광역시 달서구 호산동,경상사고,0,0,2,0,차대차 - 추돌 - 주정차중,안전운전불이행,건조,맑음,단일로 - 기타,승용,남,51세,상해없음,승용,남,42세,경상
2012120100100207,2012년 12월 1일 09시,토요일,대구광역시 북구 노원동3가,경상사고,0,0,1,0,차대차 - 추돌 - 진행중,안전거리미확보,건조,맑음,교차로 - 교차로부근,승합,남,42세,상해없음,승용,남,51세,경상
2012120100100208,2012년 12월 1일 09시,토요일,대구광역시 중구 교동,경상사고,0,0,1,0,차대차 - 기타,안전운전불이행,건조,맑음,단일로 - 기타,승용,남,48세,상해없음,화물,남,69세,상해없음
2012120100100274,2012년 12월 1일 11시,토요일,대구광역시 수성구 범어동,중상사고,0,1,0,0,차대사람 - 횡단중,안전운전불이행,건조,맑음,단일로 - 기타,승용,여,50세,상해없음,보행자,여,16세,중상
2012120100100305,2012년 12월 1일 12시,토요일,대구광역시 동구 율하동,경상사고,0,0,2,0,차대차 - 측면직각충돌,교차로운행방법위반,건조,맑음,교차로 - 교차로안,화물,남,62세,상해없음,승용,여,35세,경상
2012120100100306,2012년 12월 1일 12시,토요일,대구광역시 수성구 범어동,경상사고,0,0,2,0,차대차 - 기타,안전운전불이행,건조,맑음,단일로 - 기타,승용,남,62세,상해없음,승용,남,42세,경상
2012120100100307,2012년 12월 1일 12시,토요일,대구광역시 수성구 수성동2가,중상사고,0,1,0,0,차대차 - 기타,안전운전불이행,건조,맑음,단일로 - 기타,승용,여,51세,상해없음,승합,남,45세,상해없음
2012120100100308,2012년 12월 1일 12시,토요일,대구광역시 달성군 다사읍,경상사고,0,0,2,0,차대차 - 측면직각충돌,안전운전불이행,건조,맑음,교차로 - 교차로안,승합,남,22세,경상,승용,여,41세,경상
2012120100100309,2012년 12월 1일 12시,토요일,대구광역시 북구 읍내동,중상사고,0,1,0,0,차대사람 - 횡단중,신호위반,건조,맑음,단일로 - 기타,화물,남,37세,상해없음,보행자,여,70세,중상
2012120100100325,2012년 12월 1일 13시,토요일,대구광역시 수성구 중동,경상사고,0,0,1,0,차대사람 - 기타,안전운전불이행,건조,맑음,단일로 - 기타,승용,여,35세,상해없음,보행자,여,75세,경상
2012120100100393,2012년 12월 1일 15시,토요일,대구광역시 동구 신천동,경상사고,0,0,2,0,차대차 - 추돌 - 주정차중,안전운전불이행,건조,맑음,단일로 - 기타,승용,남,63세,상해없음,승용,남,32세,경상
2012120100100394,2012년 12월 1일 15시,토요일,대구광역시 수성구 지산동,경상사고,0,0,1,0,차대사람 - 기타,안전운전불이행,건조,맑음,단일로 - 기타,승용,여,54세,상해없음,보행자,남,23세,경상
2012120100100395,2012년 12월 1일 15시,토요일,대구광역시 북구 서변동,중상사고,0,1,0,0,차대차 - 추돌 - 주정차중,기타,건조,맑음,단일로 - 기타,승용,남,46세,상해없음,이륜,남,26세,중상
2012120100100434,2012년 12월 1일 16시,토요일,대구광역시 중구 삼덕동1가,경상사고,0,0,1,0,차대사람 - 차도통행중,안전운전불이행,건조,맑음,단일로 - 기타,승용,남,22세,상해없음,보행자,여,29세,경상
2012120100100538,2012년 12월 1일 18시,토요일,대구광역시 남구 대명동,경상사고,0,0,1,0,차대차 - 추돌 - 진행중,안전거리미확보,건조,맑음,단일로 - 기타,승용,남,73세,상해없음,승용,여,50세,경상
2012120100100539,2012년 12월 1일 18시,토요일,대구광역시 동구 동호동,경상사고,0,0,2,0,차대차 - 측면직각충돌,안전거리미확보,건조,맑음,단일로 - 기타,승용,남,54세,경상,화물,남,22세,경상
2012120100100540,2012년 12월 1일 18시,토요일,대구광역시 수성구 두산동,부상신고사고,0,0,0,1,차대차 - 측면직각충돌,안전거리미확보,건조,맑음,단일로 - 기타,승용,남,65세,상해없음,원동기,남,18세,부상신고
2012120100100541,2012년 12월 1일 18시,토요일,대구광역시 북구 산격동,경상사고,0,0,1,0,차대차 - 추돌 - 진행중,안전운전불이행,건조,맑음,미분류 - 미분류,승합,남,34세,상해없음,승용,남,60세,경상
2012120100100565,2012년 12월 1일 19시,토요일,대구광역시 남구 대명동,중상사고,0,1,2,0,차대차 - 측면직각충돌,신호위반,건조,맑음,교차로 - 교차로안,승용,남,20세,상해없음,승용,남,61세,중상
2012120100100566,2012년 12월 1일 19시,토요일,대구광역시 수성구 만촌동,중상사고,0,2,3,2,차대차 - 기타,신호위반,건조,맑음,교차로 - 교차로안,승용,여,39세,부상신고,승용,남,49세,경상
2012120100100567,2012년 12월 1일 19시,토요일,대구광역시 달서구 감삼동,경상사고,0,0,1,0,차대차 - 기타,중앙선침범,건조,맑음,단일로 - 기타,승용,남,61세,상해없음,이륜,남,47세,경상
2012120100100568,2012년 12월 1일 19시,토요일,대구광역시 달서구 죽전동,중상사고,0,1,0,0,차대사람 - 횡단중,중앙선침범,건조,맑음,단일로 - 횡단보도상,승용,남,28세,상해없음,보행자,여,71세,중상
2012120100100569,2012년 12월 1일 19시,토요일,대구광역시 달서구 죽전동,중상사고,0,1,0,0,차대차 - 측면직각충돌,안전거리미확보,건조,맑음,단일로 - 기타,승용,남,48세,상해없음,이륜,남,26세,중상
2012120100100601,2012년 12월 1일 20시,토요일,대구광역시 수성구 범어동,중상사고,0,2,1,0,차대차 - 정면충돌,신호위반,건조,맑음,교차로 - 교차로안,승합,남,38세,상해없음,승용,여,53세,경상
2012120100100633,2012년 12월 1일 21시,토요일,대구광역시 중구 삼덕동1가,경상사고,0,0,1,0,차대사람 - 기타,안전운전불이행,건조,맑음,단일로 - 기타,승용,남,22세,상해없음,보행자,남,24세,경상
2012120100100662,2012년 12월 1일 22시,토요일,대구광역시 동구 방촌동,경상사고,0,0,1,0,차대차 - 기타,신호위반,건조,맑음,교차로 - 교차로부근,원동기,남,45세,상해없음,승용,남,29세,경상
2012120100100663,2012년 12월 1일 22시,토요일,대구광역시 동구 효목동,경상사고,0,0,1,0,차대차 - 기타,안전운전불이행,건조,맑음,교차로 - 교차로부근,승용,남,54세,상해없음,화물,남,52세,경상
2012120100100664,2012년 12월 1일 22시,토요일,대구광역시 동구 신암동,중상사고,0,1,0,0,차량단독 - 기타,안전운전불이행,건조,맑음,단일로 - 기타,승용,남,45세,상해없음,,,,
2012120100100665,2012년 12월 1일 22시,토요일,대구광역시 북구 구암동,경상사고,0,0,1,0,차대차 - 기타,교차로운행방법위반,건조,맑음,교차로 - 교차로안,승용,기타불명,기타불명,기타불명,원동기,남,47세,경상
2012120100100686,2012년 12월 1일 23시,토요일,대구광역시 동구 입석동,중상사고,0,1,0,0,차대사람 - 횡단중,보행자보호의무위반,건조,맑음,단일로 - 횡단보도상,승용,여,44세,상해없음,보행자,여,19세,중상
2012120200100020,2012년 12월 2일 00시,일요일,대구광역시 수성구 중동,경상사고,0,0,1,0,차대차 - 기타,기타,건조,맑음,단일로 - 기타,승용,남,53세,상해없음,이륜,남,41세,경상
2012120200100021,2012년 12월 2일 00시,일요일,대구광역시 서구 내당동,경상사고,0,0,1,0,차대사람 - 횡단중,안전운전불이행,건조,맑음,교차로 - 교차로안,승용,남,52세,상해없음,보행자,남,30세,경상
2012120200100022,2012년 12월 2일 00시,일요일,대구광역시 중구 동인동2가,중상사고,0,1,1,0,차대차 - 추돌 - 진행중,안전거리미확보,건조,맑음,교차로 - 교차로부근,승용,남,32세,상해없음,승용,남,46세,경상
2012120200100039,2012년 12월 2일 01시,일요일,대구광역시 남구 이천동,부상신고사고,0,0,0,1,차대차 - 기타,불법유턴,건조,맑음,교차로 - 교차로부근,승용,남,48세,상해없음,승용,남,22세,부상신고
2012120200100040,2012년 12월 2일 01시,일요일,대구광역시 달성군 현풍면,중상사고,0,1,0,0,차량단독 - 공작물충돌,중앙선침범,건조,맑음,교차로 - 교차로부근,화물,남,34세,중상,,,,
2012120200100041,2012년 12월 2일 01시,일요일,대구광역시 북구 대현동,중상사고,0,1,1,0,차대차 - 추돌 - 진행중,안전운전불이행,건조,맑음,단일로 - 기타,이륜,남,17세,경상,승용,남,57세,상해없음
2012120200100084,2012년 12월 2일 03시,일요일,대구광역시 수성구 상동,경상사고,0,0,5,0,차대차 - 기타,안전운전불이행,건조,맑음,교차로 - 교차로안,승용,남,53세,상해없음,승용,남,35세,경상
2012120200100101,2012년 12월 2일 04시,일요일,대구광역시 수성구 사월동,중상사고,0,2,2,0,차대차 - 추돌 - 주정차중,안전운전불이행,건조,맑음,교차로 - 교차로부근,승용,남,28세,상해없음,승용,남,45세,중상