사고번호,사고일시,요일,시군구,사고내용,사망자수,중상자수,경상자수,부상신고자수,사고유형,법규위반,노면상태,기상상태,도로형태,가해운전자 차종,가해운전자 성별,가해운전자 연령,가해운전자 상해정도,피해운전자 차종,피해운전자 성별,피해운전자 연령,피해운전자 상해정도
2012120200100121,2012년 12월 2일 06시,일요일,대구광역시 수성구 노변동,중상사고,0,1,1,0,차대차 - 측면직각충돌,교차로운행방법위반,건조,맑음,교차로 - 교차로안,승용,남,22세,기타불명,승용,남,51세,경상
2012120200100142,2012년 12월 2일 09시,일요일,대구광역시 달서구 본동,중상사고,0,1,0,0,차대차 - 측면직각충돌,직진우회전진행방해,습기,흐림,교차로 - 교차로안,승용,남,66세,상해없음,승용,여,49세,중상
2012120200100184,2012년 12월 2일 11시,일요일,대구광역시 달서구 상인동,경상사고,0,0,1,0,차대차 - 기타,안전운전불이행,습기,비,교차로 - 교차로안,승용,남,42세,상해없음,승용,남,57세,경상
2012120200100185,2012년 12월 2일 11시,일요일,대구광역시 달성군 논공읍,경상사고,0,0,2,0,차대차 - 측면직각충돌,신호위반,건조,맑음,교차로 - 교차로안,화물,남,48세,상해없음,승용,남,50세,경상
2012120200100206,2012년 12월 2일 12시,일요일,대구광역시 북구 태전동,중상사고,0,1,0,0,차대사람 - 기타,안전운전불이행,건조,맑음,단일로 - 횡단보도상,승용,남,54세,상해없음,보행자,남,85세,중상
2012120200100207,2012년 12월 2일 12시,일요일,대구광역시 달서구 신당동,경상사고,0,0,1,0,차대차 - 추돌 - 진행중,안전거리미확보,건조,맑음,단일로 - 기타,승용,남,65세,상해없음,승용,남,25세,경상
2012120200100208,2012년 12월 2일 12시,일요일,대구광역시 달서구 감삼동,경상사고,0,0,1,0,차대차 - 기타,안전운전불이행,습기,비,단일로 - 기타,이륜,남,23세,경상,승용,남,49세,상해없음
2012120200100301,2012년 12월 2일 16시,일요일,대구광역시 남구 봉덕동,중상사고,0,1,1,0,차대차 - 측면직각충돌,신호위반,건조,맑음,교차로 - 교차로안,승용,남,30세,상해없음,승용,여,50세,경상
2012120200100302,2012년 12월 2일 16시,일요일,대구광역시 동구 신평동,경상사고,0,0,1,0,차대차 - 기타,안전운전불이행,건조,맑음,단일로 - 기타,화물,남,47세,상해없음,승용,남,62세,경상
2012120200100303,2012년 12월 2일 16시,일요일,대구광역시 북구 태전동,중상사고,0,1,1,0,차대차 - 측면직각충돌,교차로운행방법위반,건조,흐림,교차로 - 교차로안,승용,남,44세,상해없음,승용,여,52세,중상
2012120200100389,2012년 12월 2일 19시,일요일,대구광역시 동구 지묘동,경상사고,0,0,1,0,차대차 - 기타,안전운전불이행,건조,맑음,단일로 - 기타,이륜,남,46세,경상,화물,남,47세,상해없음
2012120200100390,2012년 12월 2일 19시,일요일,대구광역시 수성구 만촌동,경상사고,0,0,1,0,차대차 - 측면직각충돌,안전거리미확보,건조,맑음,단일로 - 기타,승용,남,30세,상해없음,이륜,남,18세,경상
2012120200100423,2012년 12월 2일 20시,일요일,대구광역시 수성구 황금동,중상사고,0,1,0,0,차대차 - 측면직각충돌,안전운전불이행,건조,맑음,단일로 - 기타,승용,여,50세,상해없음,이륜,남,16세,중상
2012120200100424,2012년 12월 2일 20시,일요일,대구광역시 달서구 두류동,중상사고,0,1,0,0,차대사람 - 기타,안전운전불이행,건조,맑음,단일로 - 기타,승용,남,58세,상해없음,보행자,남,35세,중상
2012120200100425,2012년 12월 2일 20시,일요일,대구광역시 달서구 신당동,중상사고,0,1,1,0,차대차 - 측면직각충돌,신호위반,건조,맑음,교차로 - 교차로안,원동기,남,18세,중상,승용,남,49세,경상
2012120200100426,2012년 12월 2일 20시,일요일,대구광역시 달서구 이곡동,중상사고,0,1,1,0,차대차 - 측면직각충돌,신호위반,건조,맑음,교차로 - 교차로안,이륜,남,17세,중상,승용,남,25세,경상
2012120200100450,2012년 12월 2일 21시,일요일,대구광역시 서구 비산동,경상사고,0,0,1,0,차대사람 - 기타,안전운전불이행,건조,맑음,교차로 - 교차로안,승용,남,34세,상해없음,보행자,여,46세,경상
2012120200100468,2012년 12월 2일 22시,일요일,대구광역시 동구 효목동,경상사고,0,0,1,0,차대사람 - 기타,안전운전불이행,건조,맑음,단일로 - 기타,이륜,남,16세,상해없음,보행자,남,23세,경상
2012120200100469,2012년 12월 2일 22시,일요일,대구광역시 서구 내당동,경상사고,0,0,2,0,차대차 - 기타,안전운전불이행,건조,맑음,교차로 - 교차로안,승용,남,49세,상해없음,승용,남,51세,기타불명
2012120200100486,2012년 12월 2일 23시,일요일,대구광역시 수성구 상동,경상사고,0,0,1,0,차대차 - 측면직각충돌,교차로운행방법위반,건조,맑음,교차로 - 교차로안,승용,남,48세,상해없음,화물,여,40세,경상
2012120200100487,2012년 12월 2일 23시,일요일,대구광역시 서구 내당동,경상사고,0,0,1,0,차대사람 - 기타,안전운전불이행,건조,맑음,단일로 - 기타,승용,남,25세,상해없음,보행자,남,35세,경상
2012120300100021,2012년 12월 3일 02시,월요일,대구광역시 중구 태평로3가,경상사고,0,0,1,0,차대차 - 측면직각충돌,신호위반,건조,맑음,교차로 - 교차로안,승용,남,31세,상해없음,승용,남,26세,경상
2012120300100068,2012년 12월 3일 06시,월요일,대구광역시 달서구 월성동,중상사고,0,1,0,0,차대사람 - 횡단중,신호위반,습기,안개,교차로 - 교차로부근,이륜,남,62세,상해없음,보행자,남,31세,중상
2012120300100069,2012년 12월 3일 06시,월요일,대구광역시 달서구 성당동,중상사고,0,1,0,0,차량단독 - 전도전복,안전운전불이행,건조,흐림,교차로 - 교차로부근,이륜,남,20세,중상,,,,
2012120300100088,2012년 12월 3일 07시,월요일,대구광역시 달성군 화원읍,경상사고,0,0,1,0,차대사람 - 기타,안전운전불이행,건조,맑음,단일로 - 기타,승용,여,52세,상해없음,보행자,여,26세,경상
2012120300100089,2012년 12월 3일 07시,월요일,대구광역시 북구 태전동,경상사고,0,0,1,0,차대차 - 기타,안전운전불이행,건조,맑음,교차로 - 교차로부근,승용,기타불명,기타불명,기타불명,승합,남,49세,상해없음
2012120300100090,2012년 12월 3일 07시,월요일,대구광역시 북구 복현동,경상사고,0,0,1,0,차대차 - 측면직각충돌,안전운전불이행,건조,흐림,기타 - 기타,자전거,남,40세,경상,화물,남,47세,상해없음
2012120300100119,2012년 12월 3일 08시,월요일,대구광역시 달서구 호산동,경상사고,0,0,1,0,차대차 - 측면직각충돌,교차로운행방법위반,건조,맑음,교차로 - 교차로안,승용,남,33세,상해없음,화물,남,55세,경상
2012120300100149,2012년 12월 3일 09시,월요일,대구광역시 수성구 수성동2가,중상사고,0,1,0,0,차대차 - 측면직각충돌,안전운전불이행,건조,맑음,단일로 - 기타,승합,남,43세,상해없음,자전거,남,67세,중상
2012120300100150,2012년 12월 3일 09시,월요일,대구광역시 달서구 본리동,부상신고사고,0,0,0,1,차대차 - 측면직각충돌,교차로운행방법위반,건조,맑음,교차로 - 교차로안,이륜,여,50세,부상신고,승용,여,65세,상해없음
2012120300100174,2012년 12월 3일 10시,월요일,대구광역시 달서구 두류동,경상사고,0,0,1,0,차대사람 - 길가장자리구역통행중,안전운전불이행,건조,흐림,단일로 - 기타,승용,남,50세,상해없음,보행자,여,48세,경상
2012120300100220,2012년 12월 3일 12시,월요일,대구광역시 북구 서변동,경상사고,0,0,2,0,차대차 - 측면직각충돌,안전운전불이행,건조,맑음,교차로 - 교차로부근,승용,남,32세,상해없음,승용,여,49세,상해없음
2012120300100221,2012년 12월 3일 12시,월요일,대구광역시 달서구 신당동,중상사고,0,1,0,0,차대차 - 측면직각충돌,안전거리미확보,건조,맑음,단일로 - 기타,승용,남,35세,상해없음,승용,여,47세,중상
2012120300100280,2012년 12월 3일 14시,월요일,대구광역시 달서구 도원동,경상사고,0,0,1,0,차대차 - 측면직각충돌,안전운전불이행,건조,맑음,단일로 - 횡단보도상,건설기계,남,40세,상해없음,자전거,남,70세,경상
2012120300100281,2012년 12월 3일 14시,월요일,대구광역시 서구 비산동,중상사고,0,1,0,0,차대사람 - 기타,안전운전불이행,건조,맑음,단일로 - 기타,승용,남,24세,상해없음,보행자,남,9세,중상
2012120300100312,2012년 12월 3일 15시,월요일,대구광역시 남구 대명동,중상사고,0,1,1,0,차대차 - 측면직각충돌,직진우회전진행방해,건조,맑음,교차로 - 교차로안,승용,남,41세,경상,승용,남,28세,중상
2012120300100313,2012년 12월 3일 15시,월요일,대구광역시 서구 이현동,경상사고,0,0,1,0,차대차 - 측면직각충돌,안전거리미확보,건조,맑음,단일로 - 기타,화물,남,49세,상해없음,화물,남,31세,경상
2012120300100351,2012년 12월 3일 16시,월요일,대구광역시 동구 효목동,경상사고,0,0,2,0,차대차 - 기타,안전거리미확보,건조,맑음,단일로 - 기타,자전거,여,59세,경상,이륜,남,42세,경상
2012120300100352,2012년 12월 3일 16시,월요일,대구광역시 달성군 다사읍,경상사고,0,0,1,0,차대차 - 측면직각충돌,안전운전불이행,건조,맑음,단일로 - 기타,승합,남,51세,상해없음,승합,남,40세,경상
2012120300100353,2012년 12월 3일 16시,월요일,대구광역시 북구 검단동,경상사고,0,0,1,0,차대차 - 기타,안전운전불이행,건조,흐림,단일로 - 기타,승용,여,54세,상해없음,이륜,남,45세,경상
2012120300100354,2012년 12월 3일 16시,월요일,대구광역시 중구 덕산동,경상사고,0,0,4,0,차대차 - 측면직각충돌,안전운전불이행,건조,맑음,단일로 - 기타,승용,남,56세,상해없음,승용,남,28세,경상
2012120300100388,2012년 12월 3일 17시,월요일,대구광역시 남구 이천동,경상사고,0,0,1,0,차대차 - 기타,안전운전불이행,건조,맑음,교차로 - 교차로부근,승용,여,42세,상해없음,승합,남,53세,상해없음
2012120300100389,2012년 12월 3일 17시,월요일,대구광역시 수성구 지산동,경상사고,0,0,1,0,차대사람 - 기타,보행자보호의무위반,건조,맑음,단일로 - 횡단보도상,승용,여,38세,상해없음,보행자,남,6세,경상
2012120300100438,2012년 12월 3일 18시,월요일,대구광역시 동구 신천동,경상사고,0,0,1,0,차대사람 - 기타,안전운전불이행,습기,비,기타 - 기타,원동기,남,55세,상해없음,보행자,여,43세,경상
2012120300100439,2012년 12월 3일 18시,월요일,대구광역시 수성구 지산동,경상사고,0,0,1,0,차대차 - 추돌 - 진행중,안전운전불이행,습기,기타,단일로 - 기타,승합,남,41세,상해없음,승용,남,30세,경상
2012120300100440,2012년 12월 3일 18시,월요일,대구광역시 달성군 다사읍,경상사고,0,0,1,0,차대차 - 측면직각충돌,기타,건조,맑음,단일로 - 기타,승용,여,49세,상해없음,자전거,남,36세,경상
2012120300100441,2012년 12월 3일 18시,월요일,대구광역시 북구 구암동,부상신고사고,0,0,0,1,차대차 - 측면직각충돌,안전운전불이행,습기,비,교차로 - 교차로안,승용,남,51세,상해없음,자전거,남,50세,부상신고
2012120300100442,2012년 12월 3일 18시,월요일,대구광역시 북구 서변동,중상사고,0,2,2,1,차대차 - 추돌 - 진행중,안전거리미확보,습기,비,단일로 - 기타,승용,남,42세,경상,승용,남,41세,상해없음
2012120300100470,2012년 12월 3일 19시,월요일,대구광역시 중구 공평동,경상사고,0,0,1,0,차대사람 - 기타,안전운전불이행,건조,맑음,단일로 - 기타,승용,여,27세,상해없음,보행자,여,22세,경상
2012120300100471,2012년 12월 3일 19시,월요일,대구광역시 달서구 이곡동,경상사고,0,0,2,0,차대차 - 측면직각충돌,안전거리미확보,습기,비,교차로 - 교차로안,승용,남,55세,상해없음,원동기,여,16세,경상
2012120300100509,2012년 12월 3일 20시,월요일,대구광역시 서구 내당동,경상사고,0,0,2,0,차대차 - 기타,안전운전불이행,습기,비,단일로 - 기타,승용,여,25세,상해없음,승용,여,32세,경상
2012120300100510,2012년 12월 3일 20시,월요일,대구광역시 달서구 본리동,중상사고,0,1,0,0,차대차 - 측면직각충돌,교차로운행방법위반,습기,비,교차로 - 교차로안,이륜,남,45세,중상,승용,남,28세,상해없음
2012120300100549,2012년 12월 3일 21시,월요일,대구광역시 수성구 지산동,경상사고,0,0,1,0,차대차 - 추돌 - 진행중,안전운전불이행,습기,비,단일로 - 기타,승용,여,41세,상해없음,승용,남,61세,경상
2012120300100550,2012년 12월 3일 21시,월요일,대구광역시 수성구 지산동,경상사고,0,0,1,0,차대사람 - 길가장자리구역통행중,안전운전불이행,습기,비,단일로 - 기타,승용,여,21세,상해없음,보행자,남,18세,경상
2012120300100551,2012년 12월 3일 21시,월요일,대구광역시 수성구 두산동,중상사고,0,1,1,0,차대사람 - 횡단중,신호위반,습기,흐림,단일로 - 횡단보도상,승용,남,58세,상해없음,보행자,여,16세,중상
2012120300100586,2012년 12월 3일 22시,월요일,대구광역시 달서구 진천동,경상사고,0,0,2,0,차대차 - 추돌 - 주정차중,안전운전불이행,습기,흐림,단일로 - 기타,승용,남,25세,상해없음,승합,남,33세,경상
2012120300100587,2012년 12월 3일 22시,월요일,대구광역시 서구 원대동3가,중상사고,0,1,0,0,차대사람 - 횡단중,안전운전불이행,습기,비,단일로 - 기타,승용,남,39세,상해없음,보행자,여,51세,중상
2012120400100013,2012년 12월 4일 00시,화요일,대구광역시 북구 대현동,경상사고,0,0,2,0,차대차 - 기타,안전거리미확보,건조,맑음,단일로 - 기타,승용,남,21세,상해없음,승용,남,59세,경상
2012120400100014,2012년 12월 4일 00시,화요일,대구광역시 북구 동천동,경상사고,0,0,3,0,차대차 - 기타,신호위반,건조,맑음,교차로 - 교차로안,승용,남,48세,경상,승용,남,47세,경상
2012120400100034,2012년 12월 4일 01시,화요일,대구광역시 달서구 송현동,중상사고,0,3,1,0,차대차 - 측면직각충돌,안전운전불이행,결빙,흐림,단일로 - 기타,승용,남,20세,중상,화물,남,45세,상해없음
2012120400100052,2012년 12월 4일 03시,화요일,대구광역시 동구 신암동,경상사고,0,0,2,0,차대차 - 추돌 - 주정차중,안전운전불이행,건조,맑음,교차로 - 교차로부근,승용,남,37세,상해없음,승용,남,37세,경상
2012120400100085,2012년 12월 4일 06시,화요일,대구광역시 남구 대명동,중상사고,0,1,0,0,차대사람 - 횡단중,보행자보호의무위반,건조,맑음,교차로 - 교차로안,화물,남,49세,상해없음,보행자,여,63세,중상
2012120400100086,2012년 12월 4일 06시,화요일,대구광역시 북구 노원동3가,중상사고,0,1,0,0,차대차 - 측면직각충돌,중앙선침범,건조,맑음,단일로 - 기타,원동기,남,52세,상해없음,이륜,남,22세,중상
2012120400100107,2012년 12월 4일 07시,화요일,대구광역시 남구 대명동,중상사고,0,1,0,0,차대차 - 추돌 - 주정차중,중앙선침범,건조,맑음,교차로 - 교차로부근,승용,남,31세,상해없음,승용,남,56세,기타불명
2012120400100108,2012년 12월 4일 07시,화요일,대구광역시 달성군 옥포면,경상사고,0,0,2,0,차대차 - 측면직각충돌,안전운전불이행,건조,맑음,단일로 - 기타,승용,남,62세,경상,승용,남,45세,상해없음
2012120400100109,2012년 12월 4일 07시,화요일,대구광역시 북구 노원동1가,중상사고,0,1,0,0,차량단독 - 기타,안전운전불이행,건조,맑음,교차로 - 교차로부근,원동기,남,35세,중상,,,,
2012120400100155,2012년 12월 4일 08시,화요일,대구광역시 남구 대명동,경상사고,0,0,1,0,차대차 - 기타,안전운전불이행,건조,맑음,단일로 - 기타,승용,남,54세,상해없음,자전거,남,22세,경상
2012120400100156,2012년 12월 4일 08시,화요일,대구광역시 동구 신기동,중상사고,0,1,0,0,차대사람 - 보도통행중,기타,건조,맑음,단일로 - 기타,자전거,남,14세,상해없음,보행자,남,67세,중상
2012120400100157,2012년 12월 4일 08시,화요일,대구광역시 수성구 중동,경상사고,0,0,3,0,차대차 - 추돌 - 주정차중,안전운전불이행,건조,맑음,교차로 - 교차로부근,승용,남,65세,상해없음,승용,남,41세,경상
2012120400100158,2012년 12월 4일 08시,화요일,대구광역시 달성군 논공읍,경상사고,0,0,1,0,차대차 - 기타,안전운전불이행,건조,맑음,단일로 - 기타,화물,남,46세,상해없음,승용,남,53세,경상
2012120400100159,2012년 12월 4일 08시,화요일,대구광역시 달성군 현풍면,사망사고,1,0,2,0,차량단독 - 전도전복,안전운전불이행,결빙,비,단일로 - 기타,승합,남,43세,상해없음,,,,
2012120400100160,2012년 12월 4일 08시,화요일,대구광역시 북구 복현동,경상사고,0,0,3,0,차대차 - 추돌 - 진행중,안전거리미확보,건조,맑음,단일로 - 교량,화물,남,71세,경상,승용,남,32세,경상
2012120400100189,2012년 12월 4일 09시,화요일,대구광역시 달서구 대천동,경상사고,0,0,1,0,차대차 - 추돌 - 주정차중,안전운전불이행,건조,맑음,교차로 - 교차로부근,화물,남,46세,상해없음,승용,남,29세,경상
2012120400100190,2012년 12월 4일 09시,화요일,대구광역시 북구 산격동,경상사고,0,0,1,0,차대차 - 추돌 - 진행중,안전운전불이행,건조,맑음,단일로 - 기타,화물,남,33세,경상,화물,남,38세,상해없음
2012120400100219,2012년 12월 4일 10시,화요일,대구광역시 동구 동호동,경상사고,0,0,2,0,차대차 - 추돌 - 주정차중,안전거리미확보,건조,맑음,교차로 - 교차로부근,건설기계,남,55세,기타불명,승용,여,33세,경상
2012120400100220,2012년 12월 4일 10시,화요일,대구광역시 북구 노원동3가,중상사고,0,1,0,0,차대차 - 측면직각충돌,안전운전불이행,건조,맑음,단일로 - 기타,화물,남,55세,상해없음,화물,남,48세,중상
2012120400100251,2012년 12월 4일 11시,화요일,대구광역시 수성구 파동,사망사고,1,0,0,0,차대차 - 기타,안전운전불이행,건조,맑음,교차로 - 교차로부근,화물,남,52세,상해없음,자전거,남,81세,사망
2012120400100283,2012년 12월 4일 12시,화요일,대구광역시 달서구 유천동,중상사고,0,1,0,0,차대차 - 측면직각충돌,교차로운행방법위반,건조,맑음,교차로 - 교차로안,승용,남,49세,상해없음,이륜,남,49세,중상
2012120400100301,2012년 12월 4일 13시,화요일,대구광역시 달성군 다사읍,중상사고,0,1,0,0,차대사람 - 기타,보행자보호의무위반,건조,맑음,단일로 - 횡단보도상,승용,남,55세,상해없음,보행자,여,63세,중상
2012120400100329,2012년 12월 4일 14시,화요일,대구광역시 북구 산격동,부상신고사고,0,0,0,1,차대차 - 기타,신호위반,건조,맑음,교차로 - 교차로부근,자전거,남,72세,부상신고,승합,남,61세,상해없음
2012120400100330,2012년 12월 4일 14시,화요일,대구광역시 달서구 용산동,경상사고,0,0,1,0,차대차 - 측면직각충돌,안전거리미확보,건조,맑음,단일로 - 기타,특수,남,28세,상해없음,승용,여,52세,경상
2012120400100331,2012년 12월 4일 14시,화요일,대구광역시 달서구 감삼동,경상사고,0,0,2,0,차대차 - 추돌 - 주정차중,안전운전불이행,건조,맑음,기타 - 기타,승용,남,54세,상해없음,승용,여,46세,경상
2012120400100370,2012년 12월 4일 15시,화요일,대구광역시 북구 복현동,중상사고,0,1,0,0,차대사람 - 기타,보행자보호의무위반,건조,맑음,교차로 - 교차로부근,자전거,남,13세,상해없음,보행자,남,52세,중상
2012120400100399,2012년 12월 4일 16시,화요일,대구광역시 수성구 황금동,경상사고,0,0,1,0,차대사람 - 기타,안전운전불이행,건조,맑음,단일로 - 기타,기타불명,기타불명,기타불명,기타불명,보행자,여,14세,경상
2012120400100445,2012년 12월 4일 17시,화요일,대구광역시 수성구 수성동4가,경상사고,0,0,1,0,차대차 - 기타,신호위반,건조,맑음,단일로 - 기타,승용,여,56세,상해없음,자전거,여,10세,경상
2012120400100446,2012년 12월 4일 17시,화요일,대구광역시 수성구 만촌동,중상사고,0,1,0,0,차대차 - 측면직각충돌,신호위반,건조,맑음,교차로 - 교차로안,승용,남,69세,상해없음,이륜,남,17세,중상
2012120400100447,2012년 12월 4일 17시,화요일,대구광역시 북구 대현동,경상사고,0,0,2,0,차대차 - 추돌 - 진행중,안전운전불이행,건조,맑음,단일로 - 기타,화물,남,64세,상해없음,승용,남,24세,경상
2012120400100448,2012년 12월 4일 17시,화요일,대구광역시 북구 대현동,중상사고,0,1,0,0,차량단독 - 기타,안전운전불이행,건조,맑음,단일로 - 기타,승합,남,44세,상해없음,,,,
2012120400100449,2012년 12월 4일 17시,화요일,대구광역시 달서구 본리동,경상사고,0,0,1,0,차대사람 - 차도통행중,안전운전불이행,건조,맑음,단일로 - 기타,승용,여,40세,기타불명,보행자,여,46세,경상
2012120400100501,2012년 12월 4일 18시,화요일,대구광역시 수성구 범어동,중상사고,0,1,0,0,차대사람 - 기타,안전운전불이행,건조,맑음,단일로 - 기타,승용,남,53세,상해없음,보행자,여,16세,중상
2012120400100502,2012년 12월 4일 18시,화요일,대구광역시 달서구 상인동,경상사고,0,0,2,0,차대사람 - 기타,보행자보호의무위반,건조,맑음,교차로 - 교차로안,이륜,남,60세,경상,보행자,여,11세,경상
2012120400100503,2012년 12월 4일 18시,화요일,대구광역시 서구 평리동,경상사고,0,0,4,0,차대차 - 추돌 - 주정차중,안전운전불이행,건조,맑음,단일로 - 기타,승용,남,55세,상해없음,승용,남,51세,경상
2012120400100504,2012년 12월 4일 18시,화요일,대구광역시 달서구 장동,경상사고,0,0,1,0,차대차 - 측면직각충돌,교차로운행방법위반,건조,맑음,교차로 - 교차로안,승용,남,47세,상해없음,이륜,남,28세,경상
2012120400100543,2012년 12월 4일 19시,화요일,대구광역시 동구 신암동,경상사고,0,0,1,0,차대차 - 추돌 - 진행중,안전운전불이행,건조,맑음,단일로 - 기타,승용,여,28세,상해없음,승용,남,56세,경상
2012120400100544,2012년 12월 4일 19시,화요일,대구광역시 북구 산격동,부상신고사고,0,0,0,1,차대차 - 추돌 - 주정차중,안전거리미확보,건조,맑음,단일로 - 기타,기타불명,기타불명,기타불명,기타불명,기타불명,미분류,기타불명,기타불명
2012120400100545,2012년 12월 4일 19시,화요일,대구광역시 서구 평리동,경상사고,0,0,1,0,차대차 - 기타,안전운전불이행,건조,맑음,단일로 - 기타,승용,여,39세,상해없음,원동기,남,17세,경상
2012120400100573,2012년 12월 4일 20시,화요일,대구광역시 달서구 두류동,경상사고,0,0,2,0,차대차 - 기타,안전운전불이행,건조,맑음,단일로 - 기타,승용,남,37세,상해없음,자전거,남,13세,경상
2012120400100595,2012년 12월 4일 21시,화요일,대구광역시 달서구 진천동,경상사고,0,0,1,0,차대차 - 추돌 - 진행중,교차로운행방법위반,건조,맑음,교차로 - 교차로부근,승용,남,26세,상해없음,이륜,남,40세,경상
2012120400100631,2012년 12월 4일 22시,화요일,대구광역시 달성군 다사읍,경상사고,0,0,1,0,차대차 - 기타,중앙선침범,건조,맑음,교차로 - 교차로부근,원동기,남,50세,상해없음,원동기,남,34세,경상
2012120400100632,2012년 12월 4일 22시,화요일,대구광역시 중구 동성로3가,경상사고,0,0,1,0,차대차 - 기타,신호위반,건조,맑음,단일로 - 기타,자전거,남,58세,경상,승용,남,28세,상해없음
2012120400100633,2012년 12월 4일 22시,화요일,대구광역시 달서구 이곡동,경상사고,0,0,1,0,차대차 - 측면직각충돌,안전운전불이행,건조,맑음,단일로 - 기타,승용,남,41세,상해없음,승용,남,43세,경상
2012120400100659,2012년 12월 4일 23시,화요일,대구광역시 수성구 만촌동,경상사고,0,0,2,0,차대차 - 측면직각충돌,신호위반,건조,맑음,교차로 - 교차로안,화물,남,43세,상해없음,승용,남,55세,경상
2012120400100660,2012년 12월 4일 23시,화요일,대구광역시 서구 평리동,경상사고,0,0,1,0,차대차 - 기타,안전운전불이행,건조,맑음,단일로 - 기타,화물,남,51세,상해없음,이륜,남,49세,경상
2012120500100016,2012년 12월 5일 00시,수요일,대구광역시 중구 남산동,경상사고,0,0,1,0,차대차 - 기타,안전운전불이행,건조,맑음,교차로 - 교차로부근,승용,여,24세,상해없음,승용,여,57세,경상
2012120500100047,2012년 12월 5일 04시,수요일,대구광역시 남구 봉덕동,중상사고,0,1,0,0,차대차 - 추돌 - 주정차중,안전운전불이행,건조,맑음,단일로 - 기타,승용,남,33세,상해없음,승용,남,52세,중상
2012120500100048,2012년 12월 5일 04시,수요일,대구광역시 수성구 연호동,경상사고,0,0,1,0,차대차 - 기타,안전운전불이행,건조,맑음,단일로 - 기타,승합,남,58세,상해없음,이륜,남,43세,경상
2012120500100058,2012년 12월 5일 05시,수요일,대구광역시 북구 관음동,경상사고,0,0,1,0,차대차 - 측면직각충돌,직진우회전진행방해,건조,맑음,교차로 - 교차로안,승용,여,44세,상해없음,승용,남,40세,상해없음
2012120500100079,2012년 12월 5일 06시,수요일,대구광역시 달서구 호림동,중상사고,0,1,0,0,차량단독 - 전도전복,안전운전불이행,건조,맑음,단일로 - 기타,원동기,남,16세,중상,,,,
2012120500100096,2012년 12월 5일 07시,수요일,대구광역시 달서구 상인동,경상사고,0,0,1,0,차대사람 - 횡단중,안전운전불이행,건조,맑음,단일로 - 횡단보도상,승용,기타불명,기타불명,기타불명,보행자,남,16세,경상
2012120500100116,2012년 12월 5일 08시,수요일,대구광역시 서구 내당동,중상사고,0,1,0,0,차대사람 - 기타,안전운전불이행,건조,맑음,단일로 - 기타,승용,여,38세,상해없음,보행자,남,37세,중상
2012120500100177,2012년 12월 5일 11시,수요일,대구광역시 서구 평리동,경상사고,0,0,1,0,차대차 - 추돌 - 진행중,안전거리미확보,건조,맑음,단일로 - 기타,화물,남,56세,상해없음,이륜,남,68세,경상
2012120500100234,2012년 12월 5일 12시,수요일,대구광역시 북구 태전동,중상사고,0,1,0,0,차대사람 - 횡단중,안전운전불이행,건조,맑음,단일로 - 기타,승용,남,42세,상해없음,보행자,남,81세,중상
2012120500100235,2012년 12월 5일 12시,수요일,대구광역시 달서구 용산동,경상사고,0,0,2,0,차대차 - 추돌 - 주정차중,안전거리미확보,건조,맑음,교차로 - 교차로부근,건설기계,남,61세,상해없음,승용,남,73세,경상
2012120500100299,2012년 12월 5일 13시,수요일,대구광역시 중구 동인동4가,중상사고,0,1,1,0,차대차 - 추돌 - 주정차중,안전거리미확보,건조,맑음,교차로 - 교차로부근,승용,남,56세,상해없음,승용,여,37세,경상
2012120500100333,2012년 12월 5일 14시,수요일,대구광역시 남구 대명동,경상사고,0,0,3,0,차대차 - 측면직각충돌,안전운전불이행,건조,맑음,교차로 - 교차로부근,특수,남,41세,상해없음,승용,남,36세,경상
2012120500100334,2012년 12월 5일 14시,수요일,대구광역시 남구 봉덕동,중상사고,0,1,0,0,차대차 - 측면직각충돌,안전운전불이행,건조,맑음,교차로 - 교차로안,승용,여,44세,상해없음,이륜,남,17세,중상
2012120500100335,2012년 12월 5일 14시,수요일,대구광역시 수성구 범어동,경상사고,0,0,2,0,차대차 - 측면직각충돌,교차로운행방법위반,건조,맑음,교차로 - 교차로안,승합,남,61세,상해없음,원동기,남,18세,경상
2012120500100336,2012년 12월 5일 14시,수요일,대구광역시 북구 산격동,경상사고,0,0,1,0,차대차 - 기타,교차로운행방법위반,건조,맑음,교차로 - 교차로안,승용,여,46세,상해없음,승용,남,50세,경상
2012120500100337,2012년 12월 5일 14시,수요일,대구광역시 북구 읍내동,경상사고,0,0,1,0,차대차 - 기타,신호위반,건조,맑음,단일로 - 횡단보도상,승용,남,69세,상해없음,자전거,여,42세,경상
2012120500100364,2012년 12월 5일 15시,수요일,대구광역시 북구 침산동,부상신고사고,0,0,0,1,차대차 - 기타,안전운전불이행,건조,흐림,단일로 - 기타,자전거,남,50세,부상신고,승용,여,45세,상해없음
2012120500100387,2012년 12월 5일 16시,수요일,대구광역시 달성군 화원읍,경상사고,0,0,1,0,차대차 - 측면직각충돌,신호위반,습기,비,교차로 - 교차로안,승용,남,72세,상해없음,화물,남,25세,경상
2012120500100388,2012년 12월 5일 16시,수요일,대구광역시 중구 동인동2가,경상사고,0,0,2,0,차대차 - 측면직각충돌,안전거리미확보,건조,맑음,교차로 - 교차로부근,이륜,남,29세,경상,승용,남,69세,상해없음