사고번호,사고일시,요일,시군구,사고내용,사망자수,중상자수,경상자수,부상신고자수,사고유형,법규위반,노면상태,기상상태,도로형태,가해운전자 차종,가해운전자 성별,가해운전자 연령,가해운전자 상해정도,피해운전자 차종,피해운전자 성별,피해운전자 연령,피해운전자 상해정도
2012120500100431,2012년 12월 5일 17시,수요일,대구광역시 남구 대명동,중상사고,0,1,0,0,차대차 - 측면직각충돌,안전운전불이행,습기,비,교차로 - 교차로부근,승용,여,35세,상해없음,이륜,남,40세,중상
2012120500100432,2012년 12월 5일 17시,수요일,대구광역시 동구 신천동,중상사고,0,1,0,0,차대사람 - 횡단중,보행자보호의무위반,습기,비,단일로 - 횡단보도상,승용,남,39세,상해없음,보행자,여,26세,중상
2012120500100433,2012년 12월 5일 17시,수요일,대구광역시 북구 서변동,중상사고,0,1,0,0,차대차 - 기타,안전운전불이행,습기,비,단일로 - 횡단보도상,승용,여,47세,상해없음,자전거,여,17세,중상
2012120500100434,2012년 12월 5일 17시,수요일,대구광역시 달서구 이곡동,경상사고,0,0,1,0,차대차 - 추돌 - 주정차중,안전거리미확보,습기,비,교차로 - 교차로부근,특수,남,56세,상해없음,화물,남,56세,경상
2012120500100435,2012년 12월 5일 17시,수요일,대구광역시 달서구 본리동,경상사고,0,0,1,0,차대차 - 측면직각충돌,안전운전불이행,습기,눈,교차로 - 교차로안,승용,여,39세,상해없음,승용,여,40세,경상
2012120500100478,2012년 12월 5일 18시,수요일,대구광역시 동구 신암동,중상사고,0,1,0,0,차대사람 - 횡단중,보행자보호의무위반,습기,비,단일로 - 횡단보도상,승용,남,70세,상해없음,보행자,여,35세,중상
2012120500100479,2012년 12월 5일 18시,수요일,대구광역시 수성구 중동,경상사고,0,0,1,0,차대차 - 측면직각충돌,안전운전불이행,건조,맑음,교차로 - 교차로부근,승용,남,43세,상해없음,승용,여,42세,경상
2012120500100480,2012년 12월 5일 18시,수요일,대구광역시 달성군 화원읍,경상사고,0,0,2,0,차대차 - 기타,안전운전불이행,건조,맑음,단일로 - 기타,승용,남,68세,상해없음,승용,남,36세,경상
2012120500100481,2012년 12월 5일 18시,수요일,대구광역시 북구 노원동3가,중상사고,0,1,0,1,차대차 - 기타,불법유턴,습기,비,단일로 - 횡단보도상,자전거,남,50세,부상신고,이륜,남,53세,중상
2012120500100482,2012년 12월 5일 18시,수요일,대구광역시 북구 태전동,중상사고,0,1,0,0,차대차 - 측면직각충돌,안전운전불이행,습기,비,교차로 - 교차로안,승합,남,58세,상해없음,원동기,남,22세,중상
2012120500100483,2012년 12월 5일 18시,수요일,대구광역시 북구 학정동,경상사고,0,0,1,0,차대차 - 기타,안전운전불이행,습기,비,단일로 - 기타,승용,남,52세,상해없음,승용,여,40세,경상
2012120500100484,2012년 12월 5일 18시,수요일,대구광역시 북구 복현동,경상사고,0,0,3,0,차대차 - 측면직각충돌,신호위반,습기,비,교차로 - 교차로안,승용,여,55세,상해없음,승용,남,33세,경상
2012120500100485,2012년 12월 5일 18시,수요일,대구광역시 달서구 파호동,경상사고,0,0,1,0,차대사람 - 기타,안전운전불이행,건조,맑음,단일로 - 기타,승용,남,31세,상해없음,보행자,남,30세,경상
2012120500100527,2012년 12월 5일 19시,수요일,대구광역시 동구 신암동,중상사고,0,1,0,0,차대사람 - 횡단중,보행자보호의무위반,건조,맑음,단일로 - 횡단보도상,화물,남,44세,상해없음,보행자,여,69세,중상
2012120500100528,2012년 12월 5일 19시,수요일,대구광역시 서구 평리동,경상사고,0,0,1,0,차대차 - 기타,안전거리미확보,습기,흐림,단일로 - 기타,승용,기타불명,기타불명,기타불명,승합,남,54세,상해없음
2012120500100554,2012년 12월 5일 20시,수요일,대구광역시 달성군 하빈면,중상사고,0,1,0,0,차대차 - 추돌 - 주정차중,안전운전불이행,습기,흐림,교차로 - 교차로부근,이륜,남,62세,중상,화물,남,34세,상해없음
2012120500100583,2012년 12월 5일 21시,수요일,대구광역시 동구 율하동,경상사고,0,0,2,0,차대차 - 측면직각충돌,안전거리미확보,건조,맑음,교차로 - 교차로부근,승용,여,43세,상해없음,승용,남,42세,경상
2012120500100615,2012년 12월 5일 22시,수요일,대구광역시 달서구 파호동,경상사고,0,0,1,0,차대차 - 측면직각충돌,안전운전불이행,건조,맑음,교차로 - 교차로부근,승용,여,37세,상해없음,승용,남,38세,경상
2012120500100616,2012년 12월 5일 22시,수요일,대구광역시 달서구 본리동,중상사고,0,1,1,0,차대차 - 측면직각충돌,안전거리미확보,건조,맑음,단일로 - 기타,승용,남,29세,상해없음,승용,남,50세,경상
2012120500100652,2012년 12월 5일 23시,수요일,대구광역시 북구 관음동,경상사고,0,0,2,1,차대차 - 기타,안전운전불이행,습기,흐림,단일로 - 기타,화물,남,27세,부상신고,승용,남,44세,경상
2012120500100653,2012년 12월 5일 23시,수요일,대구광역시 달서구 장기동,중상사고,0,1,0,0,차대사람 - 기타,기타,습기,흐림,단일로 - 기타,이륜,남,19세,상해없음,보행자,여,51세,중상
2012120600100033,2012년 12월 6일 01시,목요일,대구광역시 남구 이천동,중상사고,0,1,0,0,차대사람 - 기타,안전운전불이행,결빙,눈,단일로 - 기타,승용,남,37세,상해없음,보행자,남,50세,중상
2012120600100034,2012년 12월 6일 01시,목요일,대구광역시 중구 삼덕동1가,중상사고,0,1,0,0,차대사람 - 기타,안전운전불이행,건조,맑음,단일로 - 기타,승용,남,50세,상해없음,보행자,여,19세,중상
2012120600100075,2012년 12월 6일 04시,목요일,대구광역시 남구 대명동,경상사고,0,0,1,0,차대차 - 기타,차로위반,적설,눈,단일로 - 기타,승용,여,47세,상해없음,승용,남,61세,경상
2012120600100076,2012년 12월 6일 04시,목요일,대구광역시 남구 대명동,경상사고,0,0,3,0,차대차 - 추돌 - 주정차중,안전운전불이행,적설,눈,단일로 - 기타,승용,남,43세,상해없음,승용,여,64세,기타불명
2012120600100077,2012년 12월 6일 04시,목요일,대구광역시 동구 신천동,부상신고사고,0,0,0,1,차대차 - 측면직각충돌,신호위반,건조,맑음,교차로 - 교차로안,승용,남,43세,상해없음,승용,남,37세,부상신고
2012120600100122,2012년 12월 6일 07시,목요일,대구광역시 수성구 만촌동,중상사고,0,1,0,0,차대차 - 기타,안전거리미확보,건조,맑음,교차로 - 교차로안,승용,남,71세,상해없음,승용,남,47세,중상
2012120600100123,2012년 12월 6일 07시,목요일,대구광역시 달서구 월성동,경상사고,0,0,1,0,차량단독 - 공작물충돌,안전운전불이행,결빙,눈,단일로 - 기타,승용,남,35세,경상,,,,
2012120600100163,2012년 12월 6일 08시,목요일,대구광역시 수성구 만촌동,중상사고,0,1,0,0,차대차 - 추돌 - 진행중,안전거리미확보,건조,맑음,교차로 - 교차로부근,승용,남,45세,상해없음,승용,남,27세,중상
2012120600100164,2012년 12월 6일 08시,목요일,대구광역시 수성구 범어동,중상사고,0,1,0,0,차대사람 - 기타,안전운전불이행,건조,맑음,교차로 - 교차로부근,화물,남,46세,기타불명,보행자,여,49세,중상
2012120600100165,2012년 12월 6일 08시,목요일,대구광역시 달서구 유천동,경상사고,0,0,1,0,차량단독 - 공작물충돌,안전운전불이행,결빙,맑음,단일로 - 기타,승합,남,60세,상해없음,,,,
2012120600100166,2012년 12월 6일 08시,목요일,대구광역시 북구 산격동,경상사고,0,0,2,0,차대차 - 추돌 - 주정차중,안전운전불이행,습기,흐림,단일로 - 기타,승용,남,35세,상해없음,승용,남,45세,상해없음
2012120600100210,2012년 12월 6일 09시,목요일,대구광역시 수성구 삼덕동,경상사고,0,0,1,0,차대차 - 추돌 - 진행중,안전운전불이행,건조,맑음,단일로 - 기타,승용,여,22세,상해없음,승용,여,28세,경상
2012120600100211,2012년 12월 6일 09시,목요일,대구광역시 달서구 월성동,경상사고,0,0,2,0,차대차 - 추돌 - 주정차중,중앙선침범,결빙,맑음,교차로 - 교차로부근,승용,남,39세,상해없음,승용,남,37세,경상
2012120600100248,2012년 12월 6일 10시,목요일,대구광역시 서구 평리동,경상사고,0,0,3,0,차대차 - 추돌 - 주정차중,안전운전불이행,건조,맑음,단일로 - 기타,승용,남,43세,상해없음,화물,남,36세,경상
2012120600100274,2012년 12월 6일 11시,목요일,대구광역시 달성군 옥포면,경상사고,0,0,1,0,차대차 - 측면직각충돌,중앙선침범,건조,맑음,단일로 - 기타,승용,남,68세,상해없음,승용,여,34세,경상
2012120600100275,2012년 12월 6일 11시,목요일,대구광역시 달성군 옥포면,중상사고,0,1,0,0,차대차 - 측면직각충돌,안전운전불이행,결빙,맑음,단일로 - 기타,승용,남,33세,상해없음,화물,여,57세,상해없음
2012120600100276,2012년 12월 6일 11시,목요일,대구광역시 달서구 용산동,경상사고,0,0,1,0,차대차 - 측면직각충돌,안전운전불이행,건조,맑음,교차로 - 교차로부근,승용,남,52세,상해없음,승용,남,49세,경상
2012120600100330,2012년 12월 6일 13시,목요일,대구광역시 남구 이천동,중상사고,0,1,0,0,차대사람 - 차도통행중,안전운전불이행,습기,흐림,단일로 - 기타,화물,남,25세,상해없음,보행자,남,75세,중상
2012120600100331,2012년 12월 6일 13시,목요일,대구광역시 중구 대신동,중상사고,0,1,0,0,차대차 - 측면직각충돌,직진우회전진행방해,건조,맑음,교차로 - 교차로안,승합,남,42세,상해없음,이륜,남,50세,중상
2012120600100349,2012년 12월 6일 14시,목요일,대구광역시 수성구 만촌동,경상사고,0,0,1,0,차량단독 - 공작물충돌,안전운전불이행,건조,맑음,단일로 - 기타,승용,남,51세,상해없음,,,,
2012120600100350,2012년 12월 6일 14시,목요일,대구광역시 달서구 월성동,경상사고,0,0,1,0,차대차 - 기타,안전운전불이행,건조,맑음,단일로 - 기타,화물,여,50세,상해없음,승용,여,55세,경상
2012120600100351,2012년 12월 6일 14시,목요일,대구광역시 서구 평리동,경상사고,0,0,1,0,차대차 - 측면직각충돌,안전거리미확보,건조,맑음,단일로 - 기타,승용,남,69세,상해없음,원동기,남,35세,경상
2012120600100352,2012년 12월 6일 14시,목요일,대구광역시 서구 비산동,경상사고,0,0,1,0,차대사람 - 기타,기타,건조,맑음,단일로 - 기타,승합,남,53세,상해없음,보행자,여,58세,경상
2012120600100376,2012년 12월 6일 15시,목요일,대구광역시 북구 태전동,중상사고,0,1,0,0,차대차 - 측면직각충돌,불법유턴,건조,맑음,단일로 - 기타,자전거,남,81세,중상,화물,남,38세,상해없음
2012120600100377,2012년 12월 6일 15시,목요일,대구광역시 서구 비산동,경상사고,0,0,1,0,차대차 - 측면직각충돌,안전운전불이행,건조,맑음,단일로 - 기타,화물,남,70세,상해없음,이륜,남,23세,경상
2012120600100399,2012년 12월 6일 16시,목요일,대구광역시 달서구 두류동,경상사고,0,0,1,0,차대사람 - 기타,안전운전불이행,건조,맑음,단일로 - 기타,승용,여,46세,상해없음,보행자,남,7세,경상
2012120600100422,2012년 12월 6일 17시,목요일,대구광역시 동구 율하동,부상신고사고,0,0,0,1,차대사람 - 횡단중,안전운전불이행,건조,맑음,단일로 - 기타,승용,남,54세,상해없음,보행자,남,80세,부상신고
2012120600100423,2012년 12월 6일 17시,목요일,대구광역시 동구 불로동,경상사고,0,0,1,0,차대차 - 기타,안전거리미확보,건조,맑음,단일로 - 기타,승용,남,23세,상해없음,승합,남,39세,상해없음
2012120600100424,2012년 12월 6일 17시,목요일,대구광역시 북구 고성동1가,경상사고,0,0,2,0,차대차 - 추돌 - 주정차중,안전운전불이행,기타,기타,교차로 - 교차로부근,승용,여,46세,기타불명,화물,남,45세,상해없음
2012120600100425,2012년 12월 6일 17시,목요일,대구광역시 중구 대봉동,중상사고,0,1,0,0,차대사람 - 횡단중,보행자보호의무위반,건조,맑음,단일로 - 횡단보도상,화물,남,47세,상해없음,보행자,여,80세,중상
2012120600100454,2012년 12월 6일 18시,목요일,대구광역시 동구 효목동,경상사고,0,0,2,0,차대차 - 기타,안전운전불이행,건조,맑음,단일로 - 기타,승용,남,50세,상해없음,승용,남,31세,경상
2012120600100455,2012년 12월 6일 18시,목요일,대구광역시 수성구 사월동,경상사고,0,0,1,0,차대차 - 추돌 - 진행중,안전운전불이행,건조,흐림,교차로 - 교차로안,승용,남,43세,상해없음,승용,남,45세,경상
2012120600100456,2012년 12월 6일 18시,목요일,대구광역시 북구 침산동,경상사고,0,0,1,0,차대차 - 추돌 - 진행중,안전운전불이행,기타,기타,단일로 - 기타,승용,여,35세,상해없음,승합,남,55세,경상
2012120600100476,2012년 12월 6일 19시,목요일,대구광역시 남구 봉덕동,중상사고,0,1,3,0,차대차 - 추돌 - 진행중,안전거리미확보,건조,맑음,단일로 - 기타,승용,남,65세,상해없음,승용,여,37세,경상
2012120600100477,2012년 12월 6일 19시,목요일,대구광역시 수성구 황금동,중상사고,0,2,0,0,차대차 - 측면직각충돌,중앙선침범,건조,맑음,단일로 - 기타,승용,남,57세,상해없음,승용,남,37세,중상
2012120600100478,2012년 12월 6일 19시,목요일,대구광역시 북구 관음동,경상사고,0,0,1,0,차대차 - 기타,안전운전불이행,건조,맑음,교차로 - 교차로부근,승용,여,48세,상해없음,승용,남,49세,경상
2012120600100498,2012년 12월 6일 20시,목요일,대구광역시 남구 봉덕동,경상사고,0,0,1,0,차대사람 - 횡단중,보행자보호의무위반,건조,맑음,교차로 - 교차로안,승용,남,38세,상해없음,보행자,남,28세,경상
2012120600100499,2012년 12월 6일 20시,목요일,대구광역시 달서구 송현동,경상사고,0,0,1,0,차량단독 - 기타,안전운전불이행,건조,맑음,단일로 - 기타,승합,남,52세,상해없음,,,,
2012120600100500,2012년 12월 6일 20시,목요일,대구광역시 북구 구암동,중상사고,0,1,0,0,차대차 - 기타,교차로운행방법위반,건조,맑음,교차로 - 교차로안,승용,남,40세,상해없음,원동기,남,16세,중상
2012120600100501,2012년 12월 6일 20시,목요일,대구광역시 서구 평리동,중상사고,0,1,0,0,차량단독 - 기타,안전운전불이행,건조,맑음,단일로 - 기타,승합,남,64세,상해없음,,,,
2012120600100519,2012년 12월 6일 21시,목요일,대구광역시 동구 신암동,경상사고,0,0,1,0,차대차 - 기타,신호위반,건조,맑음,교차로 - 교차로안,승용,여,56세,상해없음,승용,남,22세,경상
2012120600100520,2012년 12월 6일 21시,목요일,대구광역시 수성구 수성동1가,경상사고,0,0,1,0,차대차 - 추돌 - 진행중,안전운전불이행,결빙,맑음,단일로 - 기타,승용,남,49세,상해없음,승용,남,34세,경상
2012120600100521,2012년 12월 6일 21시,목요일,대구광역시 달성군 다사읍,중상사고,0,2,1,0,차대차 - 측면직각충돌,안전운전불이행,건조,맑음,교차로 - 교차로안,승합,남,35세,상해없음,승합,남,36세,중상
2012120600100522,2012년 12월 6일 21시,목요일,대구광역시 서구 평리동,경상사고,0,0,1,0,차대차 - 기타,안전운전불이행,건조,맑음,교차로 - 교차로안,이륜,남,17세,상해없음,승용,여,31세,상해없음
2012120600100546,2012년 12월 6일 22시,목요일,대구광역시 남구 봉덕동,경상사고,0,0,1,0,차대차 - 기타,안전운전불이행,결빙,맑음,교차로 - 교차로부근,승용,여,50세,상해없음,원동기,남,42세,경상
2012120600100547,2012년 12월 6일 22시,목요일,대구광역시 서구 비산동,사망사고,1,0,0,0,차대사람 - 기타,안전운전불이행,건조,맑음,단일로 - 기타,승용,남,65세,상해없음,보행자,남,50세,사망
2012120600100571,2012년 12월 6일 23시,목요일,대구광역시 남구 봉덕동,경상사고,0,0,1,0,차대차 - 측면직각충돌,신호위반,건조,맑음,교차로 - 교차로안,승용,여,58세,상해없음,승용,남,57세,경상
2012120700100011,2012년 12월 7일 00시,금요일,대구광역시 북구 읍내동,경상사고,0,0,1,0,차대차 - 기타,안전운전불이행,건조,맑음,교차로 - 교차로부근,승용,남,41세,상해없음,승용,남,40세,경상
2012120700100012,2012년 12월 7일 00시,금요일,대구광역시 달서구 용산동,경상사고,0,0,2,0,차대차 - 추돌 - 진행중,안전거리미확보,건조,맑음,단일로 - 기타,승용,남,32세,상해없음,승용,남,42세,경상
2012120700100027,2012년 12월 7일 01시,금요일,대구광역시 수성구 만촌동,중상사고,0,1,1,0,차대차 - 추돌 - 주정차중,안전운전불이행,건조,맑음,교차로 - 교차로부근,승용,여,53세,상해없음,화물,여,63세,경상
2012120700100028,2012년 12월 7일 01시,금요일,대구광역시 달성군 현풍면,중상사고,0,1,3,0,차대차 - 측면직각충돌,안전운전불이행,건조,맑음,교차로 - 교차로안,승용,남,21세,상해없음,승용,남,61세,경상
2012120700100041,2012년 12월 7일 02시,금요일,대구광역시 남구 대명동,부상신고사고,0,0,0,1,차대차 - 추돌 - 주정차중,중앙선침범,결빙,맑음,단일로 - 기타,승용,남,32세,부상신고,화물,남,68세,기타불명
2012120700100058,2012년 12월 7일 04시,금요일,대구광역시 남구 대명동,중상사고,0,1,2,0,차대차 - 추돌 - 주정차중,안전운전불이행,건조,맑음,교차로 - 교차로부근,승용,남,27세,상해없음,승용,남,44세,경상
2012120700100063,2012년 12월 7일 05시,금요일,대구광역시 북구 산격동,중상사고,0,1,0,0,차대차 - 측면직각충돌,불법유턴,건조,맑음,단일로 - 기타,자전거,남,61세,중상,승용,남,59세,상해없음
2012120700100077,2012년 12월 7일 06시,금요일,대구광역시 남구 대명동,사망사고,1,1,0,0,차량단독 - 공작물충돌,안전운전불이행,습기,맑음,단일로 - 기타,승용,남,18세,중상,,,,
2012120700100102,2012년 12월 7일 07시,금요일,대구광역시 달서구 신당동,경상사고,0,0,1,0,차대차 - 기타,안전거리미확보,건조,맑음,단일로 - 기타,승용,남,22세,상해없음,승용,남,33세,경상
2012120700100138,2012년 12월 7일 08시,금요일,대구광역시 달서구 상인동,경상사고,0,0,1,0,차대사람 - 길가장자리구역통행중,안전운전불이행,건조,흐림,단일로 - 기타,승용,남,27세,상해없음,보행자,여,56세,경상
2012120700100192,2012년 12월 7일 10시,금요일,대구광역시 북구 노원동1가,경상사고,0,0,1,0,차대차 - 측면직각충돌,직진우회전진행방해,건조,맑음,교차로 - 교차로안,승용,남,62세,상해없음,이륜,남,42세,경상
2012120700100193,2012년 12월 7일 10시,금요일,대구광역시 서구 비산동,경상사고,0,0,1,0,차대사람 - 기타,안전운전불이행,건조,맑음,교차로 - 교차로안,화물,남,45세,상해없음,보행자,여,75세,경상
2012120700100194,2012년 12월 7일 10시,금요일,대구광역시 중구 대신동,중상사고,0,1,0,0,차대사람 - 기타,안전운전불이행,건조,흐림,단일로 - 기타,승용,여,48세,상해없음,보행자,남,50세,중상
2012120700100218,2012년 12월 7일 11시,금요일,대구광역시 달성군 구지면,중상사고,0,1,0,0,차대차 - 기타,안전운전불이행,건조,맑음,단일로 - 기타,승용,남,44세,상해없음,승합,남,39세,상해없음
2012120700100245,2012년 12월 7일 12시,금요일,대구광역시 동구 율하동,경상사고,0,0,2,0,차대차 - 기타,교차로운행방법위반,건조,맑음,교차로 - 교차로안,승용,여,54세,상해없음,승용,남,21세,경상
2012120700100246,2012년 12월 7일 12시,금요일,대구광역시 북구 대현동,경상사고,0,0,1,0,차대차 - 추돌 - 주정차중,안전거리미확보,건조,흐림,단일로 - 기타,승용,남,66세,상해없음,승용,남,48세,경상
2012120700100264,2012년 12월 7일 13시,금요일,대구광역시 중구 남산동,경상사고,0,0,1,0,차대차 - 추돌 - 진행중,안전거리미확보,적설,맑음,단일로 - 기타,승용,여,23세,상해없음,승용,남,33세,경상
2012120700100307,2012년 12월 7일 14시,금요일,대구광역시 동구 방촌동,경상사고,0,0,1,0,차대사람 - 기타,안전운전불이행,적설,눈,기타 - 기타,화물,남,40세,상해없음,보행자,남,7세,경상
2012120700100308,2012년 12월 7일 14시,금요일,대구광역시 동구 괴전동,경상사고,0,0,2,0,차대차 - 추돌 - 진행중,안전거리미확보,적설,눈,교차로 - 교차로부근,승용,여,53세,상해없음,승용,남,36세,경상
2012120700100309,2012년 12월 7일 14시,금요일,대구광역시 달서구 상인동,경상사고,0,0,2,0,차대차 - 측면직각충돌,안전운전불이행,결빙,맑음,단일로 - 기타,승합,여,54세,상해없음,승용,남,55세,경상
2012120700100333,2012년 12월 7일 15시,금요일,대구광역시 남구 봉덕동,경상사고,0,0,3,0,차대차 - 기타,차로위반,습기,눈,단일로 - 터널,승용,여,35세,경상,승용,여,29세,경상
2012120700100334,2012년 12월 7일 15시,금요일,대구광역시 동구 용계동,경상사고,0,0,1,0,차대차 - 측면직각충돌,기타,적설,눈,단일로 - 기타,승용,남,45세,상해없음,이륜,남,28세,경상
2012120700100335,2012년 12월 7일 15시,금요일,대구광역시 동구 동호동,경상사고,0,0,2,0,차대차 - 추돌 - 진행중,안전거리미확보,적설,눈,단일로 - 기타,승용,여,46세,경상,승용,남,65세,경상
2012120700100337,2012년 12월 7일 15시,금요일,대구광역시 달성군 현풍면,경상사고,0,0,2,0,차대차 - 기타,안전운전불이행,적설,눈,단일로 - 기타,승용,여,41세,상해없음,승용,여,44세,경상
2012120700100363,2012년 12월 7일 16시,금요일,대구광역시 수성구 사월동,중상사고,0,1,1,0,차대사람 - 차도통행중,보행자보호의무위반,적설,눈,단일로 - 횡단보도상,승용,여,53세,상해없음,보행자,여,42세,중상
2012120700100364,2012년 12월 7일 16시,금요일,대구광역시 북구 팔달동,경상사고,0,0,1,0,차대차 - 추돌 - 진행중,안전운전불이행,결빙,눈,단일로 - 기타,승용,남,45세,상해없음,승용,여,36세,경상
2012120700100365,2012년 12월 7일 16시,금요일,대구광역시 중구 대안동,경상사고,0,0,1,0,차대차 - 기타,안전운전불이행,적설,맑음,단일로 - 기타,승용,남,55세,상해없음,자전거,남,60세,경상
2012120700100445,2012년 12월 7일 18시,금요일,대구광역시 동구 불로동,경상사고,0,0,1,0,차대차 - 측면직각충돌,안전운전불이행,결빙,눈,단일로 - 기타,화물,남,55세,상해없음,승용,남,51세,경상
2012120700100488,2012년 12월 7일 19시,금요일,대구광역시 달성군 화원읍,중상사고,0,1,0,0,차대사람 - 기타,안전운전불이행,적설,눈,교차로 - 교차로안,승용,남,63세,상해없음,보행자,여,14세,중상
2012120700100489,2012년 12월 7일 19시,금요일,대구광역시 북구 산격동,경상사고,0,0,1,0,차대차 - 기타,안전운전불이행,결빙,눈,교차로 - 교차로부근,화물,남,56세,상해없음,승용,남,46세,경상
2012120700100515,2012년 12월 7일 20시,금요일,대구광역시 동구 신암동,경상사고,0,0,2,0,차대차 - 추돌 - 주정차중,안전운전불이행,건조,맑음,교차로 - 교차로부근,승용,남,48세,상해없음,승용,여,32세,경상
2012120700100516,2012년 12월 7일 20시,금요일,대구광역시 수성구 상동,경상사고,0,0,2,0,차대차 - 추돌 - 주정차중,안전운전불이행,적설,흐림,단일로 - 기타,승용,남,47세,상해없음,승용,남,29세,경상
2012120700100517,2012년 12월 7일 20시,금요일,대구광역시 수성구 범어동,중상사고,0,1,0,0,차대사람 - 보도통행중,기타,적설,눈,단일로 - 기타,승용,남,29세,상해없음,보행자,여,30세,중상
2012120700100539,2012년 12월 7일 21시,금요일,대구광역시 수성구 만촌동,중상사고,0,1,3,0,차량단독 - 공작물충돌,안전운전불이행,건조,맑음,단일로 - 교량,승용,남,55세,상해없음,,,,
2012120700100540,2012년 12월 7일 21시,금요일,대구광역시 달성군 논공읍,중상사고,0,2,0,0,차대차 - 추돌 - 주정차중,안전운전불이행,결빙,흐림,단일로 - 기타,화물,남,50세,상해없음,승용,남,26세,중상
2012120700100541,2012년 12월 7일 21시,금요일,대구광역시 북구 산격동,경상사고,0,0,2,0,차대차 - 기타,안전운전불이행,결빙,기타,단일로 - 기타,화물,남,39세,상해없음,승용,남,44세,경상
2012120700100576,2012년 12월 7일 22시,금요일,대구광역시 중구 삼덕동1가,경상사고,0,0,1,0,차대사람 - 기타,안전운전불이행,건조,맑음,단일로 - 기타,승용,남,30세,기타불명,보행자,남,18세,경상
2012120800100042,2012년 12월 8일 01시,토요일,대구광역시 동구 신천동,경상사고,0,0,2,0,차대차 - 추돌 - 진행중,안전운전불이행,결빙,눈,단일로 - 기타,승용,남,61세,상해없음,승용,남,54세,경상
2012120800100043,2012년 12월 8일 01시,토요일,대구광역시 동구 신천동,중상사고,0,1,0,0,차대차 - 추돌 - 주정차중,안전운전불이행,적설,눈,단일로 - 기타,기타불명,기타불명,기타불명,기타불명,승용,남,56세,상해없음
2012120800100044,2012년 12월 8일 01시,토요일,대구광역시 달서구 상인동,경상사고,0,0,1,0,차대차 - 측면직각충돌,안전거리미확보,건조,맑음,단일로 - 기타,승용,남,46세,상해없음,승용,남,52세,경상
2012120800100062,2012년 12월 8일 02시,토요일,대구광역시 동구 신암동,경상사고,0,0,2,0,차대차 - 기타,안전운전불이행,결빙,맑음,단일로 - 기타,승용,남,38세,상해없음,승용,남,38세,경상
2012120800100063,2012년 12월 8일 02시,토요일,대구광역시 달서구 죽전동,경상사고,0,0,2,0,차대차 - 추돌 - 진행중,안전운전불이행,결빙,눈,단일로 - 기타,승용,남,23세,상해없음,승용,남,60세,경상
2012120800100079,2012년 12월 8일 03시,토요일,대구광역시 동구 신천동,중상사고,0,4,0,0,차대차 - 정면충돌,중앙선침범,적설,눈,미분류 - 미분류,승용,남,33세,상해없음,승용,남,37세,중상
2012120800100099,2012년 12월 8일 04시,토요일,대구광역시 동구 신천동,경상사고,0,0,1,0,차대차 - 측면직각충돌,안전운전불이행,결빙,눈,단일로 - 기타,승용,남,46세,상해없음,승용,남,32세,경상
2012120800100125,2012년 12월 8일 06시,토요일,대구광역시 수성구 두산동,경상사고,0,0,3,0,차대차 - 측면직각충돌,교차로운행방법위반,건조,맑음,교차로 - 교차로안,승용,남,22세,상해없음,승용,남,47세,상해없음
2012120800100160,2012년 12월 8일 08시,토요일,대구광역시 달서구 죽전동,경상사고,0,0,1,0,차대차 - 추돌 - 주정차중,안전거리미확보,결빙,맑음,단일로 - 기타,승용,남,54세,상해없음,이륜,남,32세,경상
2012120800100161,2012년 12월 8일 08시,토요일,대구광역시 달서구 장동,경상사고,0,0,5,0,차대차 - 기타,안전거리미확보,결빙,맑음,단일로 - 기타,승용,남,54세,상해없음,승용,남,51세,상해없음
2012120800100191,2012년 12월 8일 09시,토요일,대구광역시 달성군 다사읍,경상사고,0,0,1,0,차대차 - 측면직각충돌,중앙선침범,결빙,눈,단일로 - 기타,화물,남,52세,상해없음,화물,남,30세,경상
2012120800100192,2012년 12월 8일 09시,토요일,대구광역시 중구 동인동3가,경상사고,0,0,1,0,차대사람 - 차도통행중,안전운전불이행,결빙,맑음,단일로 - 기타,승용,남,53세,상해없음,보행자,여,51세,경상
2012120800100210,2012년 12월 8일 10시,토요일,대구광역시 달서구 대천동,경상사고,0,0,3,0,차대차 - 측면직각충돌,안전운전불이행,결빙,맑음,단일로 - 기타,승용,남,59세,경상,승용,남,38세,경상
2012120800100211,2012년 12월 8일 10시,토요일,대구광역시 서구 내당동,중상사고,0,1,1,0,차대차 - 기타,안전거리미확보,결빙,맑음,단일로 - 기타,승용,남,52세,상해없음,화물,남,49세,상해없음
2012120800100261,2012년 12월 8일 12시,토요일,대구광역시 동구 방촌동,경상사고,0,0,1,0,차대차 - 기타,안전운전불이행,결빙,맑음,단일로 - 기타,화물,남,44세,상해없음,승합,여,39세,경상
2012120800100262,2012년 12월 8일 12시,토요일,대구광역시 수성구 범어동,중상사고,0,2,1,0,차대차 - 추돌 - 진행중,안전운전불이행,건조,맑음,단일로 - 기타,승합,남,46세,상해없음,승용,남,55세,중상
2012120800100263,2012년 12월 8일 12시,토요일,대구광역시 중구 동인동1가,경상사고,0,0,2,0,차대차 - 추돌 - 진행중,안전거리미확보,건조,맑음,교차로 - 교차로안,승용,남,74세,상해없음,승합,남,30세,경상