사고번호,사고일시,요일,시군구,사고내용,사망자수,중상자수,경상자수,부상신고자수,사고유형,법규위반,노면상태,기상상태,도로형태,가해운전자 차종,가해운전자 성별,가해운전자 연령,가해운전자 상해정도,피해운전자 차종,피해운전자 성별,피해운전자 연령,피해운전자 상해정도
2012120800100264,2012년 12월 8일 12시,토요일,대구광역시 달서구 이곡동,경상사고,0,0,1,0,차대차 - 기타,안전운전불이행,결빙,눈,단일로 - 기타,승용,여,29세,상해없음,화물,남,28세,경상
2012120800100265,2012년 12월 8일 12시,토요일,대구광역시 달서구 죽전동,경상사고,0,0,3,0,차대차 - 추돌 - 주정차중,안전거리미확보,결빙,맑음,교차로 - 교차로부근,승용,남,61세,상해없음,승용,여,51세,경상
2012120800100315,2012년 12월 8일 14시,토요일,대구광역시 중구 공평동,경상사고,0,0,1,0,차대사람 - 길가장자리구역통행중,안전운전불이행,건조,맑음,단일로 - 기타,승용,여,36세,상해없음,보행자,여,33세,경상
2012120800100366,2012년 12월 8일 16시,토요일,대구광역시 달서구 월암동,경상사고,0,0,1,0,차대차 - 기타,교차로운행방법위반,습기,맑음,교차로 - 교차로안,승용,남,30세,경상,승용,남,56세,상해없음
2012120800100399,2012년 12월 8일 17시,토요일,대구광역시 수성구 범어동,경상사고,0,0,1,0,차대차 - 기타,안전거리미확보,건조,맑음,단일로 - 기타,승용,여,50세,상해없음,승합,남,56세,상해없음
2012120800100434,2012년 12월 8일 18시,토요일,대구광역시 달성군 현풍면,중상사고,0,1,1,0,차대차 - 측면직각충돌,안전운전불이행,건조,맑음,교차로 - 교차로안,승용,남,43세,상해없음,승용,남,23세,경상
2012120800100435,2012년 12월 8일 18시,토요일,대구광역시 서구 내당동,경상사고,0,0,1,0,차대사람 - 기타,안전운전불이행,건조,맑음,단일로 - 기타,이륜,남,41세,상해없음,보행자,남,6세,경상
2012120800100461,2012년 12월 8일 19시,토요일,대구광역시 남구 대명동,중상사고,0,1,0,0,차대사람 - 횡단중,안전운전불이행,건조,맑음,단일로 - 기타,승용,남,65세,상해없음,보행자,남,69세,중상
2012120800100462,2012년 12월 8일 19시,토요일,대구광역시 동구 신암동,중상사고,0,1,0,0,차대차 - 측면직각충돌,안전거리미확보,건조,맑음,단일로 - 기타,승용,남,38세,상해없음,승용,남,62세,상해없음
2012120800100463,2012년 12월 8일 19시,토요일,대구광역시 중구 삼덕동1가,경상사고,0,0,1,0,차대사람 - 기타,안전운전불이행,건조,맑음,단일로 - 기타,화물,남,43세,상해없음,보행자,여,20세,경상
2012120800100485,2012년 12월 8일 20시,토요일,대구광역시 수성구 연호동,중상사고,0,1,2,0,차대차 - 측면직각충돌,안전거리미확보,건조,맑음,단일로 - 기타,승용,남,42세,상해없음,승용,여,38세,중상
2012120800100486,2012년 12월 8일 20시,토요일,대구광역시 북구 칠성동2가,경상사고,0,0,1,0,차대차 - 측면직각충돌,안전운전불이행,습기,흐림,교차로 - 교차로안,승합,남,55세,상해없음,이륜,남,18세,경상
2012120800100502,2012년 12월 8일 21시,토요일,대구광역시 수성구 만촌동,경상사고,0,0,2,0,차대차 - 측면직각충돌,안전거리미확보,건조,맑음,단일로 - 기타,승용,남,36세,상해없음,승용,남,42세,경상
2012120800100526,2012년 12월 8일 22시,토요일,대구광역시 북구 태전동,중상사고,0,1,0,0,차대차 - 측면직각충돌,중앙선침범,결빙,흐림,기타 - 기타,화물,남,48세,기타불명,승용,남,26세,중상
2012120900100042,2012년 12월 9일 01시,일요일,대구광역시 수성구 수성동1가,경상사고,0,0,1,0,차대차 - 측면직각충돌,안전거리미확보,건조,맑음,단일로 - 기타,승용,여,51세,상해없음,이륜,남,45세,경상
2012120900100043,2012년 12월 9일 01시,일요일,대구광역시 수성구 파동,중상사고,0,1,0,0,차대차 - 정면충돌,중앙선침범,건조,맑음,교차로 - 교차로부근,이륜,남,17세,중상,승용,남,72세,상해없음
2012120900100044,2012년 12월 9일 01시,일요일,대구광역시 달서구 유천동,사망사고,1,0,2,0,차대차 - 추돌 - 주정차중,안전운전불이행,건조,맑음,교차로 - 교차로부근,승용,남,36세,사망,승용,남,57세,경상
2012120900100085,2012년 12월 9일 03시,일요일,대구광역시 동구 검사동,중상사고,0,1,0,0,차대차 - 기타,안전거리미확보,결빙,흐림,단일로 - 기타,승용,남,43세,상해없음,승용,남,40세,중상
2012120900100093,2012년 12월 9일 04시,일요일,대구광역시 남구 대명동,중상사고,0,1,0,0,차대사람 - 횡단중,신호위반,결빙,맑음,단일로 - 횡단보도부근,승용,남,18세,상해없음,보행자,남,50세,중상
2012120900100094,2012년 12월 9일 04시,일요일,대구광역시 달서구 죽전동,경상사고,0,0,4,0,차대차 - 측면직각충돌,차로위반,건조,맑음,단일로 - 횡단보도부근,승용,남,20세,기타불명,승용,남,49세,경상
2012120900100107,2012년 12월 9일 05시,일요일,대구광역시 서구 내당동,경상사고,0,0,2,0,차대차 - 추돌 - 주정차중,안전운전불이행,건조,맑음,교차로 - 교차로부근,승용,남,51세,상해없음,승용,여,40세,경상
2012120900100121,2012년 12월 9일 07시,일요일,대구광역시 동구 방촌동,경상사고,0,0,1,0,차량단독 - 공작물충돌,안전운전불이행,건조,맑음,단일로 - 기타,화물,남,30세,상해없음,,,,
2012120900100149,2012년 12월 9일 09시,일요일,대구광역시 중구 남산동,경상사고,0,0,1,0,차대차 - 기타,안전운전불이행,건조,맑음,교차로 - 교차로부근,승용,남,42세,상해없음,승용,여,58세,경상
2012120900100167,2012년 12월 9일 10시,일요일,대구광역시 북구 동천동,중상사고,0,1,0,0,차대차 - 추돌 - 주정차중,안전운전불이행,건조,맑음,교차로 - 교차로부근,기타불명,기타불명,기타불명,기타불명,승용,남,70세,상해없음
2012120900100168,2012년 12월 9일 10시,일요일,대구광역시 북구 구암동,경상사고,0,0,1,0,차대차 - 측면직각충돌,직진우회전진행방해,결빙,맑음,교차로 - 교차로부근,승용,여,46세,상해없음,승용,남,25세,경상
2012120900100215,2012년 12월 9일 12시,일요일,대구광역시 북구 노원동1가,중상사고,0,2,1,0,차대차 - 추돌 - 주정차중,안전운전불이행,건조,맑음,단일로 - 기타,승용,남,29세,상해없음,승용,남,30세,중상
2012120900100216,2012년 12월 9일 12시,일요일,대구광역시 달서구 감삼동,경상사고,0,0,1,0,차대차 - 기타,안전거리미확보,건조,맑음,단일로 - 기타,승용,남,64세,기타불명,승합,남,57세,상해없음
2012120900100255,2012년 12월 9일 14시,일요일,대구광역시 달서구 상인동,경상사고,0,0,4,0,차대차 - 추돌 - 진행중,안전운전불이행,건조,맑음,단일로 - 기타,승용,남,52세,상해없음,승용,남,31세,경상
2012120900100256,2012년 12월 9일 14시,일요일,대구광역시 서구 비산동,경상사고,0,0,1,0,차대사람 - 기타,안전운전불이행,건조,맑음,단일로 - 기타,승합,남,48세,상해없음,보행자,여,22세,경상
2012120900100274,2012년 12월 9일 15시,일요일,대구광역시 수성구 대흥동,중상사고,0,1,3,0,차대차 - 측면직각충돌,안전운전불이행,건조,맑음,단일로 - 기타,승용,여,24세,상해없음,승용,남,37세,경상
2012120900100275,2012년 12월 9일 15시,일요일,대구광역시 북구 태전동,경상사고,0,0,1,0,차대차 - 측면직각충돌,교차로운행방법위반,건조,맑음,교차로 - 교차로안,화물,남,57세,상해없음,이륜,남,20세,경상
2012120900100329,2012년 12월 9일 17시,일요일,대구광역시 달서구 월성동,경상사고,0,0,1,0,차대차 - 추돌 - 진행중,안전운전불이행,건조,맑음,단일로 - 기타,승용,남,47세,상해없음,승용,여,47세,경상
2012120900100330,2012년 12월 9일 17시,일요일,대구광역시 달서구 상인동,경상사고,0,0,1,0,차대사람 - 횡단중,안전운전불이행,건조,맑음,교차로 - 교차로부근,승용,남,38세,상해없음,보행자,남,20세,경상
2012120900100331,2012년 12월 9일 17시,일요일,대구광역시 북구 산격동,사망사고,1,0,0,0,차대차 - 정면충돌,중앙선침범,건조,맑음,단일로 - 기타,승용,남,57세,상해없음,승용,여,60세,사망
2012120900100368,2012년 12월 9일 19시,일요일,대구광역시 중구 사일동,경상사고,0,0,1,0,차대차 - 기타,안전운전불이행,건조,기타,단일로 - 기타,승용,남,21세,상해없음,승용,남,61세,경상
2012120900100369,2012년 12월 9일 19시,일요일,대구광역시 달서구 두류동,중상사고,0,1,0,0,차대차 - 측면직각충돌,안전거리미확보,건조,맑음,단일로 - 기타,승용,남,59세,상해없음,원동기,남,55세,중상
2012120900100393,2012년 12월 9일 20시,일요일,대구광역시 서구 비산동,경상사고,0,0,1,0,차대차 - 추돌 - 주정차중,안전운전불이행,건조,맑음,단일로 - 기타,승용,남,50세,상해없음,승용,남,50세,경상
2012120900100394,2012년 12월 9일 20시,일요일,대구광역시 중구 남산동,중상사고,0,2,0,0,차대차 - 추돌 - 주정차중,안전운전불이행,건조,기타,단일로 - 기타,승용,남,51세,상해없음,승용,남,37세,중상
2012120900100411,2012년 12월 9일 21시,일요일,대구광역시 달서구 송현동,경상사고,0,0,1,0,차대차 - 측면직각충돌,안전거리미확보,건조,맑음,교차로 - 교차로부근,승용,남,44세,상해없음,이륜,남,17세,경상
2012120900100412,2012년 12월 9일 21시,일요일,대구광역시 북구 칠성동2가,경상사고,0,0,1,0,차대차 - 추돌 - 진행중,안전운전불이행,건조,맑음,단일로 - 기타,승용,여,44세,상해없음,승용,여,27세,경상
2012120900100446,2012년 12월 9일 23시,일요일,대구광역시 서구 상리동,경상사고,0,0,1,0,차대차 - 추돌 - 진행중,안전운전불이행,건조,맑음,단일로 - 기타,승용,남,52세,상해없음,승용,남,27세,경상
2012121000100062,2012년 12월 10일 07시,월요일,대구광역시 달성군 화원읍,부상신고사고,0,0,0,1,차대사람 - 기타,안전운전불이행,건조,맑음,단일로 - 기타,기타불명,기타불명,기타불명,기타불명,보행자,여,14세,부상신고
2012121000100063,2012년 12월 10일 07시,월요일,대구광역시 달성군 다사읍,경상사고,0,0,1,0,차대차 - 추돌 - 진행중,안전운전불이행,건조,맑음,교차로 - 교차로안,화물,남,48세,상해없음,승용,여,23세,경상
2012121000100098,2012년 12월 10일 08시,월요일,대구광역시 달성군 다사읍,경상사고,0,0,1,0,차대차 - 기타,안전운전불이행,건조,맑음,단일로 - 기타,승용,여,51세,경상,건설기계,남,44세,상해없음
2012121000100099,2012년 12월 10일 08시,월요일,대구광역시 북구 노원동1가,중상사고,0,1,0,0,차대차 - 추돌 - 진행중,안전거리미확보,결빙,맑음,단일로 - 기타,승용,여,39세,상해없음,자전거,남,71세,중상
2012121000100149,2012년 12월 10일 10시,월요일,대구광역시 중구 태평로1가,경상사고,0,0,1,0,차대차 - 기타,안전운전불이행,건조,맑음,단일로 - 기타,이륜,남,54세,상해없음,자전거,남,25세,경상
2012121000100181,2012년 12월 10일 11시,월요일,대구광역시 수성구 중동,경상사고,0,0,1,0,차대차 - 측면직각충돌,직진우회전진행방해,결빙,맑음,교차로 - 교차로안,승용,여,55세,상해없음,이륜,남,37세,경상
2012121000100226,2012년 12월 10일 13시,월요일,대구광역시 달서구 상인동,경상사고,0,0,1,0,차대차 - 측면직각충돌,직진우회전진행방해,건조,맑음,교차로 - 교차로안,화물,남,60세,상해없음,승용,남,33세,경상
2012121000100227,2012년 12월 10일 13시,월요일,대구광역시 달성군 구지면,경상사고,0,0,2,0,차대차 - 정면충돌,중앙선침범,건조,맑음,단일로 - 기타,승용,남,56세,상해없음,화물,남,62세,경상
2012121000100293,2012년 12월 10일 15시,월요일,대구광역시 달서구 성당동,중상사고,0,1,0,0,차대차 - 기타,안전운전불이행,건조,맑음,교차로 - 교차로부근,승용,남,66세,상해없음,승용,남,63세,중상
2012121000100337,2012년 12월 10일 16시,월요일,대구광역시 북구 산격동,경상사고,0,0,1,0,차대차 - 측면직각충돌,안전운전불이행,건조,맑음,교차로 - 교차로안,승용,남,57세,상해없음,원동기,남,28세,경상
2012121000100338,2012년 12월 10일 16시,월요일,대구광역시 북구 학정동,경상사고,0,0,1,0,차대차 - 측면직각충돌,안전거리미확보,건조,맑음,단일로 - 기타,승합,남,43세,상해없음,승용,여,24세,상해없음
2012121000100339,2012년 12월 10일 16시,월요일,대구광역시 북구 서변동,부상신고사고,0,0,0,1,차대사람 - 기타,안전운전불이행,건조,맑음,교차로 - 교차로안,승합,남,46세,상해없음,보행자,여,47세,부상신고
2012121000100340,2012년 12월 10일 16시,월요일,대구광역시 서구 평리동,중상사고,0,1,0,0,차대사람 - 기타,안전운전불이행,건조,맑음,단일로 - 기타,승합,남,28세,상해없음,보행자,남,14세,중상
2012121000100410,2012년 12월 10일 18시,월요일,대구광역시 수성구 범어동,경상사고,0,0,1,0,차대차 - 측면직각충돌,교차로운행방법위반,건조,맑음,교차로 - 교차로안,승용,남,36세,상해없음,승용,남,45세,경상
2012121000100411,2012년 12월 10일 18시,월요일,대구광역시 북구 칠성동1가,경상사고,0,0,1,0,차대차 - 기타,교차로운행방법위반,건조,맑음,교차로 - 교차로안,승용,여,40세,기타불명,승합,남,37세,상해없음
2012121000100412,2012년 12월 10일 18시,월요일,대구광역시 달서구 죽전동,경상사고,0,0,2,0,차대차 - 측면직각충돌,안전운전불이행,건조,맑음,교차로 - 교차로안,화물,남,51세,상해없음,승용,남,40세,경상
2012121000100439,2012년 12월 10일 19시,월요일,대구광역시 달서구 용산동,중상사고,0,1,1,0,차대사람 - 횡단중,보행자보호의무위반,건조,맑음,교차로 - 교차로안,승용,남,66세,상해없음,보행자,남,20세,중상
2012121000100467,2012년 12월 10일 20시,월요일,대구광역시 수성구 황금동,경상사고,0,0,1,0,차대차 - 측면직각충돌,안전거리미확보,건조,맑음,단일로 - 기타,승용,남,61세,상해없음,승용,남,50세,경상
2012121000100530,2012년 12월 10일 22시,월요일,대구광역시 동구 신천동,경상사고,0,0,2,0,차대차 - 정면충돌,중앙선침범,건조,맑음,단일로 - 기타,승용,남,39세,경상,화물,남,54세,경상
2012121000100531,2012년 12월 10일 22시,월요일,대구광역시 달서구 송현동,중상사고,0,1,0,0,차대차 - 추돌 - 주정차중,기타,건조,맑음,단일로 - 기타,승용,남,44세,상해없음,이륜,남,16세,중상
2012121000100532,2012년 12월 10일 22시,월요일,대구광역시 달성군 논공읍,중상사고,0,1,0,0,차대차 - 측면직각충돌,안전운전불이행,건조,맑음,교차로 - 교차로안,화물,남,41세,상해없음,자전거,남,39세,중상
2012121000100555,2012년 12월 10일 23시,월요일,대구광역시 달서구 대곡동,중상사고,0,2,0,0,차대사람 - 횡단중,보행자보호의무위반,습기,맑음,단일로 - 횡단보도상,승용,남,42세,상해없음,보행자,여,23세,중상
2012121000100556,2012년 12월 10일 23시,월요일,대구광역시 달성군 논공읍,중상사고,0,1,0,0,차대사람 - 기타,안전운전불이행,건조,맑음,단일로 - 기타,승용,남,53세,상해없음,보행자,남,45세,중상
2012121000100557,2012년 12월 10일 23시,월요일,대구광역시 북구 태전동,경상사고,0,0,2,0,차대차 - 측면직각충돌,안전운전불이행,건조,맑음,단일로 - 기타,승용,남,30세,상해없음,승용,남,23세,경상
2012121100100023,2012년 12월 11일 00시,화요일,대구광역시 남구 대명동,경상사고,0,0,1,0,차대차 - 측면직각충돌,중앙선침범,건조,맑음,단일로 - 기타,승용,남,35세,상해없음,승용,남,52세,경상
2012121100100024,2012년 12월 11일 00시,화요일,대구광역시 동구 율하동,경상사고,0,0,1,1,차대사람 - 기타,안전운전불이행,결빙,맑음,교차로 - 교차로부근,승용,남,50세,상해없음,보행자,여,44세,경상
2012121100100025,2012년 12월 11일 00시,화요일,대구광역시 수성구 중동,경상사고,0,0,1,0,차대차 - 측면직각충돌,신호위반,건조,맑음,교차로 - 교차로안,화물,남,71세,상해없음,승용,남,50세,경상
2012121100100056,2012년 12월 11일 02시,화요일,대구광역시 서구 비산동,중상사고,0,1,0,0,차대사람 - 횡단중,보행자보호의무위반,건조,맑음,교차로 - 교차로안,승용,남,30세,상해없음,보행자,남,30세,중상
2012121100100062,2012년 12월 11일 03시,화요일,대구광역시 달서구 용산동,중상사고,0,1,0,0,차량단독 - 공작물충돌,안전운전불이행,습기,흐림,단일로 - 기타,승용,남,29세,상해없음,,,,
2012121100100146,2012년 12월 11일 08시,화요일,대구광역시 남구 이천동,경상사고,0,0,3,0,차대차 - 기타,교차로운행방법위반,건조,맑음,교차로 - 교차로안,승용,남,68세,상해없음,승용,남,37세,경상
2012121100100147,2012년 12월 11일 08시,화요일,대구광역시 동구 신암동,중상사고,0,1,0,0,차대사람 - 횡단중,안전운전불이행,건조,맑음,단일로 - 기타,승용,남,39세,상해없음,보행자,여,26세,중상
2012121100100148,2012년 12월 11일 08시,화요일,대구광역시 달서구 월암동,경상사고,0,0,1,0,차대사람 - 기타,안전운전불이행,건조,맑음,단일로 - 기타,승용,남,22세,상해없음,보행자,남,60세,경상
2012121100100149,2012년 12월 11일 08시,화요일,대구광역시 북구 노원동3가,경상사고,0,0,1,0,차대차 - 측면직각충돌,안전운전불이행,건조,맑음,단일로 - 교량,화물,남,62세,상해없음,승용,여,43세,경상
2012121100100171,2012년 12월 11일 09시,화요일,대구광역시 북구 칠성동1가,경상사고,0,0,1,0,차대차 - 기타,안전거리미확보,건조,맑음,기타 - 기타,승용,남,70세,상해없음,승합,남,50세,상해없음
2012121100100224,2012년 12월 11일 11시,화요일,대구광역시 수성구 만촌동,경상사고,0,0,1,0,차대차 - 측면직각충돌,안전운전불이행,건조,맑음,교차로 - 교차로부근,승용,남,73세,상해없음,승용,남,47세,경상
2012121100100225,2012년 12월 11일 11시,화요일,대구광역시 달성군 가창면,경상사고,0,0,2,1,차대차 - 측면직각충돌,중앙선침범,습기,맑음,단일로 - 기타,승용,남,52세,상해없음,화물,남,46세,부상신고
2012121100100274,2012년 12월 11일 13시,화요일,대구광역시 수성구 지산동,중상사고,0,1,0,0,차대사람 - 횡단중,보행자보호의무위반,건조,맑음,단일로 - 횡단보도상,승용,남,41세,상해없음,보행자,여,44세,중상
2012121100100275,2012년 12월 11일 13시,화요일,대구광역시 달서구 성당동,중상사고,0,1,0,0,차대차 - 측면직각충돌,신호위반,건조,맑음,교차로 - 교차로안,이륜,남,52세,중상,화물,남,52세,상해없음
2012121100100299,2012년 12월 11일 14시,화요일,대구광역시 달성군 옥포면,중상사고,0,1,0,0,차대차 - 추돌 - 주정차중,안전운전불이행,건조,맑음,단일로 - 기타,승용,남,50세,기타불명,승용,남,44세,중상
2012121100100300,2012년 12월 11일 14시,화요일,대구광역시 북구 국우동,부상신고사고,0,0,0,1,차대차 - 측면직각충돌,안전거리미확보,건조,맑음,단일로 - 기타,자전거,남,74세,부상신고,승용,여,37세,상해없음
2012121100100329,2012년 12월 11일 15시,화요일,대구광역시 북구 산격동,중상사고,0,1,0,0,차대차 - 측면직각충돌,안전운전불이행,건조,맑음,교차로 - 교차로부근,승용,남,61세,상해없음,승용,남,35세,중상
2012121100100330,2012년 12월 11일 15시,화요일,대구광역시 서구 내당동,경상사고,0,0,2,0,차대차 - 기타,안전거리미확보,건조,맑음,교차로 - 교차로부근,승용,여,43세,상해없음,승용,남,68세,경상
2012121100100331,2012년 12월 11일 15시,화요일,대구광역시 중구 남일동,중상사고,0,1,0,0,차대사람 - 횡단중,안전운전불이행,건조,맑음,단일로 - 기타,승합,남,38세,상해없음,보행자,여,65세,중상
2012121100100402,2012년 12월 11일 17시,화요일,대구광역시 달서구 용산동,경상사고,0,0,1,0,차대차 - 추돌 - 주정차중,안전운전불이행,건조,맑음,단일로 - 기타,승용,남,28세,상해없음,승용,남,24세,경상
2012121100100444,2012년 12월 11일 18시,화요일,대구광역시 수성구 중동,경상사고,0,0,2,0,차대차 - 추돌 - 주정차중,안전운전불이행,건조,맑음,단일로 - 기타,승용,남,72세,상해없음,승용,남,54세,경상
2012121100100445,2012년 12월 11일 18시,화요일,대구광역시 달서구 상인동,경상사고,0,0,1,0,차대차 - 기타,안전운전불이행,건조,맑음,교차로 - 교차로부근,승용,여,53세,상해없음,이륜,남,23세,경상
2012121100100446,2012년 12월 11일 18시,화요일,대구광역시 달서구 이곡동,중상사고,0,1,0,0,차대사람 - 기타,신호위반,건조,맑음,단일로 - 기타,이륜,남,17세,상해없음,보행자,여,50세,중상
2012121100100478,2012년 12월 11일 19시,화요일,대구광역시 수성구 범어동,경상사고,0,0,1,0,차대사람 - 기타,안전운전불이행,건조,맑음,단일로 - 기타,승용,남,48세,상해없음,보행자,여,39세,경상
2012121100100479,2012년 12월 11일 19시,화요일,대구광역시 서구 중리동,경상사고,0,0,3,0,차대차 - 측면직각충돌,중앙선침범,건조,맑음,교차로 - 교차로부근,승용,남,41세,상해없음,승용,남,52세,경상
2012121100100542,2012년 12월 11일 21시,화요일,대구광역시 서구 중리동,중상사고,0,1,0,0,차대사람 - 횡단중,보행자보호의무위반,건조,맑음,단일로 - 횡단보도상,승용,남,51세,상해없음,보행자,남,35세,중상
2012121100100575,2012년 12월 11일 22시,화요일,대구광역시 북구 침산동,중상사고,0,1,1,0,차대사람 - 기타,신호위반,건조,맑음,단일로 - 횡단보도상,이륜,남,54세,상해없음,보행자,여,45세,중상
2012121100100594,2012년 12월 11일 23시,화요일,대구광역시 중구 동인동4가,중상사고,0,1,0,0,차대사람 - 횡단중,안전운전불이행,건조,맑음,교차로 - 교차로부근,승용,남,60세,상해없음,보행자,남,36세,중상
2012121200100062,2012년 12월 12일 03시,수요일,대구광역시 수성구 수성동4가,경상사고,0,0,3,0,차대차 - 추돌 - 주정차중,안전운전불이행,건조,맑음,단일로 - 기타,승용,남,27세,상해없음,승용,남,50세,경상
2012121200100095,2012년 12월 12일 06시,수요일,대구광역시 달서구 도원동,중상사고,0,1,0,0,차대사람 - 횡단중,안전운전불이행,건조,맑음,단일로 - 횡단보도상,승용,남,34세,상해없음,보행자,여,50세,중상
2012121200100121,2012년 12월 12일 07시,수요일,대구광역시 달서구 상인동,경상사고,0,0,2,0,차대차 - 기타,안전운전불이행,건조,맑음,교차로 - 교차로부근,승용,여,34세,상해없음,승용,남,32세,경상
2012121200100122,2012년 12월 12일 07시,수요일,대구광역시 북구 노원동1가,경상사고,0,0,1,0,차대사람 - 길가장자리구역통행중,안전운전불이행,건조,맑음,단일로 - 기타,승용,여,29세,상해없음,보행자,남,60세,경상
2012121200100162,2012년 12월 12일 08시,수요일,대구광역시 수성구 황금동,경상사고,0,0,3,0,차대차 - 기타,안전운전불이행,건조,맑음,단일로 - 기타,승용,여,57세,상해없음,승합,남,35세,경상
2012121200100163,2012년 12월 12일 08시,수요일,대구광역시 달서구 유천동,경상사고,0,0,2,0,차대차 - 측면직각충돌,안전거리미확보,건조,맑음,단일로 - 기타,승용,남,38세,상해없음,승용,남,37세,경상
2012121200100164,2012년 12월 12일 08시,수요일,대구광역시 달성군 화원읍,중상사고,0,1,0,0,차대차 - 기타,안전운전불이행,건조,맑음,단일로 - 기타,승용,남,61세,상해없음,이륜,남,54세,중상
2012121200100165,2012년 12월 12일 08시,수요일,대구광역시 달성군 옥포면,경상사고,0,0,1,0,차대차 - 측면직각충돌,안전운전불이행,건조,맑음,교차로 - 교차로안,승용,여,45세,상해없음,승용,남,46세,경상
2012121200100166,2012년 12월 12일 08시,수요일,대구광역시 북구 태전동,경상사고,0,0,2,0,차대차 - 측면직각충돌,신호위반,건조,맑음,교차로 - 교차로안,승합,남,54세,상해없음,승용,남,67세,경상
2012121200100167,2012년 12월 12일 08시,수요일,대구광역시 달서구 호산동,경상사고,0,0,1,0,차대차 - 측면직각충돌,차로위반,결빙,맑음,단일로 - 기타,승용,남,27세,상해없음,승용,남,40세,경상
2012121200100246,2012년 12월 12일 12시,수요일,대구광역시 달서구 송현동,경상사고,0,0,1,0,차대차 - 추돌 - 진행중,안전운전불이행,건조,맑음,교차로 - 교차로안,승용,남,34세,상해없음,승용,남,77세,경상
2012121200100247,2012년 12월 12일 12시,수요일,대구광역시 서구 비산동,경상사고,0,0,2,0,차대차 - 추돌 - 진행중,안전거리미확보,건조,맑음,단일로 - 기타,승용,남,57세,상해없음,승용,남,33세,경상
2012121200100249,2012년 12월 12일 12시,수요일,대구광역시 달서구 성당동,중상사고,0,1,0,0,차량단독 - 기타,기타,건조,맑음,단일로 - 기타,승용,남,56세,상해없음,,,,
2012121200100273,2012년 12월 12일 13시,수요일,대구광역시 동구 신암동,중상사고,0,1,0,0,차대차 - 측면직각충돌,안전운전불이행,건조,맑음,단일로 - 기타,원동기,남,42세,중상,화물,남,60세,상해없음
2012121200100274,2012년 12월 12일 13시,수요일,대구광역시 수성구 수성동1가,경상사고,0,0,1,0,차대차 - 측면직각충돌,신호위반,건조,맑음,교차로 - 교차로안,화물,남,29세,상해없음,승용,남,63세,경상
2012121200100275,2012년 12월 12일 13시,수요일,대구광역시 달성군 논공읍,중상사고,0,1,0,0,차대차 - 기타,안전운전불이행,건조,맑음,교차로 - 교차로안,승용,남,37세,상해없음,원동기,남,38세,중상
2012121200100297,2012년 12월 12일 14시,수요일,대구광역시 달성군 화원읍,경상사고,0,0,2,0,차대차 - 기타,안전운전불이행,건조,맑음,단일로 - 기타,화물,남,67세,상해없음,승용,남,35세,경상
2012121200100298,2012년 12월 12일 14시,수요일,대구광역시 달성군 옥포면,경상사고,0,0,1,0,차대차 - 측면직각충돌,중앙선침범,건조,맑음,단일로 - 기타,승용,남,73세,경상,화물,남,35세,상해없음
2012121200100329,2012년 12월 12일 15시,수요일,대구광역시 달서구 상인동,경상사고,0,0,1,0,차대차 - 기타,안전운전불이행,건조,맑음,교차로 - 교차로안,승용,여,37세,상해없음,자전거,남,12세,경상
2012121200100362,2012년 12월 12일 16시,수요일,대구광역시 수성구 황금동,경상사고,0,0,1,0,차대차 - 기타,신호위반,건조,맑음,교차로 - 교차로부근,승용,남,59세,상해없음,승용,남,60세,상해없음
2012121200100363,2012년 12월 12일 16시,수요일,대구광역시 수성구 신매동,중상사고,0,1,0,0,차대차 - 기타,신호위반,건조,맑음,교차로 - 교차로부근,승합,남,41세,상해없음,원동기,남,22세,중상
2012121200100364,2012년 12월 12일 16시,수요일,대구광역시 서구 비산동,경상사고,0,0,1,0,차대차 - 측면직각충돌,안전운전불이행,건조,맑음,단일로 - 기타,승용,여,51세,상해없음,이륜,남,35세,경상
2012121200100402,2012년 12월 12일 17시,수요일,대구광역시 달성군 가창면,경상사고,0,0,1,0,차대차 - 측면직각충돌,안전거리미확보,건조,맑음,단일로 - 교량,화물,남,62세,상해없음,화물,남,29세,경상
2012121200100403,2012년 12월 12일 17시,수요일,대구광역시 북구 관음동,중상사고,0,1,0,1,차대차 - 기타,안전운전불이행,건조,맑음,단일로 - 횡단보도부근,승용,남,41세,부상신고,승용,여,42세,중상
2012121200100404,2012년 12월 12일 17시,수요일,대구광역시 북구 읍내동,경상사고,0,0,2,0,차대차 - 측면직각충돌,안전운전불이행,건조,맑음,단일로 - 기타,승용,남,49세,기타불명,승용,여,37세,경상
2012121200100405,2012년 12월 12일 17시,수요일,대구광역시 달서구 이곡동,경상사고,0,0,1,0,차대사람 - 기타,안전운전불이행,건조,맑음,기타 - 기타,승용,남,28세,상해없음,보행자,남,13세,경상
2012121200100443,2012년 12월 12일 18시,수요일,대구광역시 달서구 월성동,경상사고,0,0,1,0,차대차 - 기타,신호위반,건조,맑음,교차로 - 교차로안,승용,여,53세,상해없음,승용,남,50세,경상
2012121200100473,2012년 12월 12일 19시,수요일,대구광역시 북구 칠성동1가,경상사고,0,0,1,0,차대차 - 기타,안전운전불이행,건조,맑음,단일로 - 기타,원동기,남,16세,상해없음,자전거,남,27세,경상
2012121200100474,2012년 12월 12일 19시,수요일,대구광역시 달서구 용산동,경상사고,0,0,1,0,차대차 - 측면직각충돌,안전운전불이행,건조,맑음,단일로 - 기타,승용,남,60세,상해없음,승용,남,62세,경상