사고번호,사고일시,요일,시군구,사고내용,사망자수,중상자수,경상자수,부상신고자수,사고유형,법규위반,노면상태,기상상태,도로형태,가해운전자 차종,가해운전자 성별,가해운전자 연령,가해운전자 상해정도,피해운전자 차종,피해운전자 성별,피해운전자 연령,피해운전자 상해정도
2012121500100438,2012년 12월 15일 18시,토요일,대구광역시 북구 팔달동,중상사고,0,2,3,0,차대차 - 기타,안전운전불이행,건조,맑음,기타 - 기타,화물,남,52세,상해없음,승용,남,36세,경상
2012121500100439,2012년 12월 15일 18시,토요일,대구광역시 달서구 장기동,경상사고,0,0,3,0,차대차 - 추돌 - 주정차중,안전운전불이행,건조,맑음,단일로 - 기타,승용,남,55세,상해없음,승용,남,43세,경상
2012121500100467,2012년 12월 15일 19시,토요일,대구광역시 남구 봉덕동,경상사고,0,0,1,0,차대차 - 측면직각충돌,안전운전불이행,건조,맑음,단일로 - 기타,승용,남,47세,상해없음,승용,남,51세,경상
2012121500100468,2012년 12월 15일 19시,토요일,대구광역시 달서구 성당동,중상사고,0,1,0,0,차대사람 - 횡단중,안전운전불이행,건조,맑음,단일로 - 기타,승용,남,51세,상해없음,보행자,남,58세,중상
2012121500100502,2012년 12월 15일 20시,토요일,대구광역시 남구 봉덕동,경상사고,0,0,2,0,차대차 - 추돌 - 진행중,안전거리미확보,건조,맑음,교차로 - 교차로부근,승용,남,31세,상해없음,승용,남,52세,경상
2012121500100503,2012년 12월 15일 20시,토요일,대구광역시 중구 삼덕동1가,경상사고,0,0,1,0,차대사람 - 기타,안전운전불이행,건조,맑음,단일로 - 기타,승용,남,30세,기타불명,보행자,남,24세,경상
2012121500100528,2012년 12월 15일 21시,토요일,대구광역시 중구 동성로2가,경상사고,0,0,1,0,차대사람 - 기타,안전운전불이행,건조,맑음,단일로 - 기타,승용,남,32세,상해없음,보행자,남,26세,경상
2012121500100563,2012년 12월 15일 22시,토요일,대구광역시 수성구 황금동,경상사고,0,0,2,0,차대차 - 측면직각충돌,안전거리미확보,건조,맑음,교차로 - 교차로부근,승용,남,53세,상해없음,승용,남,28세,경상
2012121500100607,2012년 12월 15일 23시,토요일,대구광역시 달서구 본동,중상사고,0,1,0,0,차대사람 - 기타,안전운전불이행,건조,맑음,단일로 - 횡단보도부근,승용,남,48세,상해없음,보행자,남,49세,중상
2012121500100608,2012년 12월 15일 23시,토요일,대구광역시 달성군 논공읍,경상사고,0,0,1,0,차대사람 - 기타,안전운전불이행,건조,맑음,단일로 - 기타,승용,남,31세,상해없음,보행자,남,40세,경상
2012121600100031,2012년 12월 16일 00시,일요일,대구광역시 동구 신암동,중상사고,0,1,0,0,차대사람 - 횡단중,안전운전불이행,건조,맑음,교차로 - 교차로안,승용,남,45세,기타불명,보행자,남,41세,중상
2012121600100032,2012년 12월 16일 00시,일요일,대구광역시 동구 방촌동,중상사고,0,1,0,0,차대사람 - 차도통행중,안전운전불이행,건조,맑음,단일로 - 횡단보도부근,승용,여,55세,상해없음,보행자,남,22세,중상
2012121600100033,2012년 12월 16일 00시,일요일,대구광역시 수성구 범어동,경상사고,0,0,2,0,차대차 - 추돌 - 진행중,안전운전불이행,건조,맑음,단일로 - 기타,승합,남,46세,상해없음,승용,남,29세,경상
2012121600100034,2012년 12월 16일 00시,일요일,대구광역시 수성구 범어동,경상사고,0,0,4,0,차대차 - 추돌 - 주정차중,안전운전불이행,건조,맑음,교차로 - 교차로부근,화물,남,52세,상해없음,승용,남,47세,경상
2012121600100035,2012년 12월 16일 00시,일요일,대구광역시 서구 비산동,중상사고,0,1,0,0,차대사람 - 횡단중,안전운전불이행,건조,맑음,단일로 - 기타,승용,남,46세,상해없음,보행자,여,30세,중상
2012121600100036,2012년 12월 16일 00시,일요일,대구광역시 중구 공평동,중상사고,0,1,0,0,차대사람 - 기타,안전운전불이행,건조,맑음,단일로 - 기타,승용,남,34세,상해없음,보행자,남,37세,중상
2012121600100037,2012년 12월 16일 00시,일요일,대구광역시 달서구 신당동,경상사고,0,0,1,0,차대사람 - 기타,안전운전불이행,건조,맑음,단일로 - 기타,승용,남,60세,상해없음,보행자,남,30세,경상
2012121600100064,2012년 12월 16일 01시,일요일,대구광역시 서구 내당동,중상사고,0,2,1,0,차대차 - 측면직각충돌,중앙선침범,건조,맑음,단일로 - 기타,승용,여,29세,상해없음,승용,남,66세,경상
2012121600100089,2012년 12월 16일 02시,일요일,대구광역시 수성구 두산동,경상사고,0,0,4,0,차대차 - 추돌 - 진행중,안전운전불이행,건조,맑음,단일로 - 기타,승용,남,35세,상해없음,승용,남,43세,경상
2012121600100090,2012년 12월 16일 02시,일요일,대구광역시 북구 산격동,경상사고,0,0,1,0,차대사람 - 횡단중,안전운전불이행,건조,맑음,단일로 - 횡단보도상,이륜,기타불명,기타불명,기타불명,보행자,여,17세,경상
2012121600100091,2012년 12월 16일 02시,일요일,대구광역시 중구 삼덕동2가,중상사고,0,2,11,1,차대차 - 기타,신호위반,건조,맑음,교차로 - 교차로안,승합,남,27세,부상신고,승용,남,61세,중상
2012121600100092,2012년 12월 16일 02시,일요일,대구광역시 달서구 이곡동,경상사고,0,0,2,0,차대차 - 측면직각충돌,신호위반,건조,맑음,교차로 - 교차로안,승용,남,29세,상해없음,승용,남,31세,경상
2012121600100093,2012년 12월 16일 02시,일요일,대구광역시 달서구 호산동,경상사고,0,0,2,0,차대차 - 추돌 - 주정차중,안전운전불이행,건조,맑음,교차로 - 교차로부근,승용,남,28세,상해없음,승용,여,43세,경상
2012121600100104,2012년 12월 16일 03시,일요일,대구광역시 달서구 갈산동,경상사고,0,0,2,0,차대차 - 기타,직진우회전진행방해,건조,맑음,교차로 - 교차로안,승용,남,45세,상해없음,승용,남,47세,상해없음
2012121600100105,2012년 12월 16일 03시,일요일,대구광역시 달서구 이곡동,경상사고,0,0,1,0,차량단독 - 기타,안전운전불이행,습기,흐림,단일로 - 기타,승용,남,21세,경상,,,,
2012121600100115,2012년 12월 16일 04시,일요일,대구광역시 수성구 황금동,중상사고,0,2,1,0,차대차 - 측면직각충돌,신호위반,건조,맑음,교차로 - 교차로안,승용,남,66세,상해없음,승용,남,43세,중상
2012121600100131,2012년 12월 16일 05시,일요일,대구광역시 북구 노원동2가,중상사고,0,1,0,0,차대차 - 기타,안전운전불이행,건조,맑음,단일로 - 기타,승용,남,26세,상해없음,승용,남,67세,중상
2012121600100157,2012년 12월 16일 06시,일요일,대구광역시 서구 비산동,사망사고,1,0,0,0,차대차 - 추돌 - 진행중,안전운전불이행,건조,맑음,단일로 - 기타,승용,남,35세,상해없음,자전거,남,72세,사망
2012121600100193,2012년 12월 16일 07시,일요일,대구광역시 달성군 화원읍,사망사고,1,0,0,0,차량단독 - 공작물충돌,안전운전불이행,결빙,맑음,단일로 - 교량,승용,남,47세,사망,,,,
2012121600100226,2012년 12월 16일 08시,일요일,대구광역시 수성구 범어동,중상사고,0,1,1,0,차대차 - 기타,신호위반,건조,맑음,교차로 - 교차로안,승용,남,29세,상해없음,승용,남,61세,경상
2012121600100251,2012년 12월 16일 09시,일요일,대구광역시 동구 신천동,중상사고,0,1,1,0,차대차 - 측면직각충돌,중앙선침범,건조,맑음,단일로 - 기타,승용,여,28세,상해없음,승용,남,55세,중상
2012121600100270,2012년 12월 16일 10시,일요일,대구광역시 동구 신천동,경상사고,0,0,1,0,차대사람 - 횡단중,안전운전불이행,건조,맑음,단일로 - 횡단보도상,승용,남,39세,상해없음,보행자,남,50세,경상
2012121600100280,2012년 12월 16일 11시,일요일,대구광역시 북구 침산동,중상사고,0,1,0,0,차대차 - 기타,신호위반,건조,맑음,교차로 - 교차로안,승용,남,82세,상해없음,승용,남,53세,중상
2012121600100300,2012년 12월 16일 12시,일요일,대구광역시 서구 비산동,경상사고,0,0,1,0,차대차 - 측면직각충돌,안전운전불이행,건조,맑음,단일로 - 기타,화물,남,46세,상해없음,자전거,남,78세,경상
2012121600100314,2012년 12월 16일 13시,일요일,대구광역시 수성구 삼덕동,경상사고,0,0,2,0,차대차 - 기타,안전운전불이행,건조,맑음,교차로 - 교차로부근,승용,여,47세,상해없음,승용,남,29세,경상
2012121600100338,2012년 12월 16일 14시,일요일,대구광역시 수성구 대흥동,중상사고,0,1,2,0,차대차 - 기타,안전거리미확보,건조,맑음,단일로 - 기타,승용,여,45세,상해없음,승용,남,24세,경상
2012121600100339,2012년 12월 16일 14시,일요일,대구광역시 북구 태전동,경상사고,0,0,2,0,차대차 - 추돌 - 진행중,안전거리미확보,건조,맑음,단일로 - 기타,승용,남,29세,상해없음,승용,남,25세,경상
2012121600100358,2012년 12월 16일 15시,일요일,대구광역시 달서구 용산동,경상사고,0,0,2,0,차대차 - 측면직각충돌,차로위반,건조,맑음,단일로 - 기타,승용,남,61세,상해없음,승용,남,54세,경상
2012121600100380,2012년 12월 16일 16시,일요일,대구광역시 수성구 지산동,경상사고,0,0,1,0,차대차 - 추돌 - 주정차중,안전운전불이행,건조,맑음,단일로 - 기타,승용,남,31세,상해없음,승합,남,42세,상해없음
2012121600100432,2012년 12월 16일 18시,일요일,대구광역시 북구 대현동,경상사고,0,0,3,0,차대차 - 측면직각충돌,안전운전불이행,건조,맑음,교차로 - 교차로부근,승용,남,35세,경상,승용,여,57세,경상
2012121600100433,2012년 12월 16일 18시,일요일,대구광역시 중구 삼덕동1가,경상사고,0,0,1,0,차대차 - 기타,신호위반,건조,맑음,단일로 - 기타,원동기,남,40세,상해없음,자전거,남,30세,경상
2012121600100475,2012년 12월 16일 20시,일요일,대구광역시 동구 율하동,경상사고,0,0,2,0,차량단독 - 기타,안전거리미확보,건조,맑음,교차로 - 교차로부근,승용,남,49세,상해없음,,,,
2012121600100476,2012년 12월 16일 20시,일요일,대구광역시 북구 산격동,경상사고,0,0,1,0,차대사람 - 기타,안전운전불이행,건조,맑음,교차로 - 교차로안,승용,남,52세,상해없음,보행자,남,59세,경상
2012121600100498,2012년 12월 16일 21시,일요일,대구광역시 달서구 송현동,중상사고,0,1,0,0,차대사람 - 횡단중,안전운전불이행,건조,맑음,단일로 - 기타,승용,남,48세,상해없음,보행자,남,37세,중상
2012121600100499,2012년 12월 16일 21시,일요일,대구광역시 달서구 갈산동,중상사고,0,1,1,0,차대차 - 추돌 - 주정차중,안전운전불이행,건조,맑음,단일로 - 기타,승용,남,41세,중상,승용,남,44세,기타불명
2012121600100528,2012년 12월 16일 23시,일요일,대구광역시 서구 내당동,중상사고,0,2,0,0,차대차 - 기타,신호위반,건조,맑음,단일로 - 횡단보도부근,승용,남,24세,상해없음,승용,남,41세,상해없음
2012121600100529,2012년 12월 16일 23시,일요일,대구광역시 서구 비산동,경상사고,0,0,1,0,차대차 - 기타,안전운전불이행,습기,맑음,단일로 - 기타,승용,남,34세,상해없음,원동기,남,29세,경상
2012121700100052,2012년 12월 17일 05시,월요일,대구광역시 북구 침산동,경상사고,0,0,1,1,차대차 - 정면충돌,중앙선침범,건조,맑음,단일로 - 기타,승용,남,63세,부상신고,승용,남,55세,경상
2012121700100053,2012년 12월 17일 05시,월요일,대구광역시 중구 계산동2가,중상사고,0,1,0,0,차대차 - 추돌 - 주정차중,안전운전불이행,건조,맑음,교차로 - 교차로부근,승용,남,27세,상해없음,이륜,남,43세,중상
2012121700100095,2012년 12월 17일 07시,월요일,대구광역시 달서구 용산동,경상사고,0,0,1,0,차대차 - 추돌 - 주정차중,안전운전불이행,건조,흐림,단일로 - 기타,화물,남,65세,상해없음,승용,남,30세,경상
2012121700100133,2012년 12월 17일 08시,월요일,대구광역시 중구 달성동,경상사고,0,0,1,0,차대차 - 측면직각충돌,안전운전불이행,건조,맑음,교차로 - 교차로부근,화물,남,50세,상해없음,이륜,남,17세,경상
2012121700100153,2012년 12월 17일 09시,월요일,대구광역시 북구 태전동,경상사고,0,0,1,0,차대차 - 측면직각충돌,안전운전불이행,건조,맑음,단일로 - 기타,승용,여,56세,상해없음,자전거,남,53세,경상
2012121700100170,2012년 12월 17일 10시,월요일,대구광역시 수성구 수성동1가,경상사고,0,0,1,0,차대사람 - 차도통행중,안전운전불이행,건조,맑음,교차로 - 교차로부근,화물,남,59세,상해없음,보행자,여,59세,경상
2012121700100187,2012년 12월 17일 11시,월요일,대구광역시 수성구 범어동,경상사고,0,0,1,0,차대차 - 추돌 - 주정차중,안전운전불이행,건조,맑음,단일로 - 기타,승용,남,27세,상해없음,승용,남,52세,경상
2012121700100188,2012년 12월 17일 11시,월요일,대구광역시 수성구 중동,중상사고,0,1,0,0,차대차 - 측면직각충돌,안전운전불이행,건조,맑음,단일로 - 기타,승용,남,76세,상해없음,화물,남,54세,중상
2012121700100189,2012년 12월 17일 11시,월요일,대구광역시 달서구 송현동,경상사고,0,0,1,0,차대사람 - 기타,안전운전불이행,건조,흐림,교차로 - 교차로부근,승용,남,54세,상해없음,보행자,남,16세,경상
2012121700100190,2012년 12월 17일 11시,월요일,대구광역시 중구 사일동,중상사고,0,1,0,0,차대차 - 기타,안전운전불이행,건조,맑음,교차로 - 교차로안,이륜,남,36세,상해없음,이륜,남,54세,중상
2012121700100212,2012년 12월 17일 12시,월요일,대구광역시 동구 입석동,경상사고,0,0,1,0,차대차 - 기타,안전운전불이행,건조,맑음,교차로 - 교차로안,승용,남,61세,상해없음,승용,여,45세,경상
2012121700100213,2012년 12월 17일 12시,월요일,대구광역시 북구 매천동,경상사고,0,0,1,0,차대사람 - 기타,안전운전불이행,건조,맑음,기타 - 기타,기타불명,기타불명,기타불명,기타불명,보행자,여,79세,경상
2012121700100227,2012년 12월 17일 13시,월요일,대구광역시 북구 매천동,경상사고,0,0,2,1,차대차 - 추돌 - 진행중,안전거리미확보,건조,맑음,단일로 - 교량,승용,남,42세,상해없음,승용,남,22세,경상
2012121700100228,2012년 12월 17일 13시,월요일,대구광역시 달서구 성당동,경상사고,0,0,1,0,차대차 - 기타,안전운전불이행,건조,맑음,교차로 - 교차로안,승용,남,48세,상해없음,승용,남,45세,경상
2012121700100245,2012년 12월 17일 14시,월요일,대구광역시 동구 신천동,경상사고,0,0,1,0,차대차 - 추돌 - 진행중,안전운전불이행,건조,맑음,교차로 - 교차로안,화물,남,43세,상해없음,원동기,남,56세,경상
2012121700100246,2012년 12월 17일 14시,월요일,대구광역시 북구 복현동,경상사고,0,0,1,0,차대차 - 기타,안전거리미확보,건조,맑음,단일로 - 기타,승용,남,31세,상해없음,승용,여,47세,경상
2012121700100297,2012년 12월 17일 16시,월요일,대구광역시 달서구 본동,중상사고,0,1,0,0,차대차 - 추돌 - 진행중,안전운전불이행,건조,맑음,교차로 - 교차로부근,건설기계,남,52세,상해없음,이륜,남,50세,중상
2012121700100327,2012년 12월 17일 17시,월요일,대구광역시 북구 노원동2가,부상신고사고,0,0,0,1,차대차 - 측면직각충돌,교차로운행방법위반,건조,맑음,교차로 - 교차로안,이륜,남,57세,부상신고,승용,남,48세,상해없음
2012121700100377,2012년 12월 17일 19시,월요일,대구광역시 동구 신암동,경상사고,0,0,1,0,차대차 - 추돌 - 진행중,신호위반,건조,맑음,교차로 - 교차로안,화물,여,50세,상해없음,승용,남,58세,경상
2012121700100378,2012년 12월 17일 19시,월요일,대구광역시 달서구 상인동,중상사고,0,1,0,0,차대사람 - 횡단중,중앙선침범,건조,맑음,단일로 - 기타,승용,남,40세,상해없음,보행자,여,52세,중상
2012121700100379,2012년 12월 17일 19시,월요일,대구광역시 달서구 이곡동,경상사고,0,0,1,0,차대차 - 기타,안전운전불이행,건조,맑음,단일로 - 기타,승용,남,51세,상해없음,승용,남,38세,경상
2012121700100412,2012년 12월 17일 20시,월요일,대구광역시 수성구 황금동,경상사고,0,0,1,0,차대차 - 기타,안전운전불이행,건조,맑음,교차로 - 교차로부근,승용,남,24세,상해없음,원동기,남,19세,경상
2012121700100413,2012년 12월 17일 20시,월요일,대구광역시 북구 노원동3가,중상사고,0,1,1,0,차대차 - 추돌 - 주정차중,안전운전불이행,건조,맑음,교차로 - 교차로부근,화물,남,58세,중상,화물,남,40세,경상
2012121700100435,2012년 12월 17일 21시,월요일,대구광역시 수성구 신매동,중상사고,0,1,0,0,차대차 - 정면충돌,안전운전불이행,건조,맑음,교차로 - 교차로안,승용,여,45세,상해없음,이륜,남,17세,중상
2012121700100436,2012년 12월 17일 21시,월요일,대구광역시 북구 대현동,경상사고,0,0,1,0,차대차 - 측면직각충돌,신호위반,건조,맑음,교차로 - 교차로안,승용,남,33세,상해없음,승용,남,34세,경상
2012121700100464,2012년 12월 17일 22시,월요일,대구광역시 서구 내당동,경상사고,0,0,2,0,차대차 - 기타,안전운전불이행,건조,맑음,교차로 - 교차로안,승용,남,50세,상해없음,승용,남,40세,경상
2012121700100496,2012년 12월 17일 23시,월요일,대구광역시 수성구 상동,중상사고,0,1,1,0,차대차 - 기타,안전운전불이행,건조,맑음,교차로 - 교차로부근,승용,남,39세,상해없음,승용,남,48세,경상
2012121700100497,2012년 12월 17일 23시,월요일,대구광역시 수성구 수성동2가,중상사고,0,1,3,0,차대차 - 측면직각충돌,안전거리미확보,건조,맑음,교차로 - 교차로부근,승용,남,30세,상해없음,승용,남,46세,중상
2012121800100020,2012년 12월 18일 00시,화요일,대구광역시 수성구 범어동,경상사고,0,0,4,0,차대차 - 기타,안전운전불이행,건조,맑음,교차로 - 교차로부근,승용,남,47세,상해없음,승용,남,48세,경상
2012121800100021,2012년 12월 18일 00시,화요일,대구광역시 중구 동산동,경상사고,0,0,1,0,차대차 - 추돌 - 진행중,안전거리미확보,건조,맑음,단일로 - 기타,승용,남,60세,상해없음,승용,남,61세,경상
2012121800100061,2012년 12월 18일 05시,화요일,대구광역시 남구 이천동,중상사고,0,1,0,0,차대차 - 기타,신호위반,건조,맑음,교차로 - 교차로안,승용,기타불명,34세,기타불명,자전거,여,59세,중상
2012121800100119,2012년 12월 18일 08시,화요일,대구광역시 남구 대명동,중상사고,0,1,0,0,차대사람 - 횡단중,신호위반,건조,맑음,단일로 - 횡단보도상,승용,남,60세,상해없음,보행자,여,29세,중상
2012121800100132,2012년 12월 18일 09시,화요일,대구광역시 달서구 감삼동,경상사고,0,0,1,0,차대차 - 기타,신호위반,건조,맑음,단일로 - 기타,승합,남,52세,상해없음,자전거,여,50세,경상
2012121800100152,2012년 12월 18일 10시,화요일,대구광역시 북구 노원동1가,중상사고,0,1,0,0,차대차 - 측면직각충돌,신호위반,건조,맑음,교차로 - 교차로안,승용,여,49세,상해없음,이륜,남,61세,중상
2012121800100153,2012년 12월 18일 10시,화요일,대구광역시 중구 동인동1가,중상사고,0,1,3,0,차대차 - 측면직각충돌,교차로운행방법위반,건조,맑음,교차로 - 교차로안,승용,남,63세,상해없음,승용,남,59세,경상
2012121800100174,2012년 12월 18일 11시,화요일,대구광역시 서구 상리동,부상신고사고,0,0,0,1,차량단독 - 전도전복,안전운전불이행,건조,맑음,미분류 - 미분류,특수,남,38세,부상신고,,,,
2012121800100196,2012년 12월 18일 12시,화요일,대구광역시 수성구 만촌동,중상사고,0,1,0,0,차대사람 - 횡단중,보행자보호의무위반,건조,맑음,단일로 - 기타,화물,남,27세,상해없음,보행자,여,51세,중상
2012121800100215,2012년 12월 18일 13시,화요일,대구광역시 수성구 범어동,경상사고,0,0,1,0,차대차 - 정면충돌,안전운전불이행,건조,맑음,단일로 - 기타,승용,여,31세,상해없음,승용,남,41세,경상
2012121800100216,2012년 12월 18일 13시,화요일,대구광역시 서구 내당동,경상사고,0,0,1,0,차대사람 - 횡단중,신호위반,건조,맑음,단일로 - 횡단보도상,승용,남,55세,상해없음,보행자,여,23세,경상
2012121800100217,2012년 12월 18일 13시,화요일,대구광역시 서구 비산동,중상사고,0,1,0,0,차대차 - 측면직각충돌,안전거리미확보,건조,맑음,단일로 - 기타,승합,남,77세,상해없음,이륜,남,39세,중상
2012121800100239,2012년 12월 18일 14시,화요일,대구광역시 달서구 송현동,경상사고,0,0,1,0,차대차 - 기타,안전운전불이행,건조,맑음,교차로 - 교차로부근,승합,남,72세,상해없음,승용,여,47세,경상
2012121800100240,2012년 12월 18일 14시,화요일,대구광역시 북구 노원동2가,중상사고,0,1,0,0,차대사람 - 기타,안전운전불이행,건조,맑음,교차로 - 교차로부근,승합,남,44세,상해없음,보행자,여,48세,중상
2012121800100241,2012년 12월 18일 14시,화요일,대구광역시 달서구 감삼동,경상사고,0,0,1,0,차대사람 - 기타,안전운전불이행,건조,맑음,단일로 - 기타,화물,남,64세,상해없음,보행자,남,27세,경상
2012121800100268,2012년 12월 18일 15시,화요일,대구광역시 중구 동산동,중상사고,0,1,0,0,차대사람 - 기타,안전운전불이행,건조,맑음,단일로 - 기타,승용,여,28세,상해없음,보행자,여,74세,중상
2012121800100269,2012년 12월 18일 15시,화요일,대구광역시 달서구 신당동,경상사고,0,0,1,0,차대사람 - 기타,안전운전불이행,건조,맑음,단일로 - 기타,승용,여,48세,상해없음,보행자,여,44세,경상
2012121800100365,2012년 12월 18일 18시,화요일,대구광역시 수성구 범물동,중상사고,0,1,0,0,차대사람 - 횡단중,보행자보호의무위반,건조,맑음,교차로 - 교차로부근,승용,남,64세,상해없음,보행자,여,57세,중상
2012121800100366,2012년 12월 18일 18시,화요일,대구광역시 달성군 화원읍,경상사고,0,0,1,0,차대차 - 측면직각충돌,안전운전불이행,건조,맑음,단일로 - 기타,승용,여,51세,상해없음,이륜,남,17세,경상
2012121800100367,2012년 12월 18일 18시,화요일,대구광역시 중구 동인동4가,경상사고,0,0,2,0,차대차 - 기타,신호위반,건조,맑음,교차로 - 교차로안,승용,남,61세,상해없음,승용,남,49세,상해없음
2012121800100396,2012년 12월 18일 19시,화요일,대구광역시 남구 대명동,경상사고,0,0,1,0,차대차 - 측면직각충돌,교차로운행방법위반,건조,맑음,교차로 - 교차로안,이륜,남,29세,기타불명,이륜,남,61세,경상
2012121800100397,2012년 12월 18일 19시,화요일,대구광역시 수성구 범어동,중상사고,0,1,0,0,차대사람 - 기타,기타,건조,맑음,단일로 - 기타,승용,남,30세,상해없음,보행자,남,46세,중상
2012121800100398,2012년 12월 18일 19시,화요일,대구광역시 수성구 범어동,경상사고,0,0,1,0,차대차 - 추돌 - 주정차중,안전운전불이행,건조,맑음,단일로 - 기타,승용,여,48세,상해없음,승용,남,32세,경상
2012121800100399,2012년 12월 18일 19시,화요일,대구광역시 달서구 월성동,경상사고,0,0,1,0,차대차 - 측면직각충돌,신호위반,건조,맑음,교차로 - 교차로안,원동기,남,22세,상해없음,원동기,남,19세,경상
2012121800100400,2012년 12월 18일 19시,화요일,대구광역시 서구 상리동,경상사고,0,0,1,0,차대차 - 측면직각충돌,안전운전불이행,건조,맑음,교차로 - 교차로부근,승용,남,53세,상해없음,이륜,여,52세,경상
2012121800100401,2012년 12월 18일 19시,화요일,대구광역시 달서구 성당동,중상사고,0,1,0,0,차대사람 - 횡단중,보행자보호의무위반,건조,맑음,단일로 - 횡단보도상,원동기,남,16세,상해없음,보행자,여,47세,중상
2012121800100402,2012년 12월 18일 19시,화요일,대구광역시 달서구 두류동,중상사고,0,1,0,0,차대사람 - 횡단중,안전운전불이행,건조,맑음,단일로 - 기타,원동기,남,57세,상해없음,보행자,여,69세,중상
2012121800100418,2012년 12월 18일 20시,화요일,대구광역시 수성구 만촌동,중상사고,0,1,0,0,차대차 - 측면직각충돌,교차로운행방법위반,건조,맑음,교차로 - 교차로안,승용,남,59세,상해없음,원동기,남,48세,중상
2012121800100419,2012년 12월 18일 20시,화요일,대구광역시 서구 평리동,경상사고,0,0,2,0,차대사람 - 차도통행중,안전운전불이행,건조,맑음,단일로 - 기타,승용,여,49세,상해없음,보행자,여,75세,경상
2012121800100462,2012년 12월 18일 21시,화요일,대구광역시 달서구 이곡동,경상사고,0,0,3,0,차대차 - 추돌 - 주정차중,안전운전불이행,건조,맑음,단일로 - 기타,승용,여,45세,상해없음,승용,남,29세,경상
2012121800100493,2012년 12월 18일 22시,화요일,대구광역시 달서구 장기동,경상사고,0,0,1,0,차대사람 - 기타,안전운전불이행,건조,맑음,단일로 - 기타,승용,여,29세,상해없음,보행자,남,46세,경상
2012121800100520,2012년 12월 18일 23시,화요일,대구광역시 달서구 송현동,중상사고,0,1,0,0,차대사람 - 횡단중,안전운전불이행,건조,맑음,단일로 - 횡단보도부근,승용,남,43세,상해없음,보행자,남,54세,중상
2012121800100521,2012년 12월 18일 23시,화요일,대구광역시 달성군 다사읍,경상사고,0,0,2,0,차대차 - 추돌 - 주정차중,안전운전불이행,건조,맑음,교차로 - 교차로부근,승용,남,25세,상해없음,승용,남,31세,경상
2012121900100043,2012년 12월 19일 01시,수요일,대구광역시 달서구 도원동,경상사고,0,0,2,0,차대차 - 측면직각충돌,신호위반,건조,맑음,교차로 - 교차로안,이륜,남,18세,경상,이륜,남,18세,상해없음
2012121900100080,2012년 12월 19일 04시,수요일,대구광역시 수성구 수성동3가,중상사고,0,1,1,0,차대차 - 측면직각충돌,신호위반,건조,맑음,교차로 - 교차로안,승용,여,32세,상해없음,승용,남,65세,중상
2012121900100127,2012년 12월 19일 08시,수요일,대구광역시 북구 동변동,경상사고,0,0,3,0,차대차 - 측면직각충돌,직진우회전진행방해,건조,맑음,교차로 - 교차로안,승용,남,25세,상해없음,승합,남,57세,경상
2012121900100128,2012년 12월 19일 08시,수요일,대구광역시 북구 침산동,중상사고,0,1,0,0,차대차 - 기타,안전거리미확보,건조,맑음,단일로 - 기타,승용,남,66세,상해없음,승합,남,51세,상해없음
2012121900100138,2012년 12월 19일 09시,수요일,대구광역시 달서구 월성동,경상사고,0,0,1,0,차대사람 - 횡단중,보행자보호의무위반,건조,맑음,단일로 - 횡단보도상,화물,남,52세,상해없음,보행자,남,21세,경상
2012121900100139,2012년 12월 19일 09시,수요일,대구광역시 달서구 이곡동,중상사고,0,1,0,0,차대사람 - 기타,안전운전불이행,건조,맑음,단일로 - 기타,화물,남,56세,상해없음,보행자,여,63세,중상
2012121900100179,2012년 12월 19일 11시,수요일,대구광역시 동구 신기동,경상사고,0,0,2,0,차대차 - 추돌 - 주정차중,안전거리미확보,건조,맑음,단일로 - 기타,승용,남,70세,상해없음,승용,여,35세,경상
2012121900100180,2012년 12월 19일 11시,수요일,대구광역시 수성구 지산동,경상사고,0,0,1,0,차대사람 - 차도통행중,안전운전불이행,건조,맑음,단일로 - 기타,승용,남,33세,상해없음,보행자,남,9세,경상
2012121900100209,2012년 12월 19일 12시,수요일,대구광역시 달서구 월성동,사망사고,1,0,0,0,차대차 - 측면직각충돌,신호위반,건조,맑음,교차로 - 교차로안,원동기,남,20세,사망,승용,남,59세,상해없음
2012121900100229,2012년 12월 19일 13시,수요일,대구광역시 중구 공평동,중상사고,0,1,0,0,차대사람 - 횡단중,보행자보호의무위반,건조,맑음,단일로 - 기타,승용,남,65세,상해없음,보행자,여,68세,중상
2012121900100259,2012년 12월 19일 14시,수요일,대구광역시 동구 신천동,중상사고,0,1,0,0,차대차 - 기타,안전운전불이행,건조,맑음,교차로 - 교차로안,승용,여,56세,기타불명,이륜,남,49세,중상
2012121900100306,2012년 12월 19일 16시,수요일,대구광역시 달서구 상인동,경상사고,0,0,1,0,차대차 - 기타,교차로운행방법위반,건조,맑음,교차로 - 교차로안,화물,남,22세,기타불명,승용,여,26세,경상
2012121900100307,2012년 12월 19일 16시,수요일,대구광역시 달서구 월암동,경상사고,0,0,1,0,차대차 - 측면직각충돌,안전운전불이행,건조,맑음,교차로 - 교차로안,승용,기타불명,기타불명,기타불명,승용,여,46세,경상