사고번호,사고일시,요일,시군구,사고내용,사망자수,중상자수,경상자수,부상신고자수,사고유형,법규위반,노면상태,기상상태,도로형태,가해운전자 차종,가해운전자 성별,가해운전자 연령,가해운전자 상해정도,피해운전자 차종,피해운전자 성별,피해운전자 연령,피해운전자 상해정도
2012122300100222,2012년 12월 23일 14시,일요일,대구광역시 달서구 송현동,중상사고,0,1,0,0,차대사람 - 기타,안전운전불이행,건조,맑음,단일로 - 기타,승용,여,49세,상해없음,보행자,여,77세,중상
2012122300100223,2012년 12월 23일 14시,일요일,대구광역시 달서구 진천동,중상사고,0,1,0,0,차대차 - 측면직각충돌,불법유턴,건조,맑음,단일로 - 기타,자전거,남,14세,중상,화물,남,45세,상해없음
2012122300100224,2012년 12월 23일 14시,일요일,대구광역시 서구 비산동,경상사고,0,0,1,0,차대사람 - 기타,안전운전불이행,건조,맑음,단일로 - 기타,화물,남,42세,상해없음,보행자,남,57세,경상
2012122300100250,2012년 12월 23일 15시,일요일,대구광역시 동구 신천동,중상사고,0,1,0,0,차대사람 - 횡단중,안전운전불이행,건조,맑음,단일로 - 기타,승용,여,32세,상해없음,보행자,남,48세,중상
2012122300100251,2012년 12월 23일 15시,일요일,대구광역시 달서구 진천동,중상사고,0,1,1,0,차대차 - 측면직각충돌,교차로운행방법위반,건조,맑음,교차로 - 교차로안,승용,여,41세,상해없음,원동기,남,21세,경상
2012122300100252,2012년 12월 23일 15시,일요일,대구광역시 달서구 송현동,경상사고,0,0,3,0,차대차 - 측면직각충돌,신호위반,건조,맑음,교차로 - 교차로안,승용,남,67세,상해없음,승용,남,28세,경상
2012122300100274,2012년 12월 23일 16시,일요일,대구광역시 수성구 연호동,중상사고,0,1,0,0,차대차 - 추돌 - 주정차중,안전운전불이행,건조,맑음,교차로 - 교차로부근,승합,남,48세,상해없음,승용,여,45세,중상
2012122300100275,2012년 12월 23일 16시,일요일,대구광역시 북구 산격동,부상신고사고,0,0,0,1,차대차 - 기타,안전운전불이행,건조,맑음,단일로 - 기타,승용,남,39세,상해없음,원동기,남,16세,부상신고
2012122300100297,2012년 12월 23일 17시,일요일,대구광역시 달성군 화원읍,중상사고,0,1,0,0,차대차 - 정면충돌,안전운전불이행,건조,맑음,교차로 - 교차로안,승용,남,43세,상해없음,이륜,남,17세,중상
2012122300100349,2012년 12월 23일 19시,일요일,대구광역시 동구 불로동,사망사고,1,0,0,0,차대사람 - 기타,안전운전불이행,건조,맑음,단일로 - 횡단보도부근,승용,남,44세,상해없음,보행자,여,75세,사망
2012122300100350,2012년 12월 23일 19시,일요일,대구광역시 동구 방촌동,경상사고,0,0,1,0,차대차 - 측면직각충돌,신호위반,건조,맑음,교차로 - 교차로안,이륜,남,51세,상해없음,승용,남,44세,경상
2012122300100351,2012년 12월 23일 19시,일요일,대구광역시 달서구 상인동,경상사고,0,0,1,0,차대사람 - 횡단중,보행자보호의무위반,건조,맑음,단일로 - 횡단보도상,승용,기타불명,기타불명,기타불명,보행자,여,15세,경상
2012122300100352,2012년 12월 23일 19시,일요일,대구광역시 북구 복현동,경상사고,0,0,2,0,차대차 - 기타,안전운전불이행,건조,맑음,교차로 - 교차로안,승용,남,33세,상해없음,승용,남,56세,경상
2012122300100353,2012년 12월 23일 19시,일요일,대구광역시 중구 동성로2가,경상사고,0,0,2,0,차대차 - 측면직각충돌,안전거리미확보,건조,맑음,단일로 - 기타,승용,남,52세,상해없음,승용,남,27세,경상
2012122300100394,2012년 12월 23일 21시,일요일,대구광역시 달서구 본리동,경상사고,0,0,2,0,차대차 - 측면직각충돌,안전운전불이행,건조,맑음,단일로 - 기타,승용,남,33세,상해없음,승용,여,45세,경상
2012122300100406,2012년 12월 23일 22시,일요일,대구광역시 달서구 장기동,경상사고,0,0,1,0,차대차 - 측면직각충돌,신호위반,건조,맑음,교차로 - 교차로안,승용,여,38세,상해없음,승용,남,24세,경상
2012122400100007,2012년 12월 24일 00시,월요일,대구광역시 남구 대명동,경상사고,0,0,1,0,차대차 - 측면직각충돌,신호위반,건조,맑음,단일로 - 기타,승용,남,38세,상해없음,이륜,남,30세,경상
2012122400100013,2012년 12월 24일 01시,월요일,대구광역시 달서구 두류동,중상사고,0,1,0,0,차대사람 - 기타,안전운전불이행,건조,맑음,단일로 - 기타,승용,남,71세,상해없음,보행자,남,25세,중상
2012122400100030,2012년 12월 24일 04시,월요일,대구광역시 북구 대현동,경상사고,0,0,1,0,차대차 - 측면직각충돌,신호위반,건조,맑음,교차로 - 교차로안,승용,남,44세,상해없음,승용,남,61세,경상
2012122400100040,2012년 12월 24일 05시,월요일,대구광역시 북구 태전동,경상사고,0,0,1,0,차대사람 - 횡단중,안전운전불이행,건조,맑음,단일로 - 횡단보도상,화물,남,46세,상해없음,보행자,남,69세,경상
2012122400100058,2012년 12월 24일 06시,월요일,대구광역시 달서구 본동,사망사고,1,0,0,0,차대사람 - 횡단중,보행자보호의무위반,건조,맑음,단일로 - 횡단보도상,화물,남,58세,상해없음,보행자,남,73세,사망
2012122400100093,2012년 12월 24일 08시,월요일,대구광역시 동구 신암동,중상사고,0,1,0,0,차대사람 - 기타,안전운전불이행,건조,맑음,단일로 - 기타,승용,여,36세,상해없음,보행자,남,9세,중상
2012122400100094,2012년 12월 24일 08시,월요일,대구광역시 수성구 매호동,경상사고,0,0,2,0,차대차 - 측면직각충돌,안전운전불이행,건조,맑음,교차로 - 교차로안,승용,남,69세,상해없음,승용,남,44세,경상
2012122400100095,2012년 12월 24일 08시,월요일,대구광역시 달성군 논공읍,경상사고,0,0,1,0,차대차 - 측면직각충돌,차로위반,습기,맑음,교차로 - 교차로부근,승용,여,48세,상해없음,승용,여,37세,경상
2012122400100096,2012년 12월 24일 08시,월요일,대구광역시 달서구 두류동,중상사고,0,1,2,0,차대차 - 추돌 - 주정차중,안전거리미확보,건조,맑음,교차로 - 교차로안,승용,여,37세,상해없음,승용,남,37세,중상
2012122400100118,2012년 12월 24일 09시,월요일,대구광역시 수성구 범물동,경상사고,0,0,3,0,차량단독 - 기타,안전운전불이행,결빙,맑음,기타 - 기타,승합,남,56세,상해없음,,,,
2012122400100119,2012년 12월 24일 09시,월요일,대구광역시 서구 내당동,경상사고,0,0,2,0,차대차 - 추돌 - 진행중,안전거리미확보,건조,맑음,단일로 - 기타,승용,남,63세,상해없음,승용,남,46세,경상
2012122400100137,2012년 12월 24일 10시,월요일,대구광역시 달서구 월성동,중상사고,0,1,0,0,차대차 - 측면직각충돌,교차로운행방법위반,건조,맑음,교차로 - 교차로안,승용,남,26세,상해없음,이륜,남,37세,중상
2012122400100166,2012년 12월 24일 11시,월요일,대구광역시 남구 대명동,중상사고,0,1,0,0,차대차 - 기타,신호위반,건조,맑음,교차로 - 교차로안,승용,남,44세,상해없음,이륜,남,36세,중상
2012122400100189,2012년 12월 24일 12시,월요일,대구광역시 달서구 성당동,경상사고,0,0,3,0,차대차 - 측면직각충돌,차로위반,건조,맑음,단일로 - 기타,승용,남,57세,상해없음,이륜,남,16세,경상
2012122400100217,2012년 12월 24일 13시,월요일,대구광역시 달서구 성당동,경상사고,0,0,1,0,차대사람 - 차도통행중,안전운전불이행,건조,맑음,단일로 - 기타,승용,여,53세,상해없음,보행자,여,9세,경상
2012122400100282,2012년 12월 24일 15시,월요일,대구광역시 북구 침산동,경상사고,0,0,1,0,차대차 - 기타,신호위반,건조,맑음,교차로 - 교차로부근,승용,남,65세,상해없음,승용,남,41세,경상
2012122400100311,2012년 12월 24일 16시,월요일,대구광역시 달성군 다사읍,경상사고,0,0,1,0,차대차 - 기타,안전거리미확보,건조,맑음,단일로 - 기타,화물,남,58세,상해없음,승용,여,47세,경상
2012122400100312,2012년 12월 24일 16시,월요일,대구광역시 달서구 용산동,부상신고사고,0,0,0,1,차대차 - 측면직각충돌,직진우회전진행방해,건조,맑음,교차로 - 교차로안,승합,남,68세,상해없음,이륜,남,17세,부상신고
2012122400100342,2012년 12월 24일 17시,월요일,대구광역시 수성구 황금동,중상사고,0,1,0,0,차대사람 - 횡단중,보행자보호의무위반,건조,맑음,교차로 - 교차로안,승합,여,40세,상해없음,보행자,남,45세,중상
2012122400100343,2012년 12월 24일 17시,월요일,대구광역시 북구 태전동,중상사고,0,1,0,0,차대차 - 측면직각충돌,안전거리미확보,건조,맑음,교차로 - 교차로부근,화물,남,50세,상해없음,이륜,남,16세,중상
2012122400100344,2012년 12월 24일 17시,월요일,대구광역시 달서구 성당동,경상사고,0,0,3,0,차대차 - 측면직각충돌,안전운전불이행,건조,맑음,교차로 - 교차로안,승용,남,48세,상해없음,승용,남,38세,경상
2012122400100398,2012년 12월 24일 18시,월요일,대구광역시 남구 봉덕동,부상신고사고,0,0,0,1,차대차 - 측면직각충돌,안전운전불이행,결빙,맑음,교차로 - 교차로안,이륜,남,17세,부상신고,승용,남,48세,상해없음
2012122400100399,2012년 12월 24일 18시,월요일,대구광역시 남구 대명동,중상사고,0,1,2,0,차대차 - 추돌 - 진행중,안전운전불이행,건조,흐림,교차로 - 교차로부근,승용,남,34세,상해없음,승용,남,41세,중상
2012122400100400,2012년 12월 24일 18시,월요일,대구광역시 동구 방촌동,경상사고,0,0,1,0,차대사람 - 횡단중,보행자보호의무위반,건조,맑음,단일로 - 횡단보도상,승용,남,58세,상해없음,보행자,남,14세,경상
2012122400100401,2012년 12월 24일 18시,월요일,대구광역시 동구 신서동,경상사고,0,0,5,0,차대차 - 추돌 - 진행중,교차로운행방법위반,건조,맑음,교차로 - 교차로안,승용,남,53세,경상,승용,남,36세,경상
2012122400100402,2012년 12월 24일 18시,월요일,대구광역시 달서구 상인동,경상사고,0,0,5,0,차대차 - 추돌 - 주정차중,안전운전불이행,건조,맑음,단일로 - 기타,승용,남,21세,상해없음,승용,여,31세,경상
2012122400100403,2012년 12월 24일 18시,월요일,대구광역시 달성군 하빈면,경상사고,0,0,1,0,차대사람 - 기타,안전운전불이행,건조,맑음,교차로 - 교차로안,승용,남,34세,상해없음,보행자,남,68세,경상
2012122400100404,2012년 12월 24일 18시,월요일,대구광역시 북구 매천동,중상사고,0,1,3,0,차대차 - 추돌 - 주정차중,안전운전불이행,건조,맑음,미분류 - 미분류,화물,남,49세,상해없음,승용,여,48세,중상
2012122400100405,2012년 12월 24일 18시,월요일,대구광역시 달서구 신당동,경상사고,0,0,1,0,차대차 - 측면직각충돌,안전운전불이행,건조,맑음,교차로 - 교차로안,승용,남,59세,상해없음,화물,남,49세,경상
2012122400100436,2012년 12월 24일 19시,월요일,대구광역시 동구 신서동,경상사고,0,0,1,0,차대차 - 기타,교차로운행방법위반,건조,맑음,교차로 - 교차로안,승용,남,52세,상해없음,이륜,남,16세,경상
2012122400100437,2012년 12월 24일 19시,월요일,대구광역시 서구 평리동,경상사고,0,0,1,0,차대차 - 기타,신호위반,건조,맑음,교차로 - 교차로안,승용,남,55세,상해없음,이륜,남,16세,경상
2012122400100477,2012년 12월 24일 20시,월요일,대구광역시 달서구 상인동,경상사고,0,0,1,0,차대사람 - 차도통행중,안전운전불이행,건조,맑음,단일로 - 기타,승용,남,29세,기타불명,보행자,남,58세,경상
2012122400100478,2012년 12월 24일 20시,월요일,대구광역시 서구 내당동,경상사고,0,0,1,0,차대차 - 기타,안전운전불이행,건조,맑음,단일로 - 기타,승합,남,29세,상해없음,이륜,남,53세,경상
2012122400100479,2012년 12월 24일 20시,월요일,대구광역시 중구 남일동,경상사고,0,0,1,0,차대차 - 기타,안전운전불이행,건조,맑음,교차로 - 교차로안,승합,남,48세,상해없음,이륜,남,69세,경상
2012122400100480,2012년 12월 24일 20시,월요일,대구광역시 중구 남산동,경상사고,0,0,1,0,차대사람 - 횡단중,안전운전불이행,건조,맑음,단일로 - 횡단보도상,승용,남,51세,상해없음,보행자,여,32세,경상
2012122400100481,2012년 12월 24일 20시,월요일,대구광역시 달서구 두류동,경상사고,0,0,3,0,차대차 - 측면직각충돌,중앙선침범,건조,맑음,단일로 - 기타,승용,남,22세,상해없음,승용,여,26세,경상
2012122400100504,2012년 12월 24일 21시,월요일,대구광역시 수성구 두산동,경상사고,0,0,3,0,차대차 - 기타,안전운전불이행,건조,맑음,단일로 - 기타,승용,남,41세,경상,승용,여,30세,경상
2012122400100535,2012년 12월 24일 22시,월요일,대구광역시 동구 신기동,경상사고,0,0,1,0,차대차 - 기타,안전운전불이행,건조,맑음,단일로 - 기타,승용,남,26세,상해없음,승용,여,54세,경상
2012122400100536,2012년 12월 24일 22시,월요일,대구광역시 달성군 논공읍,경상사고,0,0,2,0,차대차 - 기타,안전운전불이행,건조,맑음,교차로 - 교차로부근,승용,여,40세,상해없음,원동기,남,47세,경상
2012122400100537,2012년 12월 24일 22시,월요일,대구광역시 북구 동천동,중상사고,0,1,0,0,차대사람 - 기타,불법유턴,건조,맑음,단일로 - 기타,승용,남,53세,상해없음,보행자,여,70세,중상
2012122400100561,2012년 12월 24일 23시,월요일,대구광역시 남구 대명동,경상사고,0,0,1,0,차대사람 - 기타,안전운전불이행,건조,맑음,단일로 - 기타,승용,남,57세,상해없음,보행자,남,44세,경상
2012122400100562,2012년 12월 24일 23시,월요일,대구광역시 동구 신천동,경상사고,0,0,1,0,차대사람 - 기타,중앙선침범,건조,맑음,단일로 - 횡단보도상,승용,여,33세,상해없음,보행자,남,21세,경상
2012122500100018,2012년 12월 25일 00시,화요일,대구광역시 북구 읍내동,중상사고,0,3,1,1,차대차 - 측면직각충돌,신호위반,건조,맑음,교차로 - 교차로안,승용,남,23세,부상신고,승용,남,64세,중상
2012122500100033,2012년 12월 25일 01시,화요일,대구광역시 중구 동인동2가,경상사고,0,0,1,0,차대차 - 기타,안전운전불이행,건조,맑음,교차로 - 교차로안,승용,남,28세,상해없음,승용,남,61세,경상
2012122500100071,2012년 12월 25일 03시,화요일,대구광역시 중구 삼덕동1가,경상사고,0,0,1,0,차대사람 - 기타,안전운전불이행,건조,맑음,단일로 - 기타,승용,남,22세,상해없음,보행자,남,21세,경상
2012122500100072,2012년 12월 25일 03시,화요일,대구광역시 달서구 두류동,중상사고,0,1,1,0,차대차 - 측면직각충돌,신호위반,건조,맑음,교차로 - 교차로안,승용,남,27세,상해없음,승용,남,28세,경상
2012122500100100,2012년 12월 25일 05시,화요일,대구광역시 달서구 상인동,경상사고,0,0,1,0,차대차 - 측면직각충돌,안전운전불이행,건조,맑음,단일로 - 기타,승용,남,27세,상해없음,승용,남,53세,경상
2012122500100101,2012년 12월 25일 05시,화요일,대구광역시 달서구 감삼동,중상사고,0,2,1,0,차대차 - 추돌 - 주정차중,안전거리미확보,건조,맑음,교차로 - 교차로부근,승용,남,45세,경상,승용,남,32세,중상
2012122500100126,2012년 12월 25일 07시,화요일,대구광역시 달서구 송현동,중상사고,0,1,0,0,차대차 - 정면충돌,신호위반,건조,맑음,교차로 - 교차로안,승용,남,22세,상해없음,승용,남,60세,중상
2012122500100155,2012년 12월 25일 09시,화요일,대구광역시 중구 동인동4가,중상사고,0,1,0,0,차대사람 - 기타,안전운전불이행,적설,맑음,단일로 - 기타,기타불명,기타불명,기타불명,기타불명,보행자,여,75세,중상
2012122500100170,2012년 12월 25일 10시,화요일,대구광역시 서구 내당동,부상신고사고,0,0,0,1,차대차 - 측면직각충돌,안전운전불이행,건조,맑음,교차로 - 교차로안,이륜,남,58세,부상신고,승용,남,57세,상해없음
2012122500100232,2012년 12월 25일 14시,화요일,대구광역시 북구 노원동3가,중상사고,0,1,0,0,차량단독 - 기타,안전운전불이행,건조,맑음,단일로 - 기타,승합,남,42세,상해없음,,,,
2012122500100233,2012년 12월 25일 14시,화요일,대구광역시 중구 삼덕동3가,경상사고,0,0,2,0,차대차 - 기타,안전운전불이행,건조,맑음,단일로 - 기타,승용,여,27세,상해없음,승합,남,27세,경상
2012122500100251,2012년 12월 25일 15시,화요일,대구광역시 달서구 용산동,중상사고,0,1,0,0,차대차 - 측면직각충돌,안전운전불이행,결빙,맑음,단일로 - 기타,이륜,남,16세,중상,승용,여,32세,상해없음
2012122500100284,2012년 12월 25일 16시,화요일,대구광역시 동구 대림동,경상사고,0,0,2,0,차대차 - 추돌 - 주정차중,안전거리미확보,건조,맑음,단일로 - 기타,승용,남,40세,상해없음,승용,여,57세,경상
2012122500100285,2012년 12월 25일 16시,화요일,대구광역시 북구 팔달동,부상신고사고,0,0,0,1,차대차 - 측면직각충돌,안전운전불이행,건조,맑음,단일로 - 교량,이륜,남,59세,부상신고,승용,남,53세,상해없음
2012122500100334,2012년 12월 25일 18시,화요일,대구광역시 동구 각산동,경상사고,0,0,1,0,차대사람 - 횡단중,보행자보호의무위반,건조,맑음,단일로 - 횡단보도상,승용,여,52세,상해없음,보행자,남,15세,경상
2012122500100335,2012년 12월 25일 18시,화요일,대구광역시 북구 칠성동1가,중상사고,0,1,0,0,차대차 - 기타,안전운전불이행,건조,맑음,단일로 - 기타,승용,남,34세,상해없음,자전거,남,19세,중상
2012122500100358,2012년 12월 25일 19시,화요일,대구광역시 북구 대현동,경상사고,0,0,1,0,차대사람 - 길가장자리구역통행중,안전운전불이행,건조,맑음,단일로 - 기타,승용,남,21세,상해없음,보행자,여,36세,경상
2012122500100359,2012년 12월 25일 19시,화요일,대구광역시 북구 구암동,경상사고,0,0,1,0,차대사람 - 기타,안전운전불이행,건조,맑음,교차로 - 교차로안,승합,남,50세,상해없음,보행자,남,26세,경상
2012122500100378,2012년 12월 25일 20시,화요일,대구광역시 동구 신천동,중상사고,0,2,0,0,차대차 - 기타,기타,건조,맑음,단일로 - 기타,승용,남,48세,상해없음,승용,남,51세,상해없음
2012122500100379,2012년 12월 25일 20시,화요일,대구광역시 중구 종로1가,경상사고,0,0,1,0,차대차 - 기타,안전거리미확보,건조,맑음,단일로 - 기타,이륜,남,16세,상해없음,승용,남,23세,경상
2012122500100407,2012년 12월 25일 21시,화요일,대구광역시 남구 대명동,경상사고,0,0,1,0,차대차 - 기타,안전운전불이행,건조,맑음,단일로 - 기타,승용,남,24세,상해없음,자전거,남,63세,경상
2012122500100408,2012년 12월 25일 21시,화요일,대구광역시 수성구 범어동,경상사고,0,0,1,0,차대사람 - 기타,안전운전불이행,건조,맑음,단일로 - 기타,화물,남,47세,상해없음,보행자,남,33세,경상
2012122500100409,2012년 12월 25일 21시,화요일,대구광역시 수성구 만촌동,중상사고,0,2,0,0,차대차 - 기타,중앙선침범,건조,맑음,교차로 - 교차로부근,승용,여,38세,상해없음,승용,남,30세,중상
2012122500100452,2012년 12월 25일 23시,화요일,대구광역시 동구 신천동,경상사고,0,0,1,0,차대차 - 측면직각충돌,안전운전불이행,건조,맑음,단일로 - 기타,승용,남,45세,상해없음,승용,남,51세,경상
2012122500100453,2012년 12월 25일 23시,화요일,대구광역시 북구 국우동,중상사고,0,1,0,0,차대차 - 추돌 - 주정차중,기타,건조,맑음,단일로 - 기타,화물,남,37세,기타불명,화물,남,46세,기타불명
2012122500100454,2012년 12월 25일 23시,화요일,대구광역시 북구 동천동,경상사고,0,0,1,0,차대사람 - 기타,안전운전불이행,건조,맑음,단일로 - 기타,승용,남,52세,상해없음,보행자,남,18세,경상
2012122600100030,2012년 12월 26일 03시,수요일,대구광역시 달서구 송현동,중상사고,0,1,0,0,차대차 - 기타,차로위반,건조,맑음,단일로 - 기타,승용,여,18세,상해없음,승용,남,50세,중상
2012122600100049,2012년 12월 26일 05시,수요일,대구광역시 수성구 상동,중상사고,0,2,0,0,차대차 - 기타,신호위반,건조,맑음,교차로 - 교차로안,승용,남,75세,상해없음,승용,남,43세,중상
2012122600100096,2012년 12월 26일 07시,수요일,대구광역시 동구 신서동,경상사고,0,0,1,0,차대차 - 측면직각충돌,교차로운행방법위반,건조,맑음,교차로 - 교차로안,승용,남,54세,상해없음,승용,남,29세,경상
2012122600100097,2012년 12월 26일 07시,수요일,대구광역시 동구 신천동,중상사고,0,1,0,0,차대차 - 측면직각충돌,안전운전불이행,건조,맑음,단일로 - 기타,승용,남,66세,상해없음,자전거,남,73세,중상
2012122600100132,2012년 12월 26일 08시,수요일,대구광역시 남구 봉덕동,경상사고,0,0,1,0,차대차 - 추돌 - 진행중,교차로운행방법위반,건조,맑음,교차로 - 교차로안,승용,남,65세,상해없음,승용,여,39세,경상
2012122600100133,2012년 12월 26일 08시,수요일,대구광역시 달성군 다사읍,경상사고,0,0,4,0,차대차 - 측면직각충돌,안전운전불이행,결빙,눈,단일로 - 기타,승용,여,38세,경상,승용,여,32세,경상
2012122600100134,2012년 12월 26일 08시,수요일,대구광역시 중구 남산동,경상사고,0,0,1,0,차대차 - 측면직각충돌,신호위반,건조,흐림,교차로 - 교차로안,승용,남,21세,상해없음,승용,여,48세,경상
2012122600100198,2012년 12월 26일 10시,수요일,대구광역시 수성구 범어동,경상사고,0,0,2,0,차대차 - 추돌 - 진행중,안전거리미확보,건조,맑음,단일로 - 기타,승용,남,56세,상해없음,승용,여,39세,경상
2012122600100236,2012년 12월 26일 11시,수요일,대구광역시 동구 불로동,경상사고,0,0,1,0,차대차 - 추돌 - 진행중,안전운전불이행,건조,맑음,단일로 - 기타,화물,남,45세,상해없음,승용,여,62세,경상
2012122600100237,2012년 12월 26일 11시,수요일,대구광역시 달성군 옥포면,경상사고,0,0,2,0,차대차 - 추돌 - 주정차중,안전운전불이행,건조,맑음,교차로 - 교차로안,승용,남,61세,상해없음,승용,남,60세,경상
2012122600100238,2012년 12월 26일 11시,수요일,대구광역시 서구 비산동,중상사고,0,1,0,0,차대사람 - 기타,안전운전불이행,건조,맑음,단일로 - 횡단보도부근,승합,남,32세,상해없음,보행자,여,69세,중상
2012122600100264,2012년 12월 26일 12시,수요일,대구광역시 북구 대현동,경상사고,0,0,2,0,차대차 - 추돌 - 주정차중,안전거리미확보,건조,맑음,단일로 - 기타,승용,남,62세,상해없음,승용,남,52세,경상
2012122600100291,2012년 12월 26일 13시,수요일,대구광역시 서구 중리동,경상사고,0,0,4,0,차대차 - 추돌 - 주정차중,안전운전불이행,건조,맑음,단일로 - 기타,승용,남,21세,상해없음,승용,남,62세,경상
2012122600100292,2012년 12월 26일 13시,수요일,대구광역시 서구 비산동,경상사고,0,0,1,0,차대차 - 기타,안전거리미확보,건조,맑음,단일로 - 기타,승용,여,36세,상해없음,승합,남,52세,상해없음
2012122600100314,2012년 12월 26일 14시,수요일,대구광역시 북구 노원동2가,경상사고,0,0,1,0,차대차 - 기타,안전운전불이행,건조,맑음,단일로 - 기타,승용,여,45세,상해없음,승용,여,29세,경상
2012122600100315,2012년 12월 26일 14시,수요일,대구광역시 서구 비산동,경상사고,0,0,1,0,차대차 - 추돌 - 진행중,안전운전불이행,건조,맑음,단일로 - 기타,승용,남,50세,상해없음,승용,남,34세,경상
2012122600100347,2012년 12월 26일 15시,수요일,대구광역시 동구 신암동,경상사고,0,0,1,0,차대사람 - 기타,중앙선침범,건조,맑음,교차로 - 교차로부근,기타불명,기타불명,기타불명,기타불명,보행자,남,16세,경상
2012122600100348,2012년 12월 26일 15시,수요일,대구광역시 달서구 송현동,경상사고,0,0,1,0,차대차 - 측면직각충돌,중앙선침범,건조,맑음,단일로 - 기타,기타불명,남,37세,기타불명,원동기,남,32세,경상
2012122600100349,2012년 12월 26일 15시,수요일,대구광역시 북구 매천동,중상사고,0,1,0,0,차대사람 - 기타,안전운전불이행,건조,맑음,교차로 - 교차로안,화물,남,52세,상해없음,보행자,여,71세,중상
2012122600100382,2012년 12월 26일 16시,수요일,대구광역시 북구 태전동,부상신고사고,0,0,0,1,차대차 - 추돌 - 주정차중,신호위반,건조,맑음,교차로 - 교차로안,승용,남,55세,상해없음,승용,남,48세,부상신고
2012122600100383,2012년 12월 26일 16시,수요일,대구광역시 북구 구암동,중상사고,0,1,0,0,차대사람 - 기타,안전운전불이행,건조,맑음,단일로 - 기타,승용,여,40세,상해없음,보행자,여,14세,중상
2012122600100384,2012년 12월 26일 16시,수요일,대구광역시 서구 비산동,중상사고,0,1,0,0,차대사람 - 기타,기타,건조,맑음,단일로 - 기타,승합,남,56세,상해없음,보행자,여,75세,중상
2012122600100422,2012년 12월 26일 17시,수요일,대구광역시 수성구 중동,중상사고,0,1,1,0,차대차 - 측면직각충돌,안전운전불이행,건조,맑음,교차로 - 교차로안,승용,남,45세,중상,승용,여,41세,경상
2012122600100423,2012년 12월 26일 17시,수요일,대구광역시 달서구 진천동,경상사고,0,0,2,0,차대차 - 기타,불법유턴,건조,맑음,교차로 - 교차로부근,승용,남,62세,상해없음,승합,남,43세,경상
2012122600100424,2012년 12월 26일 17시,수요일,대구광역시 달서구 장동,경상사고,0,0,1,0,차대차 - 추돌 - 주정차중,안전운전불이행,건조,맑음,단일로 - 기타,화물,남,55세,상해없음,화물,남,49세,경상
2012122600100475,2012년 12월 26일 18시,수요일,대구광역시 북구 구암동,부상신고사고,0,0,0,1,차대차 - 측면직각충돌,안전운전불이행,건조,맑음,단일로 - 기타,이륜,남,18세,부상신고,화물,남,24세,상해없음
2012122600100503,2012년 12월 26일 19시,수요일,대구광역시 남구 대명동,중상사고,0,1,0,0,차대사람 - 횡단중,안전운전불이행,건조,맑음,교차로 - 교차로부근,화물,남,47세,상해없음,보행자,여,20세,중상
2012122600100504,2012년 12월 26일 19시,수요일,대구광역시 서구 내당동,경상사고,0,0,4,0,차대차 - 추돌 - 주정차중,안전거리미확보,건조,맑음,단일로 - 기타,승용,남,39세,상해없음,승용,남,54세,경상
2012122600100542,2012년 12월 26일 20시,수요일,대구광역시 동구 신암동,경상사고,0,0,1,0,차대사람 - 횡단중,안전운전불이행,건조,맑음,단일로 - 기타,승용,남,23세,상해없음,보행자,남,62세,경상
2012122600100543,2012년 12월 26일 20시,수요일,대구광역시 수성구 범어동,경상사고,0,0,2,0,차대차 - 기타,안전운전불이행,건조,맑음,단일로 - 기타,승용,남,56세,상해없음,승용,남,24세,경상
2012122600100544,2012년 12월 26일 20시,수요일,대구광역시 달서구 도원동,경상사고,0,0,1,0,차대차 - 기타,안전운전불이행,건조,맑음,단일로 - 기타,승용,남,25세,상해없음,이륜,남,25세,경상
2012122600100545,2012년 12월 26일 20시,수요일,대구광역시 북구 서변동,경상사고,0,0,1,0,차대사람 - 기타,기타,건조,맑음,교차로 - 교차로부근,승용,남,66세,상해없음,보행자,남,17세,경상
2012122600100571,2012년 12월 26일 21시,수요일,대구광역시 동구 동호동,경상사고,0,0,1,0,차대차 - 측면직각충돌,안전거리미확보,결빙,맑음,단일로 - 기타,승용,남,50세,상해없음,승용,여,57세,경상
2012122600100572,2012년 12월 26일 21시,수요일,대구광역시 북구 복현동,경상사고,0,0,3,0,차대차 - 추돌 - 주정차중,안전거리미확보,건조,맑음,교차로 - 교차로부근,승용,남,23세,상해없음,승용,여,56세,경상
2012122600100619,2012년 12월 26일 22시,수요일,대구광역시 수성구 황금동,경상사고,0,0,2,0,차대차 - 측면직각충돌,안전운전불이행,건조,맑음,단일로 - 기타,승용,여,26세,상해없음,승용,여,57세,경상
2012122600100653,2012년 12월 26일 23시,수요일,대구광역시 동구 동호동,중상사고,0,1,1,0,차대사람 - 횡단중,안전운전불이행,건조,맑음,단일로 - 기타,승용,남,52세,상해없음,보행자,여,50세,중상
2012122600100654,2012년 12월 26일 23시,수요일,대구광역시 달서구 용산동,중상사고,0,1,0,0,차대차 - 추돌 - 주정차중,안전거리미확보,건조,맑음,단일로 - 횡단보도부근,승용,남,38세,상해없음,승용,남,53세,중상
2012122700100029,2012년 12월 27일 00시,목요일,대구광역시 수성구 중동,경상사고,0,0,1,0,차대차 - 측면직각충돌,안전운전불이행,건조,맑음,교차로 - 교차로부근,승용,남,41세,상해없음,승용,여,55세,경상